content,Performa,Tampilan,Tiket,Pembayaran,Akun
Gampang dibukak saben saatj,positif,,,,
Lumayan akeh owahan dadi luwih gampang,,positif,,,
luwih cepet lan penak.,positif,,,,
Muter cepet. Gampang cara nganggone. Gampang dimangerteni. Tiket ny cukup scan barcode uga bisa.,positif,positif,positif,,
"Nganyari-nya bener-bener apik jero sisi tampilan, nanging lakune dadi alon. Pembayaran lewat e-wallet suwe muter. Anyar-anyar iki ing halaman kanggo pesen tiket uga suwe, kadhang gagal lan kudu metu-mlebu apps ben tiketnya bisa 'nyantol'.",negatif,positif,negatif,negatif,
"Aplikasi sing apik, gampang ing enggo",positif,,,,
Mantap saiki kowe bisa ndeleng live tracking ing aplikasi,,positif,,,
"Aplikasi iki ngalami owahan sansaya baik. Nggampangake jero pencarian, deleng jadwal lan pesen tiket",,,positif,,
banget luwih gampang ing sing pesen tiket ka👍👍👍💗,,,positif,,
"Kanggo pesen tiket wis wis apik, mung aku kecewane topup saldo kaipay nanging ora mlebu mlebu wis 4 dina. Wis komplain lewat dm, email nanging durung cetha kuwi saldo kaipay uga durung nambah. Tulung yo min ing benerake maneh, lan kanggo pembayaran e walete uga, aja mung 2 aja, endi loro loro-lorone aplikasi yg rating kurang apik🤦🏼‍♀️ Aku benerake bintang yen saldo sing aku topup wis berhasil bali menyang saldo kaipay.",negatif,,positif,negatif,
Banget puas karo aplikasi KAI nggampangake pesenan tiket alat transportasi dadi LUWIH gampang & praktis ing endi wae ana matur ksh access by KAI,positif,,positif,,
"Gampang kanggo tumbas tiket,ora kudu ngantri",,,positif,,
Access by KAI iki aplikasi yg banget mbantu aku jero mobilitas lunga menyang njaba kota karo sepur. Banget gampang cara pesene lan gampang cara pembayarane.,,positif,,positif,
Banget mbantu jero pesenan lan berbagi informasi.,,positif,,,
"Pesen susah... Saben dina diwatesi kanggo tumbas tiket... wis nunggu nganti jam 12 wengi muter suwe... Eh wis bisa kebeneran JATAH dina iki wis penuh... Padahal anyar jam 00:01....Sumpah sayah"" Nunggu ora ana asil.... Mending ora perlu ana aplikasi deh... Ora guna uga",negatif,,negatif,,
"Dear KAI, tulung yo ing benerake bali. Sawise jaluk upgrade nanging lancar malah muter terus. Arep nganggo data utawa Wifi padha aja muter terus alias alon.",negatif,,,,
"mudhun kualitas aplikasi, kakehan mafia calo apa? wis ing tahap arep pembayaran malah blebeng layar putih, tau² wektu entek lan no seat",negatif,,,,
"Aku top up KAI paynya, kiriman sukses nanging durung ana laporan mlebune ing KAI. Saldone isih nolll padahal jarene tunggu 15mnit, wis sejam luwih😂. Apa duwite hangus???🙂 Untung ora akeh aku top up. Sarane sih yen top up langsung set mlebu, ORA perlu nunggu 15mnit utawa luwih, lan paling penting muga-muga sesuk apk ora rusak utawa lemot😭",negatif,,,negatif,
Tulung benerake maneh dong aplikasinya saben arep tumbas tiket error Terus yen ora gitu wektu nya entek terus pas Wis ing tahap pungkasan ora bisa nganggo cara debit/kredit padahal no kartu lan mangsa berlaku kartu Wis bener lan cocok nanging tetap ora bisa. Bener-bener aplikasi ribet,negatif,,negatif,negatif,
"Kena apa ya aplikasi Kai access saiki ribet nganggo nunggu antrean suwe, ora bisa langsung mlebu pilihan sepur lan rusak sistem uga wektu antrean mbokmenawa murah malah nambah, nyuwun cepet benerake sistem aplikasinya,..",negatif,,negatif,,
"Aplikasi ora berguna, kena apa saben kali pesen tiket menjelang lebaran selalu susah ora bisa ing akses padahal nunggunya antrin nya sampai satu jam luwih nanging ora bisa uga. Dadi males gue arep menggunakan aplikasi maneh...!!!",negatif,,negatif,,
"sedikit kecewa, tiket sepur api lokal sering kali error, tiket menyang tujuan ing tampilan awal habis nanging ketika pilih transit lalu ing lanjutkan maneh tiketnya ana. Aku ora akan komplain ketika nomor tempat duduk berbeda tpi iki tempat duduk lan gerbong padha ing sepur sing padha (nomor sepur) lan tanggal keberangkatannya padha. Nyuwun kanggo ditingkatkan maneh efektivitas aplikasinya. Matur nuwun",,negatif,negatif,,
Selalu minta nganyari kalau enggak ya ora bisa akses aplikasinya,negatif,,,,
Saiki dadi sulit banget pesen tiket pakek aplikasi nya kudu upgrade terus lan gagal terus.. Padahal datanya dh cocok semua. Aplikasi sansaya error,negatif,,negatif,,
"kena apa saiki KAI dadi aplikasi sampah. pesen tiket selalu jadwal tdk ditemukan, giliran sdh ana jadwal saben pembayaran selalu blank. sdh nyoba berkali² tetep blank!!!! kalau sdh blank cm ana pilihan batal pesenan utawa balik menyang home!",negatif,,negatif,negatif,
"Halo,tulung aja ing nganyari terus ya aku arep pesen tiket dadi susah karena memori sing ora mencukupi kanggo nganyari.",,,,,
"KENA APA APLIKASINYA RUSAK DEHHH... VERIFIKASI MEMBER BASIC SULIT SEKALI, PADAHAL SEMUANYA COCOK BAIK NOMOR TELPON LAN EMAIL.",negatif,,,,negatif
Aplikasi Banget Buruk... Akeh sekali masalahnya mulai dari kiriman Kode OTP lan Pesenan tiket ora berjalan Optimal banget lambat lan ora berhasil.,negatif,,negatif,,negatif
"Ketika War tiket tengah wengi kena apa malah aplikasi rusak, kadhang anyar bisa jam setengah 1 utawa jam 1, parahhhh",negatif,,negatif,,
Keren ni apk wis war tiket 4malem asil zonk saben beres ngisi data diri terus tekan lanjutkan pasti selalu timeout padahal tahun tahun kemarin aman aman aja zzzz,negatif,,negatif,,
"Tulung yo iki bukan aplikasi kmaren sore,, iki termasuk app yg sdh suwe.. Mangsa pengembangan nya sperti ora niat,, ora ana modal yo KAI? Koneksi internet wis apik, menu railfood lan tiket aku ora bisa dibuka.. Kocak KAI..",negatif,,negatif,,
"Ora guna, berulang kali gangguan terus. Bener-bener ing persulit org arep pulang. Pas wis berhasil war tiket tiba-tiba payment nya yg ing persulit lan rusak berulang kali, aplikasi pemerintah kok ancur gini",negatif,,,negatif,
ora bisa pesen tiket padha sekali yen durung nganyari,negatif,,negatif,,
"aplikasi nya makin kesini makin mengecewakan, kanggo pesenan tiket sulit server sering down padahal wifi lan kuota aku lancar. kadhang ing aplikasi tiket tersedia nanging wektu ingin ing pesen malah ora bisa. Tulung benerake maneh",negatif,,negatif,,
"Makin Diupdate makin akeh Bug nya, parahh, arep mlebu akun aja, failed request data terus, kocak"", saiki plus 00.00 kanggo tumbas tiket ora muncul sampai 00.08 anyar metu tiba"" tiket wis habis, pliss yo niat ora sih bikin apk, fitur aja ditambah""i, nanging yg bener"" dibutuhin lan inti aplikasi malah ora berkerja karo baik, minimal ngotak, pliss iki KAI Ascess gimana, endi wis 2 kali maneh wis bayar kebeneran tiket ora metu siall siall",negatif,,negatif,negatif,negatif
"Tulung dong pihak KAI benerin server nya, saben tumbas tiket lebaran susah ing akses iki aplikasi. Kanggo bikin aplikasi mahal nanging bikin susah pengguna sepur api ketika arep pesen tiket sepur lebaran, giliran tumbas tiket ing oknum tertentu tiket isih ana padahal diaplikasi KAI access tertera habis. Kena apa bisa begitu.",negatif,,negatif,,
"Arep bayar g bisa, timeout terus, dipake nyari sepur aja lemot, ubah cara pembayaran malah balik menyang halaman utama, liat tiket sing isih proses pembayaran gagal load terus, gapaham dah nganggo nama access nanging aksesnya susah",negatif,,negatif,negatif,
"Aplikasinya nyusahin bnged bro, arep pesen tiket sistemnya rusak Terus, jelek BNGED pelayanan aplikasi Muak bnged",negatif,,negatif,,
"Sumpah KAI access kek eek, mangsa iya akunku terkeluar sendiri padahal arep tumbas tiket, tulung ya ditingkatin maneh iki kualitas aplikasinya!!!!",negatif,,negatif,,
"Sawise nganyari bulan Desember, pembayaran lewat OVO dadi ora bisa (sebelumnya bisa). Saiki dadi muncul ""Ups! Terjadi Kesalahan, ora dapat menghubungkan, pengguna wis terhubung"", gimana iki min? sebelum nganyari OVO lancar. Tulung min secepatnya benerake.. arep mudik ni..",negatif,,,negatif,
"Tulung kanggo software developer kanggo ing upgrade maneh server lan systemnya. Soalnya benar2 ngelag parah kadhang ngebug kadhang kanggo nganyari saldo kaipay maupun KMT kuwi susah banget. Tulung benerake lagii kanggo kelancaran konsumen. TULUNG LAN NYUWUN BENERAKE SERVER, SYSTEM LAN JARINGANNYA.",negatif,,,negatif,
"Kalau arep pembaruan sistem aja ing jam operasional susah kanggo user arep tumbas tiket krl,lan uga kebiasaan log out sendiri emang paling taik bat ni aplkkasi busuk.",negatif,,negatif,,
"1. Sistem antrean ora cocok wektu sing tampil ing aplikasi. 2. Antrean wis selesai tiket ora ing temukan, 3. Antri mlebu maneh sampai berkali-kali 4. Pembayaran sering gagal 5. Arep bayar, Tiba-tiba aplikasi mulai dari menu utama. 6. Ngabisin wektu, quota, tenaga, harapan.",negatif,,negatif,negatif,
"Kanggo pesenan tiket isih lumayan, nanging giliran pembatalan maupun ganti jadwal biaya yg dipotong lumayan akeh, giliran nunggu seminggu (menurut peraturan kai per juni 2024) klaim refound uang pembatalan yg seharusnya wis ing proses tiba2 balik maneh menyang sedang pengajuan, apk nya error utawa gimana ?",negatif,,konflik,,
Pesen tiket lokal ORA bisa.. sering rusak nanging yen pesen tiket antar kota yg harganya mahal langsung bisa.. 🤣🤣🤣🤣,negatif,,negatif,,
Plat merah aplikasinya kena apa sih ora pernah berguna,,,,,
Server ora mendukung kanggo pesenan tiket sing mengakibatkan gagal melakukan pembayaran lan kudu mengulang dari awal kanggo pesen tiket. Aplikasi dadi lemot parah lan history tiket ora metu. Sekelas BUMN nanging server kanggo aplikasi ora benerake. Parah,negatif,,negatif,negatif,
"Sawise nganyari malah akeh error iki, arep bayar biasa make ovo wis terhubung uga ora bisa",negatif,,,negatif,
"Sawise ing-nganyari ,mbokmenawa mlah gmpang, tpi mlah lemot data wis lengkap tinggal klik pembayaran kena apa slalu kadaluarsa, tulung benerake",negatif,,,negatif,
"Tulung benerake aplikasinya sering auto logout, padahal wis top up wis mlebu tiba tiba ilang saldone, gimana tuh. Benerake",negatif,,,negatif,
wis ngerti akeh sing akses tumbas tiket mudik. malah ora ing perbesar kapasitas server nya. jadinya susah ing akses. wis hampir 3 jam proses pesenan tiket nanging ora bisa-bisa.,negatif,,negatif,,
"APLIKASI PAYAH! alon, error², wis arep bayar tiba² gaada tanda bayar, wektu habis gitu² aja terus. mending gausah sosoan nganggo aplikasi²an dah",negatif,,,negatif,
"Durung kepake wis kepotong, terus arep pesen tiket krl aja ora bisa, padha yen arep nganyari sepur aja lemot banget",negatif,,negatif,negatif,
"wkwk bagian schedulingnya molor, ora bisa bikin schedule harian nganti bulan depan, konyol sekelas aplikasi pemerintah",,,,,
"Sy sempat tertahan 1 jam ..gara"" tiket gate out ora muncul...kalau maintenance server wektune yg tepat gitu lo...aja jam sibuk pesen tiket,malah rusak..... LOLA",negatif,,negatif,,
"Malah tambah ribet pakek aplikasi anyar iki kudu upgrade data segala dulu gampang data sing ana wis terdaftar langsung ora kudu upgrade"" segala pas ing upgrade malah ora mlebu"" males pakek kai mending Naing bus aja langsung stop ing pingging jln.....",negatif,,,,konflik
"diupgrade nanging makin bener, malah makin ngadii",,,,,
aplikasi gajelas arep mesen sepur malah ngebag terus susah arep ing upgrade uga lan tulung aplikasi iki selalu ngebag,negatif,,,,
"Wis tumbas tiket, saldo kepotong eh gangguan gabisa ing buka tiketnya muter terus padahal jaringan apik, nganggo wifi uga tetep, endi durung ing screenshot maneh. Benerin yo app nya meresahkan!! Terbukti aplikasinya ora layak bintang 2,1 padahal iki aplikasi kanggo masyarakat. Meresahkan!!",negatif,,negatif,negatif,
Aplikasi suka rusak. Saben arep pesen tiket ka lokal sering rusak ing tahap data penumpang. sy sampai unistall aplikasi tetep rusak. Tulung cepet benerake aplikasi,negatif,,negatif,,
"Aku klik kanggo memilih jadwal boarding malah disuruh kudu daftar member basic/premium. Sawise daftar menyang salah satu member tsb, wis isi lengkap identitas dg benar, tombol lanjutkan gabisa ing klik lan gabisa pindah menyang langkah selanjutnya. Applikasi sing mempersulit, kembalikan applikasi sing suwe saja luwih gampang",,,negatif,,
Apik kanggo pesenan tiket. Nanging apk lambat merespon ketika pesen makanan. Cara bayar ora lengkap. Apk gagal merespon auto gagal pesen makanan. Pilihannya makanan uga terbatas lan mahal² Dicoba berkali2 pun gagal. Padahal koneksi internet sya lumayan apik stabil kanggo jalanin apk lain lancar. Tlong benerake maneh,negatif,,positif,negatif,
"Iki arep ganti tampilan aja, dipaksa nganyari utk buka aplikasinya. Yo HP kowe isih jadul, jd ora bs maneh buka aplikasi, bisa ora sih develop aplikasi ben simpel nanging apik Terpaksa orang tumbas lewat ecommerce, memperkaya ""calo"" versi digital (dimana harga luwih mahal)",negatif,,,,
"Bug, ora bisa pesen tiket pulang lunga sekaligus",negatif,,negatif,,
"sering time out, makin ing nganyari makin sampah",negatif,,,,
"Metu aplikasi langsung mulai dari awal, daftar ulang akun kaya bot, kudu email lan nomor tlpn ora terdaftar malah wis terdaftar",negatif,,,,negatif
"apk lemottt. apalahhhh saben tumbas tiket KA selalu timeout berkali2 ana kali 30menit luwih, hadehhhh benerake maneh yo sistem nya",negatif,,negatif,,
"kanggo ka lokal kok dadi sering bugs,ora ana jadwal padahal aslinya sepur nya tersedia Tulung benerake maneh min",negatif,,negatif,,
Iki kena apa sawise ing nganyari.sing bisa ing enggo adalah kartu Axis.padahal sebelumnya enggak.nyuwun kepada admin agar ing benerake,,,,,
"disuruh nganyari muluk. bingung dah... bulan lalu dh pernah updaye, saiki suruh nganyari maneh. iki maneh proses nganyari, tp lemot. kesel gw",negatif,,,,
"Habis nganyari malah error, minta pasword mlulu, sdh dikasih , sdh ganti tetap ora bisa mlebu.",negatif,,,,negatif
"Apk kurang apik. Iki kena apa ya kalau top up mlebu duwite menyang kainya suwe banget, jelek aplikasinya. Ing nganyari nanging dadi apik dadi buluk, aplikasinya tulung ya diperbaikin, aja diperbaikinnya malah dadi pebih buruk. Toling banget ya. Nyuwun pengertiannya.",negatif,,,negatif,
"dina iki arep login menyang acces by kai ora bisa, ing anggap no hp ora terdaftar lan email tdk terdaftar. padahal wis kedaftar 4 tahun luwih. nganyari wis, restart wis, clear charge wis, install ulang wis. kudu gmna maneh y, apa hrs langsung menyang cs ing stasiun. layanan wa slow banget, email uga suwe ing bls.",,,,,negatif
"Makin nganyari makin gakaruan sistemnya. Tampilan aja wis apik. Lbih bgusan tmpilan suwe. Skrang lemot bgt, sering delay. Pembayaran ora valid padahl saldo kepotong. Minta return dana RUMIT POL. MAKIN GAJELAS",negatif,konflik,,negatif,
"Iki gimana sih udahh nganyari kok malah makin error mangsa arep bayar tiket kudu masukin cara pembayaran maneh,gilran wis ing masukan alat pembayaran malah muncul tulisan wis terhubung namun saben arep bayar kok susah terus sih aneh bangett tulung developer benerake maneh kasian akeh sing arep nganggo apalagi sing gunain sepur sebagai alat transportasi kanggo bekerjaa",negatif,,,negatif,
Ketika mlebu mangsa antrean ditunggu ora selesai-selesai. Justru tiba2 rusak sendiri aplikasinya. Padahal sinyal ora ana masalah. Tulung supaya performa aplikasi bisa luwih benerake 🙏,negatif,,,,
"Aplikasi apaan sih iki, sering mental² sendiri padahal arep deleng kode Verifikasi, yen arep pesen kudu dadi member basic, giliran arep verifikasi padahal mung arep deleng kodenya apa malah mental balik menyang halaman utama maneh. Aneh banget",negatif,,,,negatif
Iki kena apa dah ana saldo dadi ora bisa dipake semanjak nganyari padahal sebelumnya lancar lancar aja... Arep pesen tiket selalu muter terus sinyal apik msh akeh bug,negatif,,negatif,konflik,
"Aplikasi gajelas, sering error masalah pembayaran, pembayaran gagal nanging saldo menyang potong, pembayaran berhasil nanging pulsa ora mlebu. Banget merugikan.",,,,negatif,
"Tiba -tiba ana notif perbaikan sistem sehingga ora dapat melakukan tumbas tiket, ketika ngalami kendala, ora bisa dihubungi, karena ora ana layanan bantuan kami. Padahal aku adalah pengguna jasa sepur api sejak 20 thn yg lalu, walau bukan kategori aktif saben minggu",negatif,,negatif,,
"Wis pesen tiket arep pembayaran aplikasi menyang aplikasi close lan arep dilanjut bayar tiket yg wis dipesan, wektu arep bayar ora ana menu lanjutan kanggo pembayaran terpaksa kudu dicancel lan pesen tiket dari awal maneh",,,negatif,negatif ,
"PAS PESEN TIKET KANGGO DINA RAYA NUNGGUI ANTRI, NANGING PAS DAPET KURSI PELAYANANAN JERO APLIKASI TIBA² SERING ERROR. KECEWA BANGET AKU SEBAGAI PENGGUNANYA",negatif,,negatif,,
"Aplikasinya lemot banget, pembayaran selalu gagal, minta hubungkan e wallet, sawise mencoba gagal terus, tulung koneksi aplikasi ing benerake",negatif,,,negatif,
"Nganyari dgn. aplikasi versi terbatu malah ora responsif, isih apik aplikasi versi sing dulu",negatif,,,,
"Saben kali berburu tiket lebaran ora pernah dapat wis ngantri dr jam 00 kurang lan Alhamdulillah bisa mlebu, lan wis dapat sepur nanging mentok ora bisa bayar errorlah, time limit yo, tulung ing benerake 🙏🙏🙏",negatif,,negatif,negatif,
Pesen tiket suwe sekali kanggo buka jadwal lan wektu bayar uga suwe. Wis bayar arep bording barcodenya uga muncul suwe. Nyuwun cepet benerake kanggo aplikasinya. Karena sy menggunakan sepur commuter saben dina kanggo berangkat bekerja 🙏,negatif,,negatif,negatif,
aplikasi terlemot yg aku punya. nanging butuh. gimana maneh. payah sih tinggal pilih kursi aja susah minta ampun. Tinggal bayar uga susah.,negatif,,negatif,negatif,
Sawise nganyari jdi ora bisa tumbas railfood. Tulung benerake ya,negatif,,,,
Aplikasi menyebalkan kanggo proses pembayarane terlalu ribet lan akeh bug,negatif,,,negatif,
Aplikasi buruk aku wis nunggu lan dapat tiket nanging servernya selaluu lag kecewa:(,negatif,,,,
"Woyyy, iki aplikasi pemerintah kok jelek bgt ya pemeliharaan nya sering error ora cetha, gamuncul keretanya, iki saiki mah war ticket malah tiba tiba logout terus gabisa login maneh, gabisa pulang gara gara iki, cepet benerake yo gimana",negatif,,negatif,,
"Apk ora cetha,, jelekk pokoknya!!!!",,,,,
UX buruk. Pesen tiket medan-binjai lan sebaliknya mangsa lewat menu sepur bandara,,negatif,negatif,,
"Kanggo KAI ni ya yen bikin aplikasi kuwi tulung beri kemajuan lan kemudahan serta data nganyari detik kuwi uga. Mangsa isi saldo Kaspro wengi mlebu anyar keesokan dina. Durung maneh cara pembayaran tiket sepur ora semudah aplikasi yg dulu. Bisa fleksibel ing supermarket bisa, m banking bisa, trus e wallet link uga bisa. Yo saiki apkndi perbarui tampilan apik nanging jero.nya BANGET ORA MUMPUNI. Malah menghambat tumbas tiket sepur edisi mudik lebaran. Ni apk makin kedepan makin ora cetha",,,,konflik,
"Bingung milih tiket karena kanggo tumbas ekonomi, ora ana keterangan ekonomi premium lan ora, mungkin bisa diberi keterangan pada laman tumbas tiket agar kami ora salah pilih lan berharap mendapat gerbong ekonomi premium. Padha tampilan kanggo pembayaran melui ewalet mungkin uga bisa ing upgrade. Selain kendala kuwi wis wis apik sih",positif,negatif,negatif,negatif,positif
"Aplikasinya ampas. Login kadhang ora bisa padahal koneksi internet stabil. Bikin akun anyar, kode OTP sing dikasih error terus. Iki tim IT KAI isinya anak magang semua ya? Kanggo saiki bintang 1 dulu karena emang akeh bug ing sana sini. Padahal dulu aplikasinya ora ana masalah meski desain UI-nya ora sebagus saiki. Utamain fungsi, bukan tampilan. Iki aplikasi pelayanan, bukan aplikasi galeri seni.",negatif,konflik,,,negatif
"pelayanannya dadi tambah kurang efektif, tampilannya aja lengkap nanging hasilnya meribetkan pengguna.. tiket sepur gabisa dibatalkan lewat aplikasi padahal wis cocok karo ketentuan lan wis lunas.",,konflik,negatif,,
Wis bayar nganggo BCA trs berhasil knp tiket ora muncul heyyy... Ing dm ora respon,,,negatif,negatif,
"Ubah jadwal kudu member basic, nanging pada wektu arep upgrade menyang basic, ora bisa - bisa, iki apk akeh erornya, mbokmenawa nggampangake malah bikin ribet apk nya",negatif,,negatif,,negatif
"Makin ing nganyari nanging makin apik lan lancar, malah makin sering errornya. Sering bgt pas arep pesen tiket, servernya selalu ""maaf server kami bekerja terlalu keras, nyuwun coba lain kali"" .... yo, orang perlunya pesen tiketnya wektu kuwi uga malah disuruh lain kali, payah 😑",negatif,,negatif,,
Pesen tiket wis ditungguin dri jam 23.59 pas 00.00 malah wis habis + gabisa kanggo pembayaran.,,,negatif,negatif,
"Anyar menggunakan apk iki ,lan ana kejadian tak mengenakan ,entah iki pihak kai utawa masinisnya, suamivsaya jadwal sepur dari angke wis terlambat lan sampai cikarang wis telat .dari jadwal tiket, lan tiket wis hangus kudu pesen maneh anyar kanggo jam selanjutnya, pertanyaan tiket awal lan ora terpkai apakah bisa refund menyang uang ,disini no about money nanging tanggung jawab pihak kai nya y tlong tanggapannya",,,,,
"2 kali aku pesen tiket, pembayaran lewat qris, pembayaran wis berhasil, nanging dicek ditiket aku, tiket ora ana, babi",,,negatif,,
"Tulung servernya benerake maneh, mangsa saben aku pesen terutama sepur lokal kudu muter terus bahkan muncul ""jadwal ora ditemukan"" Disaat pembayaran uga begitu selalu saja gagal sampai tiket pesanan aku terdahului sing lain. Kalau bener-bener ora niat aja buka jasa transportasi!",negatif,,negatif,negatif,
Pembatalan tiket sepur pengembalian saldone suwe bgt ribet,,,negatif,,
"Bintang satu dulu nanti kalau wis apik bintang lima, sampai wektu iki isih sering susah sekali kanggo transaksi tumbas tiket. Tulung benerake maneh aplikasinya kanggo pelayanan luwih optimal.",,,negatif,,
"Saben order, belom selesai pesen wis wektu anda habis.wis ing cepetin ketik lan berkali-kali, wis lanjut, keterangan wektu anda habis coba beberapa wektu maneh. Sering banget begitu. Lalu ngapain ana pesen online yen dikit-dikit wektu habis lan ujungnya pesen menyang stasiun langsung. 😅",negatif,,,,
Aplikasi tolol .. pesen tiket 1 jam luwih ora arep mlebu menyang pembayaran.. giliran tiket sold out apk normal . Nyesel nganggo apk iki,,,negatif,negatif,
"Saran aja kanggo yg anyar nganggo kai access kanggo cara pembayaran aja topup kaipay krn mlebune suwe keburu hangus pesenan tiketnya, trus ana biaya adminnya 2900 luwih baik nganggo cara pembayaran lainnya. Diusahakan pesenan tiket aja batal karena refundnya suwe banget 30-45 dina, keburu lupaaa 🤦. Anyar kejadian refund emoney selama iki, yg lain biasanya langsung balik wektu kuwi uga",negatif,,,negatif,
Jero antrean. Akeh pengguna. Sesi habis. Enakan tahun kemarin..huuuuuu,negatif,,,,
"kpntol penipuan wis tumbas tiket sepur wis boking lan wis bayar, ing wektu siap berangkat perjalanan, buka aplikasi arep scan kanggo mlebu stasiun eh aplikasi barkot malah error aplikasi ora cetha , iki nganti ora bisa ing buka ora bisa mlebu aku , ati ati ya",negatif,,negatif,,
"Sori bintang 1, aplikasi error terus. Wektu arep pilih kursi, muncul kadaluarsa.. Padahal sy klik langsung satset pada wektu isi data. Nanging nggampangake malah merepotkan",negatif,,negatif,,
"Ana apa karo kai access? Saben kali arep pesen tiket selalu rusak jadwal g ditemukan,bahkan saben kali arep bayar selalu saja rusak.tulung dong benerake.wis bela""in tengah wengi g tidur nunggu kanggo tumbas tiket malah si app nya rusak berkali"" dibiarin gitu aja.😒",negatif,,negatif,,
Iki kena apa saben arep pesen tiket pas pilih bangku slalu kluar sndri karo laporan wektu kadaluarsa. Entek nganyari kok malah ora cetha sih? Gimana iki arep tumbas tiket bukan mbantu nanging malah menyusahkan. Muga-muga cepet ing benerake.,negatif,,negatif,,
"Dulu pelayanan KAI banget baik melalui aplikasi, gampang lan cepet, sawise diupgrade justru pesenan tiket lewat aplikasi dadi banget susah, mudhun kualitas ya, berharap KAI bisa fast respon lan benerake.",konflik,,,,
"Aplikasi buatan PLAT MERAH KENA APA SELALU DONGO? Taun kemaren mending walau loding ora ana antri"" ora cetha!!! Saiki antri makin susah kanggo dapet tiket!!, kirain yen antri bisa luwih pasti eh malah makin wadidaw gobsnya",konflik,,,,
"tulung kembalikan sistem tahun-tahun sebelumnya.siapa cepet dia dapat.sistem antrean iki bikin buang-buang wektu,endi kadhang makin suwe,sisa antrean 6 menit tiba² dadi nambah 25 menit.tulung ing hapus sistem antriannya!!!",,,negatif,,
"Banget mengecewakan!! Wis ing belain antrean tiket ora bisa ing tumbas karo alasan ''tensi pembayaran tinggi'' time out yo sesi habis, tiga kali antrean tiket habis! apakah ana oknum !!! Nyuwun penjelasan",negatif,,negatif,,
Kena apa saiki sulit kanggo pesenan tiket selalu ora tersedia tiket tulung dong ing benerake kanggo aplikasi iki kok sulit bgt,,,negatif,,
"kena apa ya aplikasi sekelas BUMN seperti aplikasi murahan, saben minggu bisa 3x maintenance nanging banget payah sekali hasilnya, mending serahkan menyang swasta aja pengelolaan aplikasi tiketnya, luwih kompeten lan dapat ing andalkan",negatif,,,,
"Luwih baik seperti dulu sistem siapa cepet dia dapat, sistem antrean ora cetha kapan mlebune gini ora cetha banget",,,netral,,
"aplikasinya aneh bgt disuruh upgrade menyang basic, wis ngsi data diri wis kirim kode otp nganti selesai, malah ora menyang nganyari akunnya disuruh upgrade maneh, gitu terusss, pesen tiket ots kehabisan terus, disuruh pesen online malah dipersulit gini hadeh 🙃👎🏼",,,,,negatif
"Aplikasi ora profesional. Mangsa sekelas KAI punya BUMN kaya gini aplikasinya.. Kalah padha aplikasi PLN Mobile. Kanggo tumbas tiket saja sulitnya minta ampun kanggo mlebu menyang aplikasinya.. TIME OUT, Kalau ora server berkerja keras sampai habis tiket nya.",negatif,,,,
"Aku wis tunggu sampai ora tidur supaya bisa dapet tiket sepur api kanggo keberangkatan tanggal 7 April, sawise jam 12 aku buka ana notif antrean, ing tunggu ora sampek 7 menit tiket wis habis, kecewa banget padha aplikasi iki, arep tumbas ing locket langsung ora bisa, suruh menyang aplikasi, sawise ing aplikasi ing suruh antri lan akhirnya ora dapat tiket",,,negatif,,
Makin ora wis apik yen lebaran. Ribet. Pembayaran jgn sejam doank. Maximal pas dina H gtu. Apa kurang seminggu.,,,,negatif,
"aplikasi bodoh.. antri tiket dari jam 23:59 dapet wektu tunggu 10 menit, nambah dadi 50 menit pas ing mlebu malah habis.. wis 5 dina begini terus, balikin menyang sistem dulu cepet cepetan gausah nganggo antrean..",,,negatif,,
Pemilihan kursi ora tersedia lan rusak pada wektu tanggal 1 Febuari 2025 pada wektu penggantian Gapeka 2025 sing anyar.nyuwun benerake karena aku biasa pesen 5 dina sebelum keberangkatan,negatif,,negatif,,
"1. Saben kali war tiket sering sekali muncul jadwal tersedia, sehingga sering kehabisan tiket. 2. Wis tumbas tiket lan bayar lewat qris, padahal saldo ing mbanking wis murah tetapi tiket sing wis dibeli ora ana. Nyuwun benerake maneh aplikasinya.",,,negatif,negatif,
"Ing upgrade malah ora pesen tiket, dari tadi arep pesen tiket selalu wektu habis padahal anyar milih jam dadi ora bisa nganti selesai. Apik aplikasi yg dulu",,,negatif,,
"Kanggo war tiket bengawan gmn y caranya? Jam 00.00 sampai degan jam 01.00 g ana yg dijual (bukan habis terjual ya bener-bener g ana yg dijual), nanging jam 5 pagi statusnya semua terjual. Piye kuiii IT nya?? Yen bener-bener ana logic khusus kanggo tumbas ka bengawan dijelasin dong aturan mainnya. Yok fair dong.",,,negatif,,
"Lumayan yo,nanging tulung pembatalan tiket utawa merubah sepur bisa ing nuwun fasilitas ing aplikasi iki,percuma dong upgrade menyang premium nanging hanya gini² doang,lan arep aktifin kaipay ora bisa rusak terus.Tulung kanggo kai bisa memperbaiki maneh sistem aplikasi ing KAI Acces.",negatif,,netral,negatif,
"Kai access skrng kena apa sih, tumbas tiket satu doang, bikin emosi, pembayaran sedang diproses, padahal duit wis terkuras, diulang terus byrnya duit terkuras maneh. Satu tiket doang kyk tumbas 5 tiket. wis dpt malah tiket nya error, nganti stasiun ora bisa kepake, terpaksa tumbas tiket maneh distasiun. Kata Petugas nya nnti duit nya bali sendiri, bali ap? Gdk tu",,,negatif,negatif,
"Error terus ya wektu pesenan tiket akhirnya nunggu + dicoba terus nganti suwe nanging endingnya tetep ora dapet tiket, kecewa bangett sih padahal temen sing ikut kena error bisa dapet tiketnya. Wektu bisa dapet tiket malah unveiled padahal wis kanggo pesanan wis milih tempat duduk tinggal bayar. Sampai kapan begini terus? Mangsa iya ora ana pembenahan aplikasi??",negatif,,negatif,,
"Pembatalan tiket wis berhasil nanging dana ora ing kembalikan,? Kok gitu?",,,positif,negatif,
"Berburu tiket lebaran pagi iki, wis mlebu (ngantri suwe) pilih kursi, wis klik simpan. Ora nyantol nyantol menyang menu pembayaran. Transaksi tinggi. Akhirnya ""Sesi Anda berakhir"". Ngantri maneh.",,,negatif,negatif,
"Parah....wis tarif reduksi per 29.Maret 2024 lenyap, ticket war uga kalah terus. Yen sdh kayak gini, fitur2 pelengkap rasanya ora perlu ana selain fitur pokok jualan tiket aja. Ben muter mlebu menyang aplikasi.luwih cepet. Ora kayak keong yg berulang saben tahun jelang puasa n lebaran. Sdh akeh yg nuwun rating dn ulasan. Lan sy kira kuwi base on the fact",negatif,,negatif,,
Nyuwun maaf kanggo saiki aku nuwun rating bintang 1 nanti jika benerake aku naikan. Tulung dong servernya ing benerin mangsa ngedown servernya sing bener ajah aku arep berangkat pagi server ngedown kayak gitu gimana ya jangankan kanggo liat tiket aku kanggo mesan tiket saja ora bisa. Tulung kembalikan menyang sing dulu. User ing suruh nganyari nanging peningkatannya justru kayak gini ya kanggo apa,negatif,,negatif,,
"Tujuan kanggo aplikasi iki gimana sih? Arep daftar aja kok ora bisa, arep pesen tiket kudu isi data diri.. wis apik diisi .. nanging sawise kuwi ora bisa dilanjutkan kek endi KAI, perasaan dulu ora ribet gini deh.. benerake maneh, yen wis baik anyar aku nganyari ulasannya makasih",,,negatif,,negatif
"Halo kai, kena apa saben kali mencoba memesan selalu timeout lan pesenan kadaluarsa?? Pesenan aku lakukan karo cepet namun keterangan selelu seperti kuwi. Banget ora mbantu. Tulung aplikasinya ing benahi bali ya, FYI aku wis nganyari aplikasi nya uga",negatif,,negatif,,
"Kualitas aplikasi sansaya menurun terutama wektu weekend server sering error, servernya perlu diperbaharui, pada wektu pesenan tiket wektu pembayaran ora bisa dilanjutkan",negatif,,negatif,,
"makin kesini makin menyedihkan sekali utk pesenan tiket onlinenya. sering down server, banget susah utk dapat kursi padahal pesenan wis ing lakukan H-7 pukul 00:00 tepat. sekalinya dapet kursi, utk pembayaran trouble terus karna down server. alhasil ing batalin ora bisa, ing bayar uga ora bisa, kadhang ing bayar bisa nanging tiketnya ora dapet karna waiting timenya wis habis. padahal saldo wis kepotong. ing komplain kek sampah uangnya ora balik. makin sampah iki aplikasi uga pelayanannya.",negatif,,negatif,negatif,
"Tumbas tiket lewat qriss, ing qriss nya berhasil tpi tiketnya gaada?, lan uangnya hangus for nothing",,,negatif,negatif,
kecewa buka jam 00:00 suruh antri pas mlebu seat not avaible maunya gmna,,,negatif,,
Saben lebaran susah amat nyari tiket Sumpah apk norak,,,negatif,,
"Potongan nya bisa jelasin ora sih. Top Up 50 rb, kanggo bayar tiket nya 48 rb. Giliran arep cekout saldo nya malah murah. Aku tambah maneh top up nya 10 rb. Total yg sdh ing top up kan dadi 60 rb. Aku payment yg 48 rb. Sawise done lha koq sisa saldo malah 6.200. Harusnya kn isih ana sisa 12.000. Tambahin yo kanggo sistem bayar nya : lewat OVO, SHOPEPAY, LINK utawa yg lain yg. Ben ora kena potong",,,,negatif,
Aplikasi ora gampang digunakan. Arep pesen tiket kudu upgrade. Wis 10 kali isi data tetep g bisa. Solusinya gmna kai,negatif,negatif,,,
"Aplikasi taun kmrn malah luwih apik ing banding skrng. Taun skrng dapetin tiket susah, ora cetha Mangsa wektu antrean nanging makin dikit malah makin nambah. 4 dina kmrn Wis begadang dari jam 12 nganti pagi ora dapet dapet. Jelek",,,negatif,,
"Cek jadwal sepur muter2 aja, wis nunggu suwe gda pilihan tujuannya blank",,,negatif,,
"Bro, gw arep upgrade menyang member basic ko gabisa terus ya, padahal wis ana tulisannya wis berhasil nanging wektu cek profil ttp padha aja tampilannya durung terdaftar, wis 10 kali gw daftar ulang tetep padha aje, terpaksa tumbas tiket lewat website kai gw, ya sehat-sehat yo kanggo sing bikin apk, moga cepet benerake",,,,,negatif
"Aplikasi dadi lemot,nunggu antrean ora cocok wektune... Tulisan tinggal 10 menit nunggunya nganti satu jam...hadeuhhhh",negatif,,negatif,,
Knapa aku nuwun 2star. 1apk sering metu sendiri 2 apk sering minta upgrade padahal wis premium 3 aku wis bayar tiket lokal nganggo pembayaran qris sukses knapa ora tersedia ing tiket aku 4.aku kudu mengulang pesen tiket lan bayar maneh .. padahal iki BUMN seharusnya pro rakyat,negatif,,negatif,negatif,
"settingan operator kanggo kreta2 yg ekonomi jurusan njaba kotai,dia luwih memilih ora kanggo ing naiki kanggo menjaga perawatan kreta ,contoh request kanggo 3 kursi karo akun yg sering ing enggo akan ora muncul tetapi karo akun lain muncul,lan cermati baik2 kanggo jurusan kreta ekonomi,hanya perbaikan sedikitnya saja,dari yg terdahulu dari tekstur kreta alias kreta butut,coba anda cermati karo yg sy wis praktekkan,iki BUMN yg ora layak ing enggo ing mangsa mendatang,wajib ing swasta kan sj.",,,negatif,,
"Kesel banget, wis muter suwe banget, trus top up suwe, direfresh berkali-kali isih aja ora muncul saldone, lan sing paling gong adalah aku tumbas tiket saldoku wis kepotong nanging tiketnya ora muncul. Rugi guaaaa",negatif,,negatif,negatif,
"Kena apa kok makin sulit sawise ing nganyari, nanging makin luwih baik makin buang wektu. Wektu antrean molor maneh. Arep nya gimana sih!",negatif,,negatif,,
Fungsi antrean kanggo apa tujuannya kanggo memperlancar nanging malah g bisa2 beli2 uga sampai sesi habis harusnya yen dah mlebu antrean proses tumbas gampang,,,negatif,,
"Aplikasj sering error, wis bayar tp tiket ora mlebu, wis bayar nanging sing mlebu aplikasi malah tiket sing bukan aku pesen, padahal wis bayar lan murah saldone",negatif,,negatif,negatif,
Aplikasi jelek minta updat wis updat g bisa login lapor cs bolak balek jawaban padha aja .. mending pakek traveloka aman.. endi wis boking tiba minta updat abisbupdate log out sendiri arep login reques failed data trus.. wis lapor cs kai bolak balik teteo g bisa..pungkasan nya hanug deh tumbas maneh tiketnya.. Untung g top uang dana ing aplikasi vuat pembayaran.. Kalau tiket lokal murah sih gpp iki mah tiket le jakarta gues 500 rebun,negatif,,negatif,,negatif
"Apk gampang si enak ing pemakaiannya. Mung 1 yg isih kurang, kalau lg war tiket pas wis mlebu menyang menu pembayaran kuwi selalu susah banget. Berkali kali coba lan akhirnya time out. Lan antri maneh",negatif,positif,,negatif,
"""Wektu pemesenan anda telah habis, silahkan lakukan pesenan ulang"" semenjak diperbarui malah gini terus tulisannya. Padal pesennya wis cepet bgt ngekliknya. Dulu sebelum ing upgrade malah enak2 aja tuh. Skrng malah susah. Nganggo qrisnya pun uga aneh menurutku. Padal kan sebenernya yen ing aplnya wis ana saldone harusnya makin cpt dong. Iki malah arep apa2 susah. Trs ya misal ana yg buru2 ngekliknya gadiliat dlu gitu kan yen ana salah gabisa jg yen mo refund yen lokal. Nyuwun benerake lg ya kai",negatif,,negatif,negatif,
"Lambat, saben top up kudu nunggu suwe dulu anyar saldo mlebu.",negatif,,,negatif,
"Kakehan nganyari malah gal guna,,,aku tumbas tiket smpai 2kali atas nama sing padha pembayaran gagal mlah ora bali uangnya,,,makin suwe makin ta1",negatif,,negatif,negatif,
"Pembayaran susah banget nganggo KAI pay, muter nya banget lambat, wis luwih 30 menit tinggal pembayaran malah ora muncul apa apa iki tulung dong benerinn. Wis TF saldo mangsa kudu nunggu 15 menit!",negatif,,,negatif,
"Aku ora bisa top up saldo. Minta ing upgrade tp email lan no HP already exist, arep coba nganggo email lain minta otp sy skip bentat menyang email kanggo copy kode otp wektu balik maneh menyang aplikasi malah balik menyang tampilan awal. Bagaimana aku arep ketik OTPnya kalau bgtu. Tulung benerake sistemnya.",,,,negatif,negatif
tumbas tiket sepur bandara jogja menyang airport pp saldo terpotong nanging nanging status pembayaran gagal uang hilang ora dapat tiket,,,negatif,negatif,
"Wis menyang pesenan tiket terus pas bayar ora bisa, aku coba bayar nganggo OVO kok tulisannya pembayaran durung tersedia. Iki gimana sih? Wes yen gini terus hapus aja aplikasinya, bayar nya ing stasiun aja😡😡😡😡😡😡😡",,,,negatif,
Gw topup jarene nunggu 15 menit saldo anyar mlebu Nanging wis 1x24 jam ora ana mlebu. Gmn jih apl gajelas,,,,negatif,
Gajelas saldo wis kepotong nanging qr code ora muncul + gada riwayat transaksi padahal cetha entek bayar,,,,negatif,
Sansaya nganyari sansaya susah lan ribet kanggo tumbas lewat aplikasi,,negatif,,,
"Yen wis nganggo sistem antrean kudu nya ora ana crita oberload pas bayar , kan wis antri suwe ana 20 mnt an lan wis ing batasi pengguna , mangsa wis antri lama2 wis mlebu isi nama/NIK wis tinggal cek out muter terus , yg time out , yg rusak , yg no seat yo ,yg iki yo kuwi yo , harusnya ora ana kjdian timeout kan krn dah ing batasin lan wis antri d awal? Giliram dah dpt kursi pembayaranya yg gagal terus , sesusah kuwi war tiket lebaran , tulung d benerake min. Jgn d persulit tulung🙏🏻",negatif,,negatif,negatif,
"Aplikasi khusus pesen tiket saja aja pesen sing lain. Aku tumbas token pembayaran wis sukses nanging ing riwayat transaksi ora ana, ing komplain menyang cs mung suruh tunggu wis lan ora ana kabar maneh",,,negatif,,
"Aplikasi iki banget amat perlu benerake, makin kesini aplikasi kudu selalu diupdate. Lan saben arep war tiket server down, timeout, kesulitan jero pembayaran lan seringnya jadwal ora tersedia.",negatif,,negatif,negatif,
"Min iki gimana si... Aku wis bayar tiket lewat q rish... Habis tu ing email dari bank uga wis berhasil melakukan pembayaran, lan wis kurang bener-bener ing saldo.... Eh pas buka apk iki isih tertulis ""nunggu pembayaran""... Nyuwun bantuannya min... Gini banget punya aplikasi...",,,,negatif,
"Ora cetha ni yg KAI Pay nya.. wis kalu top up lamanya minta ampun. Wis bayar admin, isih uga ana potongan.. mending nganggo kartu sekalian.. dadi males pakenya. Makin ora cetha..",,,,negatif,
"Kena apa ya kok KAI suka sering nganyari. Hmmmn dina iki aku tumbas 2 tiket saldo wis murah nanging tiket ora ana. Kemudian nyoba tumbas maneh 2 tiket & 1, ana tulisannya tiket butuh wektu pelunasan padahal saldo wis kepotong. Saldo menipis terhitung pas nganti wektu gajian. Butuh tiket arep cekout maneh takut gagal lan saldo terus murah. (Kebeneran saldo balik sawise 2-3 dina)",,,negatif,negatif,
Makin susah sawise ing-nganyari. Susah pas arep pembayaran. Muter terus,negatif,,,negatif,
"Tulung ing benerake maneh dong aplikasinya, aku wis sering saldo kai murah karena pesenan tiket sing wis ing bayar nanging tiket Kreta api nya ora ana pesenan padahal wis ing lakukan pembayaran lan memasukan pin pembayaran, saldo ora bali ing cek riwayat pembayaran ora ana , , teruma ka lokal cicalengka padalarang , benerake maneh tulung",,,negatif,negatif,
"Aplikasi banget berguna banget kanggo yg bikin aplnya, kanggo nyedot dana yg ing saldo, saldo gadipakai aja bisa raib, lan banget mengecewakan, wis dibeli tiketnya lan saldo Kpay terpotong namun ora bisa digunakan ora metu barcodenya, lan sia² hangus begitu saja, akhirnya tumbas tiket maneh, yen ora siap karo aplikasi ora perlu dibuatlah nyusahin aja.😇🤦 Arep bikin gampang apa malah bikin susah ? tulung benerake yen niat mempermudah. Tks",,,negatif,negatif,
"kacau, pembayaran lewat e-wallet berhasil, akan tetapi tiket sing telah dibayar ora muncul. Tulung benerake",,,negatif,,
kalau bisa beri komentar tanpa bintang wis aku komentar kan iki aplikasi Layanan tida cetha seperti: Wis melakukan transaksi pembayaran trtapi status ing tiket aku isih nunggu pembayaran Hal iki membuat aku kecewa akan aplikasi iki sehingga aku kudu menghubungi pihak KAI kanggo meminta tanggapannya sehingga uang yag telah aku transaksikan dapat bali secepatnya Saran: pesen yo tiket melalui aplikasi Traveloka karena layanannya gampang lan cepet ora seperti aplikasi buruk iki.,,,negatif,,
"Aplikasi dongo, sinyal full, pas arep bayar ora bisa milih payment, giliran dah habis ngulang maneh nganti kena limit",,,,negatif,
"Tim kai, tulung aplikasinya kuwi ing luwih canggih, kanggo top up ajah kudu nunggu suwe ora masuk².",,,,negatif,
Please yo iki anyar aja isi saldo kena apa tiba² log out sendiri pas arep mlebu ora bisa² pas coba ganti sandi berhasil eh pas mu mlebu maneh gagal maneh. Balikin duit gua yen isih ora bisa ing buka!!!,negatif,,,negatif,negatif
Aku banget kecewa aku tumbas pulsa tgl 18 januari gagal ora mlebu keterangan saldo bali nanging sampai saiki Kirim email berkali2 whatsap telpon oprator padha saja ora ana hasilnya,,,,negatif,
"jelek anjir aplikasinya pembayaran ora bisa ing bayar, ora bisa deleng draf pembayaran jelek pokoknya",,,,negatif,
"Buruuuukk,... Terlalu suwe wektu proses top up KAI PAY, wis luwih dari 1jam nanging saldo isih durung mlebu. Lan wektu pembayaran pun sering gagal, padahal jaringan internet stabil",,,,negatif,
error terus saben arep war tiket. wis terlanjur ngisi saldo Kaipay malah timeout terus. tulung benerake maneh sistemnya,negatif,,,,
Makin lucu sekali aplikasi iki..nganti tumbas tiket 2x ..wis payment qries 2x wis kepotong saldo malah g uptde ing kai..alhasil duit ilang..tiket ora dapet..kokyo jan lucu ne niat ngambil duit orang perlahan2 tp pasti..endi duit g balik maneh,,,negatif,negatif,
"Tulung management PT KAI.. kalau nyari tim IT sing bener aje.. Top Up selama kuwi terupdatenya.. Aplikasinya terasa responsif Walaupun inovasi karo fitur trip planer cukup wis apik.. Nanging rasa keselnya luwih kesel karena hal2 sing esensial kaya top up suwe, aplikasi ora responsif, engga konsisten padha estimasi antrean yg ing apk dg realtime wektu tunggu.. tolonglah kepala IT KAI nya.. Kanggo nyelesain hal2 iki!",konflik,positif,negatif,negatif,
Aku wis deposit ing akun nya nanging malah ora bisa nganggo saldo Ing masukin pin salah Gua minta lupa pin ora bisa-bisa Miris banget aplikasi nya Tulung bantu jawab cs aku supaya aku bisa perbaikin bintang iki!!!!,,,,negatif,
"Aplikasi ora cetha wis habis 100rb mung kanggo bolak balik tumbas ka lokal 15 rb an nanging ora dapet tiket, korupsi. Endi gadibalikin uangnya",,,negatif,negatif,
"Min tulung benerin, aku arep daftar cara pembayaran suwe banget, cara pembayaran kartu debit/kredit nya uga dri tadi tulisan nya""upss terjadi kesalahan"", padahal sinyal aku apik, habis tu tdi uga arep membatalkan pesenan yg nganggo e wallet nya ora bsa",,,negatif,negatif,
"Saben Top Up Saldo, bukan Nambah Tp Malah Murah, Bukan Hanya Sekali... Saben Top Up Saldo Ora Pernah Cocok karo Sing Kowe Top Up... Kacau Sih",,,,negatif,
"Aplikasi Wis apik nih, tetapi pas wis aku simpan total penumpang, tanggal, kursi + tujuan lan nominal yg dibayar wis muncul. Kena apa wektu pembayaran menggunakan Qris selalu RTO? Akhirnya ora dadi dapat tiket. Kejadian wis berkali-kali",,,konflik,negatif,
Aplikasi aneh nih wis pesen nunggu pembayaran pas wis bayar kursi tiba-tiba hilang endi saldo murah....😎 Nyuwun kai kanggo meningkatkan pelayanan aja arep uangnya saja,,,negatif,negatif,
"Maaf ulasan aku kali iki aku rating bintang satu sebab pembayaran lewat QRIS ana problem cukup menyebalkan, saben kali memilih pembayaran QRIS aku ora bisa mengunduh barcode nya... Otomatis aku kudu membatalkan pesanan serta kursi sing wis arep aku pesen.",,,netral,negatif,
"Ribet banget saben arep bayar tiket nganggo e-wallet selalu gagal padahal jaringan apik lan gaada masalah, loadingnya suwe pula karena kaya gitu dadi sering ketinggalan sepur sangan ora efisien, pernah uga gagal transaksi nanging saldo tetap terpotong",,,,negatif,
"Kena apa susah sekali utk pesen tiket. Jam 00.00 wis standby, arep proses pembayaran selalu gagal. Tau2 tiketnya habis. Malah ana info dr teman yen ana permainan calo. Banget Indonesia sekali. Konsumen dibuat susah lalu dimanfaatkan.",,,,negatif,
Tulung ditingkatlan maneh aplikasinya.. aplikasinya banget alon... aku melakukan tumbas tiket KA bandara 2 kali time out terus padahal saldo audah kepotong uga 2 kali.. mengubungi CS menyertakan bukti2 ora d respon2,negatif,,negatif,negatif,
"Wis pesen, wektu klik bayar malah proses gagal, lalu diberi wektu 15 menit utk menyelesaikan pembayaran. Padahal tadi saldo kaspro wis kepotong. Stelah 15 menit tiket gagal, saldo ora bali. Merugikan sekali.",,,,negatif,
Aplikasi BUMN. nanging kinerjanya bikin kecewa sering makan saldo akeh orang termasuk aku yg ora dikembalikan. Layanan cs tuli buta lan lumpuh. Sing ora arep berbenah dr tahun ketahun padha aja pelayananya.,,,,negatif,
"Aplikasi ora guna, pembatalan tiket ora cetha, verifikasi bank penerima ora bisa, nganggo e wallet ora bisa verifikasi uga. Uninstal",,,negatif,negatif,
"Banget buruk. Aku wis ngalami 2x transaksi gagal pesen padahal saldo kaspro murah. Lan sampai skrg ora ana refund pengembalian. Aku tanya menyang cs ing stasiun dsuruh tunggu paling suwe seminggu. Tp asil tetap nihil. Saldo aku murah nanging ing riwayat transaksi ora ana pemotongan, kan banget aneh, Muga-muga cepet ing benerake, aja kanggo aplikasi gagal gini. Banget merugikan rakyat.",,,,negatif,
"banget buruk, sawise top up, semua transaksi dadi gagal, potongan top up uga 10 persen, alhasil saldo ora bisa ing apa apa in",,,,negatif,
"Sering error, tumbas tiket saldo rekening murah namun tiket dinyatakan gagal. Parahnya maneh hal iki sering terjadi. Perusahaan BUMN kok seperti iki. Nyuwun benerake sistemnya !!",negatif,,negatif,negatif,
"Pertama kali coba cari tiket solo wonogiri sulit, pembayaran belibet(kurang praktis) gagal terus. Jaringan sibuk padahal pesanya jam 00.00 WIB - 00.30 WIB gagal. Nyuwun bisa ing benerake maneh",negatif,,negatif,negatif,
"Arep pesen makanan padha minuman ora bisa, suwe suwe ora cetha iki apk, padahal tinggal bayar tp error. Tulung benerake bos berikan kenyamanan sing baik. apk BUMN nanging sering error ora cetha!",negatif,,,negatif,
"Aplikasi keseringan error gajelas. Wis kudu war tiket, error pula. Wis ing payment eh tiket gagal pembayarane. Padahal saldo wis kepotong!!!!",negatif,,negatif,negatif,
Wis bayar tiket lewat QRIS nanging status ing aplikasi durung terbayar,,,negatif,negatif,
"APLIKASI ORA GUNA ORANG AREP TUMBAS TIKET ORA BISA KLIK PEMBAYARAN, GILIRAN HARGA TERENDAH HABIS ANYAR BISA",,,negatif,negatif,
Makin sni makin susah tumbas ticket lebaran.. Available seat tpi ora bisa dibayar.. Aplikasi apa iki akeh penipuan informasi ora valid,,,negatif,negatif,
"Parah iki aplikasi aku dah refound dana dari 2023 sampai 2024 durung mlebu🤣, wektu kuwi aku tanya pas awal anyar refound jarene nunggu 30-45 dina (kanggo refound saja suwe) lan aku lupa anyar ingat 4 bulan setelahnya eh dana uga durung ing TF entah kemana kuwi aplikasi scamm penipuan, yen bisa kirim foto refoundnya aku kirim deh disini ben kalian percaya intinya aja sampai salah pesen tiket soalnya yen refound wis pasti ora ing balikin🤣😂",,,,negatif,
"Aku nuwun bintang loro dulu ya, karena aku wis top up kai pay, tpi dananya ora mlebu menyang kai pay, dadi aku kudu double pembayaran menggunakan qris, tulung cepet benerake ya",,,,negatif,
"Tulung lahhh, aja mempersulit orang, Aku wis top up saldo ing aplikasi KAInya ora mlebu"" iki... Aku butuh cepet... Wis akeh yg komplein rwting ing playstore jelek ttp aja ora ana owahan...",,,,negatif,
"Rating 0 sih, bukan 1 !!! Bayar nganggo KAIPAY (KASPRO) Saldo Wis Terpotong. Nanging Tiket ora adaaaa. Wis komplain lewat Email, ora ana tanggapan, ora ing Refund. Gimana siiih? 😌",,,negatif,negatif,
"susah aplikasinya ,pesen lewat 1 menit ludes,giliran dapet ora bisa dapet qris ,gagal terus ,top up kai alon g mlebu ,saldo keptong g balik ,hadeerrh benerake yo aplikasinya",negatif,,negatif,negatif,
"Kurang satu fitur penting yaitu: lanjutkan pembayaran. Sing saiki iki begitu metu dari halaman pembayaran, wis ora ana cara maneh kanggo membayar padahal wektu tenggat pembayaran isih ana akeh. Iki diperparah karo kebijakan kalau dicancel, ora bisa memesan ulang seat sing padha.",,negatif,,negatif,
"Sawise ing nganyari apliaksinya tambah buruk, aku wis pesen tiket ing jam 00.05 wis melakukan pembayaran nanging beberapa menit kemudian muncul notif pembayaran gagal lan saldo aku tetap murah, lalu aku pesen tiket maneh lan melakukan pembayaran maneh saiki malah ora ana notif apa², aku wis rugi 48 ribu. Tulung dong KAI ing benerake maneh aplikasinya lan kembalikan saldo aku yen kaya gini kan merugikan masyarakat uga",,,negatif,negatif,
"First try coba aplikasi Access nanging malah kecewa wis install. Login lewat Gmail malah forced close terus kudu balik ulang maneh, padahal koneksi ora ana masalah. Ketika melengkapi data lan tinggal klik terakhir uga lemot, ora mlebu-mlebu. Akhirnya ngulang dari awal sampai sayah. Kirim kode OTP pun kudu berulang-ulang anyar terkirim, kudu tunggu suwe. Ujung-ujung keki karena tiketnya keburu habis duluan sebelum bisa diproses. Tulung benerake agar customer bisa menikmati layanan dgn baik.",negatif,,,,negatif
Sing bener dong bikin aplikasi.. Yen log in sawise salah password aja dibikin satu jam nunggu dong.. Terus yen ana orang buru-buru gimana?? Iki maneh ora ana tiketnya sing dikirim menyang email.. Terus nanti gimana caranya boarding pass??,negatif,,,,negatif
"makin nganyari aplikasi nanging gampang malah ing persulittt hadehhh gimana inii🥺, ribett kudu kanggo akun maneh, ganti nomer lagii",,,,,negatif
"Aplikasi teraneh lan terburuk, entek nganyari log in saldo 66.200 langsung hilang dadi 0. Parrrah",,,,negatif,
"Yaaah... Anyar download gara2 penasaran liat iklan pas ing KA, wis bermasalah saja... Aku selalu dapet notif ""akun Anda durung diaktifkan, silakan cek email"" nanging emailnya entah dimana. Kontak CS sepertinya nggk 24 jam.. Duh! 😤",,,,,negatif
Mengapa aku arep login kai acces ora menerima otp padahal jaringan apik,,,,,negatif
"Isi data akun aja susah amat, ana aja masalah nya. Ing pencet gabisa bisa",,,,,negatif
"Gw coba daftar member basic ing kai acces,wis masukin nomor telepon (yg sebelumnya durung pernah gw masukin) nanging kena apa kok tulisannya telepon wis pernah dicantumkan. Gimana sih payah bgt aplikasi KAI ACCES nya Terus gw coba maneh nganggo nomor telepon lain, pas wis mlebu ing verifikasi otp malah metu sendiri lan ora bisa mlebu maneh nganggo nomor telepon sing anyar karo alasan Nomor telepon telah dipakai. NYUWUN BENERAKE MANEH APLIKASINYA",,,,,negatif
"Aplikasinya error, gabisa ngisi data diri, kepental terus menyang menu login 👎",negatif,,,,negatif
"seharusnya aplikasi iki mbantu kanggo pesen tiket, nanging wektu aku arep pesen lewat aplikasi kudu upgrade member basic dulu, sawise aku isi data lan kirim kode otp lan ana notif uga wis upgrade member basic, wektu aku coba kanggo pesen maneh malah disuruh upgrade member basic maneh lan akhirnya aku ora bisa pesen lewat aplikasi. Tulung nyuwun benerake maneh agar luwih nggampangake para penumpang🙏",,,negatif,,negatif
"Cara iki nggampangake kapan diperlukan, tetapi yg paling repot yen lupa password lan nomor, sementara ordernya mungkin hanys setahun sekali lan customer nya wis manula",,konflik,,,
"aku kecewa terhadap aplikasi kai yg terbaru wektu iki, seringkali error lan aku ora bisa mlebu akun aku karo keterangan data ora valid. padahal wis benar. aku un instal berulang kali tetap karo problem yg padha. muga-muga cepet benerake ya kanggo kinerja aplikasinya, supaya memberikan kemudahan kanggo penumpang lainnya.",negatif,,,,negatif
"Sawise nganyari kena apa gabisa login nganggo email lan nomor hp (failed request data)? Padahal wis terdaftar, gimana nihh.. endi ana tiket keberangkatan",,,,,negatif
"Arep pesen tiket hrus dftr member basic dulu. Trus ing persulit lgi ora bisa2. Pdhl smpe ganti nomer anyar pun tetap ora bisa. Ni apk gimn ya, bingung dah. Ing perbarui nanging mempermudah malah mempersulit😭🙏🏻",,,,,negatif
Aplikasi lawak ing download malah ora bisa register. Klik pusat bantuan malah ora ana pilihan apa2,,,,,negatif
"Buruk sekali kualitas aplikasi KAU iki, request kode OTP berkali-kali kanggo ganti sandi, nanging OTPnya ora pernah mlebu😂😂 durung maneh masalah2 sing lain, yen bisa nuwun rating 0 nuwun 0 deh",,,,,negatif
"bolak balik ganti versi lalu ketika aku ora mempergunakan aplikasi tiba"" metu sendiri giliran ing masukkan sandi selalu salah suka bingung jgv",,,,,negatif
"Sawise nganyari.. disuruh upgrade menyang member basic, padahal sebelumnya wis terdaftar. Makin ribet aja. Mangsa iya kudu ganti nomor HP padha @mail anyar.. Kan kocak..",,,,,negatif
"Lupa sandi gagal. Lemot API sms nya. Padahal enak nganggo API email luwih gampang lan cepet. Sekalian login nganggo email aja, aja nomer. Selalu lemot kode sms kuwi.",,,,,konflik
"Hari² bermasalah terus. Ora bisa log in, dftar akun anyar jg ora bisa. Boro² arep pesen tiket. Hadehhh",,,,,negatif
"dancok metu sendiri, arep login maneh ora bisa, Super lemot, ana udang dibalik batu",,,,,negatif
Kena apa aplikasi iki saiki ora bisa login,,,,,negatif
Akun suwe ora bsa dbuka..mnta sandi sya lupa sandi nya cba msuk pke lupa sandi gagal trs...daftar anyar pke email.uga g bsa gmna iki,,,,,negatif
Memasukkan kode otp keterangan not valid padahal wis benar wektu daftar dadi pengguna basic. APLIKASI SAMPAH!!!,,,,,negatif
"Maaf, iki apa ora ana pembaruan yg luwih penak ya,,, masak aplikasi ora cetha kayak gini ,,, Hapus akun ora bisa, daftar akun anyar sulit...... Iki gimna kelanjutannya... Tulung yo luwih ing perhatikan ... Agar pengguna uga Penak akses.nya NYUWUN BAGI PETUGAS APLIKASI LEKAS ING BENERAKE,,, UTAWA AKU LANGSUNG TEGUR ING KEPALA ATASAN ANDA 🙏🙏🙏 TRIMKASIH",,,,,negatif
Kalau apk ora ing buka suwe kena apa akun bisa metu sendiri.,,,,,netral
"Aplikasi ora cetha. Daftar nganggo e-mail, disuruh upgrade menyang basic ben bisa pesen tiket. Kudu input nomor hp kanggo dapat kode OTP. Nanging ora bisa daftar uga. Wis berapa nomor hp yg ing input hasilnya tetep padha. Bukan bikin gampang malah nambahin ribet.",,,,,negatif
ribet minta aktivasi terus dituruti nganyari berulang ulang ora bisa lanjut mu topup kudu aktifasi maneh padahal wis,,,,negatif,negatif
"bayar nganggo kaipay lemot lan akhirnya pin terblokir, padahal wis topup saldo akeh Bayar nganggo shopeepay ora bisa menyambungkan terus",,,,negatif,
"Saben arep login selalu muncul tulisan aplikasi ora menanggapi. Padahal sinyal apik, buka aplikasi lain uga lancar. Wis berhari-dina ditunggu, lan dicoba terus, nanging tetep aja gabisa",,,,,negatif
"Kena apa aku berulang ulang diminta upgrade member basic padahal wis pernah daftar, lan bahkan ana tulisannya email lan no hp wis terdaftar. Lha terus proses dftar member basic aku yg sblmnya gimana? Namanya maju kena mundur kena",,,,,
"Aku naikan dadi 3 bintang ya, pembayaran mandiri direct debit bermasalah, wis tunggu nanging OTP lewat SMSnya isih durung muncul padahal ana pulsanya.",,,,negatif,
Gimana cara mengatasi proses pengaturan ulang kata sandi? Kog gagal terus wektu klik lupa kata sandi,,,,,negatif
"Aplikasi negtodd. Suwe bet verifikasi OTP, bikin darah tinggi aja. Mending aku pesen dari stasiun sendiri, seperti tahun 2000an. Nanging gw ora bisa karena aku kudu pesen lewat apk sampah iki!!! ASU NGENTODD!!",,,,,negatif
"Kena apa saiki dadi susah sekali arep pesen tiket,mlebu member basic dulu wis daftar ora bisa masuk2 ,tulung donk benerake aku sering kali pke kai yen kemana2 tpi saiki pesen tiketnya susah minta ampun...sebel dech....",,,,,negatif
Ticket aku ana diaplikasi...iki gmana disuruh mlebu pasword terus padahal wis selesai..sepur wis arep berangkat,,,negatif,,negatif
"selalu nganyari selalu menyang log out sendiri endi tiketku kanggo besok asem asem, terus piye iki aku login semua aku cek gaada tiket aku, login lewat nomor hp kodenya ora kekirim kirim berkali kali dicoba",,,negatif,,negatif
Kena apa kode otp kanggo upgrade akun ora muncul2 lewat sms? Wis aku coba berkali2 nanging ora arep muncul.,,,,,negatif
"ribett, arep dftar akun member besic susah sekali, gatau dah knapa iki yen bisa secepatnya benerake ben kami luwih gampang ora kaya duluu huhu jdi sedih sih')",,,,,negatif
aplikasi ora stabil. sering gangguan. dikit2 menyang logout akun nya. dana pemeliharaan software pasti ing korupsi👎,,,,,negatif
"Dina H jadwal sepur berangkat malah tiket sing wis dibeli sebelumnya ora muncul. Tulisan sing tertera jarene jaringannya jelek, wis aku ganti nganggo data seluler isih ora bisa, aku coba logout login berkali-kali tetap ora bisa, aku coba install ulang tetap ora bisa, aku coba deleng kode pesen ing web malah ora muncul, pdhl cetha-cetha isih ana riwayat pemesanannya ing APK.",,,negatif,,
"Woiillaahh.. aku ora bsa login, password sdh benar tp sllu fail. Nanya ing ig jg ora ing respond. Arep reschedule jd susah, percuma ana aplikasi klw aplikasinya ora bsa dipake !!",,,negatif,,negatif
"Aku kecewa, wektu wis diupgrade tiba-tiba aku ora bisa mlebu, alhasil aku kudu bikin akun anyar. Lalu wektu memilih cara pembayaran selalu error, ora arep terhubung. Iki kena apa ya? tulung benerake secepatnya. Yen bisa aja utamakan tampilan dulu, wis ngerti saiki tumbas tiket gabisa langsung ing stasiunnya malah dipersulit karo adanya apk yg gaguna kek gini. Aku arep ana acara penting lohhh, benar-benar merugikan orang. aja update² maneh pusing log out sendiri terus",,,,negatif,negatif
Jarene sistem online kena apa ana wektu tunggu antrean ing aplikasi? Iki kena apa habis nganyari malah logout sendiri,,,negatif,,negatif
"Iki kowe ing minta upgrade menyang basic ,isi data wis lengkap .ujung ujung nya ngak bisa uga . Hemmm tulung yo kai",,,,,negatif
"aplikasi ter SAMPAH sing pernah gw download, masak akun metu sendiri trus, ketika arep pesen buru, malah makin ribet anjir, banget banget banget kecewa, benci aplikasi iki, mending pesen tiket ing aplikasi laen utawa yg luwih gampang,🤬 uninstall!!",,,,,negatif
"Aplikasi ngisin ngisini. Punya pemerintah kok aplikasinya ruwet. Padahal wis nganyari, wis terdaftar nanging kok ya disuruh dadi member basic. Diperbarui datanya, email lan telepon wis terdaftar. Yo truss aku kudu piye jal... 1 maneh yen topup by KAI kuwi mbok ya gercep gitu loh ora perlu tunggu 15 menit.",,,,negatif,negatif
"Aplikasi sing ribet,, minta upgrade dadi member basic nanging malah no lan telp yg terdaftar wis ana,, ya cetha wis ana,,, kan arep upgrade,, yen durung ana ya apanya sing ing upgrade",,,,,negatif
"aplikasinya akeh masalah arep daftar aja ora bisa mlebu , padahal jaringan apik pakek wifi tetap ora bisa uga, tulung ing benerake!!!!!",,,,,negatif
"Kode OTP ora valid terus, padahal wis cocok padha yg ing sms, tulung bantuan dari kai Access nya dong gimna iki",,,,,negatif
"Aplikasi ribet, punya pemerintah nanging ribet amat pas daftar, dah yo, punya pemerintah kok gini amat",,,,,negatif
"Wis buang kuota,pas arep daftar ora bisa2,kocak",,,,,negatif
"Apalah iki ora bisa Upgrade akunnya. Saben verifikasi otp selalu ""otp not valid"" Padahal otp sing ing dikirim lewat SMS jelas2 kuwi kodenya🥴🥴",,,,,negatif
"Daftar Akun Basic aja susah banget. wis percobaan 3 kali. Gagal terus. Wis masukin keden Verifikasi melalui SMS, gagal. Padahal kode wis ing masukin, Tombol dipencet, ora respon. Kalau emang HP aku sing trobel, masak iya, sampek 13 kali. Lan disisi yg lain, nganggo aplikasi lain, nganggo cara kode OTP kanggo Verifikasi, bisa semua. Mung Aplikasi KAI Access iki sing kayak begini. Tulung benerake donk. Merugikan, arep pesen tike ora bisa. Terlambat kehabisan tiket terus gara"" Error gini.",,,,,negatif
"Pembayaran melalui e-Wallet awalnya bisa (ovo) stelah ing nganyari arep bayar nganggo e-wallet tp ora dapet terus kode otv nya dah arep sebulan ing ulang terus tetap aja ora ana kode otp. Yen top up menyang kai access langsung potongan nya berubah² makin gede top up makin gede potongannya, gimana sih iki?",,,,negatif,
"Aplikasi payah,Ora bisa mlebu sawise download edb detected trus dn close , padahal wis ing apus download beberapa kali",,,,,negatif
Apk nya jelek bgt sumpah.. tiba² logout sendiri ora bisa akses maneh.. wis ganti pw nanging tetep ora terdaftar.. wis segala cara tetep aja ora bisa.. aneh bgt sihh.. tolonglah perbaikin kali apk.. jelek bgt sumpah... wis diupdate nanging apik malah makin ngadi²..,,,,,negatif
"Daftar akun basic kok ora bisa yaa, padahal email lan nomer telpon wis benar lan isih aktif, Wis menghubungi customer service wis telpon kok tiba-tiba telpon nya matii??? Iki gimna KAI ??? jgn diem aja tulung cariin solusi nya",,,,,negatif
Susah mlebu nya tiket tersedia ora bisa ing tumbas gimana min,,,negatif,,negatif
"Nyebelin banget aplikasinya sing saiki. Sering error padahal dulu ora begini. Arep pesen tiket dari malem sampai pagi ndak bisa. Alasannya time out, dicoba maneh alasannya servernya sibuk, dicoba maneh malah tulisannya ups jadwal ora ditemukan. Ujug²nanti kehabisan tiket. Tulung cepet diperbaikiiii🙏🏽🙏🏽🙏🏽",negatif,,,,
"Aplikasi error.. Wis dibayar nganggo e-wallet, malah statusnya isih nunggu pembayaran.. Ujung-ujungnya menyang cs stasiun lan pesen manual.. Tulung benerake aplikasinya min..",,,,negatif,
"Kudu nganyari aplikasi terus, storage hp kepenuhan gara-gara aplikasi iki",negatif,,,,
"Kayak ora niat bikin aplikasi, aplikasi durung siap wis d rilis, pesen tiket wis kayak war tiket konser blackpink, selalu crash system padahal dah mlebu proses munculin kode pembayaran, mending balik maneh aja pesen offline",,,,negatif,
"makin ora cetha fiturnya, kudu ngantri dulu 30 menit sawise ing nganyari. itupun ora langsung bisa pesen tiketnya",,,negatif,,
Iki sebenarnya aplikasi bisa ing kanggo tumbas tiket apa enggak sih..saben tumbas tiket sing timeout sing severnya bekerja terlalu keras.wis ing bela²in ora tidur dari jam 00.00 sekalinya dapet pembayarane sulit sing unduh barcord suwe banget.nyuwun kanggo ing benerake kanggo apliksanya,negatif,,,negatif,
"Sering error trs, haduh bagusan Apps yg suwe WKWKWKW",negatif,,,,
"Muter suwe betul, endi berat gitu maneh kanggo ngaksesnya. Oh iya kanggo pembayaran e-wallet makin sedikit ya, tadi niatnya pembayaran arep nganggo e-wallet nanging ora bisa bisa. Pdahal jaringan apik. Lan satu lagiiii kena apa data tiket keretanya updatenya suwe kalah padha aplikasi sebelah. Banget mengganggu apalagi yen pas arep pesenan 😠😠",negatif,,negatif,negatif,
"Aku wis isi KAI PAY / KASPRO nanging ora bisa kanggo bayar,padahal pin wis bener,nanging malah metu jarene pin salah,sampek tak ganti pin anyar,berhasil ganti pin anyar,giliran bayar pakek KAY PAY salah ing pin maneh,padahal wis cocok,akhirnya bayar nganggo bank BCA,lgsg bisa,trus saldo KAY PAY aku apakah bisa ing kembalikan utawa ing cairkan?,harusnya aplikasi iki nggampangake,nanging malah menyulitkan.. parah banget..",,,,negatif,
"Apk burik gajelas sering error, cari tiket dari jam 1 sape hampir jam 3 masi aja error. Kowe uga arep tidurrr woiii, besok akeh aktivitas. Penghasilan akeh tp error terus dah",negatif,,,,
Aplikasi ampas arep daftar basic aja kagak bisa susah,,,,,negatif
"Inovasi apik nganggo sstem antrean, nanging nyuwun dkembangkn lg. Wis antre tertera 15 mnt nanging turun malah naik, ok ora pa2 isih bs maklum, sawise wis mlebu sstem n wis isi pesenan arep proses perolehan kursi malah d notif. Wektu iki transaksi sedang tinggi coba beberapa wektu maneh. ya bener-bener sistem sibuk makanya antree. sabar. coba beberapa wektu. ing notif lg sing padha. nganti 5x notif yg padha. dn akhirnya sesi pesenan wis berakhir. Mulai dr awal brakhir tnpa tiket. Tiket hbis",,,konflik,,
"Aplikasi berat, lemot lan ketika arep dilakukan pembayaran selain karo Kaspro selalu error. Bikin emosi. Wis gitu, kalau arep topup Kaspro, biaya potongan adminnya gede banget najis naudzubillah... Repot, aplikasi ribet lan berat!!! Nyusahin orang arep mesen tiket sepur.",negatif,,,negatif,
"Wis terbiasa menggunakan aplikasi iki lan banget bermanfaat, hanya sy msh menggunakan perangkat dgn os android 7 jd tdk kompetibel dgn aplikasi terbaru, nyuwun updatean terbaru dpt mengakomodir os android yg msh lawas. Matur nuwun",,,,,
Iki aplikasi e gimana se aku wis bayar tiket habis 20 ribu malah tiket sepur api e ora muncul tulung deh gimana solusi acces kai,,,negatif,,
"Menurutku yg sdh beberapa kali menggunakan apps iki utk reservasi tumbas tiket KA sdh cukup baik namun utk proses top up jgn kelamaan proses done nya kk...spy tdk ana kekuatiran tdk mlebu uangnya..nyuwun ditingkatkan maneh pelayanan aplikasinya, spy dpt luwih baik lan dipercaya tks.",,,positif,negatif,
"Nyuwun bantuannya Kai Acces, aku wis top up lupa durung aktivasi nanging tombol aktivasi ora ana dadi saldo ora bisa digunakan karena durung ana pembuatan pin KAI pay..",,,,negatif,
Wis 2025 sistem tumbas tiket isih kya jaman jadul. Tumbas tiket lebaran sistem ora cetha. Nunggu suwe suwe ora bisa dapet tiket nganti online 3 jam gagal terus ngerti ngerti habis. Arep sampai kapan sistem kaya gini trus?,,,negatif,,
Cacat karena selalu menyang ganti2 terus halamannya,,negatif,,,
"Aplikasi buruk sering gagal transaksi nanging saldo pembayaran tetap terpotong, aku wis menghubungi CS nanging durung dikembalikan saldone sampai saiki. Yen aplikasi durung teruji kelayakannya aja dirilis dong kasihan customer akeh yg ngalami kendala lan proses penyelesaiannya suwe.",,,,negatif,
Entek nganyari malah dadi gabisa cek jadwal krl..tulung diatasi kanggo masalah iki..padahal sebelumnya normal² ja,,,negatif,,negatif
"Aku wis bangun ing jam 00.00 kanggo membeli tiket. Nanging kebeneran jadwal belom tersedia ing stasiun sing aku tuju, nanging ing stasiun lain jadwal wis tersedia. Wis ing tahap pembayaran malah dadi layar putih sampai sejam. Pas dikembalikan wis proses penungguan pembayaran. Haduuh 😭",negatif,,negatif,negatif,
"Saben ana sing anyar kudu ing nganyari kalau ora ing nganyari ora bisa ing nganggo. Kena apa sih, jadinya ora penak banget",,,,,negatif
"Banget payah,arep upgrade aja susah tinggal klik kirim kode SMS...ulang2 terus nganti sayah",,,,,negatif
Ing pencarian sepur lokal Stasiun Madiun ora dicantumkan,,,negatif,,
"Banget buruk sekali kanggo boking online melalui aplikasi sing anyar mending versi suwe,enakan kayak dulu langsung tumbas tiket ing stasiun luwih gampang, intinya buruk sekali.",,,negatif,,
Kena apa layanan pulsa listrik padha pulsanya hilang😭 padahal butuh bnget iki. Endi saldone msih bnyak bnget ora bisa ditarik tunai. Lan aku bukan orang yg saben dina naik sepur bahkan sebulan aja uga blum tentu berpergian nganggo sepur. Pliss benerake lg dong appnya,,negatif,,negatif,
"Akeh bug nya, wektu ingin memesan tiket muncul error jwt token expired, please tim Programmer nya cek. Terus uga wektu ingin aktivasi kaipay, wektu masukin kode pin anyar dia error terus lan errornya cuman alert kosong tanpa ana penjelasan, Tulung tim frontend nya luwih serius",negatif,,,negatif,
"Tambahin dong jadwal pagi nya, dari serang arah rangkasbitung jam 04:00, akeh karyawan mesti menyang rangkasbitung dulu nih sing arep menyang ibu kota",,,,,
Kena apa sih topup ing KAI acces haru ana potongan biaya. Kan dadi rugi. Cobalah ing benerake maneh. Mangsa topup langsung ing aplikasi KAI kudu ana potongan. Endi delay pula topup saldone. Coba ing benerake maneh kuwi padha Kaspro nya. Dadi ora berfaedah. Meding nganggo E-uang utawa Dari goj3k.,,,,negatif,
Iki aplikasi nganyari kok tambah sulit masak iya wis arep pesen malah ora bisa alasannya kadaluarsa padahal wis dicoba berkali2,,,negatif,,
"Wektu tujuan sepur sering kali ora cocok karo jadwal, selisih wektune hampir 1 jam. pungkasan-pungkasan iki wis beberapa kali PP wektu tujuan sepur pasti telat. dulu selalu ontime. perlu dilakukan pembenahan bali, kok bisa sistem yg dulunya apik malah saiki dadi kacau.",,,negatif,,
"Aplikasi bodoh. saldo aku wis dipotong, id pesenan tiket ora metu.",,,negatif,negatif,
Proses pembatalan tiketnya suwe banget. Saldo wis suwe ora dikembalikan. Payahh,,,negatif,negatif,
"Saldo keptong kanggo isi komuterline, giliran ing nganyari rusak terus, lan ing kartu ora menyang isi. Aplikasi dari dulu selalu burik iki KAI. Yen wis bisa utawa minimal uang aku bali . Anyar aku ganti reviewnya.",,,,negatif,negatif
"apakah ora ana pembenahan? karo 10jt luwih nanging rating 2 apa ora malu? bukankag kuwi menandakan kelayakan dari aplikasi nya yg begitu buruk? sering rusak pada kondisi yg genting seperti war tiket mingguan, apakah bener-bener haru trouble ing wektu-wektu seperti kuwi?",,,negatif,,
Antrean trz ora bisa masuk2. Yg ora antri orang dalemnya kali,,,negatif,,
"Sebagai pengguna Acces by KAI aku merasa bahwa nganyari sing sering dilakukan ora memberikan peningkatan pada aplikasi. Menurut aku versi suwe luwih baik dibanding versi terbaru. Aku melakukan sing pesen tiket lan melakukan pembayaran menggunakan qris, saldo aku terpotong namun pesenan tiket sing lakukan justru gagal. Mungkin nominalnya ora akeh namun hal iki cukup merugikan pengguna. Tulung kanggo pihak KAI kanggo melakukan perbaikan agar hal seperti iki ora terjadi sesuk.",,,,negatif,
"Pembayaran Nya Ora Ana Lewat Indomaret & Alfamart, Dadi Susah Kalau Arep Bayar Apalagi Ora Punya M-banking, Dadi Menyusahkan, Sedangkan Kalau Arep Menggunakan Aplikasi Ovo Kuwi Nomernya Isih Dulu Ora Bisa Diganti Sing Anyar, Dadi Susah Maneh Kanggo Bayarnya.... Iki Aplikasi Ora Ana Owahan Padha Sekalian 👎👎👎",,,,negatif,
"Wis WAR tiket jam 00.00 kanggo dhoho padha penataran wis tinggal dikit aja tempat duduknya, memangnya kudu jam berapa tumbas tiketnya? Telat 1 menit dah kehabisan, trus sering jadwal ora ditemukan maneh wis ditemukan jadwal dah habis aja tiketnya. Kudu gimana belinya?",,,negatif,,
tiket loro kali ilang tiba tiba ngantri maneh stap ora ngerti . cuman jawab rusak pak banget meragukan apl iki maju pelayanan banget mengecewakan,,,negatif,,
"Jembut jembut.... Nyuwun kanggo benerake sistemnya. Aku nunggu dari Jam 00.00 anyar dapat tiket ing jam 06.45. Hanya dapat notif ""sistem sedang bekerja keras""",,,negatif,,
"Aplikasi Sansaya buruk, sinyal apik nanging gagal terus ing pembayaran. Coba ganti2 dari OVO menyang Shopee pay asil nya tetap error. Sampai 15 kali coba error terus lan ora bisa pesen maneh",,,,negatif,
Dadi aku sering berlanganan ing kai accses lan aku banget kecewa banget ing iki apk saldo aku ora bisa kepakek karna apk nya konyol bngt sering ngbug lan pin sing aku enggo selalu salah padahal kuwi pin wis bner lan aku coba reset sandi lan coba maneh pin isih salah aku ora terbantu banget karo apk konyol kayak gini . pihak kai seharusnya ing pantau terus dimana bagian bug ing apk nya sendiri . kocak kocak,negatif,,,negatif,
"Aplikasi ter lemot sing pernah aku jumpai. Wektu aplikasi Error penumpang ing arahkan kanggo ngantri offline, padahal PT KAI sendiri yg mewajibkan tumbas tiket sepur lokal online utk penumpang usia 50 tahun menyang bawah. Anehnya, disaat pt kai ana kesalahan ana pengecualian nanging wektu terdapat kesalahan pada penumpang padha sekali ora ana pengecualian.",negatif,,,,
"Sering trouble Sulit melakukan tumbas tiketnya, wis mlebu lan pesen ing pembayaran ora bisa, sering uga data hilang sendiri, nyuwun pihak kai melakukan perbaikan access",,,negatif,negatif,
"tumbas tiket pas arep ing scan jarene disuruh ulang,aku bilang saldo wis murah kata mba nya durung ulangi maneh aja, alhasil saldo murah 2x hahaha",,,,negatif,
"Cara pembayaran sering rusak terutama nganggo ovo dadi susah yen arep bayar sdh kehabisan wektu ,ee tiket nya wis habis duluan",,,,negatif,
"Aplikasi makin akeh trouble, ora berminat kanggo dibetulkan apa? Masak ing awal halam tersisa 5 kursi begitu dibuka kursinya kosong semua. Pertama. Kedua saben nganyari jam 12 wengi. Nanging kereset malah wis menyang isi semua dadi tiket sing habis ora bsa d klik. Tulung yo benerake, wis canggih tp akeh trouble mending ora perlu d nganyari.",,,negatif,,
"Nyuwun admin, kena apa aplikasi kai acces aku ora bisa dibuka? Padahal wis sy nganyari... Terimakasih",,,,,negatif
"Arep pesen tiket nanging selalu muncul tulisan ""can't pesen more than 15 pesen per day"" Padahal dina iki durung pesen tiket padha sekali, gimana ceritanya tiba2 wis 15 pesen aja. Gimana nih solusinya? Aplikasi kanggo pesen tiket mangsa gabisa dipake kanggo pesen tiket.",,,negatif,,
"Aplikasi busuk, pesen tiket aja susah bgt",,,negatif,,
"Gatau yo download aplikasi nanging dadi gampang malah makin ribet. Iki yen tiket kretanya habis ing tulis ora tersedia kek, aja tulisannya tersedia nanging trnyt dah entek, lbih valid pesen lewat browser dripd aplikasi",,,negatif,,
"Owahan jadwal ing bulan Pebruari banget tdk bersahabat dg pekerja lan uga wektu tempuhnya dadi luwih suwe... Owahan tdk dadi luwih baik, menurut kami sebagai pekerja. Ora mendukung himbauan kanggo menggunakan angkutan umum supaya mengurangi kemacetan...",,,,,
"aku ora bisa mencari kota tujuan ing pilihan KA lokal seperti sragen, Ngawi, Madiun. Tulung solusinya",,,negatif,,
"Saben tumbas tiket arus balik sering error Terus, padahal pembayaran wis berhasil nanging tiket ORA metu",,,,,
"Sawise ing nganyari malah makin buruk, selalu disuruh aktivasi kaipay, giliran arep ing aktivasi nanging selalu oror lan gagal maneh, kemarin saja pernah h-1 pemberangkatan tiket malah ora arep muncul",,,negatif,negatif,
Aku membeli karcis sing salah pada jam nya lan aku kudu berpikir keras kanggo mengembalikannya hanya saja uang kuwi ora bisa dikembalikan lan kudu jual menyang orang lain lan aku uga wis ora bisa kanggo mendapatkan uang kuwi maneh tulung dibenarkan aplikasi iki aja sampai Indonesia malu-maluin seperti iki uang 3000 mangsa ora bisa dibalikin tulung dong benerake maneh aplikasinya bikin malu-malu negara aja kalau niat bikin sepur ora perlu bikin karcis sepur jadilah sing jujur,,,,,
"aku 2 kali pesen tiket online wis terbayar, ana bukti nya uga nanging diapk tiketnya durung terbayar sampai akhirnya wektune habis lan hangus. saran uga yen bisa diapk ana menu kanggo pesen makan trus bisa diantar sarann aja",,,negatif,,
"Susah sekali batalin tiket, akeh bug. Nganggo e-wallet, data e-wallet tdk tersedia, trs knp dikasih opsi tsb?. Nganggo Bank, namanya kudu padha dg nama penumpang. Yo nama penumpangnya wis cocok padha NIK, trs knp ora diintergrasikan aja? Solusi dari CS, minta user menyang stasiun. Nanging, ora bisa melayani ing semua stasiun. Benar benar ora solutif lan ora mbantu. Hangus wis tiketnya.",,,negatif,negatif,
"Alasan Rating: Ora kompatibel karo ponsel aku,aku harap aplikasi penting seperti iki berfungsi ing saben perangkat,agar ora mempersulit akeh orang. Satu maneh,kanggo connecting train kuwi durung lengkap dadi ana beberapa rute sing kudu ing pesen tiketnya satu persatu lan tambahkan connecting train lokal karo antarkota,nyuwun benerake...",negatif,,negatif,,
Sawise d nganyari antri online 20 ment berasa 1 jam sawise antrean selesai tiket ora tersedia...war tiket jd kacau...,,,negatif,,
"Iki aplikasi kena apa sih, sisa saldo aku kuwi pas pagi tadi ana 18 ribu, arep tumbas tiket commuter line bandung sing harganya 5 ribu, pas arep pembayaran malah tiba tiba e wallet kosong, terus saldo aku dikuras habis, sawise nanya satpam, satpamnya malah bilang lain kali aja top up kaipay karna sering gangguan, pdhl aku wis nunjukin bukti saldo aku sebelumnya lan saldo aku yg murah ing riwayat pembayaran Plis perbaikin iki, kena apa sih bisa bisanya saldo disedot entek",,,,negatif,
"Kanggo keseluruhan hampir gampang ing enggo, nanging satu sing perlu diperhatikan, sistem pembatalan kuwi aja nunggu 30-45 dina kerja yaa, kelamaan, paling telat uga 2X24JAM , Beda karo Traveloka Agoda dll meski mung 10 menit , nyuwun kanggo ing perhatikan",positif,,negatif,,
"tulung aplikasinya dibenerin maneh,aku arep nganyari menyang KAI PAY ora bisa metu terus dari aplikasi",,,,negatif,
"arep pesen sepur lemotnya minta ampun, padahal tinggal bayar malah muncul layar abu-abu",,,,negatif,
Ribet amat saiki apa - apa online nanging sistemtem lemot kalau ora rusak ampasss,negatif,,,,
"aplikasinya sebenernya apik mung kena apa wektu minta jaluk refund pembatalan tiket uangnya wis melewati 30 dina durung ana uang bali , malah pengajuan pembatalan perjalanan tiket durung ing konfirmasi padahal wis lewat 30 dina , untung Nominal 80 ribu menyang , gimana kalau nominal 500ribu -1 juta keatas ? Tulung cepet ing benerake maneh",positif,positif,negatif,negatif,positif
"Banget perlu ing benerake, lan diperbarui, topup mlebune 2 dina , scan barcode bayar mlebune uga suwe diulang ulang terus .",,,,negatif,
"Mangsa topup saldo KAI Pay dari BCA menyang VA Kaspro suwe banget terupdatenya. Butuh wektu 30 menit. Tulung dipercepat yo, dulu sebelum aplikasi diperbaharui ngisi saldone cepet, mangsa sawise diperbaharui malah luwih lambat.",,,,negatif,
"Jelek nganggo banget, ora kaya tahun dulu dulu. Pas buka aplikasi dapet tiket bayar menyang alfamart. Saiki suruh nunggu nganggo no antrean yo. Giliran wis mlebu pas masukin data timeout terus. Ngerti ngerti tiket entek. 😡😡😡",,,negatif,,
"Iki aplikasi pemerintah bukan sih, klu punya pemerintah parah banget. Kakehan ing korupsi kali duwite. Error, lemot, kanggo bayar ribet amat ngulang-ngulang terus. Ing benerake maneh donk sing luwih baik.",negatif,,negatif,,
Pesenan kai kanggo mudik terlalu lambat server selau penuh ujung ujungnya wis kehabisan tiket aja padahal anyar 5 menit pembukaan tulung yo ditingkatkan maneh kai,negatif,,,,
"Nyuwun kanggo disediakan Fitur tukar tiket jadwal keberangkatan, agar ora perlu jauh² datang menyang stasiun, soalnya kanggo anak kuliahan sing merantau akan banget berguna karena banyaknya jadwal² kelas sing sering ber ubah ubah.",,,negatif,,
Parah banget wis tumbas tiket saldo wis terpotong tpi tiketnya ora ana ing pesenan typo,,,negatif,,
"tulung tambahkan layanan penggantian nama penumpang lan akun yg memesan uga bisa digantikan oleh orang lain, bintang 2 dulu klau wis ana layanannya sy ganti",,,,,
Anyar nyoba sekali wis kecewa. Karena pilihannya gabisa ing klik. Ya gimana arep lanjut administrasi yen pilihan keretanya gabisa ing klik. Trs uga suka ngefrezz gajelas bgt,negatif,,,,
"Aplikasi yg versi terbaru malah sansaya sulit dapat tiket, wis war dibelain bergadang jadwal selalu durung tersedia giliran wis muncul wis kehabisan padahal memori apik, koneksi apik, kecewa sebagai pelanggan yg dr dulu selalu naik sepur kemana endi saiki susah krn gadapet tiket terus 😑",,,negatif,,
"Aja maksa nganyari yen durung arep nganyari, apps lain ora ing nganyari 6 bulan pun bisa ing nganggo, bisa ora mung notif aja aja maksa nganyari",negatif,,,,
Seriuss kai access seburuk kuwi persiapan nya kanggo lebaran tahun iki,negatif,,,,
"Wis aku bayarrr tiket durung mlebu uga, najis aplikasi KAI sawise nganyari",,,negatif,,
"Pesen tiket susah,, muter terus wis isi data penumpang klik lanjut tetep ora dapat tiket",,,negatif,,
"Ngapain nganggo antrean, mung hanya cek tiket. Tolonglah bijaksana jero membuat aplikasi. Jangn memikirkan untung sepihak",,,negatif,,
"halo kai, tulung baca iki. sedikit saran, mungkin next time kanggo commuter line dhoho-penataran gausah ana tiket sing 'tanpa kursi'. aku gatau tujuan kalian mengeluarkan tiket iki kanggo apa, nanging menurutku iki bener"" hal terburuk sing bikin aku kecewa. mungkin kalian ingin memaksimalkan penggunaan space kosong sing tersedia, utawa mungkin mata duitan (?) entahlahh, nanging dina iki bener"" full banget, nganti bikin agak sesak nafas. btw, aku tadi tiba"" disuruh pindah tanpa ditanya 'sedang sakit/ora'",,,negatif,,
"Berbelit2 aplikasi nya. Wis download nanging arep nganggo ora bisa langsung, krn kudu registrasi segala macam. Aplikasinya tlg modul nya dipermudah, supaya pengguna sepur terutama yg agak2 gaptek isih tetap bisa nganggo.",,,,,negatif
"Pak kanggo No Handphone ing profil ora bisa ing ubah, tulung ing nganyari agar bisa mengganti no Handphone ing aplikasinya aku aja bingung arep ganti. Aku aja bingung arep ganti no hp y",,,,,negatif
Anjirlah saben mlebu apk tekah berhenti apk telah berhenti iki gimana sih Wis install ulang tetep aja error iki developer gimana woy,negatif,,,,
"Sawise ing nganyari malah arep pesankan orang tua, ora ana menu reduksinya, alhasil harga normal bukan lansia.",,,negatif,,
"Kena apa aku ora bisa klik tujuan Pekalongan, tulisannya jero pemeliharaan...kok bisa berhari dina ???",,,negatif,,
"aku anyar buka bali KAI access, nanging akun aku kena apa kudu upgrade basic maneh. Padahal sblmnya wis terdaftar lan bisa transaksi, deleng histori tiket, deleng daftar penumpang yg pernah aku input. ikutin arahan utk upgrade maneh, system bilang ""already exist"".",,,,,negatif
App nya msh akeh bug yg durung kelar... verifikasi berhasil nanging klik profile balik suruh verifikasi maneh. gtu aja terus smp lebaran kelar 😢,,,,,negatif
maintenance aplikasi jelek. pembayaran gagal terus. ora ana perbaikan. bad,,,,negatif,
"Jelek banget aplikasinya wis ora seperti dulu, saben dina Jumat selalu ana masalah. Jadwal sering ora tersedia, ing refresh terus tetap ora tersedia. Sawise beberapa menit bisa, tiket wis habis. Tolonglah benerake:(",,,negatif,,
"Dadi ana antrean, lan cukup suwe antri sawise mlebu jadwal ora tersedia..",,,negatif,,
"Aku wis isi data, tp kena apa ya nggk bisa pripikasi no hp... Apa ana yg salah nyuwun bantuannya",,,,,negatif
"KAI aja gaet kaspro dah soal Kaipay sumpah buang-buang uang banget biaya adminnya gede banget. ora ana top up yg free admin, mending gaet shopeepay, astrapay, utawa ovo.",,,,negatif,
"Sansaya kesini aplikasinya sansaya akeh trouble, kalau kakehan ngecek jadwal sepur, bakalan kena time out, kena apa kudu ana time out? Kemudian mengecek ""Tiket Aku"" uga dadi susah, padahal jaringan pribadi wis banget apik namun dari aplikasinya berkata ""Ups!! Terjadi Kesalahan Nyuwun maaf kami ngalami gangguan wektu sedang memproses. Silakan coba beberapa wektu maneh lan pastikan koneksi internet Anda stabil."" Padahal wis bayar lan jam keberangkatan wis mepet, akeh errornya sekaran",,,negatif,,
"upgdre skrg malah bikin EMOSI apa"" kena antrean.giliran dah mlebu data muter lagii logout.stlah dapat pembayaran muter Maneh kanggo bayarnya.akhirnya Zonk sdah soldout. HERAN MEREKA SING WIS DAPET TIKET NYA DARI ENDI??????CALOOO???AKU YG WIS NGANGGO HP 10 PUN ORA DAPET""!",,,negatif,negatif,
"Makin kesini aplikasi makin ora cetha,, cape² nungguin tiket mantengin HP giliran bisa dibuka tiket ora ana jadwal, sawise dibuka maneh tau² tiket habis,, dasar aplikasi ora cetha.",,,negatif,,
"Parah bgt aplikasinya,pengen pesen gegara muter ora bisa msk lan alhasil tiket keburu habis .... Ora cetha",negatif,,,,
"ORA BANGET!!!! AKU ORA MEREKOMENDASIKAN APP IKI Kanggo pesen tiket KA Bandara susah banget, mesti kudu ana akun basic. Pas arep coba registrasi akun basic susah, beberapa kali ing coba asil uga padha. ""EMAIL & NOMOR TELPON WIS TEREGISTRASI"" HOW?!!! Iki anyar pertama kali registrasi. Coba bikin akun anyar, HASILNYA PADHA!! Bukan mbantu mempermudah malah menyusahkan! Baik dulu bisa ing pesen lewat app satunya luwih gampang lan gampang.",,,,,negatif
"Kebiasaan suka sering error, apalagi ing waktu2 genting nyuwun perbaikannya menyang depannya kalau bener-bener sepenuhnya pembayaran lan pesenan tiket kudu melalui aplikasi Sering rugi jadinya kudu bayar 2 kali, ing aplikasi pesenan tiket lan lewat loket 😡😡 Jaringan hp stabil lan tanpa menggunakan vpn (aja jadikan jawaban karena koneksi internet sing ora stabil)",,,negatif,negatif,
"Isi saldo pke shopeepay wis kepotong shopeepay ny tp gx ana mlebu saldo k kartunya. Pemberitahuan d riwayat shopeepay wis berhasil, tp saldo durung mlebu",,,,negatif,
"Nganyari terus, mbokmenawa ana optimalisasi malah tambah error",negatif,,,,
Kena apa wektu nya hanya ing beri 2 detik???,negatif,,,,
Wis lama2 nunggu antrean online hampir 1 jam pas antrean aku tiba tiketnya ora ana lan kudu ngulang nunggu antrean maneh...tulung dong kai accsess sistem dulu maneh saja..iki aku jadinya emosi,,,negatif,,
Aplikasi Gimic doang .. ora bisa kanggo psesn tiket lebaran kayanya kanggo ordal aja karena hampir semua ngeluh ora bisa pesen tiket selalu habis ..,,,negatif,,
Ni gimana sih kok tombol pembatalan tumbas tiket ora ana lan aku banget kecewa padha pihak kai d hubungin selalu nunggu antrean aku tunggu sampek 24am ora bisa2 selalu alasan selalu tunggu antrean tulung d benerake klu tdk bisa jgn d teruskan APP ni,,,negatif,,
"Tambah lemot saiki, dadi susah pembayaran suwe, susah koneck Ora recomend pakek KAI Access saiki",negatif,,,negatif,
"Aplikasi merepotkan kan..,giliran arep bayar ora bisa..,bagai endi KAI bisa maju...akeh penumpang..,sistem aplikasi nya kayak gini.",,,,negatif,
"Min aku tumbas token lewat kai access sawise berhasil ing suruh nunggu token lan diminta cek berkala. Wis ing tunggu nanging ora muncul2. Halaman riwayat dibuka error muncul ""request processing failed"". Terus cek token nya dari endi maneh min",,,,negatif,
"wis milih tiket lan wektu payment ora bisa nganggo kai payment timeout terus, padahal wis ganti jaringan dadi ora kebagian tiket!!! kecewa",,,,negatif,
"kena apa sering bgt nganyari sih, gada bedanya jg.",negatif,,,,
Lemot banget ya allah arep pesen tiket aja suwe bgt keburu kehabisan yen kyak gini😞😞 Tulung min perbarui luwih apik,negatif,,,,
"Aplikasi bapuk, wis jadwal berantakan, giliran arep liat posisi sepur ing aplikasi error terus. Ora ana sing beres👎",,,negatif,,
Butuh bantuan cepet ! perlindungan perjalanan & jaminan refund ora bisa ing akses. Nyuwun benerake cepet,,,negatif,,
"Aplikasi sering error, wis pesen lewat aplikasi eh ora muncul e-tiket nya. tulung yo benerake. Tambah fitur pengaduan pelanggan lewat aplikasi deh.",,negatif,negatif,,
Mangsa saben buka apk nya selalu kudu nganyari,,,,,negatif
"pesen tiket tanggal 15 januari kanggo keberangkatan tanggal 16 januari tp sy batalin karena owahan jadwal. sy wis ajukan pembatalan dari tanggal 15 januari lewat apk iki tpi sampai saiki uangnya durung ing kembalikan uga. tulung iki gimana uang sy durung dikembalikan, knp durung ana konfirmasi sampai saiki, wis seminggu loh??? sy uga wis tlpn customer service g ing angkat² Sungguh apk yg buruk ora amanah tulung kembalikan uang sy!!!!",,,,negatif,
"Saben buka app minta upgrade menyang basic maneh padahal wis upgrade, masukin maneh nik, pas pilih kursi ribet ora kena kena padahal isih status kosong..tulung tingkatkan maneh..",,,negatif,,negatif
"nganti ora bisa berkata2 , pdhl sinyal wis sebagus kuwi tp connect nya lemot pol, habis ing upgrade malah makin ribet. kota yg ing tuju ora bisa, pdhl kemarin2 gampang bgt pesen tiket. wis nganyari tp sering ora metu jadwal sepur. aneh bgt!!",,,negatif,,
"Overall wis ok. Cuman satu jd kendala, kena apa akses topup KAI Pay ora bisa nganggo dari bank BRI Proses topup saldo perlu wektu 15 menit dari pembayaran. Kena apa tdk seperti multitrip card commuterline isi saldo luwih cepet. Kalau saja pembayaran tiket nganggo multitrip mungkin ora seribet iki tumbas tiket sepur",,,,negatif,
Jadwal KRL lan Lokal ora cocok dadi selalu terlambat,,,negatif,,
Aplikasi gajelas nganggo segala antri endi estimasinya ora pas hitungannya nanging mundur malah naik kan kocak wkwkwk,,,negatif,,
"Menurut aku sih secara UI wis rapih lan gampang digunakan kanggo pesenan tiket, tetapi masalah utamanya aplikasi suka lemot lan error tiba2. Yen arep pesen tiket utawa pembatalan maneh penambahan nomor rekening tiba tiba error unavailable, sesuk nyuwun benerake server lan koneksinya muga-muga appnya bisa berjalan lancar jaya seperti app sebelah.",,positif,negatif,,
"Tampilan wis lumayan ok , nanging aplikasi nya lemot suka timeout yo non found yo. Ditambah maneh saiki fitur pilih kursi dihilangkan. Aku yg arep pesen 11 kursi dimana 6 kursi kanggo anak2, dadi takut saling dorong utawa nganti menyang injak2 pas nyari kursi. Karna siapa cepet dia dapat , dadi kudu buru2 kanggo ambil kursi kosong. Dadi kurang aman lan penak. Tulung kanggo KAI kembalikan fitur pilih kursi",negatif,positif,negatif,,
"Peningkatan kualitas fitur lan kemudahanya wis banget akeh berubah, KAI terbaik",,positif,,,
"Versi anyar KAI iki entah kena apa jdi merusak kenyamanan nganggo aplikasinya. Pesen tiket nganggo cara QRIS sempat ora muncul kanggo QR Codenya, repot sekali, kudu dibatalkan pesenan tiketnya terlebih dahulu kemudian memesan tiketnya bali. Iki dadi ngerepotin jadinya. Tulung benerake, tampilan UI lumayan nanging kenyamanan pakenya ora.",,positif,negatif,negatif,
"User interface lan user experience nya luwih baik dari yg sebelumnya, coba lupa sandi agak suwe dapat kode otp nya, mungkin bisa ditingkatkan maneh Kanggo penggunaan aplikasi dari pesen tiket sampai pembayaran tanpa ana kendala, tingkatkan terus aplikasinya!",,positif,,,negatif
"Tampilan aplikasi apik lan cukup gampang digunakan. Namun, cara pembayaran kanggo kartu debit/kredit lan e-wallet isih banget sedikit, hanya tersedia kartu debit mandiri lan e-wallet OVO. Aku harap ing nganyari selanjutnya pilihan kartu debit/kredit lan e-wallet bisa luwih akeh maneh.",,positif,,negatif,
Isih pertama kali nganggo tp wis suka padha interface nya. Gampang dipahami. Sing paling suka bagian pembayaran karena bisa nganggo QRIS. dadi gampang banget. Terimakasih. Muga-muga sansaya baik,,positif,,positif,
"Pertama kali aku unduh, aku cukup terkesan, semuanya tertata rapi, kombinasi warnanya menarik, informasi cukup lengkap, lan kanggo mendaftarkan akun gampang sekali. Pesenan tiketnya gampang lan cepet. Cara pembayaran pun beragam, bisa menggunakan kartu kredit/debit lan uga e-wallet. Uga ana jadwal sholat sing banget berguna disaat perjalanan jauh lan antar kota. Namun, aplikasi iki uga memiliki kekurangan, diantaranya: TRIP PLANNER sing ora bisa dibukak lan Selalu crash wektu akses KCIC.",negatif,positif,positif,positif,positif
"Aplikasi nya bener-bener mbantu , UI & UX nya apik, matur nuwun muga-muga makin akeh fitur anyar lan stabilitas ditingkatkan",negatif,positif,,,
Simpel penak lan gampang,,positif,,,
"Wis apik nih saiki, dadi penak pesen ing sini",,,positif,,
Aplikasinya gampang kanggo digunakan,,positif,,,
"Alhamdulillah saiki aplikasi KAI gampang utk log in, matur nuwun kanggo KAI lan team Developernya.",,,,,positif
Wis bisa log in bali. Apik aplikasi berjalan lancar,positif,,,,positif
"Wah gila sih, aplikasinya wis improve banget dari sing sebelumnya, saiki kyknya ora ana session expired maneh, dadi login ny sekali aja, terus fitur tracking nya uga apik, pesen tiket, tempat tiket sing wis dibeli, lgsg ana ing home, dadi ora ribet nyari maneh, pokoknya the best yo",,positif,positif,,positif
Aplikasi KAI saiki banget gampang(karna menggunakan 1 aplikasi lan bisa bayar ing Alfamart)👍🏻👍🏻. Ora seperti dulu ribet kudu menggunakan 2 aplikasi(Apl Ovo lan KAI),,,,positif,
Alhamdulillah semua lancar lan gampang banget pesen tiket lan pembayaran nya nganggo Qris,,,positif,positif,
"Aplikasi wis apik lan pembayaran uga cepet menggunakan virtual account, terimakasih KAI",,,,positif,
"Meskipun wis baca review ttg app Access iki yg versi terbaru, nanging tetap install krn butuh tiket KA yg bisa reschedule/refund tanpa kudu menyang stasiun. Enggak ana kendala kok, malah luwih lancar lan luwih gampang drpd versi suwe. Jika ana jeda muter, ing app tiket lainnya uga padha. Menu pilihan tiket luwih terorganisir drpd app sebelah, menurut aku. Proses pembayaran + verifikasi + terbit tiket lancar ora ana kendala.",,positif,positif,positif,
"Lumayanlah, kalau enggak punya KMT bisa nganggo iki. Ganti stasiun walupun wis bayar tetap bisa diganti lan uang ing refund. Mantap!!",,,,positif,
"good, nggampangake kanggo mesen tiket sepur jarak jauhdan bisa uga sekalian liat jadwal krl, top up saldo kmt, app terintegrasi 🫶🏻",,,positif,positif,
Kanggo tiket commuter Line cara pembayarane taroin QRIS BARCODE KALAU BISA SEMUA TRANSAKSI TIKET ANA PEMBAYARAN LEWAT QRIS BARCODE 🙏🏻☺️,,,,netral,
Lumayan lan mempermudah transaksi tumbas. Sering memakai akses qris,,,,positif,
"Aplikasi sebagus iki koq pada bilang aplikasi sampah. Aku pengguna KAI Access wis bertahun-tahun & aman² aja tuh. Proses pembatalannyapun uga gampang, dana langsung mlebu menyang rekening.",,,positif,positif,
"Aplikasi sing banget mbantu jero pesenan tiket, akses cepet lan gampang, banget mbantu mengurangi jadwal tidur anda, agar setres nambah, terimakasih kai acces",negatif,negatif,negatif,,
"Cocok dg janjiku dr bintang 3 lgsg aku nuwun bintang 5. Tiket mudik PP done. Alhamdulillah terimakasih Allah terimakasih access by KAI. Total begadang war tiket 5malam. Standby dari jam 11. Bolak balik cek aplikasi.Ing sini selain cepet²an yaitu untung²an. Karena berebut dg beribu ribu orang yg ingin mudik dg sepur yg harganya paling murah dari kendaraan lain lan uga ora macet.Sedikit tips:jika mencari sepur,selesai antrean kebeneran tiket habis sebaiknya klik pindah² tgl dg tgl sblmnya.",,,konflik,,
"Gw apresiasi kanggo developernya, setalah banyaknya kendala, wis mulai benerake,terutama gw suka fitur antrianya jdi ora kudu adu kecepatan klik maneh lan ujungnya diprank karo tulisan tersedia padahal wis ora bisa. Muga-muga makin baik kedepanya",,,negatif,,
"Saiki aku luwih suka naik sepur, karena , pelayanannya apik, asik lan penak, lan murah tiketnya Lan semenjak punya aplikasi access by KAI saiki luwih gampang kanggo mendapatkan tiket sepur... Terimakasih access by KAI",,,positif,,
"Aplikasi Ter the best , ganti jadwal ,pesen tiket, pesen tiket, check in online semuanya keren. Kurang paham yg nuwun rating jelek mungkin mafia parkir utawa g endi😂... Kadhang yg apik dibilang jelek...sing jelek dibilang apik..ya namanya uga bisnis yo ya... kanggo kalian ora perlu dengerin langsung dicoba aja..",,,positif,,
langganan bgt nganggo aplikasi iki...lan so far sih nggk ana masalah proses pesen lan tumbas tiket selalu wis apik lan nggk ana kendala,,,positif,,
"Diera digitalisasi iki nggampangake segala aktivitas, praktis lan cepet, termasuk access KAI banget mempermudah tumbas tiket sepur jarak dekat maupun jauh",,,positif,,
Pesen tiket sepur disini pastinya luwih murah dari traveloka,,,,,
"Aplikasinya apik, kanggo pesenan tiketnya uga gampang ora sulit lan mempermudah kanggo sing memakai aplikasinya",,,positif,,
luwih gampang lan cepet nyari tiket kanggo perjalanan jarak jauh lan dekat.,,,positif,,
"Banget mbantu, lan. Banget gampang tanpa kudu datang menyang. Stasiun bila arep pesen tiket,",,positif,,,
"Aplikasi yg banget bermanfaat lan nggampangake kanggo info tiket, jadwal serta tujuan KA. Banget apik..",,,positif,,
"Cara termudah lan gampang utk melakukan tumbas tiket sepur api menyang semua tujuan .... menggunakan aplikasi iki banget gampang lan penak, apalagi saiki ditambah fitur bisa menelpon contact centre tanpa pulsa ... bravo KAI ACCESS",,positif,,,
Keren lan apik...luwih gampang jero pesenan tiket...Sukses selalu kanggo KAI.....,,positif,,,
Banget apik kanggo info pesenan perjalanan..transportasi,,,positif,,
Apik aman penak mending tumbas tiket sepur langsung ing aplikasi nya,,positif,,,
"Gampang digunakan kanggo membeli tiket, wektu menyang datang cukup scan barcode tiket👍👍",,,positif,,
Aplikasi banget apik sekali luwih gampang saiki tanpa ribet pesen maneh,,positif,,,
Aplikasi apik bangettt.. aku sering pesen tiket lewat sini,,positif,,,
cukup mbantu kanggo pesen tiket sepur..,,,positif,,
"Saiki wis mulai apik, pesenan lancar, muga-muga ora ana kendala lemot maneh. Tingkatkan maneh aja ben luwih penak order lewat kaiacces nya.",,,positif,,
Banget mbantu karo ana y access kai,,positif,,,
Banget bermanfaat lan mbantu jero pemeriksaan tiket sepur api,,,positif,,
"Alhamdulillah...dgn aplikasi iki banget mbantu, mempermudah ing urusan perjalanan dgn sepur api. Terimakasih KAI.",,positif,,,
Banget memudahakan kanggo tumbas utawa owahan jadwal tiket pulang utawa prrgi,,,positif,,
Karo aplikasi iki banget mbantu jero melakukan perjalanan dari endi saja tanpa ngantri ing loket pokoknya mantap banget mbantu,,,,,
Pelayanan kanggo tumbas tiket serta jadwal selalu tepat wektu.,,,positif,,
"apik, efisien wektu, bebas calo, informasi jadwal akurat",,positif,positif,,
Aplikasinya apik lan nggampangake kanggo tumbas tiket sepur.,,positif,positif,,
"Aplikasi iki, memudah tumbas tiket sepur api.",,,positif,,
Aplikasi banget mbantu nggampangake jero transportasi tumbas tiket sepur,,,positif,,
Applikasi sing gampang dipakai lan banget mbantu jero pesenan tiket KA,,positif,positif,,
"Menurut aku wis ok banget, pesen yiket bisa kapan aja, kena apa yg lain pada nuwun rating buruk ya",,,positif,,
Cari tiket sepur api luwih gampang lan gampang,,,positif,,
Banget mbantu karo gampang mendapatkan tiket,,,positif,,
Penggunaan Access by KAI banget nggampangake pesenan tiket perjalanan aku.,,,positif,,
Banget mbantu mempermudah tumbas tiket👍👍,,,positif,,
Banget mbantu jero pesen tiket sepur.,,,positif,,
Gampang pesenan melalui aplikasi Access KAI,,,positif,,
Banget mbantu kanggo boking tiket..,,,positif,,
"mantap, harga tiket cocok sing kowe tumbas",,,,,
Segala urusan per Sepur Api an dadi gampang karo aplikasi iki,,,,,
Nganggo aplikasi kai pesen tiket luwih praktis,,,positif,,
Kanggo pesenan luwih gampang,,positif,,,
Alhamdulillah gampang kanggo pesen tiketnya. G kudu menyang alfamart lan Indomaret dulu. Kowe dirumah bisa pesen sambil tidur 2 an.,,positif,positif,,
Apik mempermudah tumbas tiket kai,,,positif,,
Banget mbantu jero tumbas tiket,,,positif,,
Memesan tiket sepur api luwih gampang,,,positif,,
Banget mbantu jero pesen tiket sepur api,,,positif,,
"Mantap ana aplikasi iki, ora perlu antri ing stasiun utawa ing indomaret.",,,,,
Ora pernah gagal kalau pesen tiket sepur,,,positif,,
Cepet lan mbantu pesenan tiket ora perlu ngantri panjang ing loket tmksh,,,positif,,
Aplikasi iki banget mbantu sekali ora perlu repot2 kudu tumbas tiket menyang stasiun cukup karo KAI👍,,positif,,,
"Access by KAU, bagi aku banget baik, mbantu percepatan cari tiket KA yg cocok dgn kebutuhan trayek lan harga tiketnya.",,,positif,,
Muga-muga slalu d permudah kanggo pesen tiket melalui KAI access. sukses slalu kanggo KAI access,,positif,,,
gampang mencari tiket dgan onleain,,positif,,,
Tumbas tiket dadi gampang bingit,,positif,,,
Apik nggampangake pesen tiket sepur,,positif,,,
Banget mbantu jero proses pesen tiket KAI,,positif,,,
Gampang tumbas tiket kreta pulang lunga cocok plening,,positif,,,
Dadi gampang cari tiket nya,,positif,positif,,
Cepet lan akurat persyaratan ora ribet sekali isi data ora perlu isi data maneh jos pokoknya,positif,,,,positif
"Permasalahan wis benerake, nganyari terbaru wis enak aplikasinya..",positif,,,,
Banget efisien lan mempermudah akses perjalanan,,,,,
Nganyari terbaru lan terus benerake kualitas layanan,,,,,
"Dari bintang 2 wis sya nganyari menyang bintang 5 min. Alhamdulillah aplikasi nya sdh lancar lan apik, muga-muga sesuk lebh baik maneh lan jaringan selalu lancar",positif,,,,
"pt kai bener-bener mantap,sistem lan pelayanan banget baik",,,,,
Cepet lan gampang kanggo kami,positif,,,,
"Apik pelayanan,cepet tanggap",,,,,
Apik praktis lan cepet,positif,positif,,,
Gampang cepet praktis keren,positif,positif,,,
"cepet, ora ribet, mantap",positif,positif,,,
Mantap luwih gampang access nya,positif,,,,
"Matur nuwun KAI Wis luwih baik Apps nya, josss nggampangake Kami",positif,,,,
"Aman ,durung pernah ana problem. Banget mbantu.",positif,,,,
"Semangat KAI ACCSES Aku yakin apk KAI ACCSES bisa lewatin semua kendala sing ana, sejauh iki aku ora pernah ana kendala sing berarti semua baik, dulu pernah ana kendala nanging semua diselesaikan karo baik oleh cs KAI acces, SEMANGAT TERUS YA",,,,,
"Aplikasinya banget bermanfaat, sejauh iki sih jarang erro iya. Aman lan lancar aplikasinya",positif,,,,
Apik luwih efisien lan gampang kemana2 pokoknya mantap,positif,,,,
Penggunaan aplikasi selama iki lancar lan pelayanannya baik. Terimakasih KAI. Muga-muga sansaya baik pelayanannya.,positif,,,,
Luwih nggampangake & banget Membaantu,positif,,,,
Cepet lan lancar jaya,positif,,,,
Sansaya cepet pelayanannya,,,,,
Terus tingkat kan..mantap,,,,,
Wis bisa maneh seperti semula,positif,,,,
Praktis lan gampang mengakses layanannya,,positif,,,
Aplikasi iki banget mbantu,,,,,
Sdh apik cpt dpt mengaksesnya,positif,,,,
Pelayanan dari aplikasi iki makin BAGUUSSS 👍🏻,,,,,
Well beberapa improvement yg keren. Bisa tracking sepur wis sampai endi meskipun durung mulai naik. Isu lemot wektu akses kayaknya wis benerake. Keren,,,positif,,
"Dari app suwe nganti saiki ora pernah aku ngalami kesulitan , sing sering kendala mungkin device nya kurang apik Wkwkwk 🤣 lan jarang diperbarui perangkat lunak device nya .",,,,,
"dari tim IT nya PT.KAI, nyuwun cepet benerake karena data tiketnya tiba2 ora ana. aku wis konsul dg teman ing KAI kebeneran suruh logout lan login maneh, lan alhamdulillah berhasil. mungkin kanggo bapak/ibu temen2 yg ngalami error utawa kendala yg padha utawa kendala lain, bs dicoba solusi iki. TRIMS",,,netral,,
"Aplikasi KAI Acces sebelumnya luwih gampang lan cetha, digunakan langsung lancar cocok yg dituju. Sawise diupgrade dg sing anyar, hanya kanggo mengecek posisi sepur saja ora bisa tampil ora bisa diklik???Luwih baik kembalikan seperti aplikasi KAI yg AWAL, lancar digunakan, tampilan uga cetha. Upgrade anyar malah jika diklik posisi sepur yg ""seharusnya metu menu tampilan jadwal posisi sepur"", mengapa iki malah hasilnya loncat menyang ""pesen tiket CommuterLine""👎",,,negatif,,
"Banget baik inisiatifnya, nanging isih akeh perbaikan fundamental. Ora user friendly, seperti mencari menu pengembalian tiket susahnya setengah mati. Hal-hal detail lain, seperti kolom pendaftaran, mengisi tangga lahir aja nganggo date picker seperti kuwi, gesernya menyang tahun kelahiran kakehan. Saran aku bagi tim dev libatkan luwih akeh testing ya. Aku tetap rekomendasikan aplikasi iki, lan aku catat bila ana kesulitan. Nganyari: kalau saben nganyari kudu login maneh ya endi tahan..",,negatif,,,negatif
"Kesan pertama tampilan nya kurang banget jauh luwih suka sebelum ing nganyari lan pembayaran mung bisa lewat link aja? Yen bisa balikin aja kayak dulu tampilan, menu semua nya deh Kesan kedua sawise 5 tahun wis jauh luwih baik minusnya cmn 1 lan selalu Down servernya yen lg war tiket mudik",,negatif,negatif,negatif,
"Wis donwload dari dulu lan ora pernah merasa nge hapus.. tp kok icon nya ora muncul ing hp sayaa yaa... jd aku kira menyang hapus... pas nyari lg ing playstore ""Kai Acces"" bukan ""Instal"" tp ""Buka""... Aneh sihh...",,,,,
Halo kepada direksi PT kai tololl gimana updatenya sing saiki iki wis gambar nya jelek 👹👺👹👺 saiki kok pesen tiket malah dadi sedikit wektune mung 25 detik kudu nya minimal 1 menit guoblok kok pas wis nganyari malah dadi guoblok aplikasinya balikan maneh menyang versi sing kemarin luwih simpel lan gampang,,negatif,negatif,,
"Aplikasi sering nganyari hanya kanggo ganti UI saja tanpa nganyari bug lainnya, kuwi banget parah.",negatif,positif,,,
"Cukup terbantu karo aplikasi kai, nanging kadhang suka kesel kalau tiket tinggal satu coba ing pesen nanging ora bisa, pas dicoba terus eh keburu ing pesen orng lain, ditambah user interface front end nya kadhang kaga jalan, arep cancel ora bisa, arep pesen tiket ana nanging gabisa ing pesen. Nyuwun ing bikin perbaikan sing proper dulu anyar ing nganyari, aja saben 2 bulan perbaikan",negatif,negatif,negatif,,
"Please aja nganggo SMS verifikasinya! Menyulitkan aja hobby BUMN iki. Kan wis ana WhatsApp, kena apa ora nganggo kuwi? Nungguin SMS iki suwe banget padahal yen lancar KAI bisa luwih unggul dari Trav*l*ka,. Iki susaaaaah banget lan kowe wis mendidih emosinya. Please suruh karyawan IT nya benerin user interface nya",,negatif,,,negatif
"Aplikasi iki apik, nanging dari UI/UX saja, ora user firendly dari informasi sing ditampilkan pada aplikasi yaitu ora adanya detail terkait lokasi pas stasiun pemberhentian ana ing stasiun karo nama apa, ana ing kab/kota endi, kecamatan endi, intinya alamat lengkap stasiun pemberhentian. Iki padha saja ora ana gunanya membuat aplikasi karena user kudu repot"" kanggo tanya"" menyang loket pemberhentiannya ing daerah endi lan lain lain.",,konflik,,,
"Tulung kembalikan versi suwe, karena tampilan nya apik daripada yg saiki ribet",,negatif,,,
"Posisi kursi menghadap kemana tulung luwih diperjelas gambarnya agar sekeluarga bisa berkumpul berhadapan, terimakasih perbaikannya.",,,negatif,,
"KAI Access saiki jelek bgt aplikasi nya ora kaya Kai access sing dulu sing sebelum ing perbarui baguss, Nanging Saiki pas wis ing perbarui malah jelek banget!!!!! 👎🏻👎🏻👎🏻 Bikin jengkel",negatif,,,,
"Wah sepertinya sawise nganyari UI anyar, malah ribet. Kena apa kudu metu akunnya. Sing terjadi wektu akun metu arep mlebu maneh terjadi rusak, otp pun sepertinya bug. Sepertinya perlu ana perbaikan luwih lanjut kak lan mitigasi sebelum perpindahan new ui. Matur nuwun",,negatif,,,
"interface sing saiki malah mempersulit kanggo war tiket. Siapa sih sing ngide? kalau arep pesen kudu buka dulu perkereta. Luwih baik seperti sebelumnya, sing menampilkan semua jenis sepur. Ora semua inovasi kudu melakukan owahan sing ora perlu mungkin bisa diberi pilihan tampilan menu bagi pengguna ingin interface sing suwe utawa anyar.",,negatif,,,
"Aplikasi tolol, lemot bget, UI UX uga susah, harusnya pilihan nik dadi default (kan ora akeh turis tod), lan milih NIK-nya kuwi kudu dipencet titiknya bukan luas ing teks... Bego bener dah, pesanan dibatalkan setah 4 menit pilih bangku, nanging ora ana riwayat pesanan dadi susah kudu input satu2 maneh nama penumpang",negatif,negatif,negatif,,
"Ora cetha banget aplikasinya sawise nganyari, Saben pilih kursi pilih nya nomer brp, eh pas checkout mangsa tiba2 ganti nomer.. Pas bayar ing mbanking wis berhasil, nanging ing aplikasi durung terbayar.. Sumpah eneg banget padha apl yg anyar endi tampilan nya ngebingungin banget, enak yg versi suwe ora ribet",,negatif,negatif,negatif,
"Aplikasi yg anyar ribet, kakehan fitur tp malah bikin ribet, gampang rusak. Enak yg suwe tampilan simpel nanging, gampang digunakan, pesen & cek tiket gampang, ora gampang rusak",negatif,negatif,,,
"Aplikasinya yg saiki dadi aneh, yen wis metu aplikasi arep deleng kode qr kanggo pembayaran gabisa bagusan versi sing dulu. Saran aku bali menyang versi dulu sing luwih gampang tampilan tpi cetha. Tulung diperjelas maneh sistem aplikasinya",,negatif,,,
"sampah sekali aplikasi iki.. pasti anggaran nya habis ing korupsi.. wis ui lemot, ux nol besar, sekali arep coba top up error uang hangus...ing hubungi cs tambah no respon... gini amat.. rugi ing wektu tenaga lan pikiran... nganyari, sawise nganyari apatu..apatu.. apatu.. arep reservasi tiket malah connecting train terus..hadeuh .",,negatif,negatif,negatif,
"Aplikasi bosok, dlu kai access enak tampilan suwe, skrang tampilan anyar busukk...time out² sndri anjjng buang wektu, tenaga, kl.mmng durung siap dgn tampilan aplikasi anyar ora perlu sok²an ganti aplikasi tampilan. Tdk nggampangake nanging mempersulit bli tiket.",,negatif,,,
"tampilan sansaya aneh, bikin bingung, lan lemot sejak major nganyari dadi Access by KAI. seharusnya sing namanya inovasi kuwi inovasi sing kudu bisa diterima lan ing enggo oleh semua kalangan, serta mengutamakan user friendly lan kemudahan penggunaan. Iki kok justru sebaliknya. Aplikasi sing dahulu isih luwih baik performanya dibanding sing saiki. Banget berat lan kasihan yg punya handphone kentang pasti lemot banget. Tulung yo diperhatikan.",negatif,negatif,,,
Aplikasi membingungkan pengguna sepur api .. Pembuatnya ora bermutu,,negatif,,,
"Anyar nganyari beberapa minggu lalu mangsa nganyari lg,, apasih yg ing nganyari? Wong tampilan lan menu jg isih itu2 aja",negatif,,,,
"Tema aplikasinya kurang gampang, lan sistem kerjanya agak ribet. Kuwi aja sih",,negatif,,,
"User interfacenya gonta-ganti, bikin bingung !",,negatif,,,
Payah 👎 Aplikasi nya jelek. Websitenya uga jelek. Payah payah. 👎,negatif,,,,
logonya kai isih durung berubah,,,,,
"aplikasi indo sampah, gausah launching ing playstore aja yen kek gini, ora siap kanggo ngasih layanan menyang masyarakat luas, sok² an bikin ui apik nanging sistem kek sampah ora guna",negatif,positif,,,
"Sejujurnya aku luwih suka aplikasi KRL lan KAI sing dulu, terutama KRL banget gampang kanggo mengecek lan membaca jadwal pemberangkatannya dibanding yg wis terupdate iki, yg iki sejujurnya aku bingung sekali",,negatif,,,
"aplikasi ribet, UI ora freandly, sulit kanggo deleng jadwal sepur luwih baik access yg sebelumnya, QA terlebi dahulu sebelum diluncurkan, akeh sekali minus yg menyulitkan pengguna",,negatif,,,
Jarene ana sistem antrean yen maneh high demand. Nanging kok aplikasiku tampilan waitingnya ora padha kaya yg diupload ing IG KAI ya. Mung tulisan anda sedang ana ing antrean sedetik entek kuwi tulisan dah ilang. Padahal dah versi terbaru. Giman iki KAI alhasil ora pernah berhasil dapat tiket kecewa bgtt,,negatif,negatif,,
"Tulung perbaikan UX nya ing halaman tumbas tiket, terutama pada wektu pilih kursi, icon edit nya ora membuat user aware kalau disitu ana fitur kanggo pilih/ubah kursi, sebaiknya diganti TextView saja dadi ""Ubah""/""Pilih kursi"" instead of icon pencil",,negatif,,,
aku banget puas dgn aplikasi KAI online sing sebelumnya karna aku pengguna aktif sepur lokal kanggo urusan mengurus orangtua.. nanging saiki kena apa dadi ribet ora bisa liat jadwal secara lengkap lan kudu diurutkan dahulu.. tulung dikembalikan maneh aja menyang settingan awal ben luwih simpel.. nyuwun perrhatiannya makasih..,,negatif,,,
sering error ux nya ora user friendly ribet banget akeh bug,negatif,negatif,,,
Aplikasi bapuk! Kalau durung siap aja launching wis top up ora mlebu mlebu! UI ora ramah akeh fitur transaksi sing ngablu Nyuwun benerake aku ketinggalan tiket pesawat aku gara gara kalian,,negatif,,negatif,
"Tulung benerake maneh dong sistem app nya, aku 3 malem bela belain bedagang nungguin pesen tiket lebaran bulan april 2024 padahal jam 11:59 wis stay begitu kik pesenan nunggunya nganti 1 jam isih jero antrean 😮‍💨 begitu ing ulangin maneh eeehhhh tiket dah pada entek semua , error pulak not fund terus 😮‍💨 . Yen versi sebelumnya wis apik tampilan gampang gampang digunakan tp versi terbarunya diluar nuruuuullllll banget membagongkan😤",,negatif,negatif,,
Nyuwun kanggo team kaiAccess. Bisa menambahkan icon kursi ing ekonomi pre lan eko kanggo nggampangake pemilihan kuris yg menghadap se arah dari jalan nya sepur ben ora salah memilih kursi sing jalan menghadap menyang belakang seolah2 sepur jalan nya mundur. Menghindari penguna sepur yg mabuk perjalanan. Lan nuwun tanda panah ing antara kuris ab lan cd cocok dng arah sepur dadi penumpang bisa memilih kursi yg cocok karo nya,,netral,,,
Owahan membuat pengguna yg lanjut usia dadi bingung 😇,,negatif,,,
"Keterangan jero aplikasi kurang lengkap, ora ana pilihan kanggo pengisian data anak. Hanya ana pengisian identitas KTP/Paspor yg mengakibatkan kesulitan jero pengisian, petugas uga ora ramah lan banget ora mbantu. Terimakasih",,negatif,,,
"Loh...loh...looh... aplikasinya tgl 9/2/2024 sawise ing nganyari lan tampilannya jd warna imlek, ko ora bisa dibuka, malah muncul ORA ANA KONEKSI INTERNET, pdhl kuota full, buka aplikasi lain jg normal2 saja",negatif,,,,
"Aplikasi nya tulung ing benerin maneh dong, aja keseringan berubah tampilan iki kuwi. Utamakan fungsinya, iki sering log out sendiri. Tumbas tiket susah.",,negatif,,,
"Nyuwun ditingkatkan maneh kompatibilitas kanggo perangkat foldable, ing Samsung Z Fold5 lan 6 bisa dioperasikan lancar ing layar luarnya karena bener-bener kondisi ratio nya padha karo smartphone candybar biasa. Namun, ketika menggunakan layar jero (layar utama/besarnya), seringkali operasi pembayaran gagal terutama sing mengharuskan launch situs web pihak menyang-3, sering ora bisa tampil konten nya, sehingga mengakibatkan gagal melakukan pembayaran. Matur nuwun.",,negatif,,,
"Ora bisa menyimpan pesanan, dadi ketika metu menu lalu arep bayar ora ana pilihan apa2 kcuali batalkan pesanan, dadi kudu langsung dibayar ketika memesan tiket, benar2 payah",,negatif,,,
"Banget buruk lan mengecewakan khususnya terkait transaksi top up,lambat terupdate ataupun ora berhasil.",,,,negatif,
"Aplikasi iki terlalu buruk lan terlalu akeh human error, terutama pada bagian pembayaran sawise memesan tiket sing terus-menerus ngalami error berbagai macam. Seharusnya aplikasi iki isih ora layak ana ing pasaran. Bintang 1 saja terlalu baik kanggo aplikasi iki karena error sing variatif ing berbagai menu",,,,negatif,
"NGANYARI NYA TERUS TERUSAN NANGING BAPUK, WIS SERING STUCK.MUTER KADHANG JADWAL TIKET ORA MUNCUL KADHANG RUSAK, PESEN ONLINE YEN APES PAS PEMBAYARAN GAGAL, UANG ORA BALIK BUSET, EMANG ORA SEBERAPA HARGANYA SIH NANGING YA GIMANA YAK WKKWKW",,,negatif,negatif,
tumbas pulsa wis terpotong tpi gagal.lan saldone ora bali..,,,,negatif,
"selalu ana masalah ing pembayarab, wis isi saldo nanging ora mlebu mlebu saldo nya",,,,negatif,
"Pesen tiket h-7 jam 12 mlm ben dapet kursi nanging error terus, pas wis ing pembayaranpun uga rusak. Wis komplain lewat email uga ora ing respon². Buruk banget sumpah, tulung cepet benerake krn apl akeh yg nganggo lan pasti dibutuhkan kanggo mempermudah tumbas tiket",,,negatif,negatif,
"Kanggo fitur KAI Pay sungguh ""ora berguna"" 1. Optimasi saldo butuh wektu sing cenderung suwe padahal pembayaran ing status berhasil melalui berbagai platform khususnya lewat transfer bank 2. Owahan jadwal karo pembayaran melalui KAI Pay padahal saldo tertera cocok namun tiket yg ing pesen hilang lan durung ana kepastian penggantian tiket sing diubah 3. Ana aplikasi nanging ora disediain fitur live chat banget memberikan pengalaman buruk bagi pengguna. Not recomend mending tumbas ing web utawa langsung",,negatif,negatif,negatif,
"Anyar kali iki ana e wallet top up saldo suwe banget mlebune. Dari m banking wis sukses, mlebu menyang saldone suwe banget. Iki e wallet apa top up slot",,,,negatif,
"Top up KAI Pay ora mlebu, CS uga ora responsif",,,,negatif,
"Sering menggunakan apk iki,nanging kecewa bgt karna terakhir transaksi,wis isi kai pay wis pesen tiket uga ,nanging transaksi ora mlebu ,ora dapat tiket nanging saldo wis terpotong,wis chat customer service nya ora ana respon ,uang ora bali",,,,negatif,
"wis bayar tiket , nanging gadapet tiket nya gmna tuh ? malah dadi kedaluwarsa, apk ora guna malah rugi uang gue",,,,negatif,
Kaipay nya ora bisa d enggo kanggo qris. Tulung secepatnya d benerake,,,,negatif,
"Parah bngt si iki.. Psen tiket sepur antar kota wis rebutan war.. Wis aku bayar lewat qris brimo.. Wis berhasil pembayaran nya.. Ing cek ing apk ny kok mnunggu pembayaran smoe wktu hbis. Bdhl sudh byar.. Duit msuk kmba tuh suee2.. G jlas iki apk.. Mna, duit lumayan lgi",,,,negatif,
"Hati-hati karo aplikasi iki. Aja tautkan kartu Debit/Kredit anda. Pengalaman pribadi aku, pesen 1 tiket nanging saldo kartu debit aku terpotong 2 kali karo nomer tiket yg padha. Input kode OTP error melulu. Sekalinya bisa langsung terpotong 2 kali. Aplikasi terburuk yg pernah aku instal. Banget merugikan. Sekali maneh aja tautkan karo kartu Debit/Kredit anda..!!!",,,,negatif,
"Karo seringnya berpergian karo sepur pasti mengikuti aturan sing berlaku, namun aplikasinya ora mendukung dari sisi kenyamanan pengguna , terkadang susah ing akses , leg , pembayaran sing gagal serta Qris sing ora bisa ing proses ing tambah pengembalian dana sing banget suwe 🥲 luwih ing tingkatkan maneh kanggo hal ing atas 😉",negatif,,,negatif,
"Gua bli pulsa ing kai Access saldo wis murah nanging pulsa blum mlebu lan,transaksinya ora ana ,emang wis rusak apk iki tulung ing benerake min ora akeh kok 50k nanging kecewane kuwi karna sing ing cari pelanggan kuwi kenyamanan.",,,,negatif,
Aplikasi sering rusak : 1. jadwal hilang timbul. 2. selesai memilih penumpang ora bisa lanjut 3. pembayaran sering rusak Ayo KAI benerake maneh aplikasinya,,,negatif,negatif,
"Haduhhh ... Iki apk kena apa sih?? Saben nganyari selalu begini, saben kali nganyari loooo, tulung lahhh saldo ing KAI pay ora bisa digunakan!!!exp bisa begituu yaaa??? Mo transaksi tulisan exp. Yukk ditindaklanjuti wis ing e-mail uga kan mangsa durung ana respon ??",,,,negatif,
"proses pesenan tiket membuat KAI pay terpotong 2x, wis dilaporkan. penggantian diberikan 60 dina kerja sawise tanggal pelaporan, Rp 70,000 nunggu 60 dina kerja ? kami ora bisa memesan tiket melalui aplikasi mulai 13 Januari 2025",,,negatif,negatif,
"Payah, aplikasi BUSUK tinggal bayar aja susahnya minta ampun",,,,negatif,
Time out terus pas pembayaran biasanya lancar lancar aja,,,,negatif,
Potongan KAI pay sing ora transparan lan uga banget suwe kanggo melakukan topup,,,,negatif,
dari semua ulas wis banget mewakili keluh kesahnya selama iki. Apk apik banget mbantu. Mung lamban laun justru akeh kekurangan yg terjadi. Aku sering pesen tiket. Lan wktu kuwi dimana kondisinya urgentilitas eh endi reload nya suwe banget lan kebeneran paymentnya gagal lan entah kemana nanging saldo kepotong. Yamasak infaq dong jadinya.tumbas yg lain kaya pulsa dsbnya ing fitur padha lan saldo kepotong. Endi ora ana opsi return nya. Terus pembayaran yg wis kepotong minta menyang siapa. Hmm,,,,negatif,
"Aku wis top up kena admin 6.500, aku isi 20ribu kena 26ribu 5ratuss. Setelahnya isih kena maneh 2ribu, total bayar 26.500 sing mlebu 18ribu, aku kudu nombok maneh kanggo top up. Aku hanya butuh 20ribu ribu nanging sing aku keluarkan 43ribuuuu lan isih kena admin 4ribu maneh. Demi Allah aku ora iklhas uang aku hilang sia sia. Ben dadi nanah padha paku kuwi uang sing kalian ambil.",,,,negatif,
"Top up wis ... 1 jam luwih gamasuk mlebu keburu tiket entek, nice yo",,,,negatif,
Kena apa aplikasi iki saiki dadi susah d enggo ya.?proses pembayaranya susah sekali.jarene aplikasi iki kanggo mempermudah tp nyatanya mempersulit.tulung dong d benerake maneh aplikasinya.,,,,negatif,
"Pesenan tiket sering kali gagal, nanging saldo kai pay tetap kepotong, payah",,,negatif,negatif,
Wis isi data penumpang smua tinggal klik bayar nanging layanan ora tersedia terus dari pagi sampai tengah wengi tetep ora bisa bayar .berkali kali buka aplikasi jero sehari mung arep bayar tetep gakbisa. Tulung dong🤦‍♀️,,,,negatif,
"perasaan sering bgt maintenance nya, dari cara pembayaran yo, dari upgrade yo, yen pas wektu urgent wis amsyong dah",negatif,,,,
"Kalau top up KMT melalui KASPRO Saldone suwe mlebune, ngisi saldo dari kemarin Nganti saiki durung mlebu saldone. Tulung benerake Aplikasi iki muter terlalu suwe, Ditunggu nganti 15 menit , ora ana saldo mlebu. Matur nuwun.",,,,negatif,
"Banget banget kecewa karo aplikasi iki, wektu dari konfirmasi pembayarane menyang dapat e-tiketnya ing aplikasi banget banget suwe padahal seharusnya karo aplikasi bisa luwih cepet lan efisien. Akhirnya aku ketinggalan sepur lan pembayaran yg aku lakukan percuma. Tulung diperhatikan lan ditingkatkan maneh performa aplikasinya.",,,negatif,negatif,
"Isi 10.000 sing diterima 7.100, iki durung termasuk pajak?",,,,negatif,
Aku tumbas tiket lebaran giliran arep pembayaran loadingnya 1 jam akhirnya gagal ora dapat tiket.tulung benerake sistemnya terutama SDM NYA!!!!!,,,,negatif,
"Proses pengembalian dana refund banget sullit sekali,nilainya ora seberapa,tp kowe tumbas tiket terjadwal bukan tanpa alasan tiba² ing perjalanan ing cancel tanpa ana solusi,rencana dadi kacau,munkin proses dana refund gampang sih isih wis apik",,,,negatif,
"Aku semalam wis melakukan top up kaipay melalui mbanking ,saldo ing livin wis terpotong tetapi sampai saiki saldo kaipay nya tetap 0 wis mencoba menghubungi cs nanging respon nya terlalu suwe",,,,negatif,
"Kena apa 1? karena wis pesen 2 kali gagal terus, uang ora bali, operator ora mbantu padha sekali",,,negatif,negatif,
"Aplikasi sampah, akeh ngebug, kakehan konsumen yg banget kecewa, aplikasi macam pribadi sendiri, saben transaksi saldo kepotong sendiri durung deal kanggo tumbas tiketnya, Uang kanggo tumbas tiketnya kaga bisa ing kembalikan, alasan ABCD,iki layanan kanggo konsumen sendiri bukan kanggo bisnis pribadi utawa perorangan, Komplain kaga ing jawab, Ranting Sangattttt jelek, buatan pt access terjelek kanggo Transaksi kanggo traveling,Dadi..!!!! Aja seenak nya!!!!!",,,,negatif,
"Cari tiket lebaran anyar 1 menit dh habis wektu pembayaran,, Wis terlanjur isi saldo tiket habis uang pun ora dpt ditarik bali,, Harusnya saldo bisa dikirim/ditransfer, Dadi uang tertahan ing aplikasi,, muga-muga benerake LG, Kudu ana kirim/transfer saldo, Klau sdh ad NNT Bru rubah *",,,negatif,negatif,
"Aplikasi ora bisa diandalkan. Ikut pesen tiket lebaran, wis mlebu antiran, wis berhasil pilih sepur, nanging wektu proses pembayaran statusnya 'time out' terus. Mengecewakan sekali",,,,negatif,
"PARAHH, sistem down. Ora bisa check out tiket. Muncul notif time out dsb. Ditambah wektu payment uga ora bisa. Iki KAI terparah karena ing tahun tahun sebelumnya server KAI ora sampai seperti iki",,,negatif,negatif,
"Aplikasi sering bug pada wektu pembayaran baik kuwi melalui QRIS ataupun KAIPAY muter suwe sing akhirnya time out, telepon Contact Center 121 ora pernah respon utawa ora pernah diangkat teleponnya.",,,,negatif,
"Parah banget, mangsa sawise nganyari, aku wis loro kali bayar tiket lokal nganggo QRIS BCA, nanging tiketnya pas dicek ora ana😭😭😭 Tiket lokal mung goceng, kebayang yen kejadiannya pas tumbas tiket antarkota😭",,,negatif,negatif,
"Jaringan apik buka aplikasi lain lancar, nanging buka KAI error terus. Saldo mlebune suwe, jarene biaya admin dipotong dari bank langsung, padahal bank nya tanpa biaya admin nanging pas mlebu tiba tiba kepotong 1.500rupiah, ya walau dikit tp harusnya ana pemberitahuan. Yen gini misal arep tumbas tiket kurang 1.500 ya gabisa. Tulung benerake maneh aplikasinya",negatif,,,negatif,
Saben arep bayar tulisannya terjadi kesalahan muluuu iki wis beberapa kali gue pesen nanging pas arep bayar gitu muluuu,,,,negatif,
"Tulung dong min, tiket wis ing batalin nanging uang durung mlebu menyang rekening",,,,negatif,
"tumbas tiket sepur api aja ora bisa nih, padahal KAIPAY wis ing isi parah ni aplikasi iki",,,negatif,,
"Sumpah aplikasi sing buruk.... Binding shopee wis beres,giliran arep bayar gagal terus... Yen bikin aplikasi tulung sing sdikit berguna,aja bikin susah",,,,negatif,
"Top up saldo dari jam 13:50 sampai jam 18:03 durung mlebu uga saldo nya,,terlalu alon aplikasi nya",,,,negatif,
"Suwe banget sih, topupnya. Wis 15 menit ora mlebu "" . Woy benerake iki kendala",,,,negatif,
"Pertama.. Kena apa dikasih wektu milih tiketnyaa cuman beberapaaa detiikk sih KAI??? Wis arep lanjut payment tiketnya malah habis diwaktuu😭😭 diulang"" jugaa hasilnya padha! Kedua.. Pengalaman wis berhasil transaksi pembayaran,,nanging tiketnyaa hangus karna kehabisan wektu.. what do you mean?? Haa?? Ku kudu belii ulang tiketnya nganti top up menyang aplikasi KAI,,nanging adminmuu gedee bgt woy.. wis nombok tiket dobel,,nombok admin.. paraaaahhhhh",,,negatif,negatif,
"Pembayarane error terus wis pilih shopee tp muter nganggo qris sempet erroe bbrp kali, nganggo dompet kai wis top up eh suwe mlebune alhasil pas wis bisa d bayar nganggo qris eh malah mlebu saldone smg nanti d benerake lg system pembayarane",,,,negatif,
Tulung dong dari pihak developer apk iki bila perlu ditingkatin maneh kecepatannya jero bertransaksi daring. Aku Top up saldo ing apk iki suwe banget mlebune. Tq,,,,negatif,
"Aku tadi wis melakukan laporan terkait pembayaran, rupanya pembayaran aku gagal lalu muncul notif gagal pembayaran, nanging dana aku wis terpotong, lan ana keterangan ing apk silahkan menghubungi CS, lalu aku hubungi CS lan rupanya suruh kanggo laporan sendiri melalui email menyang email tujuan yg ing ejakan oleh CS secara prosedur salah lan ora mlebu akan, CS seharusnya yg melaporkan mbokmenawa menyuruh pelanggan melaporkan sendiri, lan ana maneh pemotongan Admin sebesar 12.000 rupiah, tdk mlebu akal",,,,negatif,
"Isi kai pay nya kudu ya nunggu 15 menit, sampai akhirnya kehabisan tiket gegara nunggu saldo kai pay aja.. Durung maneh nge bug kadang2 sedih padha banget ora kebagian tempat duduk 🥲",,,negatif,negatif,
Arep mlebu pembayaran susah sekali..top up jg kudu nunggu 15 mnt padahal wis buru2...pdahal mobile yg lain sedetik aja wis menyang isi..muter ya suwe polll...padahal sinyal apik bgt..banget alon sekali aplikasinya..bikin emosi kanggo kaum yg sabarnya setipis bulu ketek kek aku,,,,negatif,
"Anyar pertama kali arep coba top up saldo disitu, wis nganggo internet banking lan pas dicoba saldo nya gamasuk. Padahal dah kirim saldo",,,,negatif,
"habis ing upgrade dadi lemot bangett... !!!! pembayaran lewat e-we allet wis berhasil, saldo uga wis murah. tiba tiba ing aplikasi kai acces ana notif pembayaran gagal. padahal saldoku wis murah. sumpah sansaya kesini . ora banget pelayanan nya. endi urgent butuh tiket kanggo pulang. tiba tiba ana notif gitu, tiket ya ora ana hah. gimana iki kai acces kok dadi jelek banget gini 😤😤",,,negatif,negatif,
"Proses refund banget menyulitkan, aku hanya memesankan tiket org.. wektu refund hrs nganggo rekening / wallet nama penumpang. Padahal pembayaran nganggo rekening bukan nama penumpang 👎🏼👎🏼👎🏼 proses pengembalian ny jg suwe sekali sampai 30/45 dina.. mending kemarin sy nganggo traveloka ora seribet iki .. jujur aku kecewa bgt !",,,,negatif,
"2x gagal payment terus ing aplikasi ora muncul, padahal ing mbanking sukses lan pembayaran berhasil. Ing aplikasi ora muncul transaksi. Respon cust.service uga ribet perlu data iki kuwi. Kena apa aplikasinya ora semudah sing versi suwe?",,,,negatif,
"Makin g cetha apk nya, mangsa bisa ana keterangan gagal bayar. Jdnya mesen 2x dong gua ah",,,,negatif,
Kanggo pembayaran lewat QR code mungkin perlu ing pertimbangkan maneh berhubung pembayaran cara iki menghadapi akeh kendala. Luwih baik jika terhubung secara langsung baik antara e wallet seperti ovo utawa menyang m-banking secara langsung tanpa perantara QR code. Jujur saja penggunaan QR code terasa banget melelahkan apalagi kalau ing enggo wektu error lan kebutuhan mendesak.,,,,negatif,
"Kena apa error wektu arep top up 🥲, lan uang nya ora mlebu padahal saldo wis kepotong. Kok aplikasinya makin ora enak sih sawise ing nganyari ☹️",,,,negatif,
"Jelek banget sumpah, arep payment aja sulitnya minta ampun. Cara pemyarannya ora akeh pilihannya kanggo yg lokal, arep menyambungkat e-walet gabisa-bisa. Lan wis coba Top Up malah ora mlebu, saldo wis menyang potong. Wis berapa taun ora naik sepur, kirain wis wah lan sesimpel kuwi. yeh taunya malah begini ribet",,,,negatif,
gampang ing enggo. mung Kadhang suka rusak wektu melakukan transaksi pembayaran.,,,,negatif,
"Pembayaran yen war tiket tengah malem ribet bgt, nganggo e wallet gabisa, wis isi kai pay uga gabisa, bahkan kaipay nya ora kepake samsek, bayar nganggo qr aja gabisa.",,,,negatif,
"Apk versi terbaru nya ngebug, payment nya muter terus",,,,negatif,
"Enggak bisa ing nganggo ing stasiun Cawang lan Cakung, percuma ana aplikasi , pas arep nganggo ing LRT malah ing alihkan nganggo linkk aja jarene aplikasi nya durung siap, padahal wis top up dananya ing kai, akhirnya malah ora bisa ing nganggo sumpah ngerugiin banget",negatif,,,,
Tulung benerake kanggo pembayaran sepur lokal ribet banget ngisi kaspro suwe banget mlebune nganggo menu yg lain selalu ora bisa,,,,negatif,
"Cs nya parah bgt, arep nanyain masalah pengembalian dana, wis nunggu suwe giliran ing angkat padha cs nya malah langsung ngomong yen ora ana sing bisa kami bantu, kami akhiri panggilan iki...parah kan padahal aku durung ngomong sepatah kata pun.. Pantesan aja rating jelek.",,,,,
"Pembayaran tiket susah sekali, pembayaran direct debit ora bisa, pembayaran sms mbanking ora bisa, virtual account hanya satu bank, top up nganggo KAIPAY lamaaaaa mlebune, ora siap online aja sok2'an.",,,,negatif,
"Aplikasi ora cetha & sering error.wektu pembayaran ora pernah g trouble,pasti alon lan mesti bolak balik diulangi. Iya yen berhasil,sing ana bikin greget. Sekelas KAI aplikasi kok ora mutu seperti iki. Kudu benerake lan ing upgrade maneh.",,,,negatif,
"Aplikasi aneh. Tumbas pulsa ora mlebu ,, saldo nya habis entah kemana ,ing keterangan transaksi failed saldo akan ing kembalikan, sampai wektu iki ora ana saldo balik maneh",,,,negatif,
"Lemot bgt, top up saldo aja suwe bgt nganyari nya, order tiket jg suwe bgt",,,,negatif,
"Wis top up lan tunggu cocok instruksi nanging, uang nya ora mlebu mlebu daritadi 😡",,,,negatif,
"Semenja ing upgrade dadi luwih rumit pembayarane, biasanya lewa indomaret bisa, pkai debit bca bisa,bri bisa,link aja bisa, saiki kudu debit mandiri,mung nganggo ovo, kudu top up kai pay, ruwet wes pokok e. Bukan e upgrade malah downgrade, luwih suka versi dulu",,,,negatif,
"Aku wis tumbas jaminan 100 persen refund tiket, nanging pas refund malah padha aja 75 persen sing balik padahal aku bayar 13k kanggo jaminan refund, kecewa banget yo",,,,negatif,
"Aplikasi jelek, sering error. Arep bayar gabisa padahal wis install ovo bahkan wis isi ovo. Wis ditautkan karo ovo tetep gabisa. Percuma dong ngisi ovo kalau aplikasi KAI Acess nya gabisa! Gabisa pesen, tulisannya ""Aplikasi Terlalu Keras""",,,,negatif,
"Hrusnya ana opsi bayar cash menyang loket walaupun dari aplikasi yen ora punya ovo,kartu kredit wis aja ora bisa tumbas tiket,, Ana kerjasama karo ovo ya, luwih mementingkan keuntungan(ovo) daripada kenyamanan pelayanan saiki PT.KAI",,,,negatif,
"Wis melakukan pembersihan nganggo kain acces, tpi status durung terdaftar, uang hilng 45rb, sudh 2 kali kejdin, tany pihak stasiun uga bingung petugsny, aplikasi bobrok,",,,,negatif,
Pengguna aja isi saldo ing KAI. Aku pernah isi 100 RB u bayar perjalanan 24 RB .harusnya menyang potong 24 RB nanging terpotong sampai 4 x complain ing stasiun jarene nanti dr layanan akan dikembalikan 3 dina sampai 1 Minggu .Faktanya sampai skrng ora pernah bali menyang saldo aku .,,,,negatif,
"Apk sekelas perusahaan nasional jeleknya minta ampun. Tumbas tiket utk mudik nganggo qris bca, saldo wis terpotong namun wektu bali menyang apk status tiket isih pesen. Tiket hangus sementara dana wis terpotong. Lapor menyang cs, disuruh isi data iki kuwi. Lan pada akhirnya mung disuruh nunggu selama 14hr. Bilamana stlah 14hr dana durung balik silahkan melapor bali disertai bukti mutasi selama 30+ stlah transaksi. Gila ya kalian yg salah nanging kok penanganannya alon sekali. PAYAH👎",,,negatif,negatif,
"Iki gimana yaa kok aplikasinya buruk banget?! Padahal saldo shopeepay wis murah, tp kebeneran laporane wektu kadaluwarsa lan durung bayar, padahal saldo wis cetha"" murah!! Gimana arep dapet rank apik yen kayak gini!! Kecewa banget!!",,,,negatif,
"anyar uga download dah rusak duluan,payah banget emg!aktifasi pay nya uga ora bisa"" ing akses",negatif,,,negatif,
"pembayaran tiket aku wis berhasil melalui brimo lan saldo aku pun uga wis terpotong namun kena apa ing aplikasi KAI malah status nya transaksi gagal?? aku wis coba hubungi call center,chat wa, dm instagram namun ora ana respon.. sawise aku baca ing ulasan lain kebeneran hal seperti iki bukan hanya terjadi ing aku, nyuwun berbenah maneh.",,,,negatif,
"Wis top up ing restart ber kali kali malah ora masuk2 saldone, ora ngerti lgi",,,,negatif,
"Gimana iki aku wis bayar tiket wis murah saldo, tpi ora ana tiketnya ghaib endi besok brgkat",,,negatif,,
Ora bisa payment wektu memesan makanan lewat Railfood. Sdh dicoba berkali-kali tetap gagal. Failed yo aplikasinya.,,,,negatif,
"Minta apdet terus pusing.... Hape wis ora muat isih aja minta apdet. Kena apa aku ora bisa bayar menggunakan ovo? Padahal akun wis terhubung. Jika jarene ora boleh menggunakan wifi wektu pembayaran lan pesenan tiket, kena apa sebelumnya bisa? Akhirnya nganggo qris. Ribetnyaa... Tulung benerake aplikasinya.",negatif,,,negatif,
"Banget burukkk,banget mengecewakan,banget kurang efektif d bikin antrian2,isih enak sing dulu siapa cepet dia dapat,yg skrg dah suwe nunggu antrean pas dapet antrean dah habis tiketnya,kdg dah mlebu menyang tiketnya tinggal pembayaran d persulit maneh antrean maneh utk dapet code pembayaran.akhirnya zonk jg",,,negatif,negatif,
"Gila ya kai access aku ngisi saldo pas dicek saldo mlebu dipotong 5rb, pas dilihat maneh tiba² saldo ja Nol astagfirullah ...... dadi males nganggo KAI access. KECEWA BGT TULUNG APK nya BENERAKE jng sering Nganyari tp ora berguna.!!!!!!!!!!!!!!!!!!!",,,,negatif,
"Sering bug pas proses pembayaran, tiket ora terbit nanging saldo wis murah. CS gampang dihubungi nanging muter² disuruh nunggu lan kuwi terlalu suwe, alhasil tiket wis habis lan jadwal pemberangkatan pembeli dadi kacau. Niatan liburan pungkasan tahun dadi gagal karena sistem aplikasi sing isih akeh bugnya.",,,negatif,negatif,
"Arep batalin tiket susah bgt. Pengembalian dana melalui e wallet ora tersedia. Nonton ing ytb keknya gampang bgt. Lewat rekening, uga ora bisa, no rek wis ing input, tp gagal, tulisannya wajib ing isi terus. Aplikasinya uga dh ing nganyari. Tp kena apa gagal terus.. Hhhffttt",,,negatif,negatif,
"pas arep pesen tiket, bagian pembayaran susah banget aksesnya, bnr² hampir makan wektu 2 jam kanggo pesen doang, karna gabisa bayar alias rusak terus.",,,,negatif,
"Jelek, akeh bug. Iki Programmer nya bisa ora kanggo aplikasi ? Bikin malu aj, mangsa tinggal pembayaran aj ribet. Kudu ana error' dulu",,,,negatif,
"Kecewa sekali,YEN kanggo isi saldo aplikasi lancar jaya,tp YEN kanggo cek saldo sawise kartu ing topup ora bisa,sangan mengecewakan,aku merasa dirugikan bukan hanya masalah saldo nya,nanging uga wektu yg akeh menyang buang hanya kanggo cek saldo ing aplikasi iki😭😭😓😓😰😰🤕🤕🥴🥴😡😡",,,,negatif,
versi terbaru malah makin ora apik. top up ora bisa langsung mlebu. padahal versi yg suwe bisa langsung mlebu. saben war tiket selalu error bali menyang halaman utama. aku luwih suka kai access yg suwe. kai acceess yg terbaru justru menyulitkan. tulung benerake,,,negatif,negatif,
"Iki gimana sih cara menghubungkan Mbanking menyang KAI Access nya, apa kudu nganggo Mandiri ya? Terus ing cara pembayaran kena apa ana bank lainnya kalau hanya bisa terhubung ing bank Mandiri",,,,negatif,
Parah isi saldone kudu nunggu 20 menit anyar massuk. Aja arep pesen tiket krl aplikasi iki.,,,,negatif,
"aku topup 50k, wis 15 menit durung mlebu saldone. 🤬🤬",,,,negatif,
"Kai acces error terus, arep top up aja susah bgt failed truss, aplikasi jelek dari dulu ora ana perkembangan, top up nganggo m-banking saldo kepotong, tp durung masuk2 ing suruh tunggu 15 menit, wis lewat 15 menit ttp aja durung mlebu uga, payah",,,,negatif,
"E-Walet nya ribet,nganggo ovo tumbas tiket 1 pembayarane 2 kali,dadi doble,nanging untung dadi rugi,tulung benerake lagiproses pembayaran e-walet nya",,,,negatif,
Aplikasi sampah. Selalu gangguan wektu arep tumbas tiket. Aplikasi kok kyk asil karya orang magang padahal skala nasional. Heran banget dari dulu ora ana owahan. Tetap sampah aplikasi iki . Arep bayar tiketpun isih seringkali error balik menyang menu awal. Aplikasi ora guna,,,negatif,negatif,
"ing nganyari malah parah 2 x paymnt nganggo livin mandiri ora bisa,ana informasi lewt atm lan Sms banking ing coba gagal ,kacau ..",,,,negatif,
"arep bayar aja susah bgt, timeout terus",,,,negatif,
"Wis pecat ae karyawan sing ngurus bagian pemrograman apk iki cari sing luwih baik ,Apk PT gede nanging isih suka rusak, gara"" bug doang duit ilang ,pantes saben pesen tiket wis keisi nanging gada orang nya, kebeneran kek gini kai skrg ,yen dibalikin duwite mah gpp ,yo iki pihak nya pada ing hubungi gada sing respon",,,negatif,negatif,
Wis pasang jaminan refund kena 6.500 Pengembalian refund kena 16.500 per orang nanging wis 3hari durung mlebu uga pengembalian dana nya nya!!!!!,,,,negatif,
Top up suwe...trus ora ing info top up nya dipotong admin..dadi kowe topup cocok harga tiket nyatanya kurang...sawise kurang topup maneh suwe maneh..ahhh...,,,,negatif,
"Pmbyaran scan barkot ny aneh,ana ing history tpi saldo g nyampe g ngurangin uga.payahhh jd saldo g bsa dipake endi akeh maneh 😡",,,,negatif,
"Aplikasi sing banget aneh! Penumpang kudu melakukan pembayaran hanya diberikan wektu <60 menit. Tetapi, pas wektu penumpang melakukan pembatalan perjalanan lan pengembalian tiket, Refund banget suwe lan berhari-dina! KAI saiki hanya fokus mencari keuntungan, bukan kepuasan pelanggan! 😒",,,,negatif,
"Aplikasi apa iki,wis pesen gagal,duit ora bali,terlalu sering error,iki kaya merampok duit masyarakat....",,,negatif,negatif,
"Tumbas tiket ing aplikasi iki keterangannya Gagal, nanging saldo kepotong 100% harga tiket. Yen ora berniat bikin aplikasi lan sistem pembayaran, gausah nuwun fitur kuwi. MENYESAL NGANGGO APLIKASI IKI!",,,negatif,negatif,
Aplikasi jelek. Ora enak maneh ing nganggo. Saben pembayaran gagal trs,,,,negatif,
"Ana masalah wektu memasukan kode pembayaran melalui mobile banking livin mandiri ora bisa, utawa kode VA ora ing ketahui. Padahal wis cocok karo kode pembayaran. Nyuwun perbaikannya !",,,,negatif,
"Harusnya begitu top up dana langsung muncul, mangsa kudu nunggu setengah jam gimana kalau maneh buru2, mending benerin dulu deh",,,,negatif,
"Pembayaran berhasil, tp wektu pembayaran terus berlanjut.. akhirnya dinyatakan gagal pembayaran oleh aplikasi. Call center lemot, ora ana respon padha sekali. Haduh, tulung kembalikan uang aku!!",,,,negatif,
Aku toup nganti 2 kali berhasil nanging saldo ing aplikasi ora ana tulung dong ing bantu,,,,negatif,
Tadi aku top up 50K..nanging isih durung masukk..tulung admin..aku wis nunggu 15 menit luwih,,,,negatif,
"Sangaaat banget ora berguna!! Lemottt, arep top up kaspro lambat hrs nunggu 15-20 menit. Bener-bener payaaah!!",,,,negatif,
"Sebelum sebelumnya aman lan ora ana masalah , nanging wektu iki aku ngalami kendala lan kerugian jero memesan tiket wis ing payment saldo pun murah tetapi ing apk KAI nya ora ana notif pembayaran nya. Bagaimana iki .??? Mangsa kudu pesen ulang.??",,,negatif,negatif,
"Aplikasi durung siap wis terbit ya kaya kai iki perusahan besar payahh!! Cerita nya gini,aku lgi mendesak tumbas pulsa ing KAI Access uang kepotong tpi pulsa durung mlebu wis satu minggu durung ana respon yg baik.maap bintang 1 kanggo aplikasi.",,,,negatif,
"Sawise ing nganyari malah makin ribet. Disuruh pilih cara pembayaran, nanging ora muncul pilihan ing hp. Ribet arep pesen tiket aja ribet",,,,negatif,
"Tulung.. aku isi paket data lewat aplikasi iki kena apa ora mlebu-mlebu.. terus pas coba topup kanggo naik sepur, aku topup pertama 32rb nanging ing saldo mung 30rb. topup kedua 12rb nanging mung mlebu 10rb. cari riwayat transaksi dari topup sampai tumbas ora ana riwayatnya semua.. iki aplikasi apa sihh sebenernya..",,,,negatif,
"Saben pesen tiket lan melakukan pembayaran lewat ovo selalu ora bisa laporane terjadi kesalahan terus, gimana si iki endi lemot bgt, trus skrng jumlah tiketnya uga ing batas. Benerake donggggg",,,,negatif,
"Susah banget mesen lewat sini padahal dulu gampang banget wis dapet antrean tp ora bisa bayar, tulung ing kembangkan bali apk nya",,,positif,negatif,
"Pernah tumbas tiket uang wis dipotong tiket ora dapat, karena cuman 3rb ora komplainlah, terakhir transfer menyang kartu multi trip, ora seberapa sih nominalnya cuman 17rb, wis coba telpon 121 nya lan dikirim menyang email uga cocok arahan, nanging ora ana tindak lanjutnya😡😡😡",,,negatif,negatif,
Parah kelamaan perbaikan KAI paynya Saldo aku menyang tahan ora bisa2 kanggo tumbas tiket dll... Benerake secepatnya..jgn nunggu suwe customer..kecewa,,,,negatif,
"Pembayaran dadi ribet bngt, mending yg suwe. Pembayaran dadi sering gagal. App error. Bikin ketinggalan sepur. Top up 20k mlebune 16,5, 8k mlebu 6k aneh bngt. Sisa saldone kmnaa????. Banget buruk",,,,negatif,
Aplikasi buruk sekali ora bisadaftar akun sekainya bisa transaksi selalu gagal,,,,,negatif
"Tumbas tiket ana notif pembayaran gagal tpi saldo kepotong,tlp sc pengembalian dana 14-30 dina. Zaman sdh serba canggih pengembalian dana selama kuwi. Ngapain aja woyyy????? Tulung ditingkatkan pelayanannya.",,,,negatif,
"Aplikasi tumbas pulsa lan token pln ora bisa bayar, saben arep bayar muncul kadaluwarsa ""wektu pesenan anda telah habis, silahkan lakukan pesenan ulang"". Padahal arep masukkan pin, eh wis muncul notifikasi iki ! Diulang2 jg isih padha. Nyuwun bisa benerake, terimakasih.",,,,negatif,
"Selalu gagal wektu pembayaran, saldo wis terpotong nanging tiket ora rilis uga",,,negatif,negatif,
"Top up KAI pay wis mlebune suwe, potongannya GEDE. Ora ana notif pula potongannya berapa. Alhasil duit ora cukup kanggo pesen tiket. Ditarik uga ora bisa. Wis bener-bener integrasi padha LinkAja malah rebranding wallet gajelas gini.",,,,negatif,
"Aplikasi aneh, penyakitnya kuwi-kuwi terus yen ora e-tiketnya ora metu ya time out pas pembayaran, tulung dong yen emg gabisa kerja bikin aplikasi yg apik mending diganti aja pekerjanya, utawa ora mending dipisah aplikasi cocok padha jenis-jenis sepur ben ora rusak terus tuh aplikasi karna kakehan yg make.",,,negatif,negatif,
"Aplikasi jelek durung stabil isih akeh masalah, aku 2 dina war tiket,dina menyang 1 ora bisa war tiket karena aplikasi error,dina 2 war pke aplikasi gagal uga, berkali kali kudu aktivasi KAI Pay,akhirnya pke website kai anyar bisa dapat tiket, benerake maneh aplikasi",,,negatif,,
"Semua cara pembayaran ora dapat digunakan, dapat tiket nanging ora bisa dibayar, sistem antrean ora realtime, bug ditab tiket aku selalu gangguan, yo iki apps gunanya kanggo apa, better sing dulu-dulu sebelum ana sistem antrean, toh antrean ora tahu uga kuwi fair utawa ora",,,kontra,negatif,
Endi yg jarene saldo terisi sawise 15 menit iki wis luwih 15 menit saldo ora muncul2 kena apa sih hal hal kecil seperti iki kudu bhong,,,,negatif,
"apk gajelas, topup saldone gamasuk menyang apk padahal topup nya berhasil dr mbanking",,,,negatif,
Bangke nih ing nganyari nanging mempermudah malah mempersulit. Mending yg suwe dari pada nganggo yg wis nganyari. Percuma ana aplikasi yen kyk gni bali menyang jaman manual. Pembayaran uga ing batasi susah. Apaan kyk gni!!,,,,negatif,
payah gangguan ora bisa isi saldo jd ribet,,,,negatif,
1. Aplikasinya lemot (sering kadaluwarsa/muter suwe) 2. Wektu yg singkat kanggo pilih kursi sampai pembayaran 3. Pembayaran gaada cara M-banking 4. Top Up KAI pay prosesnya suwe,negatif,,negatif,negatif,
"Ora berguna, jalan krteta membuat masarakat resah lan terganggu ,sewaktu² kreta bisa membuat kecilakaan lan membunuh masarakat. Luwih baik kreta bikin jalan layang sendiri aja bersentuhan karo manusia ing darat. Lan AJA PERNAH ISI TOPUP SALDO, SALDO ORA BISA ING ENGGO kanggo tumbas tiket ,saldo hanya bisa kanggo tumbas pulsa saja Banget Memalukan Beginilah layanan publik milik pemerintah. Kakehan asil korupsi. Aplikasi payah, ora berguna., layanan online pembayaran banget ora berguna.",,,,negatif,
"ribet e wallet susah war susah, cancel tiket susah potonganya gede mmk",,,negatif,negatif,
Arep bayar tiket aplikasi langsung metu lan langsung habis parah,,,,negatif,
"Kena apa kok aplikasi KAI skrg banget jelek ya..ora kayak dulu...masak aku disuruh aktivasi terus..lan arep ing aktivasi muncul tulisan invalid sinagture.terus gt..lalu loro dina lg anyar bisa,lan aku isi saldo 20rb arep menyang waru pp.nah isi 20 kok mlebune 17100..2900 nya kemana..yen Ok enak admin ora mungkin..wis suwe aku nganggo aplikasi iki ndak prnh ad admin ..apalagi kalau isi 20 dipotong 2900 apa ora kakehan..Arep naek sepur senang irit..krn ora punya duit..malah kepotong potong",,,,negatif,negatif
"Aplikasi banget lemot, kanggo pembayaran selalu tertulis kadaluarsa lan kudu transaksi dari awal, payah, ketika arep bayar gaada tulisan bayar malah ing suruh batalkan pesanan, aneh",,,,negatif,
"Aplikasi T*i, monopoli aja pembayaran nya mung bisa pke KAI pay, kanggo apa ana cara pembayaran Bank utawa e wallet. Yen g bisa Ing nganggo sampah. Potongan Top up nya loro kali anj emg",,,,negatif,
"Makin best aplikasinya! Iki isi saldo wis berapa dina durung ing kirim""? Suwe banget!",,,,negatif,
"Aku wis isi ulang kartu commuter, nanging wektu arep nganyari saldo sesalu gagal",,,,negatif,
"Ora bisa lihar pembayaran E-Wallet, ora bisa bayar tiket",,,,negatif,
"Dulu perasaan apik deh,, saiki malah ruwet,, pembayaran tiket lewat Brimo tertulis succes lan saldo terpotong, tpi ing aplikasi Kai malah ana pesen pembayaran gagal. Wis mengajukan pengaduan malah ora ditanggapin. Akhirnya tiket ora dapet, uang hangus, perjalanan gagal.",,,,negatif,
"Aplikasinya makin dina makin buruk, Daftar penumpang sing telah ditambahkan tiba2 hilang lan kudu bali diinput manual wektu pesenan tiket. Aplikasi uga sering ngebug, error, banget membuang wektu. Bahkan hanya kanggo tumbas tiket berjam-jam durung beres. Tulung ditingkatkan maneh",,,negatif,,
"Iki aplikasi BUMN kan, tp sistem pengaduannya ora ana ing aplikasi. Harusnya ana menu pengaduan, trus dikasih SLA wektu penyelesaiannya. Disitulah profesionalisme pelayanan Customer Service terlihat. Iki cm ana pilihan bantuan. Beda bos. Harusnya aplikasi iki terintegrasi padha Call Center KAI jg terkait pengaduan. Harga Go Show makin mahal, durung 2 tahun dah naik 2x lipat, tp pelayanan msh gini2 aja. Tolonglah ditingkatkan. Saran aku 1 aja, menu pengaduan. Contoh BUMN lain, sperti aplikasinya PLN.",,negatif,,,
"Aplikasi banget ora mbantu, sepertinya hanya calo yg dapat akses VVIP,ora dapat memesan tiket, sawise tiket habis terjual anyar bisa mlebu menyang situs yg ora cetha iki",,,negatif,,
"Tulung benerake maneh dong, kena apa connecting trainnya gabisa, aku butuh karna perjalanan jauh, yen cari satu2 susah 🥺. Tulung baca dong miiiiiiin",,,negatif,,
"Aplikasi ora danta,,pesen tiiket wis ing bela2in begadang,,ujung nya zonk",,,negatif,,
"Apatu..bintang satu saja ya Sawise nganyari buffer trus, mung tampil screen aja..bkin ku terhambat & kehabisan tiket 😞",negatif,,,,
Aku arep pesen tiket kanggo dina Selasa kok malah sing ing tampilkan oleh aplikasi nya arah keberangkatan nya berbalik karo arah sampai..... Emang aplikasi iki makin menyang sini makin menyang Sono..... Makin ing nganyari makin aneh banget.... Makin jarene ing benerake makin akeh bug nya....,,,negatif,,
"Susah nambah tiket, sampai saiki ora bisa, aplikasi rusak, aja salah kan jaringan, semua aplikasi lain berkerja lancar ora ana kendala jaringan. Aplikasi sekelas bumn mangsa kaya gini.",,,negatif,,
Parahh parahhhh tulung min yo aja ing persulitkan nyari tiket,,,negatif,,
Berangkat dari rumah jam 7.30 Wis 2 kali pesen sepur api lokal lewat aplikasi ing cancel karna penumpang akeh Pungkasan nya aku kebagian jam 10. 20 kesel banget aku nunggu sepur ber jam 2 Kalau bisa adain tumbas tiket secara offline kan ktp kami wis terdaftar ing kai,,,negatif,,
Kena apa sawise diupdate menu sepur lokalnya ora ana? Ora ana pilihan keretanya.. Padahal punya suamiku ana 😤😤 Coba deh benerake lg,,negatif,,,
"Tolol diupdate malah kocak, pesen durung bayar wektune wis entek",,,negatif,,
"Tulung yaa, kanggo sepur bandara disamain jadwal lan tiketnya ing vending machine. Mangsa gini aja beda, akhirnya aku naik sing 14:40 wib, padahal ana jadwal 13:40 wib. Akhirnya aku nunggu 1 jam luwih ing stasiun. Sebenarnya ana programmernya utawa ora sih sing maintenance iki. Mangsa gini aja bisa beda jadwal padha tiketnya. Mikir yo. Aku kira pesen disini bisa dadi cepet, kebeneran bikin tambah suwe. Kecewa aku.",,,negatif,,
"BENER BENER BURUK BANGET BURUKK. KEGINI SEKELAS BUMN. CALO ISIH AKEH. DADI SING AREP TUMBAS TIKET RUSAK TERUS, NGERTI NGERTI WIS ENTEK. HAPUS AJA APLIKASI IKI DARI PLAYSTORE!!!!!!!!",,,negatif,,
"ora cetha nih aplikasi. wis pesen, wis bayar, tiba2 ing batalkan. saldo nya ora balik maneh, kecewa banget. tiket ora dapet, duit nya uga ilang. terus yen top up 50 ribu, matur nya 46rb si 4rb nya kemana woyy. iki bukan masalah mung 4rb ya. APLIKASI ORA GUNA",,,negatif,negatif,
"kecewa bangett. servernya gampang rusak. kanggo tumbas tiket cl penataran dhoho kudu h-1 minggu yen ora gitu ora bakal kehabisan. dari jam 00.00 wis kudu war nanging gara"" server rusak nganti jam 02.40 tetep gabisa. jawaban dari kai mung disuruh nunggu padha ngecek berkala, AREP DICEK NGANTI KAPAN? NGANTI SUBUH? wis ngerti server jelek nanging ora dibenerin! ngrepotin aja!",,,negatif,,
"Nganggo nunggu antrean. kelamaan keburu gadapet sepur. Banget ora efisien, alon sekali",,,negatif,,
"Aku wis memesan tiket lan membayar, nanging pembayaran ora ing proses sampai wektu habis ( uang aku terpotong ) lan kudu membeli tiket ulang, dadi aku mebayar 2x lipat kanggo sebuah tiket",,,,negatif,
"Coba team pls dipermudah pesen tiket, nama karo nik sing padha ora bisa pesen tiket ing tanggal sing padha, wis search sana sini cari opsi cancel tiket susah, kan siapa ngerti ana owahan jadwal dadi bener-bener susah",,,negatif,,
"Wis pesen tiket malah gagal ing pembayaran,wis gitu uang ora bisa bali maneh",,,,negatif,
saben musim mudik selalu susah dapat tiket ora ana perbaikan padha sekali . mung buang² wektu,,,negatif,,
"Aplikasi sering ngedown saiki,pasahal dulu wektu tumbas tiket sepur lokal ora pernah down...iki banget meresahkan kanggo kaum kelas menengah kanggo memesan tiket sepur lokal ing aplikasi.lan karena keterbatasan tempat dadi kudu usaha wektu tengah wengi/seminggu sebelum berganti dina kanggo memesan tiket.aku harap ditambahkan fasilitas kanggo gerbong sepur lokal dhoho penataran lan benerake aplikasinya.",,,negatif,,
"Aku arep menyang Sidoarjo nanging ketika aku cari ora ana sepur tersedia, padahal sepur Dhoho / Penataran melewati jalur tersebut, agar bisa mencapai ing tujuan tersebut kudu memesan 2 tiket Tulungagung -Blitar lan Blitar-sidoarjo seharusnya ketika ing cari pada kolom pencarian langsung diberikan penjelasan kalau menuju kota iki kudu memesan loro tiket ""iki"" lan ""iki"". Mangsa sih sekelas KAI gabisa bikin sistem sing nggampangake seperti kuwi?",,,negatif,,
"Banget kecewa karo aplikasi KAI access.. war tiket dibelain nunggu nganti jam 12 wengi, nanging selalu muncul jadwal ora tersedia. Wis berkali2 dicoba sampai restart HP tetap jadwal ora tersedia. Dicoba sampai 00.30 jadwal anyar tersedia nanging tiket wis habis. Selalu seperti kuwi saben war tiket. Dari ulasannya sepertinya hampir padha semua, nanging ora ana perbaikan",,,negatif,,
"Aplikasinya makin aneh, kanggo tumbas sing commputer line lalu bayar gabisa, nyoba sing antar kota ora ana jadwal keretanya. Gimana si aneh banget, arep pp Surabaya-lamongan dadi ribet, enakan sebelum ing-nganyari, tulung dong benerake maneh",,,negatif,negatif,
Tulung yen bikin aplikasi kuwi sing niat dongg..mangsa arep ngajukan pembatalan aja kudu datang menyang stasiun,,,negatif,,
"aplikasi kayak gini kok ora ana perbaikan padha sekali, tiket makin mahal, sok sok an pesen diwajibkan lewat online nanging malah aplikasinya kureng banget. selalu error pas war tiket sampek setengah jam luwih",,,negatif,,
"Yaallah kak, anyar aja bayar lan wis berhasil malah wektu habis. Dadi uang ku hangus, jahat banget sih",,,,negatif,
"Tumbas online ing app milik KAI sendiri ben bisa luwih penak lan cepet kebeneran padha aja kayak d offline kudu antrean suwe lan sering time out.... Sabar nunggu & refresh nganti hampir 30 menit Ujung2nya tumbas ing apps penyedia tiket yg lain saking jengkelnya antrean suwe, ing apps yg lain malah ora nganggo antri langsung beres. Duh serius ora guna banget app iki cuman bikin buang wektu aja sebel. Endi aku nungguin nganti dini dina maneh :(",,,negatif,,
Kena apa tiba tiba jadwal sepur gamau muncul? Padahal sinyal ora lemot,,,negatif,,
"Nuwun bintang 1 aja, nanging makin baik malah makin menyulitkan, mencari all stasiun wis ora bisa kudu bener bener stasiun sing dituju, semisal cari semua stasiun ing jakarta wis ora bisa kudu spesifik, banget menyusahkan kembalikan fitur pencarian semua stasiun ing kota yg ing cari",,,negatif,,
Wektu pesenan sering sekali metu sendiri utawa kadaluarsa...padahal anyar beberapa detik saja.. tulung d benerake aplikasinya .. akeh sekali pelanggan kai yg kecewa karo aplikasi iki...... Silahkan kai komentarnya ing bawah,,,negatif,,
"sejak ing perbarui ana antrean nyq, sehingga tambah membuat suwe kanggo tumbas tiket padahal ing tulisan antrean nya hanya 2 menit, nanging sampai bermenit-menit ora ana owahan padha sekali, sansaya kesini pelayanan nya sansaya kurang",,,negatif,,
Sepur api lokal kurang lengkap Aku arep pesen ka lokal purwosari menyang wonogiri ngak ana gimana iki kai accessnya kurang up date,,,negatif,,
Aplikasi sampah. Susah pesen tiket. Bolak balik suruh upgrade. Padahal wis diupgrade. ZAMPAHHHHH. SAMPAHHHHH. SAMPAHHHH.,,,negatif,,
"Aplikasi tolol antrean wis 2 menit maneh , malah dadi 22 menit gitu terus , padahal sinyal apik , ora guna",,,negatif,,
Ing wektu ing butuhin jam sibuk malah ora bisa tumbas teket,,,negatif,,
"Serba susah anjKehilangan 310rb gara gara sistem Bayarku pakek qris yup, ing aplikasi yup keterangan nya wis sukses bayar nanging ing aplikasi KAI tiketku ora muncul, wis telfon CS jarene time out, suruh konfirmasi ing IG ing FB semua wis aku lakukan ben bisa pengembalian uangku nyatanya omong kosong KAI ora arep rugi ,masalahku dari bulan Desember tgl 12 lan aku nulis ulasa iki tgl 3 February ora ana kejelasan wis DM berkali kali mung ing read doang , mengecewakan,310rb kuwi akeh bagi ku.",,,,negatif,
"Halo, saran aku ing pilihan menentukan kursi kuwi kudu ana arah sepur kepalanya dimana.. aku pesen luxury 2A dari arah Surabaya menyang Jakarta malah ditaruh paling ujung buntut. Mestinya kalau dari aplikasi kelihatan paling depan. Nyuwun iki diperhatikan.",,negatif,,,
Iki kena apa ora bisa pesen tiket sepur woyy,,,negatif,,
"semenjak diupdate sistem antri ora tertib. selain suwe(ora cocok menit sing tertera), antrean kadhang berubah2, sdh mlebu antrean 12 tiba-tiba berubah dadi 14. sawise melewati antrean kadhang isih error uga wektu arep mlebu menyang pesenan tiket, padahal sdh melewati sistem antrean, ujung-ujungnya begitu mlebu tiket habis. sing tertib dong sistemnya. Kalau arep nganggo sistem antrean sing jelaslah, yen sdh mengikuti antrean tulung benahi sistemnya agar yg sdh mendapatkan antrean ora dirugikn",,,negatif,,
"Server lemot terus, ora berguna dipantengin hampir 3 jam ora dapet-dapet tiket, pusing kepala mantengin hp",,,negatif,,
kendala no seat available padahal isih ana sisa kursi. ora bisa menyang nganggo bos apk nya,,,negatif,,
"Seperti apk pemerintahan lain nya JELEK... kurang optimal, tiket ora lengkap, arep ganti jadwal pemberangkatan ora bisa bisa, ora bisa ganti jadwal yen ora ana nama yg punya aplikasi nya ing wektu perjalanan kuwi....sadar diri bapak2 yg disana, gimana arep Indonesia emas ditahun 2045 yen gini cara nya",,,negatif,,
"Astagaa iki kena apa aku pesen tiket, wis aku bayar karo QR lan ana bukti pembayaran sing berhasil uga ing rek tp ing apk nya tertera sedang nunggu pembayaran lan aku kira mungkin jaringan tp sawise ditunggu"" kena apa hanguss! Sedangkan transaksi pembayaran nya wis berhasil. Tulung dong iki gimna",,,,negatif,
Ora bisa tumbas go show sepur incaran gara2 sistem antrean,,,negatif,,
"Kecewa searching tujuan yg benar nanging dapetnya gasesuai tujuan alhasil turun sebelum stasiun tujuan deh, terus apk lemot",,,negatif,,
"kakehan bug, ora bisa pesen",,,negatif,,
"Sistem antrean iki mempersulit sih, anyar jam 00.02 tiket wis habis, terus pas wis mlebu menyang halaman eh time out Terus gajelas emang. Mempersulit orang nanging sansaya maju iki malah sansaya mundur. Harusnya KAI luwih nganyari dari yg sebelumnya dong iki apaan sansaya kesini sistem makin busuk. Kecewa banget",,,negatif,,
"applikasi akeh bug, kanggo pembatalan tiket ora bisa padahal keberangkatan isih diatas 2 jam sawise 2 jam sebelum keberangkatan malah ngeblok menu pembatalan.",,,negatif,,
"Semenjak nganyari kudu ngantri kanggo pesenan tiket lan cukup suwe, ketika wektu stuck ing 1 menit ora mlebu mlebu menyang pesenan tiket. Kembaliin aja seperti sedia kala cara pesenan tanpa kudu ngantri. Jika kudu ngantri tulung ing benerake kendala lan bug nya. Matur Nuwun.",,,negatif,,
"jelek, saben tumbas tiket selalu error. endi ora sekali loro kali aja, kesabaranku nyoba 50 menit sia sia. ora cetha sekali",,,negatif,,
"buang wektu, mantengin layar hp 1 jam mung kanggo antre terus deleng tiket habis.. sansaya akeh calo tiket, balik kayak dulu lgi jadinya",,,negatif,,
"Aplikasi KAI Access mengecewakan. Verifikasi nomor rekening kanggo pembatalan tiket terus gagal meskipun data wis cocok. Aku wis ikuti semua langkah troubleshooting, nanging tetap ora berhasil, hingga tiket hangus tanpa bisa dibatalkan. CS hanya memberi jawaban umum tanpa solusi konkret, sementara wektu terus berjalan. Aplikasi iki malah menyulitkan pengguna. Nyuwun cepet benerake sistemnya agar ora ana pengguna lain sing dirugikan seperti aku.",,,negatif,,
Aplikasi ora berguna lan banget menyusahkan. semenjak ana aplikasi sering ora dapat tiket. pertama aplikasi selalu minta nganyari. tumbas tiket lokal wis pesen H-7 rela begadang jam 24.00 malah server selalu down jadwal ora muncul anyar arep muncul wektu tiket wis terjual habis. kalau bisa nuwun nilai minus mungkin ku nuwun nilai minus. benerake maneh sistem iki !,negatif,,negatif,,
"Harusnya luwih perbaikin kinerja aplikasi terlebih dahulu, muter relatif suwe padahal jaringan apik, trus pembayaran uga sering error, dina iki gajadi naik sepur gara gara durung pesen tiket karna lupa gara garanya wektu tumbas tiket by aplikasi error pas pembayaran, kirain wis sukses pas arep naik sepur kebeneran durung ana tiket, nyuwun nganyari yg teebaru luwih kesitu aja dulu ben luwih penak dipake nya",negatif,,,negatif,
"mangsa wis muncul tanggalnya tp tiket"" nya ora muncul, sering bgt gabisa tumbas tiket gegara rusak jd aku kudu tumbas tiket ing wektu yg ora tepat",,,negatif,,
"saben tahun yen pas musim mudik cari tiket selalu susah,dikasih sistem antri makin susah,kok ora pernah belajar dari pengalaman ya kai,heranya agen utawa calo selalu bisa dapet,ora pernah dipermudah yen pas tumbas tiket lebaran , mending yen g siap karo owahan kembalikan aja sistem manual antri kayak jaman dulu,, yg penjualan hanya lewat stasiun,iki lewat onli6bergadang berhari dina uga g dapet mending antri ing stasiun sekalian",,,negatif,,
Kena apa kok g bisa aplikasinya? Jarene karena ana bug utawa apa? Arep pesen tiket dadi ora bisa,negatif,,,,
"Aplikasi ora guna wis 5 tahun war tiket lebaran ora pernah cetha statusnya time out, padahal wis antri 30 menit wis mlebu malah time out muter ora ana maintenance apa saben tahun selalu begitu hapus aja ora guna",,,negatif,,
"Wis melakukan pembayaran tiket menggunakan Qris lewat Dana tetapi tiket isih keterangan durung dibayar, sampai karo wektu nunggu pembayaran habis akhirnya tiket hilang lan uang dari Dana wis dipotong, 2 kali pengalaman seperti iki dari tahun 2021 lan wektu iki lan akhirnya aku wis ora bisa toleransi, tiket yg dibeli pada 2021 sepur Kahuripan karo tujuan dari Kiara condong menyang Lempuyangan, kasus padha pembayaran ganda",,,negatif,negatif,
Habis nganyari malah ora bisa dipake kanggo war tiket arus balik.banget mengwcewakan.sistem antrean uga ora mlebu mlebu dapat giliran.,,,negatif,,
"Transaksi gagal, nanging saldo kepotong. Dina iki dari sore jam 3, aplikasi ora bisa pesen tiket, menyang loket stasiun padha aja karena satu sistem, perbaikilah kasian sing nunggu-nunggu ora cetha. Ana promo uga, kalau aplikasinya ora siap/akeh bug/server erorr ya padha saja.",,,,negatif,
Banget mbantu...nanging sayang selalu ora kebagian tiket sing murah...,,,positif,,
"Iki kena apa dadi ribet arep pesen tiket buka aplikasi antri wis gitu ora cocok estimasi wektu antrinya, giliran wis mlebu arep pesen tiket gagal terus tau2 mangsa pesenan tiket telah habis disuruh antri maneh bangke bangke, coba yo ing benerake maneh iki aplikasi nya!!!!!",,,negatif,,
"Aplikasi ora cetha time out terus giliran bisa tiba"" tiket entek, bilang alesan internet ora stabil gua pke wifi boss apanya yg ora stabil,,,,",,,negatif,,
semenjak nganyari sawise natal aplikasi dadi memiliki akeh bug seperti forced close lan tampilan aplikasi telah berhenti lan sing luwih parah aku telah tumbas tiket sepur pulang lunga untuks bekerja aku trlah membayar tiket tersebut lan ing akun dana aku uga saldo terpotong aku cek diriwayat transaksi akun dana pembayaran berhasil namun ketika aku cek ing kai access tiket aku ora ana hal iki merugikan costumer sing ingin menaiki sepur apalagi costumer sing membeli tiket kanggo bekerja,negatif,,negatif,,
"Iki kena apa saben arep war tiket pasti ana tulisan jero antrean lan wektu tunggunya suwe banget? 1 menit aja seperti 10 menit nunggunya, makin suwe makin turun kualitas aplikasi iki.",,,negatif,,
"Benerin dulu dah, mangsa tiket tersedia nanging no seat available",,,negatif,,
"Nyuwun maaf aku nuwun bintang 1 karna pelayanan pesenan tiket mengecewakan,sesudah tiket berhasil dipesan lan dibayar,malah hilang pas arep berangkat,terpaksa pesen dadakan maneh,saldo ora bali pula,kanggo jarak ora terlalu jauh lan kelas ekonomi,coba yen pesen tiket sing jauh hangus wis, setidaknya ana pengembalian saldo bali,sampai dina iki ora ana pengembalian saldo",,,negatif,negatif,
"kocak banget sumpah !!! kanggo pesen tiket ora bisa. kanggo deleng jadwal tiket uga ora bisa 🤣🤣 naik sepur ribetnya ngalah""in naik pesawat 🤣🤣🤣🤣",,,negatif,,
Kena apa aplikasi error terus dadi ora berguna banget iki aplikasi pesen tiket susah jarene suruh online bangke....,,,negatif,,
"tiket sepur tambahan tiba"" habis terus,wis nunggu lan bolak balik cek ora ana,terus tiba"" ana nanging wis habis,gimana iki",,,negatif,,
"Kalian bisa ora bikin apk yg luwih profesional sing ora menyusahkan konsumen? Disuruh nunggu kebeneran gada jadwalnya. Apk sering Lola, tiket minta ampun mahal lan ora worth it. Iki jujur nih. Intropeksi dah",,,negatif,,
wis 30 dina durung ana pengembalian dana dari pembatalan tiket sepur,,,,negatif,
susah bgt mung arep pesen tiket,,,negatif,,
"dri kmrn wis berkali-kali pesen tiket tpi pas pembayaran ora bisa trs dgn alasan Internet ora tersedia padahal jaringan ku apik, gjls bgt sih benerake dong",,,,negatif,
"Kanggo sepur lokal Cilegon-rangkasbitung kena apa saiki kudu ngewar kursi sendiri, gunanya pesen tiket online kanggo apa, apa bisa onthespot pasti dapat tiket...",,,negatif,,
"Wis berhasil bayar tiket sepur lewat qris malah jarene belom bayar, rugiii",,,,negatif,
Sebelum aku nganyari penak lan lancar. Ketika aku nganyari menyang sing anyar. Selalu rusak. Ora bisa pesen tiket. Dadi kecewa karo kai acces. Sementara aku nuwun bintang 1 ya min. Mungkin jika bisa benerake maneh aku edit deh bintang. Terimakasih,,,negatif,,
"Aplikasi sering error Pesen tiket sepur lokal sering down, time out Percuma pesen online nanging aplikasi error terus Mending nganggo tiket offline aja Tulung benerake! Arep pesen tiket sepur lokal down terus sampai2 tiket habis saking lamanya nunggu karena aplikasi erorr",,,negatif,,
"Adekku barusan naik KAI jurusan singosari kepanjen, pas mlebu gerbong kebeneran tempat duduknya wis ana sing nempati, lan anehnya nomor kursi tempat duduknya padha. Akhirnya adekku sing mengalah kanggo berdiri. Emang bisa gitu 1 kali tumbas isih bisa ing tumbas orang lain? Mangsa iya kudu pangku²an. Tulung dong kanggo luwih ing upgrade maneh, kalau kayak gini kan dadi merugikan penumpangnya. Ya meskipun nominal ora seberapa, yakali 1 jam berdiri jero sepur. Cewek pula.",,,negatif,,
Kanggo sementara ditahun 2024 menjelang 2025 ora bisa ing andalkan kanggo pesenan secara online. Tulung ing sempurna kan maneh kanggo masalah refund sing terkendala dari pihak kai lan pihak pay ing kai. Tulung uga kalau durung siap kanggo melakukan prasarana secara online aja lakukan secara online.),,,,negatif,
"Apps ora bisa dibuka wektu akan digunakan membuka barcode tiket, sedangkan appsnya wis diinstal, jaringan internet wis stabil, padahal wis ana transaksi tumbas tiketnya secara sukses.tulung sistemnya benerake cepet ben membuat pengguna dadi luwih gampang",,,negatif,,
"Aplikasi sering pemeliharaan, aplikasi sering ora bisa dibukak meskipun internet lan signal normal 5G, nganyari KAI Pay ora selalu melebihi 15 menit, kualitas sistem KAI Acces buruk dibandingkan public service lannya, lan sing paling menyesatkan adalah sering terjadi tampilan sisa seat 1 sing dijual nanging ora bisa diambil merupakan informasi sing menyesatkan, lan indikasi permainan orang jero",negatif,,negatif,negatif,
"aplikasi makin kesini makin buruk aja, arep pesen tiket malah sesi entek yo gajelas",,,negatif,,
"Saiki sulit sekali cari tiket lewat kai access padahal sinyal wis full, nyuwun benerake maneh sayang sekali yen ana aplikasi order online tp ora bisa digunakan",,,negatif,,
"arep pesen tiket akun basic nya tiba"" ilang sawise cek nomer telfon (karena wektu mesen no telp salah pas ing cek ing akun benar) ... arep bikin basic akun maneh ben bisa pesen gabisa (klik lanjutkan stuck disitu) nyuwun benerake.. note: sebelumnya pesen tiket aman aja kali iki aja beda",,,,,negatif
"Maksudnya apa sih iki, arep cek jadwal sepur ora bisa, suruh pilih tujuan stasiunnya malah ora muncul pop upnya utawa opsinya. ora cetha malah ora bisa ngecek jadwal keberangkatan sepur. wis bener versi sebelumnya simpel. malah dibikin bug. sampah",,,negatif,,
Kecewa bgt makin ksni bikin kesel kudu ana wektu tunggunya ora kyk dlu pas war tiket enak,,,negatif,,
"Lemot banget. Sengala ngantri tp wektune ora cetha. Bukan hitung mundur, malah tau2 nambah maneh. Ora guna.",,,negatif,,
"aplikasi access KAI, makin kesini makin mengecewakan, ora mbantu/nggampangake pengguna nya. sulit sekali kanggo melakukan payment tiket yg wis d pesen. nyuwun kanggo d benerake. TERIMAKASIH",,,,negatif,
"Tulung ya KAI, web developmentnya dievaluasi lan benerake maneh. Sayah bgt aplk error nganti ketinggalan SEPUR!! Mung krn muter suwe bgt. Manding nganggo aplk pihak menyang-3 drpd punya KAI'nya langsung. Nunggu muter doang wis tiket hangus,kejar-kejaran wektu, lan nganggo aplk lain disana harga luwih murah. Pdhl aku wis bayar luwih mahal drpd nganggo aplk pihak menyang-3.",,,negatif,,
Iki kena apa ya gaada pilihan stasiun kanggo sepur lokal? Arep pesen tiket dadi gabisa terus,,,negatif,,
"Ing bela²in melek nganti jam 12 wengi kanggo tumbas tiket, jam 00.00 login tiketnya isih durung kebuka, ing refresh berkali² kira² stengah jam, isih durung kebuka, data seluler menyang wifi, wifi menyang data selular, aku relogin uga, giliran tiket nya wis buka, eh...ora ngerti nya wis habis...",,,negatif,,
"Tulung ing benerake yo, arep pesen tiket ora bisa. Suruh melengkapi data diri, nanging data diri ora bisa ing lengkapi",,,negatif,,
"Aplikasi suka rusak pesenan tiket jadwal ora muncul, padahal saben dina ana terus jadwal sepur",,,negatif,,
"Arep pesen tiket lebaran aja susahnya minta ampun, ditiket tertulis isih tersedia giliran wis masukin semua data2 lengkap ujung2'ny ora tersedia kursi. Terus kemana perginy kuwi tiket sepur api (apakah kecalo semua min)..",,,negatif,,
"Aplikasi apaan,, tumbas tiket jam 00.00 wis ngantri stengah jam,, wis ngisi data giliran klik not avatle mksudnya gmn? Niat jual tiket ora woyyy",,,negatif,,
Ceritanya nge war tiket sepur..😓kebanyalan muter. Malah cepetan nganggo aplikasi pihak ketiga.. KAI benerake maneh donk aplikasinya,,,negatif,,
"Skrg ana sistem antrean, menurut aku malah kurang user friendly. Apa guna ana antrean yen sawise lewati antrean kebeneran malah ora bisa transaksi. Tulung dong kembalikan menyang versi sebelumnya tanpa fitur atrian...",,,negatif,,
Nganyari malah sansaya buruk. Nganggo menit antrean segala. Ora cetha bgt malah sansaya suwe. Kowe butuh yg aplikasi yg cepet. Bukan malah ana antrean uga kayak gini. Cepet ing benerake maneh deh.,,,negatif,,
"aku arep menanyakannya kena apa tiket yg muncul harganya mahal2 padahal aku wis nungguin ing jam 12 malem supaya dapet tiket yg murah, tiket yg murah selalu ora bisa ing tumbas(habis)",,,negatif,,
"Aplikasi iki sebelum nya apik lan gampang gada BUG kaya sing saiki, susah pesenan tiket karo jumlah luwih dari 1 orang, sing kaya gini nih yen dipegang ama orang sing cuman ngandelin design nanging fungsi nya kaga, bug dimana endi QR kaga muncul, wis milih penumpang pas ing next notif bacaan succes nanging kaga menyang cara pembayaran, emang bapuk... perbaikin maneh deh aplikasi nya, aja cuman ngandelin design nanging fungsi nya akeh problem",,positif,negatif,,
"Ribet ya KAI, arep tukar jadwal tiket ortu ora bisa karena yg punya akun KAI ACCES atas nama sy, sedangkan tiket atas nama ortu, mangsa ortu sy yg wis tua kudu menyang stasiun dulu!!?? Gmn sih kalian, yen boking aja bisa, sekalinya tukar jadwal super ribet, isih aja bikin kebijakan yg menyulitkan konsumen, padahal kowe bayar gaji anda toh",,,negatif,,
"sumpah nih apk makin suwe makin gajelas, dikit² trouble, dikit² rusak, arep pesen tiket dadi gbisa ujung² nya kehabisan tiket. ayo dong benerake maneh ben kualitas nya wis apik, yen kek gini kan pengguna dadi males banget kanggo make apk nya, endi yen pesen tiket dadakan ing stasiun uga suka gada gara² wis ludes penjualan lewat apk",,,negatif,,
"diarahkan tumbas tiket online, nanging aplikasi rusak terus hahaha. nice",negatif,,,,
Iki gimana arep pesen tiket susah bgt... OTP mlebune suwe.. Endi ketika ing masukkan error terus. Apa gunanya nihh aplikasi.. Bli tiket d tempatpun ora bisa. Tlong ing benerake maneh nih aplikasi. Harusnya mempermudah malah bikin sulit. Sekian.,,,negatif,,negatif
"Parah aplikasi nya ora mbantu padha sekali arep pesen tiket kudu nganyari menyang basic lan isi data, wis diisi lengkap pas klik daftar nge lag terus, kalau kai ora siap meluncurkan aplikasi mendingan ora perlu bukan mbantu malah menyusahkan, sekelas perusahaan BUMN loh, membuat aplikasi ora siap",,,,,negatif
"Hallo kak,nyuwun maaf nih kena apa ya aku wis beberapa kali melakukan pembayaran tumbas tiket lan saldo wis terambil,tetapi pembayarane durung lunas terus,pedahal saldone wis murah lan ketika wektune entek tiketnya hilang lan saldone ora bisa bali,nyuwun tindaknya ya dari pihak access,yen gini soalnya rugii dong",,,,negatif,
"War tiket lebran 2025 iki bner2 KAI g bsa diandelin.begadang terus nanging g dpet tiket uga.tlong dong kayak tahun2 sebelumnya,walau begadang nanging isih bisa ing acces.bner2 kecewa bgt",,,negatif,,
"iki pasti ana oknum yg curang, tiket habis terus,, secara logika saja aku pantengin terus aplikasinya nganti war tiket selalu tunggu antrean, jero wektu 30 menit, tiket semua habis terjual. aneh.. tingkat keamanan kurang apik. ana joki ing balik semua iki.",,,negatif,,
"Ya ampun 3 dina bela-belain melek nganti subuh demi tiket mudik, dr mulai tengah wengi nganti subuh tuh tiket ora dapet2 ya.. bener bener aneh..mangsa gagal terus padahal tiket isih akeh nganti aku ulang-ulang, nganti pegel pegang hp mantengin aplikasi iki bolak balik uga ing apps tokped..tp satupun kaga ana yg bisa ing pesen tiketnya.. Eh pagi2 wis jam 6 an, kok tau2 wis habis padha seperti hr sebelumnya..gile keselnya, app apaan iki menyulitkan pengguna nanging nggampangake.",,,negatif,,
Kena apa aku ora bisa memilih kursi? Padahal keterangannya isih tersedia???????????,,,negatif,,
Kai nih kena apa saiki sering tiketnya goib ya. Anyar beberapa menit dari jam 00.00 wis kagak bisa dibeli aja. Terus pas tinggal bayar malah muter terus padahal jaringan apik ora ana masalah. Nganyari doang nanging ora ana sing diselesaikan bugnya,,,negatif,negatif,
lemottt ana mangsa antriann bikin gangguuu lan ora bisa liatt jadwal sepur ing tanggal berikut nya,,,negatif,,
"Wis suwe nganggo aplikasi iki, kena apa skr arep pesen aja susah kali. Time out terus. Cepet ing perbaikin.",,,negatif,,
"sanggat ing sayangakan kanggo aplikasi yg notabene dari BUMN nanging khusus penjualan tiket lebaran sanggat susah ing tumbas,kurang adil kanggo penguna,estimasi wektu tunggu antrean yg ora tepat wektu,sawise mlebu uga,sering timeout,sibuk,lan akeh maneh. nyuwun kanggo aplikasi iki yg memeng punya BUMN(Negara RI) bisa ing benerake,dadi kanggo penguna yg arep tumbas tiket khususny kanggo lebaran Idhul Fitri bisa ing akses karo gampang lan cepet.",,,negatif,,
"Awal mula download sih aman-aman aja bisa pesen tiket, cuman pas pengen pesen tiket kedua malah ora bisa ana bacaan sesi anda habis maksudnya gimana ya",,,netral,,
"Aplikasi ora bener, pesen lewat online aja kudu nunggu antrean endi pas wektu wis 1 menit bukan nya langsung muncul malah perpanjangan wektu sampai 20 menit!! Yen kaya gitu mah mending gausah diadain aplikasi nya banget menyusah kan orang!! Kami arep tumbas tiket nganggo uang bukan ngutang!! Dadi aja dipersulit kanggo tumbas tiket nya!!",,,negatif,,
"kemarin"" aman aja pakek aplikasi iki, dina pas arep tumbas tiket tiba"" disuruh nganyari, wis apik aku nganyari, entek ing nganyari nanging tambah canggih tambah error, arep bayar ora bisa karo alasan sistem sedang error tunggu beberapa wektu, sawise kuwi arep bayar maneh cek ing keranjang ora ana, lunga menyang menu tiket sing durung dibayar malah ora ana pilihan lakukan pembayaran, ana pilihan bali menyang home padha batalkan pesanan, aplikasi macam apa iki, iki sekelas BUMN loo masak bangun sistem kayak gini,",,,negatif,negatif,
"Alon, wis cape2 nunggu antrean tumbas tiket, malah gagal",,,negatif,,
"Kanggo apa aplikasi nanging ora bisa milih kursi KA lokal Rangkas merak, dadi malah antri panjang kanggo berebut kursi",,,negatif,,
"Tulung ing benerake secepatnya kanggo pengembalian dana dari tiket sing ing batalkan, ora bisa nganggo wallet, nganggo rekening kudu cocok nama penumpang sing tertera, aku mung punya wallet dadi tulung cepet ing benerake Terimakasih :)",,,,negatif,
Aplikasi sampah. Pembatalan tiket kudu tranfer atas nama pembeli tiket. Tolol. Nyusahin.,,,,negatif,
Knp sawise d nganyari malah nanging tambah baik malah tambah kacau. Cek jadwal sepur kalau d deleng dr kalendernya KAI acsese sdh bs pesen tiket / liat jadwal keretanya pas d klik malah jadwal ora d temukan...,,,negatif,,
"Ora ana niatan apa kanggo memperbaiki kualitas aplikasi iki, pesen tiket H-7 kudu warr dari jam 00.01 selalu trouble, bisa lanjut next step trouble maneh, tinggal 1 step pembayaran trouble maneh. Begitu seterusnya sampai anyar bisa jam 03.40 lan itupun tiket wis akeh yg sold out. Sekelas KAI loh mangsa pesen onlinenya menyusahkan begini. Malu yo",,,negatif,negatif,
"kena apa yaa aplikasinya dadi error begini padahal sebelumnya lancar lancar aja meskipun ana hambatan sedikit, kena apa ya ketika aku ingin memesan tiket lan wis aku bayar tetapi tiket nya ora muncul ing aplikasinya, nyuwun cepet benerake",,,negatif,,
"Selama hampir 1 tahun aku nganggo Access by KAI, aku sering menemukan error ing aplikasi iki. Lan error nya berulang, yakni terkait kegagalan jero tumbas tiket Commuter Line. Apakah ora ana perbaikan permanent yg dilakukan? ujung² nya suruh nganggo kartu, yo kanggo apa ana aplikasi yen sering error. Tulung dong iki aplikasi kan dipake akeh orang seluruh Indonesia. Mangsa aplikasi sekelas milik BUMN kayak gini, error berulang. Tulung perhatian dari pihak terkait terkait hal iki.",,,negatif,,
Aplikasi nya wis apik hinngga wektu pembayaran susah sekali dibukak lan hanya diberi wektu sedikit. Lan wektu selesai pembayaran ora ana notifikasi padha sekali tiket wis berhasil dibayar utawa ora🤦‍♂️,,,,negatif,
"Ora bisa tumbas 2 tiket KRL, Ora bisa beliin kanggo penumpang terdaftar. Wis tumbas 2 tiket KRL @16rb malah sing bisa kepake mung 1. Padahal arep dipake kanggo 2 orang.. Definisi bayar 2 kali lipat kanggo 1 kali perjalanan KRL.",,,negatif,,
Parah si wis 2 dina nungguin tiket muncul Ampe bergadang ttp ajah ora bsa kanggo pesen tiket nya. Gagal trus,,,negatif,,
"Ora ramah!! Kecewa!! updet status Twitter Terus.. Aplikasi tiket yg terbilang luwih penting, ora ana Upgred, ora ana owahan, ora ana Maintenance padha sekali!! Payah payah..",,,,,
"kena apa si jadwal tdk ing temukan terus, gue wis rela² begadang kanggo dapatin tiket ing h-7 malah kya gini terus",,,negatif,,
Wektu tunggu antri 5 menit gatau nya nganti 1jam,,,negatif,,
Wis ing bayar lan Pembayaran mlebu nanging tiket ora muncul. Banget kecewa,,,negatif,,
"Aku awal suka aplikasinya eh saiki kecewa sayah sayah antri arep klik pilihan muncul antrean dari awal wis sayah nunggu 1 jam eh pilih maneh antri Dari awal maneh nyuwun kalu bisa mlebu antri aja antri dari awal maneh seperti tumbas ing tiket wis antri kemudian dilayani aja suruh antri maneh lan lagibdam awaktu suwe antri ya, nyuwun jika arep ana antri cukup sekali saja",,,negatif,,
Ketika pesen tiket tampil diminta upgrade menyang member basic. Sdh diisi cocok tp tdk ana keterangan ok utawa tdk ok upgrade tsb. Yg luwih mengesalkan tdk bisa pesen tiket. Lan yg aneh maneh tdk ana histori yg telah sy lakukan selama iki (sejak aplikasi anyar iki).,,,negatif,,negatif
terlalu sering up date saben arep tumbas tiket kudu uodet maneh,,,negatif,,
"Kena apa ora bisa pesen dari semalam, jero pemeliharaan terusssss",,,negatif,,
Applikasinya apik banget nanging tulung nya bisa ing perbarui applikasi kanggo nggampangake akses tumbas tiket kai nya ing applikasi bye kai acces nya plissnya ...,,negatif,negatif,,
"war tiket tahun iki ora jelasss blasss..! pengalaman sy mending tahun² kemarin mung bergelut dg signal lan quota, serta kecepatan checkout, ora kaya skrng isih kudu ditambahin antrean sistem yg ora cetha. hadeuh.. tobat.. tobat dah",,,negatif,,
"Masak iya pesen dar pagi error trs, saiki malah ora bisa boking karo alasan ora cetha, tulung dong kai benerake maneh aplikasinya, signal wis apik paket data full kok tetep gabisa, wis diaktivasi dll isih aja error, mengecewakan",,,negatif,,
"Nganggo antrean ora penak banget, tinggal bayar doang muter2 ora cetha hbs wektu ngantri maneh... mending sistem sebelumnya",,,negatif,,
"Jelek banget, arep cari tiket aja ora bisa. Selalu ana kata 'timeout' padahal jaringan uga apik. Ora perlu sok-sokan arep nganyari deh, kualitas aplikasi lo kuwi makin jelek yen ing nganyari, ora sadar apa?",,,negatif,,
Dari stasiun Jombang ora ana jadwal sepur lokal menyang arah Surabaya....pas coba stasiun lain menyang arah Surabaya muncul kanggo keberangkatan tgl 19 mei....apakah ana bug utawa bagaimana? Iki kali kedua aku pesen kanggo keberangkatan seminggu sebelumnya ngalami hal yg padha... Nanging sawise 30 menit anyar muncul nanging tiketnya wis tinggal sedikit (tanpa tempat duduk) Nyuwun benerake bali sistem aplikasinya,,,negatif,,
"Kecewaa banget padha KaiAcces sing saiki, padahal wis langganan dari dulu nganggo kai, saiki ing nganyari mbokmenawa nambah gampang malah nambah jelek bangett. Arep tumbas tiket nunggu antrean dulu 1 menit jarene, eh nambah2 nganti 20 menit. Isi saldo kaipay malah ora bisa ditarik maneh kudu nganggo apk kaspro, padahal pin wis bener eh keblokir akun dikunci, mengecewakan sekalii kaiacces saiki, gimana nasib saldo aku iki??? tulung benerake maneh.",,,negatif,negatif,
"nyuwun maaf seblumnya karna ngasih bintang 1, pada pihak aplikasi tulung yen bisa ditingkatkan maneh servernya ben gausah ana antrean. susah yen arep nge war tiket kudu nunggu antrean dulu, sampe2 kehabisan apalagi tiket libur lebaran jero hitungan menit wis habis, padahal wis bela""in begadang ujung""nya kehabisan. smoga didengarkan keluhan iki wkwk, terimakasih",,,negatif,,
"Sering error, susah pesat tiket Ka Bandara. Diminta upgrade basic utawa premium nanging ora bisa. Tulung benerake cepet layanan webnya",,,negatif,,negatif
"Masak bentar² nganyari, and kadhang jam ora valid",,,negatif,,negatif
"Aplikasinya mbantu, tp seringnya ngeselinn, karena sering buffering pas maneh dibutuhin.. ayo dong benerake maneh apk nya..",konflik,,,,
Muter suwe. Pesen tiket berkali2 gagal terus. Wis milih kursi pas ing pembayaran alon banget. Akhirnya gagal. Pas pesen ulang kursi yg dipilih sebelumnya wis ora bisa dipilih maneh. Ora cetha apk nya,,,negatif,,
"Nganggo app iki dari suwe.. Lan makin kesini makin rusak, gaada perbaikan samsek, wis masukin tgl dsb milih dina keberangkatan awalnya nongol, tba² menyang log out sendiri, dicoba log in maneh bahkan nganti hapus data kuwi tetep tulisannya tdk ana keberangkatan, tiba² jadwal keberangkatan yg awalnya nongol lenyap, arep pesen sepur kanggo weekend uga war saben jam 00.00 kuwi pun erornya konsisten.. ekkekeke kebantu sih kebantu, nanging tolonglah benerake, jaman wis maju iki, harusnya bisa benerake",,,konflik,,
Aplikasi lemot hp kayak ora ad guna,negatif,,,,
Sistem kacau wis mlebu isi data penumpang nanging ora bisa pilih kursi lan ora bisa lanjut pembayaran. Sawise buka maneh aplikasinya ngerti ngerti tiket habis.,,,negatif,,
"Aplikasinya yg versi terbaru sdh ora konek maneh ing hp aku jd sedih deh krn ora bisa lunga"" naik sepur maneh gara"" hp jadul yg ora bisa konek dgn versi terbaru 😭😭😭",negatif,,,,
"Jaringan lambat sekali, arep ganti cara pembayaran ora bisa terutama cara qris. qris butuh barcode, sementara ketika salah mengclick bali otomatis kudu pesen ulang tiketnya maneh",,,,negatif,
"Sistem nga ora bisa menyeleksi karo baik sejak adanya nganyari ann anyar. Luwih menyang curang lan telalu nunggu suwe. Website pun ora bisa digunakan. Aneh, bagaimana iki developer?",,,negatif,,
Muga-muga ora lemot hp nya lan aplikasiny Kanggo nanti war tiket lebaran,,,netral,,
Perlu nambah server yg luwih gede ben ora lemot kanggo pesen tiket lan pilih tempat duduk,,,negatif,,
"Aplikasi nya Busuk Bener, kanggo Upgrade Basic aja ora bisa2, Maaf aku nuwun Rating Bintang SATU 1. AGAR PENGGUNA LAIN UGA MEMBACANYA.",,,,,negatif
"Kog jd susah mlebu sih KAI, sandi wis benar isih aja salah terus,iki aplikasi yg suwe wis okeh malah kayak gini saiki",,,,,negatif
"Sawise ing Nganyari dadi sansaya Ribet, luwih suka Versi sing suwe",,negatif,,,
Dikit² nganyari dikit² nganyari nanging aplikasinya muter,negatif,,,,negatif
"Dear Developer, aku ora bisa cek fitur live tracking, padahal wis nganyari kai versi terbaru. Apakah versi hp berpengaruh pada fitur tersebut? Nyuwun info & perbaikannya. Thanks",,,negatif,,
"tumbas tiket sepur nanging gagal (ZONK). padahal ing apk lain wis berhasil pembayaran tiketnya. tulung tanggung jawabnya KAI, masak tumbas tiket nanging gaada tiketnya😤, Aplikasi sering lemottt, muter muluu, gangguan muluuu. tingkatin lagii dong performanya.",,,negatif,,
Habis ing nganyari kok malah susah arep tumbas tiket nganggo jero antrian² yg memperlambat saja,,,negatif,,
Disuruh upgrade terus hampir saben bulan seperti iki. Ketika wis diupgrade nanti isih muter lan error' utk buka aplikasi,negatif,,,,negatif
"Jelek, sering lemot, pembayaran mlebu suwe",negatif,,,negatif,
Wektu ndeleng lokasi aplikasi nya dadi metu sendiri. Nyuwun ing benerake,negatif,,,,
Ngelawak terus. Wis tinggal 1 menit. Malah langsung dadi 40 menit luwih. Tambah Server ngapa,,,negatif,,
kena apa saben arep tumbas jadwal ora tersedia terus 😭🙏🏻 sebelumnya aman aman aja lhohhh sawise nganyari error terus,,,negatif,,
"Aplikasi iki mendeteksi apliksi buatan aku sebagai warning, padahal aplikasi aku dipublish ing playstore resmi diantivirus aman, bahkan google pindai app aku uga aman. iki banget merugikan aku. rating aplikasi iki saja 2 kena apa bisa menilai aplikasi lain? tulung developernya mikir, jgn asal tuduh. apa parameter yg anda nganggo. jgn2 mung copy paste kode dari github. fokus saja padha produkmu",negatif,,,,
"apk aneh...bisa download ing ps, sawise terinstal ora bisa mlebu..ora ana akses internet..apk iki hanya bisa ing enggo karo akses wifi...kanggo penggunaan data ora akan pernah berhasil walaupun apk wis nganyari,jaringan apik,ora menggunakan vpn",negatif,,,,
"Tulung dong aplikasi nya ing maintenance maneh, percuma ana aplikasi yen ujung ujung nya rusak terus, gw arep pesen tiket ora bisa Terus, dadi yen emang ora niat bangun aplikasi mending ora perlu aja sekalian",,,negatif,,
"arep tumbas tiket suruh upgrade, giliran wis masukin data jarene datanya wis ana, terus gimana???? aku balik pesen tiket maneh ora bisa karena belom nganyari, aku masukin data maneh lan isih kaya gitu maneh, gitu aja terosss, ora beres banget ni apk suwe""",,,negatif,,
"wis ing updte nanging tambah apik malah gelas, antri wektune nanging ngurang malah nambah, 8 menit dadi setengah jam, wektune habis malah jadwal ora ing temukan. gimana sih",,,negatif,,
"CUSTOMER SERVICE ORA ING WA, TWITTER NGEBALASNYA DARI PAGI MENYANG PAGI MANEH. PADA TIDUR X YA SEMUANYA, HELLOOO ORA SEMUA MASYARAKAT SABEN DINA , HBGI KAI CHAT WA, DM IG/TWITTER NGANTI NGEBALAS SUWE AMAT. PELAYANAN KONYOL LAN ANEHNYA MANEH MANGSA CS ORA BISA NGECEK KURSI NOMOR BERAPA BERHADAPAN? PADA PEGANG SISTEM BISA2 NANTI HBGI MANEH 1JAM/ PULSA WIS HABIS 20RB HNY NGECEK SISTEM SING ANA ING DEPAN MATA CS. SALDO AKU ISIH ANA 4000 DISITU, BIAYA ADMIN TOPUP MAHAL. ERROR UGA TUH SISTEM MRKA",,,,,
Nganyari terus bknya tambah apik sistem tambah ruwet bkn tambah cpt utawa lainya malah tambah susah,negatif,,,,
Ora bisa dipesan... Selalu ana tulisan ora ana jadwal.. Error,,,negatif,,
Maneh maneh layanan pemerintah jika membuat aplikasi pasti ora pernah bener. Ana aja kekurangan sing meribetkan,,,,,
"aplikasi sering rusak, wektu arep pembayaran sering ngak bisa, tulung benerake aplikasinya",,,,negatif,
aplikasi kok minta ing nganyari terus. heran banget ana aja terus pembaharuan. Masak saben ganti event kudu nganyari terus pengguna. Sayah ah,,,,,negatif
"Tim IT kai gabut nih, kayaknya anyar ganti atasan utawa wis kakehan orang dadi akeh yg idle lan bikin kerjaan ora perlu. Wis apik padahal sebelum ana nganyari lancar2 aja saiki malah mlebu antrean dadi suwe banget kanggo pesannya. Emang kocak sih",,,negatif,,
Disuruh kanggo upgrade nanging pas wektu arep upgrade sistem rusak terus wis ganti email lan nomor telepon isih padha aja rusak,,,,,negatif
"Aplikasi terburuk dari KAI, tampilan OK, performa banget buruk cenderung burik!!! Aplikasi juancok!!! Rugi 1 dina hampir 1 juta. Gegara pesen Gambir metu Jatinegara!!! Menyebalkan...",,positif,negatif,,
"Aplikasinya payah kali sing saiki, beda padha sing versi suwe nya. Kanggo liat jadwal sepur api aja ora bisa, saben ing akses selalu bacaannya ""Jadwal Ora Ditemukan"". Sayah kali liatnya gitu terus. Padahal ana rencana lunga menyang suatu tempat naik sepur api, nanging kalok kayak gini ya payah uga arep menyesuaikan jadwal pribadi karo sepur api sing ana",,,negatif,,
Aplikasi iki skrg menyuru kowe kanggo ganti hp yg luwih tinggi speknya.sehingga ing hp kowe yg android sblmnya ora bisa dipakai LG..jgan yo bgitu yen pembaharuan aplikasi yg wajar2 aja..ORA semua kowe punya duit tuk ganti hp dgn spek yg tnggi.masak dhp kowe yg 1 LG aplikasi kai acces dh ORA bsa,negatif,,,,
"Pungkasan pungkasan iki aplikasi ora bisa ing acces. Padahal wis ing nganyari versi terbaru lan ora ana gangguan pada sinyal. Yg nampak hanya gambar hitam, ora bisa log in apalagi memesan tiket. Nyuwun bantuannya agar supaya masalah iki cepet ing atasi. Matur nuwun",negatif,,,,
"aplikasi rusak, akeh bgt bugnya. not rekomen kanggo pesen",negatif,,,,
"pesenan tiket timeout terus, dicoba terus dari 2 jam sebelum berangkat sampai 5 menit sebelum jadwal sepur berangkat, iki aplikasi wis siap apa durung sih sebenarnya kanggo mempermudah pelayanan ?. kacau ni",,,negatif,,
"Apk lemot, wektu pengisian saldo suwe sekali.",,,,negatif,
"aplikasi alon, respon lambat, tiket susah muncul, berantakan, kacau balau",negatif,,negatif,,
"aplikasi rusak melulu, pesen tiket, mlebu antrean suwe, sawise habis antrean, rusak terus.. percuma top up",,,negatif,,
Maaf nuwun bintang 2....aplikasinya iki bener-bener membatu nanging kudu sering ing nganyari...yen ngg ing nganyari ngg menyang buka aplikasinya,,,,,konflik
"Aplikasinya sampah banget🙏🏻sering error lan otp ora valid tulung ing benerake yaaa, soalnya salah satu masalah sing orang dadi malas naik sepur karena pesenan tiketnya aja ribet akeh kendala ing aplikasinya.",,,negatif,,negatif
"Hallo kak, kena apa aplikasi acces by kai, wektu dibuka metu sendiri, terimakasih minta solusinya kak",negatif,,,,
"bisa bisa nya anyar nganyari ing playstore trus user dipaksa nganyari, dikira semua hp pasti kompatibel padha app sing anyar? saiki malah gabisa dibuka. busuk banget",negatif,,,,
"Susah sekali dapet tiket kanggo lebaran,muter terus",,,negatif,,
"Lemot ing aplikasi. Petunjuk pelaksanaan pengisisian kai pay melalui atm mandiri jg salah. Sdh isi lewat mandiri jg tunggu 15menit, kalah padha pemabayran lain lgsg instan mlebu. Gini yen d yen urusan padha aplikasi pemerintah, kudu banyak2 sabar",,,,negatif,
Banget sulit ing gunajan minta ugrade gagal terus aplikasi apaan iki ora rekomen.,negatif,,,,
Selalu rusak lan gagal terus pesenan tiket wektu lebaran... Aneh sekali aplikasi nya... Nyuwun Cepet ing rubah sistem nya,,,negatif,,
"SLOW RESPON BGT KL DIMINTA TANGGUNG JAWAB. Wektu ngewar tiket mung dikasih beberapa menit tiba-tiba timeout. Posisi maneh payment eh wektune entek. Alhasil uang mlebu menyang kai, nanging tiketnya gaada. Wis laporan beberapa kali ora ana balasan. Ora ditindaklanjuti uga. Customer Service ora ana sing melayani berhari-dina alasannya akeh pesen mlebu yo, akeh email mlebu yo. Tulung kalian hati-hati guys, kai access susah dimintain tngg jwb👍",,,negatif,negatif,
Anyar 2 minggu yg lalu upgrade saiki sruh upgrade maneh...lan masalahnya ngeblok aplikasi langsung kalau ora d upgrade....aplikasi paling sering maksa upgrade,negatif,,,,
Hanya nunggu muter sajaa. Banget banget susah kanggo ing operasikan denga cepet,negatif,,,,
"Sejak ing perbaharui, ana fitur nunggu antrean. Bahkan wektu wis isi data penumpang, arep melanjutkan, error terus sampai ora dapat tiket. Error timeout yo, error doctype.html (kode html) yo. Bikin sengsara orang aja aplikasi nya. Developernya amatir, sekelas BUMN gede aplikasinya receh kaya gini.",,,negatif,,
Ing nganyari terus malah tambah ora cetha malah error terus.. Arep pesen tiket saja loadingnya suwe.. Isih bagusan aplikasi sing suwe... Sawise ing upgrade malah ora cetha... Wis loadingnya suwe sering error.!! Padahal ana seat kosong nanging ing pesen ora bisa.. Tulung ing benerake maneh aplikasinya aja asal kanggo lan ambil keuntungan saja ben pengguna ora sering kecewakecewa Mending ora perlu dibuat dari pada kanggo aplikasi Malah ora cetha mung ngambil keuntungan saja sing kanggo aplikasi iki,,,negatif,,
"ora bisa login maneh..ngefrooze aplikasinya notifnya ""access by kai ora menanggapi"" ing coba dari bulan januari 2025 gt trs smpe skrng",,,,,negatif
"Sawise nganyari terakhir, malah ora bisa memilih kota, kudu memilih stasiun, saben memilih kota muncul peringatan maaf sedang maintenance, lan iki wis berlangsung 2 dina lan durung ana perbaikan, notifikasi sing muncul pun ora bisa ing akses",,,negatif,,
"Rusak parah, ngelag muluu, lemot, pokoknya bikin ora penak aja",negatif,,,,
Arep pesen tiket kudu upgrade member basic .. Giliran arep daftar erorr terus ora bisa2 pdahal data sdah benar.. Tulung dong ing benerake biat makin gampang aksesnya,,,,,negatif
jelek banget aplikasi nya mangsa pas bagian arep metu kga muncul tiketnya endi sering rusak,,,negatif,,
"pesen sepur lokal aku pilih byr lewat qris, ketika unduh qris selalu time out, ora hanya sekali, saben minggu sy pesen ketika unduh qris selalu time out, alhasil saben minggu ora pernah dpt tiket, tulung benerake, thx",,,,negatif,
Mangsa saben buka apk iki kudu nganyari terus jir. Bikin apk yg bener kek.,negatif,,,,
"Aplikasi samp*h, gini amat aplikasi buatan pemerintah, mangsa gangguan terus kocak wkwkwk",negatif,,,,
"Wis ing nganyari, bayar nganggo Qris.Kai Pay. something error . kudu brp mandays kanggo benerinnya ya..?? Menurut aku, Superapss sekelas iki sebaiknya cari vendor sing Ahli dibidangnya, sering error terus. BAD SUPERAPPS 👎",,,,negatif,
"Aplikasi paling payah, kirim kode otp sj lemot lan gagal terus,kalah padha aplikasi pinjol",,,,,negatif
"Maintenance terus, tp server masihh sering down. Arep tumbas tiket kanggo plg, emergency jd ora bisa. Gmn sih",negatif,,negatif,,
"Lemot bgt, sinyal aman penyimpanan aman apk nya lemot bgt aku wis punya akun disini giliran ing login ora bisa mlebu, nyusahin bgt",negatif,,,,negatif
"Aplikasi ora cetha , pembayaran gagal terus , wis nganggo wifi nanging ana peringatan ora ana jaringan , top up menyang apk malah disuruh nunggu 15 mnt wis ditunggu ora masuk2 dananya , tulung ing benerake karo baik sistem pelayanan nya",,,,negatif,
"ribet gajelas akeh masalah akeh error ,nanging mempermudah malah mempersulit 👎",negatif,,,,
"Arep tumbas tiket kudu ngulang 7x input data, tgl, kursi, lan jam keberangkatan,.... Dibagian pendaftaran Shopee pay error terus. Muter ora mari mari. Sepertinya server ana ing Antartika sana lan ora ana sinyal... Sy nganggo koneksi internet up to 200 Mbps, yg lain lain sat se...",,,,,
Aplikasi rusak knapa ora ing benerin?,negatif,,,,
"Ana saja trouble nya... Pesen tiket rusak, next wis bisa ganti pembayaran nya sing rusak.. Top up tiba2 kepotong 3rb pdhl g ana info pemotonganNya brpa. Wis ing belain pesen wengi dini dina trouble bisa g tidur 2 jam mung klik g bisa2, intinya saben mlebu aplikasi iki siap2 aja dadi dongkol terus",,,negatif,negatif,
"Jelek banget sengaja ing uninstal karna muter"" trs aku arep tumbas tiket woosh, skrg ing download ulang malah saben kode ing masukin ora bisa bisa gimana si!!!",,,negatif,,
"Fitur scan ing android nge bug ora bisa digunakan, pas arep nganggo, selalu mental aplikasi nya , aplikasi jelek!!! Gimana iki developer nya woy",,,negatif,,
"tulung dong KAI kanggo jadwal commuter line nya benerake khususnya jam wengi, bisa delay nganti setengah jam luwih gatau pas maneh ana acara dadi hancur deadline nya",,,negatif,,
"Hiks kecewa banget, aplikasi anyar diperbarui, dah bergadang kanggo tiket lebaran, error terus kanggo semua tanggal, nanti ujung² nya habis semua, tahun lalh walaupun maneh war ora ana tu error, nanging oasti semua jadwal tertera lan pasti cetha kanggo tiket habis nya",,,negatif,,
"Pelayanan KAI sing banget baik terhapus oleh aplikasi sampah iki sawise ing nganyari versi terbaru Mei 2024. Ora berniat ana improvement apps nya apa PT.KAI ? Apps sering hang, lan history refund ora ana maneh hadeh, amatir sekali developer apps BUMN iki.",negatif,,,negatif,
Aplikasi nya wis ing acces metu mlebu sendiri aneh,negatif,,,,
"Ing nganyari malah sansaya buruk saja, mlebu daftar antrean malah cm bolak balik wektu tunggu nya, giliran mlebu tiket wis ora ana,ora ana jadwal.parah parah,,, banget mengecewakan",,,negatif,,
"Kecewa berat. Wis dipantengin smp begadang tp tiket ora muncul walaupun terus dipantau, sekalinya muncul pasti wis habis akhirnya kudu milih jadwal lain. Milih jadwal lain ribet dipembayaran, pakek qris ora bisa, ana warning terus apalah apalah. Dikit² nganyari lg apk, iy kl makin baik, iki malah bikin kesel. Males bgt",negatif,,negatif,negatif,
sawise ing nganyari malah bad gateway terus,negatif,,,,
Coba min tulung nganyari nya yg cetha.. tadi2 isih sisa kursi nya isih ana 2 utawa 3 giliran aku pesen ko tiba2 habis.. endi lemot banget jaringan wifi aku wis apik.. data aku uga wis apik.. hemmzz ing benerake maneh yo min...,,,negatif,,
"Tumbas tiket ekonomi susah banget,padahal tumbas tengah wengi,aku coba berulang kali tetap ora bisa.. Nyuwun perhatiannya kai acces. Aplikasinya ing maintenance.",,,negatif,,
Kena apa selalu diupgrade sedangkan login nya dipersusah selalu troble apk nya Saran ya nuwun apk sing gampang dibukak ora perlu uprage saben minggu kasian orng yg wis tua durung tentu bisa semua,negatif,,,,negatif
"Bapak/ibu pengembang app iki!!! Tulung didengar kalau wis akeh sing mengeluh kuwi ya langsung ing benerake apa sing dadi keluhan terbanyak dari aplikasi iki. Aku ora perlu menulis maneh apa sing dadi kendala aku terhadap app iki, karena kakehan kendala sing aku alami padha kaya teman-teman sing wis mengeluh karo app iki. TULUNG CEPET DITINDAKLANJUTI",negatif,negatif,negatif,negatif,negatif
Mangsa gagal terus arep aktivasi nya..tulung yo ing benerake maneh,,,,,negatif
"Apk sampah,ngupdate terus sing diupdate ora berguna,infokan it nya saha",negatif,,,,
"1)Perlu ditambahkan fitur pengaduan kanggo nggampangake pengguna jero menyampaikan keluhan lan rata2 aplikasi layanan wis memiliki fitur tersebut 2) melakukan beberapa perbaikan terhadap bugs yg ana jero aplikasi seperti pendaftaran mapclub, tampilan page tiket aku yg suka error, dll 3) menambahkan e wallet seperti gopay, linkaja dll 4) menambahkan fitur maps sepur api karo memanfaatkan gps jika memungkinkan sehingga user bisa memonitor posisi utawa lokasi sepur api wis dimana",,negatif,negatif,negatif,
"aplikasinya mantap. nyuwun diperhatikan kanggo perbaikan: 1. wektu pembayaran suwe 2. wektu KA delay, record boarding pass hilang",positif,,negatif,negatif,
"Aplikasi super lemot dikit-dikit error kudu ulang dari awal maneh, itupun pencarian tiket sing tadinya ana dadi ora ana",negatif,,negatif,,
Luwih gampang kai yg suwe hrusnya klau wis nganyari luwih baik tpi iki mengecewakan sering time out.. aps uga ora lancar wektu pesenan tiket.. Wektu pembayaran lewat m banking aja terlalu sedikit batas wektune jdi cpet kadaluwarsa.. isi saldo kaipay uga suwe mlebune..,negatif,,negatif,negatif,
iki aplikasi kena apa kaga bisa mlebu...aneh bgt. mung info aplikasi macet 😤😤😤,negatif,,,,
Aplikasi sering error lan nge lag. Endi nganggo sistem antri2 an lan dah nunggu suwe tiket malah habis. bikin orang kesel. Aplikasi tumbas tiket lain jd diwatesi akses nya bahkan bisa tiket ora dijual disana. Jangan2 ana permainan orang dalem padha calo2. Sesekali butuh diaudit nih KAI ben ora pd KORUPSI,negatif,,negatif,,
Aplikasi taik ora becus ora bener arep mesen aja susahnya minta ampun ora bisa bisa nganti berhari dina rusak terus ntah apa aja errornya ora perlu kanggo aplikasi kalau ora bisa mending tidur,,,negatif,,
Ko aplikasinya b*b* ya error sih saben dina,negatif,,,,
"ketinggalan sepur gara"" servernya bermasalah😮‍💨",negatif,,,,
gatau kenpa kesel aja gitu pke aplikasi nge stuck trus padahal aku anyar top up in sengaja ing aplikasi ben luwih cepet lan praktis eh pas aku buka aplikasi lemot nya minta ampun padahal gada informasi maintenance yaa minimal yen maneh ana maintenance tu infokan ben kitaa dari jauh jauh gabklan pesen tiket by aplikasi mnding of aja yen gitu lwbih enak nganggo flez utawa e-money dll,negatif,,,,
"Iki gimana sih aplikasinya, suruh upgrade giliran wis d upgrade ana notifikasi email& phone already exist 😪😪",,,,,negatif
"Grafis wis wis apik, nanging kena apa seriiingg banget nganyari. Plis aja kakehan nganyari yen isih sering lemot lan error!",,positif,,,negatif
"Evaluasi aplikasinya, semenjak ing nganyari access by kai, luwih sering error & muter nya suwe bangett. Sering muncul kode error. Apalagi kalau wektu war muncul ora bisa pesen karna wis luwih dari 15 kali, padahal user bolak balik pesen ya karna ing halaman tertentu aplikasi stuck, shg user terpaksa membatalkan, sawise kuwi akun kowe ora dpt dignkn tumbas tiket seharian, menyusahkan sekali, padahal sistem yg error. Lalu sering jg tiket sukses dibayar lan uang terdebit, nanging tiket tdk mncul",negatif,,negatif,,
"aplikasi jelek, tiba2 reset sendiri, giliran ing lupa password otp ora muncul, aplikasi katrok",negatif,,,,negatif
Koq dadi sedikit nganyari... Padahal sebelumnya ora ana masalah,konflik,,,,
"Saran aku KAI gausa gaya²an nganyari kai access dah, akeh ngebug nya saiki jadwal sering kosong, muter suwe, request time out terus, stuck ing halaman data penumpang terus, wektu wis bisa menyang menu pilih kursi logout sendiri lol.. yen d website ora bisa ambil 2jam sebelum keberangkatan hhhh",negatif,,negatif,,
"Kok bisa aneh gini ya 🤦‍♂️ 🤦‍♂️ Tiba-tiba ana pemberitahuan bahwa akun anda telah kadaluwarsa kok bisa gitu?. Tulung pihak KAI accses sing menangani bagian aplikasi yen bikin aplikasi tuh aja sing ber tele-tele, pikirin kenyamanan konsumen. Yen bener-bener ORA NIAT Bikin Aplikasi mending ORA PERLU KANGGO SEKALIAN ❗❗ kerjaannya pembaruan, Dikit-dikit pembaruan malah amburadul. Situ niat Ora Sih Bikin Aplikasi 😤 😤",negatif,,,,negatif
"Skarang minimal versi kudu android 8,akeh lansia nganggo hp android d bawah kuwi susah ora bisa ing akses, harusnya apps penting bgini minimal android 5 wis kuwi paling rendah...... wis cara oembayaran Qris kadang2 erorr d wektu mepet",negatif,,,negatif,
"Aplikasi sebelumnya baik2 saja lan aman2 saja, nanging sawise ing nganyari malah dadi ora bisa ing buka aplikasinya malah suruh nganggo perangkat hp yg lain..",negatif,,,,
"selalu ana masalah wektu pembayaran tiket, lan selalu rusak, ayolah KAI, ing maintenance maneh apk nya pliss, jujur iki wis sering bngt kejadian , akhirnya ujung2 nya kehabisan tiket , Karne bolak balik log in",negatif,,,negatif,
"Aplikasi sering down, ora normal, ora cetha, PHP terus, waiting list suwe tp jadwal ora muncul muncul jugaaa, alhasil sawise repeat berulang lan jadwal muncul ora bisa pesen, error terus arep loncat kebtahap pilih kursi, entek kuwi metu kn yaa tp arep mlebu maneh jarene wis transakni berulang dadi ora bisa pesen lagii, woyyy wektu ku dipermainkan yaaa, belom uga kelas pesen kok wis dianggep kessringan pesen, aplikasi ane aja yg ora cetha woyyy, Benerake donk, AKUN besar kok gini masian, kecewa ahhhh",negatif,,negatif,,
"Aplikasi jelek. Wektu akan melakukan pembayaran, diharuskan nganggo ewallet kanggo sepur lokal, kemudian pop up muncul terjadi kesalahan. Wektu cek tiket, nunggu pembayaran. Hanya ana opsi batalkan pesanan utawa bali menyang home. Akan luwih baik diberikan opsi bayar karo transfer bank seperti sepur antar kota kanggo nggampangake costumer.",,,negatif,negatif,
"Saiki kok aplikasinya dadi gini ya? Sering metu sendiri lan ketika mlebu akun lamanya minta ampun, selalu salah password lan ketika meminta kode OTP pun ora muncul², sayang banget padahal diawal² apik banget aplikasi iki, nanging skrng malah kaya gini muga-muga secepatnya benerake ya🙌",negatif,,,,negatif
APLIKASINYA LEMOOOOOT. KANGGO BAYAR NGANGGO E-WALLET SUSAH. YEN KAGA SIAP ORA PERLU NGIDE BIKIN APPS SENDIRI.,negatif,,,negatif,
"Aplikasi akeh bug lan aplikasi susah jaringan ampas, sekelas BUMN bikin data server aja jelek bgt lemot aplikasinya lan butuh sinyal sing kuat sedangkan kebutuhan kudu serba online tumbas tiketnya. Menyulitkan bangsul",negatif,,,,
"balikin menyang awal aja apk nya sering nganyari tp serig bug uga lol, mangsa awal topup kai pay 40rb tp saldo yg mlebu cmn 34rb giliran topup maneh saldo tetep ora mlebu pdhl dah direfresh. trs saldo ygbaru topup ni mlebu kemana??? mo bayar nganggo qris jg gabisa, barcodenya ora metu. anehhhhhhh!",negatif,,,negatif,
Kena apa saiki yen buka apk kudu login maneh sih ? Endi error² terus yen arep login 😌,,,,,negatif
"Merasa kehilangan... sampai berapa suwe aplikasi iki jero.perbaikan? wis bisa dibuka aplikasinya, trimakasih...",netral,,,,
"Usaha maneh ya developer, malu ngerti kanggo aplikasi kok akeh ora bisa nya, usaha dikit yo, ganti nomor telepon ora bisa, nomor telepon kai acces ora semua telkomsel, link aja kudu nganggo nkmor telkomsel, pinter dikit gitu lho, 6 bulan lalu bisa digunakan, wektu pembayaran nomor telepon bisa diedit, kok saiki enggak, malu yo maluuu, baca baca maneh kritikan orang orang, aja nutup mata gitu lho! Sekali maneh buang uang kanggo inovasi ora bernilai!",,,,,konflik
"[nganyari] +2 ⭐ kanggo pelayanan sing makin baik. Applikasi aja sering2 nganyari sing sepele. Terlalu sering nganyari uga cukup mengganggu wektu arep nganggo app. kalau bisa opsi nganyari bisa ditunda, dadi ora kudu langsung nganyari",negatif,,,,
Servernya lemottt bgt. Arep reschedule aja susahhh dann lamaaa poll,,,negatif,,
"aplikasinya rusak, ora bisa pesen tiket lokal",,,negatif,,
"kena apa saben pesen tiket selalu error?? kalau ora gitu, kadhang engga muncul. jadinya, suka telat lan kehabisan tiket. padahal wis begadang tengah malem kanggo war. saiki uga maneh error, ana tulisan 'kadaluarsa, tiket wis habis'. padahal tiketnya kanggo satu minggu maneh, bukan sing besok bangett. kecewa sih jujur padha nih aplikasi",,,negatif,,
Pertama boking ora bisa² terus error pas balik menyang aplikasi tiket wis habis kecewa banget,,,negatif,,
"Seharusnya iki ap KAI Access aja terlalu akeh nganyari pembaruan ora semua pengguna Hp Android nganggo hp terbaru isih akeh nganggo hp Android suwe mentok ing Internal Ram, lan akeh fitur ribet lan iklan ora cetha, nyuwun ing rombak maneh seperti dulu, aja Menyusahkan",negatif,,,,
Coba tulung admin nya luwih grecep maneh saben ngak pernah ing nganggo selalu muncul awal terus yen emang ngak bisa ngak perlu nganggo aplikasi mempersulit aja,negatif,,,,
Knp sih sawise ing nganyari aplikasi access KIA ora bisa ing buka aku unsintal nyoba ing download maneh padha ora bisa ing buka,negatif,,,,
Iki aplikasi gimana malah rusak ora bisa akses nyebelin bgt sih pemberitahuan uga ora ana yen lg berkendala,negatif,,,,
"Akses kanggo pesen muter² terua padahal wis daftar dadi akun basic nanging malah metu sendiri, diulang² tetap ora bisa",,,negatif,,
"Nyuwun maaf aku nuwun 2 bintang Soalnya agak mengecewakan saben aku arep pesen tikett kadhang server rusak terus lan bikin aku kehabisan tikett gara"" server rusak lan troubel"" lainya. Bahkan ngecek tiketpun kadhang ora bisa lan akun sering logout"" sendirii. Nyuwun kanggo pihak KAI kanggo luwih meningkatkan maneh kualitasnya demi kenyamanan pelanggan, terimakasih🙏",negatif,,negatif,,
"Sawise nganyari aplikasinya malah sering masalah, wis akeh komplenan isih aja padha kendalanya, terus terus berulang, mending balikin aja menyang versi sing suwe, versi iki sulit login, pembayaran sering masalah, sering banget metu sendiri, login google ilang, bayar kudu nganggo wektu jawa, alah ribett",negatif,,,negatif,negatif
"Jelek banget, ngedown pas tinggal pilih kursi. Yen ing apps tulisannya nunggu 30 menit kanggo antri, padahal nunggu sejam luwih",,,negatif,,
"Kudu antre, akses diwatesi oleh timer, sering notif error, notif timeout, notif sibuk, notif sesi habis, lan akeh maneh sampah lainnya. Intinya iki system yg banget menjengkelkan",,,negatif,,
"Pas buka aplikasinya muter suwe banget, pas arep bayar uga suwe banget. Parah ora bisa ing nganggo kalau maneh buru""",negatif,,,negatif,
"Arep boking tiket rusak terus, sinyal wis apik, kuota full, herann",,,negatif,,
"Banget susah pesen tiket, wis nunggu jam 00.00, giliran klik bayar muter suwe lan akhirnya time out. Aku coba maneh beberapa kali seperti kuwi, lan akhirnya kursi habis",,,,negatif,
Makin ora jelass.. sering error sinyal.pesen tiket error muluuu 2 jam ngeklik ora bisa bisaa.. wis pesen tinggal pembayaran error terus... ayolah KAI ... aku tahu kenyamanan ing KAI kuwi enak.. nanging kalau masalah pesenan tiket online keseringan error terus.. orang pasti bakalan pilih transportasi umum lain sing luwih gampang cara pesenan nya..,,,negatif,,
"Anyar nganyari, besoknya nganyari, saben buka nganyari _-",negatif,,,,
"Saiki lemot kebanyak fitur, tulung dibikin simpel aja yg penting bisa sat set sat set",,negatif,,,
Pesen kanggo admin KAI ACCES ! iki aplikasinya kok gini ya min ! Arep DAFTAR kek member basic tetep aja ora bisa ! Padahal wis cocok ! Tulung ing benerake maneh ben kowe bisa menggunakan aplikasi iki ! Lan kadhang sering rusak ! Tulung ing benerake maneh min !,negatif,,,,negatif
"Heran stand by tumbas tiket dari jam 12 malem nganti jam 3 loh metu mlebu antri doang. Wis ngisi data penumpang selalu muter nganti timeout bolak balik antri, wis lancar malah tiket habis. Aplikasi ora cetha, tulung dong benerake mangsa bolak balik antri berjam jam mung nganti isi data penumpang doang ora muter sih",,,negatif,,
kena apa ya iki pemerintah cari server ora pernah apik. bagusnya dari endi coba. aku aplikasi ganti password login . ora bisa login2 masak nunggu 1 jam anyar login. yok opo si niat open sepur api opo gmn. revisi yo aplikasi setidak e mbok penak tuku server. aja ing minimin anggaran kanggo tiket onlinenya,,,,,negatif
"Ora bisa ing upgrade, aplikasi ora kompatibel karo perangkat aku, mangsa iya sih aku kudu dipaksa tumbas hp anyar demi bisa naik sepur, nyuwun kebijakan nya, aku iki sering nganggo sepur api kalau metu kota, skrg jd terkendala ,,",negatif,,,,
