content,Performa,Tampilan,Tiket,Pembayaran,Akun
Mudah diakses setiap saatj,positif,,,,
Lumayan banyak perubahan menjadi lebih mudah,,positif,,,
lebih cepat dan nyaman.,positif,,,,
Loading cepet. Simple cara pakainya. Mudah difahami. Tiket ny cukup scan barcode juga bisa.,positif,positif,positif,,
"Update-nya memang bagus dalam segi tampilan, tapi mobilisasinya jadi melambat. Pembayaran via e-wallet lama loading. Baru-baru ini di halaman untuk booking tiket juga lama, kadang gagal dan harus keluar-masuk apps biar tiketnya bisa 'nyangkut'.",negatif,positif,negatif,negatif,
"Aplikasi yang bagus, mudah di gunakan",positif,,,,
Mantap sekarang kita bisa melihat live tracking di aplikasi,,positif,,,
"Aplikasi ini mengalami perubahan semakin baik. Memudahkan dalam pencarian, lihat jadwal dan pesan tiket",,,positif,,
sangat lebih gampang dlm pemesan tiket ka👍👍👍💗,,,positif,,
"Untuk pesen tiket udah oke, cuma saya kecewanya topup saldo kaipay tapi ngga masuk masuk sudah 4 hari. Udah komplen lewat dm, email tapi belum jelas itu saldo kaipay juga belum bertambah. Tolong lah min di perbaiki lagi, dan untuk pembayaran e waletnya jga, jangan cuma 2 aja, mana dua duanya aplikasi yg ratingnya kurang bagus🤦🏼‍♀️ Saya perbaiki bintangnya kalo saldo yang saya topup udah berhasil kembali ke saldo kaipay.",negatif,,positif,negatif,
Sangat puas dengan aplikasi KAI memudahkan pemesanan tiket alat tranformasi jadi LBH mdh & praktis dimanapun berada terima ksh access by KAI,positif,,positif,,
"Gampang buat pembelian tiket,tidak harus mengantri",,,positif,,
Access by KAI ini aplikasi yg sangat membantu saya dalam mobilitas pergi ke luar kota dengan kereta. Sangat mudah cara memesannya dan mudah cara pembayarannya.,,positif,,positif,
Sangat membantu dalam pemesanan dan berbagi informasi.,,positif,,,
"Booking susah... Setiap hari dibatasi untuk pembelian tiket... sudah nunggu sampe jam 12 malam loading lama... Ehh udah bisa ternyata JATAH hari ini udah penuh... Padahal baru jam 00:01....Sumpah capek"" Nunggu nggak ada hasil.... Mending nggak usah ada aplikasi deh... Nggak guna juga",negatif,,negatif,,
"Dear KAI, tolong lah di perbaiki kembali. Setelah permintaan upgrade bukannya lancar malah loading terus. Mau pake data atau WiFi sama aja loading terus alias lelet.",negatif,,,,
"penurunan kualitas aplikasi, kebanyakan mafia calo kah? udah ditahap mau pembayaran malah ngebleng layar putih, tau² waktu abis dan no seat",negatif,,,,
"Aku top up KAI paynya, pengiriman sukses tapi blm ada laporan masuknya di KAI. Saldonya masih nolll pdhal katanya tunggu 15mnit, udh sejam lebih😂. Apa duitnya hangus???🙂 Untung kgk banyak aku top up. Sarannya sih klo top up langsung set masuk, GK perlu nunggu 15mnit atau lebih, dan paling penting semoga kedepannya apknya kgk eror atau lemot😭",negatif,,,negatif,
Tolong dibenahi lagi dong aplikasinya tiap mau beli tiket error Mulu kalo ga gitu waktu nya abis terus pas Uda di tahap akhir ga bisa pakai metode debit/kredit padahal no kartu dan masa berlaku kartu Uda bener dan sesuai tapi tetap ga bisa. Bener2 aplikasi ribet,negatif,,negatif,negatif,
"Kenapa yah aplikasi Kai access sekarang ribet pake menunggu antrian lama, gak bisa langsung masuk pilihan kereta dan eror sistem juga waktu antrian bukanya berkurang malah nambah, mohon segera diperbaiki sistem aplikasinya,..",negatif,,negatif,,
"Aplikasi ga berguna, kenapa setiap kali pesan tiket menjelang lebaran selalu susah ga bisa di akses padahal nunggunya antrin nya sampai satu jam lebih tapi ga bisa juga. Jadi males gue mau menggunakan aplikasi lagi...!!!",negatif,,negatif,,
"sedikit kecewa, tiket kereta api lokal sering kali error, tiket ke tujuan di tampilan awal habis tapi ketika pilih transit lalu di lanjutkan lagi tiketnya ada. Saya nggak akan komplain ketika nomor tempat duduk berbeda tpi ini tempat duduk dan gerbong sama di kereta yang sama (nomor kereta) dan tanggal keberangkatannya sama. Mohon untuk ditingkatkan lagi efektivitas aplikasinya. Terima kasih",,negatif,negatif,,
Selalu minta update kalau enggak ya gak bisa akses aplikasinya,negatif,,,,
Sekarang jadi sulit banget pesan tiket pakek aplikasi nya harus upgrade terus dan gagal terus.. Padahal datanya dh sesuai semua. Aplikasi semakin error,negatif,,negatif,,
"kenapa sekarang KAI jadi aplikasi sampah. pesen tiket selalu jadwal tdk ditemukan, giliran sdh ada jadwal setiap pembayaran selalu blank. sdh nyoba berkali² tetep blank!!!! kalau sdh blank cm ada pilihan batal pemesanan atau balik ke home!",negatif,,negatif,negatif,
"Halo,tolong jangan di update terus ya saya mau pesan tiket jadi susah karena memori yang tidak mencukupi untuk update.",,,,,
"KENAPA APLIKASINYA EROR DEHHH... VERIFIKASI MEMBER BASIC SULIT SEKALI, PADAHAL SEMUANYA SESUAI BAIK NOMOR TELPON DAN EMAIL.",negatif,,,,negatif
Aplikasi Sangat Buruk... Banyak sekali masalahnya mulai dari pengiriman Kode OTP dan Pemesanan tiket tidak berjalan Optimal sangat lambat dan tidak berhasil.,negatif,,negatif,,negatif
"Ketika War tiket tengah malam kenapa malah aplikasi eror, kadang baru bisa jam setengah 1 atau jam 1, parahhhh",negatif,,negatif,,
Keren ni apk udah war tiket 4malem hasil zonk setiap beres ngisi data diri terus tekan lanjutkan pasti selalu timeout padahal tahun tahun kemarin aman aman aja zzzz,negatif,,negatif,,
"Tolong lah ini bukan aplikasi kmaren sore,, ini termasuk app yg sdh lama.. Masa pengembangan nya sperti ga niat,, ga ada modal lah KAI? Koneksi internet oke, menu railfood dan tiket saya ga bisa dibuka.. Kocak KAI..",negatif,,negatif,,
"Ga guna, berulang kali gangguan terus. Bener-bener di persulit org mau pulang. Pas udh berhasil war tiket tiba-tiba payment nya yg di persulit dan eror berulang kali, aplikasi pemerintah kok ancur gini",negatif,,,negatif,
ga bisa pesen tiket sama sekali kalo belum update,negatif,,negatif,,
"aplikasi nya makin kesini makin mengecewakan, untuk pemesanan tiket sulit server sering down padahal wifi dan kuota saya lancar. kadang di aplikasi tiket tersedia tapi saat ingin di pesan malah tidak bisa. Tolong diperbaiki lagi",negatif,,negatif,,
"Makin Diupdate makin banyak Bug nya, parahh, mau masuk akun aja, failed request data terus, kocak"", sekarang plus 00.00 buat beli tiket ga muncul sampai 00.08 baru keluar tiba"" tiket udh habis, pliss lah niat ga sih bikin apk, fitur aja ditambah""i, tapi yg bener"" dibutuhin dan inti aplikasi malah ga berkerja dengan baik, minimal ngotak, pliss ini KAI Ascess gimana, mana udh 2 kali lagi udh bayar ternyata tiket ga keluar siall siall",negatif,,negatif,negatif,negatif
"Tolong dong pihak KAI benerin server nya, setiap beli tiket lebaran susah di akses ini aplikasi. Buat bikin aplikasi mahal tapi bikin susah pengguna kereta api ketika mau pesan tiket kereta lebaran, giliran beli tiket di oknum tertentu tiket masih ada padahal diaplikasi KAI access tertera habis. Kenapa bisa begitu.",negatif,,negatif,,
"Mau bayar g bisa, timeout terus, dipake nyari kereta aja lemot, ubah metode pembayaran malah balik ke halaman utama, liat tiket yang masih proses pembayaran gagal load terus, gapaham dah pake nama access tapi aksesnya susah",negatif,,negatif,negatif,
"Aplikasinya nyusahin bnged bro, mau pesen tiket sistemnya eror Mulu, jelek BNGED pelayanan aplikasi Muak bnged",negatif,,negatif,,
"Sumpah KAI access kek eek, masa iya akunku terkeluar sendiri padahal mau beli tiket, tolong ya ditingkatin lagi ini kualitas aplikasinya!!!!",negatif,,negatif,,
"Setelah update bulan Desember, pembayaran lewat OVO menjadi tidak bisa (sebelumnya bisa). Sekarang jadi muncul ""Ups! Terjadi Kesalahan, tidak dapat menghubungkan, pengguna sudah terhubung"", gimana ini min? sebelum update OVO lancar. Tolong min secepatnya diperbaiki.. mau mudik ni..",negatif,,,negatif,
"Tolong untuk software developer untuk di upgrade lagi server dan systemnya. Soalnya benar2 ngelag parah kadang ngebug kadang untuk update saldo kaipay maupun KMT itu susah banget. Tolong diperbaiki lagii untuk kelancaran konsumen. TOLONG DAN MOHON DIPERBAIKI SERVER, SYSTEM DAN JARINGANNYA.",negatif,,,negatif,
"Kalau mau pembaruan sistem jangan di jam operasional susah untuk user mau beli tiket krl,dan juga kebiasaan log out sendiri emang paling taik bat ni aplkkasi busuk.",negatif,,negatif,,
"1. Sistem antrian ga sesuai waktu yang tampil di aplikasi. 2. Antrian sudah selesai tiket tidak di temukan, 3. Antri masuk lagi sampai berkali-kali 4. Pembayaran sering gagal 5. Mau bayar, Tiba-tiba aplikasi mulai dari menu utama. 6. Ngabisin waktu, quota, tenaga, harapan.",negatif,,negatif,negatif,
"Untuk pemesanan tiket masih lumayan, tapi giliran pembatalan maupun ganti jadwal biaya yg dipotong lumayan banyak, giliran nunggu seminggu (menurut peraturan kai per juni 2024) klaim refound uang pembatalan yg seharusnya sudah di proses tiba2 balik lagi ke sedang pengajuan, apk nya error atau gimana ?",negatif,,konflik,,
Pesen tiket lokal GK bisa.. sering eror tapi kalo pesen tiket antar kota yg harganya mahal langsung bisa.. 🤣🤣🤣🤣,negatif,,negatif,,
Plat merah aplikasinya kenapa sih ga pernah berguna,,,,,
Server tidak mendukung untuk pemesanan tiket yang mengakibatkan gagal melakukan pembayaran dan harus mengulang dari awal untuk pesan tiket. Aplikasi jadi lemot parah dan history tiket tidak keluar. Sekelas BUMN tapi server untuk aplikasi tidak diperbaiki. Parah,negatif,,negatif,negatif,
"Setelah update malah banyak error ini, mau bayar biasa make ovo udh terhubung juga gk bisa",negatif,,,negatif,
"Setelah di-update ,bukanya mlah gmpang, tpi mlah lemot data sudah lengkap tinggal klik pembayaran kenapa slalu kadaluarsa, tolong diperbaiki",negatif,,,negatif,
"Tolong diperbaiki aplikasinya sering auto logout, padahal udh top up udah masuk tiba tiba ilang saldonya, gimana tuh. Perbaiki",negatif,,,negatif,
sudah tau banyak yang akses pembelian tiket mudik. malah nggak di perbesar kapasitas server nya. jadinya susah di akses. sudah hampir 3 jam proses pemesanan tiket tapi nggak bisa-bisa.,negatif,,negatif,,
"APLIKASI PAYAH! lelet, error², udah mau bayar tiba² gaada tanda bayar, waktu habis gitu² aja terus. mending gausah sosoan pake aplikasi²an dah",negatif,,,negatif,
"Belum kepake udah kepotong, terus mau pesen tiket krl aja ga bisa, sama kalo mau update kereta aja lemot banget",negatif,,negatif,negatif,
"wkwk bagian schedulingnya molor, gak bisa bikin schedule harian sampe bulan depan, konyol sekelas aplikasi pemerintah",,,,,
"Sy sempat tertahan 1 jam ..gara"" tiket gate out tidak muncul...kalau maintenance server waktunya yg tepat gitu lo...jangan jam sibuk pesan tiket,malah eror..... LOLA",negatif,,negatif,,
"Malah tambah ribet pakek aplikasi baru ini harus upgrade data segala dulu mudah data yang ada udah terdaftar langsung gak harus upgrade"" segala pas di upgrade malah gak masuk"" males pakek kai mending Naing bus aja langsung stop di pingging jln.....",negatif,,,,konflik
"diupgrade bukannya makin bener, malah makin ngadii",,,,,
aplikasi gajelas mau mesen kereta malah ngebag mulu susah mau di upgrade juga dan tolong aplikasi ini selalu ngebag,negatif,,,,
"Udah beli tiket, saldo kepotong eh gangguan gabisa di buka tiketnya loading terus padahal jaringan bagus, pake wifi juga tetep, mana belum di screenshot lagi. Benerin lah app nya meresahkan!! Terbukti aplikasinya tidak layak bintang 2,1 padahal ini aplikasi untuk masyarakat. Meresahkan!!",negatif,,negatif,negatif,
Aplikasi suka eror. Tiap mau pesan tiket ka lokal sering eror di tahap data penumpang. sy sampai unistall aplikasi tetep eror. Tolong segera perbaiki aplikasi,negatif,,negatif,,
"Saya klik untuk memilih jadwal boarding malah disuruh harus daftar member basic/premium. Setelah daftar ke salah satu member tsb, sudah isi lengkap identitas dg benar, tombol lanjutkan gabisa di klik dan gabisa pindah ke langkah selanjutnya. Applikasi yang mempersulit, kembalikan applikasi yang lama saja lebih mudah",,,negatif,,
Bagus untuk pemesanan tiket. Tapi apk lambat merespon ketika pesan makanan. Metode bayar gak lengkap. Apk gagal merespon auto gagal pesan makanan. Pilihannya makanan juga terbatas dan mahal² Dicoba berkali2 pun gagal. Padahal koneksi internet sya lumayan bagus stabil buat jalanin apk lain lancar. Tlong perbaiki lagi,negatif,,positif,negatif,
"Ini mau ganti tampilan aja, dipaksa update utk buka aplikasinya. Lah HP kita masih jadul, jd ga bs lagi buka aplikasi, bisa ngga sih develop aplikasi biar simpel tapi bagus Terpaksa orang beli lewat ecommerce, memperkaya ""calo"" versi digital (dimana harga lebih mahal)",negatif,,,,
"Bug, ga bisa pesan tiket pulang pergi sekaligus",negatif,,negatif,,
"sering time out, makin di update makin sampah",negatif,,,,
"Keluar aplikasi langsung mulai dari awal, daftar ulang akun kaya bot, harus email dan nomor tlpn tidak terdaftar malah sudah terdaftar",negatif,,,,negatif
"apk lemottt. apalahhhh setiap beli tiket KA selalu timeout berkali2 ada kali 30menit lebih, hadehhhh perbaiki lagi lah sistem nya",negatif,,negatif,,
"untuk ka lokal kok jadi sering bugs,tidak ada jadwal padahal aslinya kereta nya tersedia Tolong perbaiki lagi min",negatif,,negatif,,
Ini kenapa setelah di update.yang bisa di gunakan adalah kartu Axis.padahal sebelumnya enggak.mohon kepada admin agar di perbaiki,,,,,
"disuruh update muluk. bingung dah... bulan lalu dh pernah updaye, sekarang suruh update lagi. ini lagi proses update, tp lemot. kesel gw",negatif,,,,
"Habis update malah error, minta pasword mlulu, sdh dikasih , sdh ganti tetap gak bisa masuk.",negatif,,,,negatif
"Apknya kurang bagus. Ini kenapa ya kalau top up masuk duitnya ke kainya lama banget, jelek aplikasinya. Di update bukannya jadi bagus jadi buluk, aplikasinya tolong ya diperbaikin, jangan diperbaikinnya malah jadi pebih buruk. Toling banget ya. Mohon pengertiannya.",negatif,,,negatif,
"hari ini mau login ke acces by kai tidak bisa, di anggap no hp tidak terdaftar dan email tdk terdaftar. padahal sudah kedaftar 4 tahun lebih. update sudah, restart sudah, clear charge sudah, install ulang sudah. harus gmna lagi y, apa hrs langsung ke cs di stasiun. layanan wa slow banget, email juga lama di bls.",,,,,negatif
"Makin update makin gakaruan sistemnya. Tampilan aja oke. Lbih bgusan tmpilan lama. Skrang lemot bgt, sering delay. Pembayaran ga valid padahl saldo kepotong. Minta return dana RUMIT POL. MAKIN GAJELAS",negatif,konflik,,negatif,
"Ini gimana sih udahh update kok malah makin error masa mau bayar tiket harus masukin metode pembayaran lagi,gilran udah di masukan alat pembayaran malah muncul tulisan sudah terhubung namun setiap mau bayar kok susah mulu sih aneh bangett tolong developer perbaiki lagi kasian banyak yang mau pakai apalagi yang gunain kereta sebagai alat transportasi untuk bekerjaa",negatif,,,negatif,
Ketika masuk masa antrian ditunggu tidak selesai-selesai. Justru tiba2 eror sendiri aplikasinya. Padahal sinyal tidak ada masalah. Tolong supaya performa aplikasi bisa lebih diperbaiki 🙏,negatif,,,,
"Aplikasi apaan sih ini, sering mental² sendiri padahal mau lihat kode Verifikasi, klo mau pesen harus jadi member basic, giliran mau verifikasi padahal cuma mau lihat kodenya apa malah mental balik ke halaman utama lagi. Aneh banget",negatif,,,,negatif
Ini kenapa dah ada saldo jadi gak bisa dipake semanjak update padahal sebelumnya lancar lancar aja... Mau pesan tiket selalu loading terus sinyal bagus msh banyak bug,negatif,,negatif,konflik,
"Aplikasi gajelas, sering error masalah pembayaran, pembayaran gagal tapi saldo ke potong, pembayaran berhasil tapi pulsa tidak masuk. Sangat merugikan.",,,,negatif,
"Tiba -tiba ada notif perbaikan sistem sehingga tidak dapat melakukan pembelian tiket, ketika mengalami kendala, tidak bisa dihubungi, karena tidak ada layanan bantuan kami. Padahal saya adalah pengguna jasa kereta api sejak 20 thn yg lalu, walau bukan kategori aktif setiap minggu",negatif,,negatif,,
"Sudah pesan tiket mau pembayaran aplikasi ke aplikasi close dan mau dilanjut bayar tiket yg sudah dipesan, saat mau bayar tidak ada menu lanjutan untuk pembayaran terpaksa harus dicancel dan pesan tiket dari awal lagi",,,negatif,negatif ,
"PAS PESEN TIKET BUAT HARI RAYA NUNGGUI ANTRI, TAPI PAS DAPET KURSI PELAYANANAN DALAM APLIKASI TIBA² SERING ERROR. KECEWA BANGET SAYA SEBAGAI PENGGUNANYA",negatif,,negatif,,
"Aplikasinya lemot banget, pembayaran selalu gagal, minta hubungkan e wallet, setelah mencoba gagal terus, tolong koneksi aplikasi di perbaiki",negatif,,,negatif,
"Update dgn. aplikasi versi terbatu malah tidak responsif, masih bagus aplikasi versi yang dulu",negatif,,,,
"Tiap kali berburu tiket lebaran ga pernah dapat sudah ngantri dr jam 00 kurang dan Alhamdulillah bisa masuk, dan sudah dapat kereta tapi mentok ga bisa bayar errorlah, time limit lah, tolong di perbaiki 🙏🙏🙏",negatif,,negatif,negatif,
Pesan tiket lama sekali untuk buka jadwal dan saat bayar juga lama. Sudah bayar mau bording barcodenya juga muncul lama. Mohon segera diperbaiki untuk aplikasinya. Karena sy menggunakan kereta commuter setiap hari untuk berangkat bekerja 🙏,negatif,,negatif,negatif,
aplikasi terlemot yg saya punya. tapi butuh. gimana lagi. payah sih tinggal pilih kursi aja susah minta ampun. Tinggal bayar juga susah.,negatif,,negatif,negatif,
Setelah update jdi gak bisa beli railfood. Tolong diperbaiki ya,negatif,,,,
Aplikasi menyebalkan untuk proses pembayarannya terlalu ribet dan banyak bug,negatif,,,negatif,
Aplikasi buruk saya sudah nunggu dan dapat tiket tapi servernya selaluu lag kecewa:(,negatif,,,,
"Woyyy, ini aplikasi pemerintah kok jelek bgt yah pemeliharaan nya sering error ga jelas, gamuncul keretanya, ini sekarang mah war ticket malah tiba tiba logout terus gabisa login lagi, gabisa pulang gara gara ini, cepet perbaiki lah gimana",negatif,,negatif,,
"Apknya gak jelas,, jelekk pokoknya!!!!",,,,,
UX buruk. Pesan tiket medan-binjai dan sebaliknya masa lewat menu kereta bandara,,negatif,negatif,,
"Untuk KAI ni ya kalo bikin aplikasi itu tolong beri kemajuan dan kemudahan serta data update detik itu juga. Masa isi saldo Kaspro malam masuk baru keesokan hari. Belum lagi cara pembayaran tiket kereta gk semudah aplikasi yg dulu. Bisa fleksibel di supermarket bisa, m banking bisa, trus e wallet link juga bisa. Lah sekarang apkndi perbarui tampilan bagus tapi dalam.nya SANGAT TIDAK MUMPUNI. Malah menghambat pembelian tiket kereta edisi mudik lebaran. Ni apk makin kedepan makin gak jelas",,,,konflik,
"Bingung milih tiket karena untuk pembelian ekonomi, tidak ada keterangan ekonomi premium dan tidak, mungkin bisa diberi keterangan pada laman pembelian tiket agar kami tidak salah pilih dan berharap mendapat gerbong ekonomi premium. Sama tampilan untuk pembayaran melui ewalet mungkin juga bisa di upgrade. Selain kendala itu sudah oke sih",positif,negatif,negatif,negatif,positif
"Aplikasinya ampas. Login kadang nggak bisa padahal koneksi internet stabil. Bikin akun baru, kode OTP yang dikasih error terus. Ini tim IT KAI isinya anak magang semua ya? Buat sekarang bintang 1 dulu karena emang banyak bug di sana sini. Padahal dulu aplikasinya nggak ada masalah meski desain UI-nya nggak sebagus sekarang. Utamain fungsi, bukan tampilan. Ini aplikasi pelayanan, bukan aplikasi galeri seni.",negatif,konflik,,,negatif
"pelayanannya jadi tambah kurang efektif, tampilannya aja lengkap tapi hasilnya meribetkan pengguna.. tiket kereta gabisa dibatalkan lewat aplikasi padahal sudah sesuai dengan ketentuan dan sudah lunas.",,konflik,negatif,,
Udah bayar pake BCA trs berhasil knp tiket ga muncul heyyy... Di dm ga respon,,,negatif,negatif,
"Ubah jadwal harus member basic, tapi pada saat mau upgrade ke basic, ga bisa - bisa, ini apk banyak erornya, bukanya memudahkan malah bikin ribet apk nya",negatif,,negatif,,negatif
"Makin di update bukannya makin bagus dan lancar, malah makin sering errornya. Sering bgt pas mau pesen tiket, servernya selalu ""maaf server kami bekerja terlalu keras, mohon coba lain kali"" .... lah, orang perlunya pesen tiketnya saat itu juga malah disuruh lain kali, payah 😑",negatif,,negatif,,
Pesen tiket udah ditungguin dri jam 23.59 pas 00.00 malah udah habis + gabisa buat pembayaran.,,,negatif,negatif,
"Baru menggunakan apk ini ,dan ada kejadian tak mengenakan ,entah ini pihak kai atau masinisnya, suamivsaya jadwal kereta dari angke sudah terlambat dan sampai cikarang sudah telat .dari jadwal tiket, dan tiket sudah hangus harus pesan lagi baru untuk jam selanjutnya, pertanyaan tiket awal lan tidak terpkai apakah bisa refund ke uang ,disini no about money tapi tanggung jawab pihak kai nya y tlong tanggapannya",,,,,
"2 kali saya pesan tiket, pembayaran lewat qris, pembayaran sudah berhasil, tapi dicek ditiket saya, tiket tidak ada, babi",,,negatif,,
"Tolong servernya diperbaiki lagi, masa setiap saya pesan terutama kereta lokal harus loading terus bahkan muncul ""jadwal tidak ditemukan"" Disaat pembayaran juga begitu selalu saja gagal sampai tiket pesanan saya terdahului yang lain. Kalau memang tidak niat jangan buka jasa transportasi!",negatif,,negatif,negatif,
Pembatalan tiket kereta pengembalian saldonya lama bgt ribet,,,negatif,,
"Bintang satu dulu nanti kalau sudah bagus bintang lima, sampai saat ini masih sering susah sekali untuk transaksi pembelian tiket. Tolong diperbaiki lagi aplikasinya untuk pelayanan lebih optimal.",,,negatif,,
"Setiap order, belom selesai pesan sudah waktu anda habis.udah di cepetin ketik dan berkali-kali, udah lanjut, keterangan waktu anda habis coba beberapa saat lagi. Sering banget begitu. Lalu ngapain ada pesan online kalo dikit-dikit waktu habis dan ujungnya pesen ke stasiun langsung. 😅",negatif,,,,
Aplikasi tolol .. pesen tiket 1 jam lebih gak mau masuk ke pembayaran.. giliran tiket sold out apk normal . Nyesel pake apk ini,,,negatif,negatif,
"Saran aja buat yg baru pake kai access buat metode pembayaran jangan topup kaipay krn masuknya lama keburu hangus pemesanan tiketnya, trus ada biaya adminnya 2900 lebih baik pake metode pembayaran lainnya. Diusahakan pemesanan tiket jangan batal karena refundnya lama banget 30-45 hari, keburu lupaaa 🤦. Baru kejadian refund emoney selama ini, yg lain biasanya langsung balik saat itu juga",negatif,,,negatif,
Dalam antrian. Banyak pengguna. Sesi habis. Enakan tahun kemarin..huuuuuu,negatif,,,,
"kpntol penipuan udah beli tiket kereta udah boking dan udah bayar, di waktu siap berangkat perjalanan, buka aplikasi mau scan buat masuk stasiun eh aplikasi barkot malah error aplikasi gk jelas , ini sampe gk bisa di buka gk bisa masuk saya , ati ati ya",negatif,,negatif,,
"Sori bintang 1, aplikasi error terus. Saat mau pilih kursi, muncul kadaluarsa.. Padahal sy klik langsung satset pada saat isi data. Bukannya memudahkan malah merepotkan",negatif,,negatif,,
"Ada apa dengan kai access? Tiap kali mau pesen tiket selalu eror jadwal g ditemukan,bahkan tiap kali mau bayar selalu saja eror.tolong dong diperbaiki.udah bela""in tengah malam g tidur nunggu buat beli tiket malah si app nya eror berkali"" dibiarin gitu aja.😒",negatif,,negatif,,
Ini kenapa setiap mau pesen tiket pas pilih bangku slalu kluar sndri dengan laporan waktu kadaluarsa. Abis update kok malah ga jelas sih? Gimana ini mau beli tiket bukan membantu tapi malah menyusahkan. Semoga segera di perbaiki.,negatif,,negatif,,
"Dulu pelayanan KAI sangat baik melalui aplikasi, mudah dan cepat, setelah diupgrade justru pemesanan tiket lewat aplikasi jadi sangat susah, penurunan kualitas ya, berharap KAI bisa fast respon dan diperbaiki.",konflik,,,,
"Aplikasi buatan PLAT MERAH KENAPA SELALU DONGO? Taun kemaren mending walau loding ga ada antri"" ga jelas!!! Sekarang antri makin susah buat dapet tiket!!, kirain klo antri bisa lbh pasti eh malah makin wadidaw gobsnya",konflik,,,,
"tolong kembalikan sistem tahun-tahun sebelumnya.siapa cepat dia dapat.sistem antrian ini bikin buang-buang waktu,mana kadang makin lama,sisa antrian 6 menit tiba² jadi nambah 25 menit.tolong di hapus sistem antriannya!!!",,,negatif,,
"Sangat mengecewakan!! Sudah di belain antrean tiket ga bisa di beli dengan alasan ''tensi pembayaran tinggi'' time out lah sesi habis, tiga kali antrean tiket habis! apakah ada oknum !!! Mohon penjelasan",negatif,,negatif,,
Kenapa sekarang sulit untuk pemesanan tiket selalu tidak tersedia tiket tolong dong di perbaiki untuk aplikasi ini kok sulit bgt,,,negatif,,
"kenapa ya aplikasi sekelas BUMN seperti aplikasi murahan, tiap minggu bisa 3x maintenance tapi sangat payah sekali hasilnya, mending serahkan ke swasta aja pengelolaan aplikasi tiketnya, lebih kompeten dan dapat di andalkan",negatif,,,,
"Lebih baik seperti dulu sistem siapa cepat dia dapat, sistem antrian tidak jelas kapan masuknya gini ga jelas banget",,,netral,,
"aplikasinya aneh bgt disuruh upgrade ke basic, udh ngsi data diri udh kirim kode otp sampe selesai, malah ngga ke update akunnya disuruh upgrade lagi, gitu terusss, pesan tiket ots kehabisan terus, disuruh pesan online malah dipersulit gini hadeh 🙃👎🏼",,,,,negatif
"Aplikasi tidak profesional. Masa sekelas KAI punya BUMN kaya gini aplikasinya.. Kalah sama aplikasi PLN Mobile. Buat beli tiket saja sulitnya minta ampun untuk masuk ke aplikasinya.. TIME OUT, Kalau gak server berkerja keras sampai habis tiket nya.",negatif,,,,
"Saya sudah tunggu sampai gk tidur supaya bisa dapet tiket kereta api untuk keberangkatan tanggal 7 April, setelah jam 12 saya buka ada notif antrian, di tunggu gak sampek 7 menit tiket sudah habis, kecewa banget sama aplikasi ini, mau beli di locket langsung gk bisa, suruh ke aplikasi, setelah di aplikasi di suruh antri dan akhirnya gk dapat tiket",,,negatif,,
Makin gak oke kalo lebaran. Ribet. Pembayaran jgn sejam doank. Maximal pas hari H gtu. Apa kurang seminggu.,,,,negatif,
"aplikasi bodoh.. antri tiket dari jam 23:59 dapet waktu tunggu 10 menit, nambah jadi 50 menit pas di masuk malah habis.. udah 5 hari begini terus, balikin ke sistem dulu cepet cepetan gausah pake antrian..",,,negatif,,
Pemilihan kursi tidak tersedia dan eror pada saat tanggal 1 Febuari 2025 pada saat penggantian Gapeka 2025 yang baru.mohon diperbaiki karena saya biasa pesan 5 hari sebelum keberangkatan,negatif,,negatif,,
"1. Setiap kali war tiket sering sekali muncul jadwal tersedia, sehingga sering kehabisan tiket. 2. Sudah beli tiket dan bayar lewat qris, padahal saldo di mbanking sudah berkurang tetapi tiket yang sudah dibeli tidak ada. Mohon diperbaiki lagi aplikasinya.",,,negatif,negatif,
"Di upgrade malah tidak pesan tiket, dari tadi mau pesen tiket selalu waktu habis padahal baru milih jam jadi nggak bisa sampe selesai. Bagus aplikasi yg dulu",,,negatif,,
"Untuk war tiket bengawan gmn y caranya? Jam 00.00 sampai degan jam 01.00 g ada yg dijual (bukan habis terjual ya memang g ada yg dijual), tapi jam 5 pagi statusnya semua terjual. Piye kuiii IT nya?? Kalo memang ada logic khusus buat beli kA bengawan dijelasin dong aturan mainnya. Yok fair dong.",,,negatif,,
"Lumayan lah,tapi tolong pembatalan tiket atau merubah kereta bisa di kasih fasilitas di aplikasi ini,percuma dong upgrade ke premium tapi hanya gini² doang,dan mau aktifin kaipay gak bisa eror mulu.Tolong buat kai bisa memperbaiki lagi sistem aplikasi di KAI Acces.",negatif,,netral,negatif,
"Kai access skrng kenapa sih, beli tiket satu doang, bikin emosi, pembayaran sedang diproses, pdhal duit udah terkuras, diulang terus byrnya duit terkuras lagi. Satu tiket doang kyk beli 5 tiket. udh dpt malah tiket nya error, sampe stasiun ga bisa kepake, terpaksa beli tiket lagi distasiun. Kata Petugas nya nnti duit nya kembali sendiri, kembali ap? Gdk tu",,,negatif,negatif,
"Error mulu ya waktu pemesanan tiket akhirnya nunggu + dicoba terus sampe lama tapi endingnya tetep ga dapet tiket, kecewa bangett sih padahal temen yang ikut kena error bisa dapet tiketnya. Waktu bisa dapet tiket malah unveiled padahal udah buat pesanan udah milih tempat duduk tinggal bayar. Sampai kapan begini terus? Masa iya ngga ada pembenahan aplikasi??",negatif,,negatif,,
"Pembatalan tiket sudah berhasil tapi dana tidak di kembalikan,? Kok gitu?",,,positif,negatif,
"Berburu tiket lebaran pagi ini, sudah masuk (ngantri lama) pilih kursi, sudah klik simpan. Ga nyangkut nyangkut ke menu pembayaran. Transaksi tinggi. Akhirnya ""Sesi Anda berakhir"". Ngantri lagi.",,,negatif,negatif,
"Parah....sudah tarif reduksi per 29.Maret 2024 lenyap, ticket war juga kalah terus. Klo sdh kayak gini, fitur2 pelengkap rasanya gak perlu ada selain fitur pokok jualan tiket aja. Biar loading masuk ke aplikasi.lbh cepat. Gak kayak keong yg berulang setiap tahun jelang puasa n lebaran. Sdh banyak yg kasih rating dn ulasan. Dan sy kira itu base on the fact",negatif,,negatif,,
Mohon maaf untuk sekarang saya kasih rating bintang 1 nanti jika diperbaiki saya naikan. Tolong dong servernya di benerin masa ngedown servernya yang bener ajah saya mau berangkat pagi server ngedown kayak gitu gimana ya jangankan untuk liat tiket saya untuk mesan tiket saja tidak bisa. Tolong kembalikan ke yang dulu. User di suruh update tapi peningkatannya justru kayak gini ya buat apa,negatif,,negatif,,
"Tujuan buat aplikasi ini gimana sih? Mau daftar aja kok gak bisa, mau pesan tiket harus isi data diri.. oke diisi .. tapi setelah itu tidak bisa dilanjutkan kek mana KAI, perasaan dulu gak ribet gini deh.. perbaiki lagi, kalo sudah baik baru aku update ulasannya makasih",,,negatif,,negatif
"Halo kai, kenapa setiap kali mencoba memesan selalu timeout dan pemesanan kadaluarsa?? Pemesanan saya lakukan dengan cepat namun keterangan selelu seperti itu. Sangat tidak membantu. Tolong aplikasinya di benahi kembali ya, FYI saya sudah update aplikasi nya juga",negatif,,negatif,,
"Kualitas aplikasi semakin menurun terutama saat weekend server sering error, servernya perlu diperbaharui, pada saat pemesanan tiket waktu pembayaran tidak bisa dilanjutkan",negatif,,negatif,,
"makin kesini makin menyedihkan sekali utk pemesanan tiket onlinenya. sering down server, sangat susah utk dapat kursi padahal pemesanan udh di lakukan H-7 pukul 00:00 tepat. sekalinya dapet kursi, utk pembayaran trouble terus karna down server. alhasil di batalin ga bisa, di bayar juga ga bisa, kadang di bayar bisa tapi tiketnya ga dapet karna waiting timenya udh habis. padahal saldo udah kepotong. di komplain kek sampah uangnya ga balik. makin sampah ini aplikasi juga pelayanannya.",negatif,,negatif,negatif,
"Beli tiket lewat qriss, di qriss nya berhasil tpi tiketnya gaada?, dan uangnya hangus for nothing",,,negatif,negatif,
kecewa buka jam 00:00 suruh antri pas masuk seat not avaible maunya gmna,,,negatif,,
Tiap lebaran susah amat nyari tiket Sumpah apk norak,,,negatif,,
"Potongan nya bisa jelasin nggak sih. Top Up 50 rb, buat bayar tiket nya 48 rb. Giliran mau cekout saldo nya malah berkurang. Aku tambah lagi top up nya 10 rb. Total yg sdh di top up kan jadi 60 rb. Aku payment yg 48 rb. Setelah done lha koq sisa saldo malah 6.200. Harusnya kn masih ada sisa 12.000. Tambahin lah buat sistem bayar nya : via OVO, SHOPEPAY, LINK atau yg lain yg. Biar ga kena potong",,,,negatif,
Aplikasi tidak mudah digunakan. Mau pesan tiket harus upgrade. Udah 10 kali isi data tetep g bisa. Solusinya gmna kai,negatif,negatif,,,
"Aplikasi taun kmrn malah lebih bagus di banding skrng. Taun skrng dapetin tiket susah, gak jelas Masa waktu antrian bukannya makin dikit malah makin nambah. 4 hari kmrn Udah begadang dari jam 12 sampe pagi gak dapet dapet. Jelek",,,negatif,,
"Cek jadwal kereta muter2 aja, udh nunggu lama gda pilihan tujuannya blank",,,negatif,,
"Bro, gw mau upgrade ke member basic ko gabisa mulu ya, padahal udah ada tulisannya sudah berhasil tapi waktu cek profil ttp sama aja tampilannya belum terdaftar, udh 10 kali gw daftar ulang tetep sama aje, terpaksa beli tiket lewat website kai gw, yah sehat-sehat lah buat yang bikin apk, moga segera diperbaiki",,,,,negatif
"Aplikasi jadi lemot,nunggu antrian nggak sesuai waktunya... Tulisan tinggal 10 menit nunggunya sampe satu jam...hadeuhhhh",negatif,,negatif,,
Knapa saya kasih 2star. 1apk sering keluar sendiri 2 apk sering minta upgrade padahal sudah premium 3 saya sudah bayar tiket lokal pake pembayaran qris sukses knapa tidak tersedia di tiket saya 4.saya harus mengulang pesan tiket dan bayar lagi .. padahal ini BUMN seharusnya pro rakyat,negatif,,negatif,negatif,
"settingan operator untuk kreta2 yg ekonomi jurusan luar kotai,dia lebih memilih tidak untuk di naiki untuk menjaga perawatan kreta ,contoh request untuk 3 kursi dengan akun yg sering di gunakan akan tidak muncul tetapi dengan akun lain muncul,dan cermati baik2 untuk jurusan kreta ekonomi,hanya perbaikan sedikitnya saja,dari yg terdahulu dari tekstur kreta alias kreta butut,coba anda cermati dengan yg sy sudah praktekkan,ini BUMN yg tidak layak di gunakan di masa mendatang,wajib di swasta kan sj.",,,negatif,,
"Kesel banget, udah loading lama banget, trus top up lama, direfresh berkali-kali masih aja ga muncul saldonya, dan yang paling gong adalah aku beli tiket saldoku udah kepotong tapi tiketnya gak muncul. Rugi guaaaa",negatif,,negatif,negatif,
"Kenapa kok makin sulit setelah di update, bukannya makin lebih baik makin buang waktu. Waktu antrian molor lagi. Mau nya gimana sih!",negatif,,negatif,,
Fungsi antrian buat apa tujuannya buat memperlancar tapi malah g bisa2 beli2 juga sampai sesi habis harusnya kalo dah masuk antrian proses pembelian gampang,,,negatif,,
"Aplikasj sering error, udh bayar tp tiket ga masuk, udah bayar tapi yang masuk aplikasi malah tiket yang bukan saya pesan, padahal sudah bayar dan berkurang saldonya",negatif,,negatif,negatif,
Aplikasi jelek minta updat udah updat g bisa login lapor cs bolak balek jawaban sama aja .. mending pakek traveloka aman.. mana udah boking tiba minta updat abisbupdate log out sendiri mau login reques failed data trus.. udah lapor cs kai bolak balik teteo g bisa..akhir nya hanug deh beli lagi tiketnya.. Untung g top uang dana di aplikasi vuat pembayaran.. Kalau tiket lokal murah sih gpp ini mah tiket le jakarta gues 500 rebun,negatif,,negatif,,negatif
"Apknya simple si enak di pemakaiannya. Cuma 1 yg masih kurang, kalau lg war tiket pas udh masuk ke menu pembayaran itu selalu susah banget. Berkali kali coba dan akhirnya time out. Dan antri lagi",negatif,positif,,negatif,
"""Waktu pemesenan anda telah habis, silahkan lakukan pemesanan ulang"" semenjak diperbarui malah gini terus tulisannya. Padal pesennya uda cepet bgt ngekliknya. Dulu sebelum di upgrade malah enak2 aja tuh. Skrng malah susah. Pake qrisnya pun juga aneh menurutku. Padal kan sebenernya klo di aplnya uda ada saldonya harusnya makin cpt dong. Ini malah mau apa2 susah. Trs yah misal ada yg buru2 ngekliknya gadiliat dlu gitu kan klo ada salah gabisa jg klo mo refund klo lokal. Mohon diperbaiki lg yah kai",negatif,,negatif,negatif,
"Lambat, tiap top up harus nunggu lama dulu baru saldo masuk.",negatif,,,negatif,
"Kebanyakan update malah gal guna,,,saya beli tiket smpai 2kali atas nama yang sama pembayaran gagal mlah gak kembali uangnya,,,makin lama makin ta1",negatif,,negatif,negatif,
"Pembayaran susah banget pake KAI pay, loading nya sangat lambat, udah lebih 30 menit tinggal pembayaran malah ga muncul apa apa ini tolong dong benerinn. Sudah TF saldo masa harus nunggu 15 menit!",negatif,,,negatif,
"Saya tidak bisa top up saldo. Minta di upgrade tp email dan no HP already exist, mau coba pakai email lain minta otp sy skip bentat ke email buat copy kode otp saat balik lagi ke aplikasi malah balik ke tampilan awal. Bagaimana saya mau ketik OTPnya kalau bgtu. Tolong diperbaiki sistemnya.",,,,negatif,negatif
beli tiket kereta bandara jogja ke airport pp saldo terpotong tapi tapi status pembayaran gagal uang hilang tidak dapat tiket,,,negatif,negatif,
"Udah ke pemesanan tiket terus pas bayar ga bisa, saya coba bayar pake OVO kok tulisannya pembayaran belum tersedia. Ini gimana sih? Wes kalo gini terus hapus aja aplikasinya, bayar nya di stasiun aja😡😡😡😡😡😡😡",,,,negatif,
Gw topup katanya nunggu 15 menit saldo baru masuk Tapi sudah 1x24 jam tidak ada masuk. Gmn jih apl gajelas,,,,negatif,
Gajelas saldo udh kepotong tapi qr code ga muncul + gada riwayat transaksi padahal jelas abis bayar,,,,negatif,
Semakin update semakin susah dan ribet untuk pembelian lewat aplikasi,,negatif,,,
"Kalo udah pake sistem antrian harus nya gk ada crita oberload pas bayar , kan udah antri lama ada 20 mnt an dan udah di batasi pengguna , masa udh antri lama2 udah masuk isi nama/NIK udh tinggal cek out loading terus , yg time out , yg eror , yg no seat lah ,yg ini lah itu lah , harusnya gk ada kjdian timeout kan krn dah di batasin dan udah antri d awal? Giliram dah dpt kursi pembayaranya yg gagal terus , sesusah itu war tiket lebaran , tolong d perbaiki min. Jgn d persulit tolong🙏🏻",negatif,,negatif,negatif,
"Aplikasi khusus pesan tiket saja jangan pesan yang lain. Saya beli token pembayaran sudah sukses tapi di riwayat transaksi ga ada, di komplen ke cs cuma suruh tunggu udh dan ga ada kabar lagi",,,negatif,,
"Aplikasi ini sangat amat perlu diperbaiki, makin kesini aplikasi harus selalu diupdate. Dan tiap mau war tiket server down, timeout, kesulitan dalam pembayaran dan seringnya jadwal tidak tersedia.",negatif,,negatif,negatif,
"Min ini gimana si... Saya sudah bayar tiket lewat q rish... Habis tu di email dari bank juga udah berhasil melakukan pembayaran, dan udah kurang memang di saldo.... Eh pas buka apk ini masih tertulis ""menunggu pembayaran""... Mohon bantuannya min... Gini banget punya aplikasi...",,,,negatif,
"Ga jelas ni yg KAI Pay nya.. udah kalu top up lamanya minta ampun. Udah bayar admin, masih juga ada potongan.. mending pake kartu sekalian.. jadi males pakenya. Makin ga jelas..",,,,negatif,
"Kenapa ya kok KAI suka sering update. Hmmmn hari ini aku beli 2 tiket saldo udah berkurang tapi tiket ga ada. Kemudian nyoba beli lagi 2 tiket & 1, ada tulisannya tiket butuh waktu pelunasan padahal saldo udah kepotong. Saldo menipis terhitung pas sampe waktu gajian. Butuh tiket mau cekout lagi takut gagal dan saldo terus berkurang. (Ternyata saldo balik setelah 2-3 hari)",,,negatif,negatif,
Makin susah setelah di-update. Susah pas mau pembayaran. Loading terus,negatif,,,negatif,
"Tolong di perbaiki lagi dong aplikasinya, saya udah sering saldo kai berkurang karena pemesanan tiket yang udah di bayar tapi tiket Kreta api nya tidak ada pemesanan padahal udh di lakukan pembayaran dan memasukan pin pembayaran, saldo tidak kembali di cek riwayat pembayaran tidak ada , , teruma ka lokal cicalengka padalarang , perbaiki lagi tolong",,,negatif,negatif,
"Aplikasi sangat berguna banget buat yg bikin aplnya, buat nyedot dana yg di saldo, saldo gadipakai aja bisa raib, dan sangat mengecewakan, sudah dibeli tiketnya dan saldo Kpay terpotong namun tidak bisa digunakan tidak keluar barcodenya, dan sia² hangus begitu saja, akhirnya beli tiket lagi, kalo ga siap dengan aplikasi ga usah dibuatlah nyusahin aja.😇🤦 Mau bikin mudah apa malah bikin susah ? tolong diperbaiki kalo niat mempermudah. Tks",,,negatif,negatif,
"kacau, pembayaran via e-wallet berhasil, akan tetapi tiket yang telah dibayar tidak muncul. Tolong perbaiki",,,negatif,,
kalau bisa beri komentar tanpa bintang sudah saya komentar kan ini aplikasi Layanan tida jelas seperti: Sudah melakukan transaksi pembayaran trtapi status di tiket saya masih menunggu pembayaran Hal ini membuat saya kecewa akan aplikasi ini sehingga saya harus menghubungi pihak KAI untuk meminta tanggapannya sehingga uang yag telah saya transaksikan dapat kembali secepatnya Saran: pesan lah tiket melalui aplikasi Traveloka karena layanannya mudah dan cepat tidak seperti aplikasi buruk ini.,,,negatif,,
"Aplikasi dongo, sinyal full, pas mau bayar gak bisa milih payment, giliran dah habis ngulang lagi sampe kena limit",,,,negatif,
"Tim kai, tolong aplikasinya itu di lebih canggih, untuk top up ajah harus nunggu lama gk masuk².",,,,negatif,
Please lah ini baru aja isi saldo kenapa tiba² log out sendiri pas mau masuk ga bisa² pas coba ganti sandi berhasil eh pas mu masuk lagi gagal lagi. Balikin duit gua kalo masih ga bisa di buka!!!,negatif,,,negatif,negatif
Saya sangat kecewa saya beli pulsa tgl 18 januari gagal tidak masuk keterangan saldo kembali tapi sampai sekarang Kirim email berkali2 whatsap telpon oprator sama saja tidak ada hasilnya,,,,negatif,
"jelek anjir aplikasinya pembayaran ga bisa di bayar, ga bisa lihat draf pembayaran jelek pokoknya",,,,negatif,
"Buruuuukk,... Terlalu lama saat proses top up KAI PAY, sudah lebih dari 1jam tapi saldo masih belum masuk. Dan saat pembayaran pun sering gagal, padahal jaringan internet stabil",,,,negatif,
error mulu tiap mau war tiket. udah terlanjur ngisi saldo KAIPay malah timeout mulu. tolong diperbaiki lagi sistemnya,negatif,,,,
Makin lucu sekali aplikasi ini..sampe beli tiket 2x ..uda payment qries 2x uda kepotong saldo malah g uptde di kai..alhasil duit ilang..tiket ga dapet..kokyo jan lucu ne niat ngambil duit orang perlahan2 tp pasti..mana duit g balik lagi,,,negatif,negatif,
"Tolong management PT KAI.. kalau nyari tim IT yang bener aje.. Top Up selama itu terupdatenya.. Aplikasinya terasa responsif Walaupun inovasi dengan fitur trip planer cukup oke.. Tapi rasa keselnya lebih kesel karena hal2 yang esensial kaya top up lama, aplikasi tidak responsif, engga konsisten sama estimasi antrian yg di apk dg realtime waktu tunggu.. tolonglah kepala IT KAI nya.. Buat nyelesain hal2 ini!",konflik,positif,negatif,negatif,
Saya sudah deposit di akun nya tapi malah gak bisa pakai saldo Di masukin pin salah Gua minta lupa pin gak bisa-bisa Miris banget aplikasi nya Tolong bantu jawab cs saya supaya saya bisa perbaikin bintang ini!!!!,,,,negatif,
"Aplikasi ga jelas udah habis 100rb cuma buat bolak balik beli ka lokal 15 rb an tapi ga dapet tiket, korupsi. Mana gadibalikin uangnya",,,negatif,negatif,
"Min tolong benerin, saya mau daftar metode pembayaran lama banget, metode pembayaran kartu debit/kredit nya jga dri tadi tulisan nya""upss terjadi kesalahan"", padahal sinyal saya bagus, habis tu tdi juga mau membatalkan pemesanan yg pake e wallet nya ga bsa",,,negatif,negatif,
"Setiap Top Up Saldo, bukan Bertambah Tp Malah Berkurang, Bukan Hanya Sekali... Setiap Top Up Saldo Ga Pernah Sesuai dengan Yang Kita Top Up... Kacau Sih",,,,negatif,
"Aplikasi Sudah bagus nih, tetapi pas udah saya simpan total penumpang, tanggal, kursi + tujuan dan nominal yg dibayar udah muncul. Kenapa saat pembayaran menggunakan Qris selalu RTO? Akhirnya ga jadi dapat tiket. Kejadian sudah berkali-kali",,,konflik,negatif,
Aplikasi aneh nih sudah booking menunggu pembayaran pas sudah bayar kursi tiba-tiba hilang mana saldo berkurang....😎 Mohon kai untuk meningkatkan pelayanan jangan mau uangnya saja,,,negatif,negatif,
"Maaf ulasan saya kali ini saya rating bintang satu sebab pembayaran via QRIS ada problem cukup menyebalkan, setiap kali memilih pembayaran QRIS saya tidak bisa mengunduh barcode nya... Otomatis saya harus membatalkan pesanan serta kursi yang sudah mau saya pesan.",,,netral,negatif,
"Ribet banget setiap mau bayar tiket pake e-wallet selalu gagal padahal jaringan bagus dan gaada masalah, loadingnya lama pula karena kaya gitu jadi sering ketinggalan kereta sangan tidak efisien, pernah juga gagal transaksi tapi saldo tetap terpotong",,,,negatif,
"Kenapa susah sekali utk pesan tiket. Jam 00.00 sudah standby, mau proses pembayaran selalu gagal. Tau2 tiketnya habis. Malah ada info dr teman kalo ada permainan calo. Sangat Indonesia sekali. Konsumen dibuat susah lalu dimanfaatkan.",,,,negatif,
Tolong ditingkatlan lagi aplikasinya.. aplikasinya sangat lelet... saya melakukan pembelian tiket KA bandara 2 kali time out terus padahal saldo audah kepotong juga 2 kali.. mengubungi CS menyertakan bukti2 nggak d respon2,negatif,,negatif,negatif,
"Sudah pesan, waktu klik bayar malah proses gagal, lalu diberi waktu 15 menit utk menyelesaikan pembayaran. Padahal tadi saldo kaspro sudah kepotong. Stelah 15 menit tiket gagal, saldo tidak kembali. Merugikan sekali.",,,,negatif,
Aplikasi BUMN. tapi kinerjanya bikin kecewa sering makan saldo banyak orang termasuk saya yg tidak dikembalikan. Layanan cs tuli buta dan lumpuh. Yang tidak mau berbenah dr tahun ketahun sama aja pelayananya.,,,,negatif,
"Aplikasi ga guna, pembatalan tiket ga jelas, verifikasi bank penerima ga bisa, pake e wallet ga bisa verifikasi juga. Uninstal",,,negatif,negatif,
"Sangat buruk. Saya sudah mengalami 2x transaksi gagal pesan padahal saldo kaspro berkurang. Dan sampai skrg tidak ada refund pengembalian. Saya tanya ke cs di stasiun dsuruh tunggu paling lama seminggu. Tp hasil tetap nihil. Saldo saya berkurang tapi di riwayat transaksi tidak ada pemotongan, kan sangat aneh, Semoga segera di perbaiki, jangan buat aplikasi gagal gini. Sangat merugikan rakyat.",,,,negatif,
"sangat buruk, setelah top up, semua transaksi menjadi gagal, potongan top up juga 10 persen, alhasil saldo gak bisa di apa apa in",,,,negatif,
"Sering error, beli tiket saldo rekening berkurang namun tiket dinyatakan gagal. Parahnya lagi hal ini sering terjadi. Perusahaan BUMN kok seperti ini. Mohon diperbaiki sistemnya !!",negatif,,negatif,negatif,
"Pertama kali coba cari tiket solo wonogiri sulit, pembayaran belibet(kurang praktis) gagal terus. Jaringan sibuk padahal pesanya jam 00.00 WIB - 00.30 WIB gagal. Mohon bisa di perbaiki lagi",negatif,,negatif,negatif,
"Mau pesen makanan sama minuman gak bisa, lama lama gak jelas ini apk, padahal tinggal bayar tp error. Tolong diperbaiki bos berikan kenyamanan yang baik. apk BUMN tapi sering error gak jelas!",negatif,,,negatif,
"Aplikasi keseringan error gajelas. Udah harus war tiket, error pula. Udah di payment eh tiket gagal pembayarannya. Padahal saldo udah kepotong!!!!",negatif,,negatif,negatif,
Sudah bayar tiket lewat QRIS tapi status di aplikasi belum terbayar,,,negatif,negatif,
"APLIKASI GAK GUNA ORANG MAU BELI TIKET GAK BISA KLIK PEMBAYARAN, GILIRAN HARGA TERENDAH HABIS BARU BISA",,,negatif,negatif,
Makin sni makin susah beli ticket lebaran.. Available seat tpi ga bisa dibayar.. Aplikasi apa ini banyak penipuan informasi ga valid,,,negatif,negatif,
"Parah ini aplikasi aku dah refound dana dari 2023 sampai 2024 belum masuk🤣, waktu itu aku tanya pas awal baru refound katanya nunggu 30-45 hari (untuk refound saja lama) dan aku lupa baru ingat 4 bulan setelahnya eh dana juga belum di TF entah kemana itu aplikasi scamm penipuan, kalo bisa kirim foto refoundnya aku kirim deh disini biar kalian percaya intinya jangan sampai salah pesan tiket soalnya kalo refound udah pasti ga di balikin🤣😂",,,,negatif,
"Saya kasih bintang dua dulu ya, karena saya sudah top up kai pay, tpi dananya tidak masuk ke kai pay, jadi saya harus double pembayaran menggunakan qris, tolong segera diperbaiki ya",,,,negatif,
"Tolong lahhh, jangan mempersulit orang, Saya sudah top up saldo di aplikasi KAInya gak masuk"" ini... Saya butuh cepet... Udah banyak yg komplein rwting di playstore jelek ttp aja gak ada perubahan...",,,,negatif,
"Rating 0 sih, bukan 1 !!! Bayar pakai KAIPAY (KASPRO) Saldo Sudah Terpotong. Tapi Tiket tidak adaaaa. Sudah komplain lewat Email, gak ada tanggapan, gak di Refund. Gimana siiih? 😌",,,negatif,negatif,
"susah aplikasinya ,pesen lewat 1 menit ludes,giliran dapet ga bisa dapet qris ,gagal terus ,top up kai lelet g masuk ,saldo keptong g balik ,hadeerrh perbaiki lah aplikasinya",negatif,,negatif,negatif,
"Kurang satu fitur penting yaitu: lanjutkan pembayaran. Yang sekarang ini begitu keluar dari halaman pembayaran, sudah tidak ada cara lagi untuk membayar padahal waktu tenggat pembayaran masih ada banyak. Ini diperparah dengan kebijakan kalau dicancel, tidak bisa memesan ulang seat yang sama.",,negatif,,negatif,
"Setelah di update apliaksinya tambah buruk, saya sudah pesan tiket di jam 00.05 sudah melakukan pembayaran tapi beberapa menit kemudian muncul notif pembayaran gagal dan saldo saya tetap berkurang, lalu saya pesan tiket lagi dan melakukan pembayaran lagi sekarang malah ga ada notif apa², saya sudah rugi 48 ribu. Tolong dong KAI di perbaiki lagi aplikasinya dan kembalikan saldo saya klo kaya gini kan merugikan masyarakat juga",,,negatif,negatif,
"First try coba aplikasi Access tapi malah kecewa sudah install. Login via Gmail malah forced close terus harus balik ulang lagi, padahal koneksi nggak ada masalah. Ketika melengkapi data dan tinggal klik terakhir juga lemot, nggak masuk-masuk. Akhirnya ngulang dari awal sampai capek. Kirim kode OTP pun harus berulang-ulang baru terkirim, harus tunggu lama. Ujung-ujung keki karena tiketnya keburu habis duluan sebelum bisa diproses. Tolong diperbaiki agar customer bisa menikmati layanan dgn baik.",negatif,,,,negatif
Yang bener dong bikin aplikasi.. Kalo log in setelah salah password jangan dibikin satu jam nunggu dong.. Terus kalo ada orang buru-buru gimana?? Ini lagi ga ada tiketnya yang dikirim ke email.. Terus nanti gimana caranya boarding pass??,negatif,,,,negatif
"makin update aplikasi bukannya mudah malah di persulittt hadehhh gimana inii🥺, ribett harus buat akun lagi, ganti nomer lagii",,,,,negatif
"Aplikasi teraneh dan terburuk, abis update log in saldo 66.200 langsung hilang jadi 0. Parrrah",,,,negatif,
"Yaaah... Baru download gara2 penasaran liat iklan pas di KA, udah bermasalah saja... Saya selalu dapet notif ""akun Anda belum diaktifkan, silakan cek email"" tapi emailnya entah dimana. Kontak CS sepertinya nggk 24 jam.. Duh! 😤",,,,,negatif
Mengapa saya mau login kai acces tidak menerima otp padahal jaringan bagus,,,,,negatif
"Isi data akun aja susah amat, ada aja masalah nya. Di pencet gabisa bisa",,,,,negatif
"Gw coba daftar member basic di kai acces,udh masukin nomor telepon (yg sebelumnya belum pernah gw masukin) tapi kenapa kok tulisannya telepon sudah pernah dicantumkan. Gimana sih payah bgt aplikasi KAI ACCES nya Terus gw coba lagi pakai nomor telepon lain, pas udh masuk di verifikasi otp malah keluar sendiri dan ga bisa masuk lagi pakai nomor telepon yang baru dengan alasan Nomor telepon telah dipakai. MOHON DIPERBAIKI LAGI APLIKASINYA",,,,,negatif
"Aplikasinya error, gabisa ngisi data diri, kepental mulu ke menu login 👎",negatif,,,,negatif
"seharusnya aplikasi ini membantu untuk booking tiket, tapi saat saya mau booking lewat aplikasi harus upgrade member basic dulu, setelah saya isi data dan kirim kode otp dan ada notif juga sudah upgrade member basic, saat saya coba untuk booking lagi malah disuruh upgrade member basic lagi dan akhirnya saya tidak bisa booking lewat aplikasi. Tolong mohon diperbaiki lagi agar lebih memudahkan para penumpang🙏",,,negatif,,negatif
"Cara ini memudahkan kapan diperlukan, tetapi yg paling repot klo lupa password dan nomor, sementara ordernya mungkin hanys setahun sekali dan customer nya sudah manula",,konflik,,,
"saya kecewa terhadap aplikasi kai yg terbaru saat ini, seringkali error dan saya tidak bisa masuk akun saya dengan keterangan data tidak valid. padahal sudah benar. saya un instal berulang kali tetap dengan problem yg sama. semoga segera diperbaiki ya untuk kinerja aplikasinya, supaya memberikan kemudahan untuk penumpang lainnya.",negatif,,,,negatif
"Setelah update kenapa gabisa login pake email dan nomor hp (failed request data)? Padahal udah terdaftar, gimana nihh.. mana ada tiket keberangkatan",,,,,negatif
"Mau pesen tiket hrus dftr member basic dulu. Trus di persulit lgi ga bisa2. Pdhl smpe ganti nomer baru pun tetap ga bisa. Ni apk gimn ya, bingung dah. Di perbarui bukannya mempermudah malah mempersulit😭🙏🏻",,,,,negatif
Aplikasi lawak di download malah gak bisa register. Klik pusat bantuan malah gk ada pilihan apa2,,,,,negatif
"Buruk sekali kualitas aplikasi KAU ini, request kode OTP berkali-kali buat ganti sandi, tapi OTPnya tidak pernah masuk😂😂 belum lagi masalah2 yang lain, kalo bisa kasih rating 0 kasih 0 deh",,,,,negatif
"bolak balik ganti versi lalu ketika saya gk mempergunakan aplikasi tiba"" keluar sendiri giliran di masukkan sandi selalu salah suka bingung jgv",,,,,negatif
"Setelah update.. disuruh upgrade ke member basic, padahal sebelumnya udah terdaftar. Makin ribet aja. Masa iya harus ganti nomor HP sama @mail baru.. Kan kocak..",,,,,negatif
"Lupa sandi gagal. Lemot API sms nya. Padahal enak pake API email lebih mudah dan cepat. Sekalian login pakai email aja, jangan nomer. Selalu lemot kode sms itu.",,,,,konflik
"Hari² bermasalah mulu. Ga bisa log in, dftar akun baru jg ga bisa. Boro² mau pesen tiket. Hadehhh",,,,,negatif
"dancok keluar sendiri, mau login lagi gak bisa, Super lemot, ada udang dibalik batu",,,,,negatif
Kenapa aplikasi ini sekarang tidak bisa login,,,,,negatif
Akun lama ga bsa dbuka..mnta sandi sya lupa sandi nya cba msuk pke lupa sandi gagal trs...daftar baru pke email.jga g bsa gmna ini,,,,,negatif
Memasukkan kode otp keterangan not valid padahal sudah benar saat daftar jadi pengguna basic. APLIKASI SAMPAH!!!,,,,,negatif
"Maaf, ini apa gak ada pembaruan yg lebih nyaman ya,,, masak aplikasi gak jelas kayak gini ,,, Hapus akun gak bisa, daftar akun baru sulit...... Ini gimna kelanjutannya... Tolong lah lebih di perhatikan ... Agar pengguna jga Nyaman akses.nya MOHON BAGI PETUGAS APLIKASI LEKAS DI PERBAIKI,,, ATAU SAYA LANGSUNG TEGUR DI KEPALA ATASAN ANDA 🙏🙏🙏 TRIMKASIH",,,,,negatif
Kalau apk tidak di buka lama kenapa akun bisa keluar sendiri.,,,,,netral
"Aplikasi ga jelas. Daftar pakai e-mail, disuruh upgrade ke basic biar bisa pesan tiket. Harus input nomor hp untuk dapat kode OTP. Tapi ga bisa daftar juga. Udh berapa nomor hp yg di input hasilnya tetep sama. Bukan bikin mudah malah nambahin ribet.",,,,,negatif
ribet minta aktivasi terus dituruti update berulang ulang ga bisa lanjut mu topup harus aktifasi lagi padahal sudah,,,,negatif,negatif
"bayar pakai kaipay lemot dan akhirnya pin terblokir, padahal sudah topup saldo banyak Bayar pakai shopeepay gak bisa menyambungkan terus",,,,negatif,
"Setiap mau login selalu muncul tulisan aplikasi tidak menanggapi. Padahal sinyal bagus, buka aplikasi lain juga lancar. Sudah berhari-hari ditunggu, dan dicoba terus, tapi tetep aja gabisa",,,,,negatif
"Kenapa saya berulang ulang diminta upgrade member basic padahal sudah pernah daftar, dan bahkan ada tulisannya email dan no hp sudah terdaftar. Lha terus proses dftar member basic saya yg sblmnya gimana? Namanya maju kena mundur kena",,,,,
"Saya naikan jadi 3 bintang ya, pembayaran mandiri direct debit bermasalah, sudah tunggu tapi OTP via SMSnya masih belum muncul padahal ada pulsanya.",,,,negatif,
Gimana cara mengatasi proses pengaturan ulang kata sandi? Kog gagal terus waktu klik lupa kata sandi,,,,,negatif
"Aplikasi negtodd. Lama bet verifikasi OTP, bikin darah tinggi aja. Mending aku pesan dari stasiun sendiri, seperti tahun 2000an. Tapi gw gak bisa karena aku harus pesan lewat apk sampah ini!!! ASU NGENTODD!!",,,,,negatif
"Kenapa sekarang jadi susah sekali mau pesen tiket,masuk member basic dulu sudah daftar gk bisa masuk2 ,tolong donk diperbaiki saya sering kali pke kai klo kemana2 tpi sekarang pesen tiketnya susah minta ampun...sebel dech....",,,,,negatif
Ticket saya ada diaplikasi...ini gmana disuruh masuk pasword terus padahal udah selesai..kereta udah mau berangkat,,,negatif,,negatif
"selalu update selalu ke log out sendiri mana tiketku buat besok asem asem, terus piye iki aku login semua saya cek gaada tiket saya, login lewat nomor hp kodenya ga kekirim kirim berkali kali dicoba",,,negatif,,negatif
Kenapa kode otp untuk upgrade akun ga muncul2 lewat sms? Sudah saya coba berkali2 tapi tidak mau muncul.,,,,,negatif
"ribett, mau dftar akun member besic susah sekali, gatau dah knapa ini klo bisa secepatnya diperbaiki biar kami lebih mudah ngga kaya duluu huhu jdi sedih sih')",,,,,negatif
aplikasi tidak stabil. sering gangguan. dikit2 ke logout akun nya. dana pemeliharaan software pasti di korupsi👎,,,,,negatif
"Hari H jadwal kereta berangkat malah tiket yang udah dibeli sebelumnya nggak muncul. Tulisan yang tertera katanya jaringannya jelek, udah saya ganti pakai data seluler masih nggak bisa, saya coba logout login berkali-kali tetap nggak bisa, saya coba install ulang tetap nggak bisa, saya coba lihat kode booking di web malah nggak muncul, pdhl jelas-jelas masih ada riwayat pemesanannya di APK.",,,negatif,,
"Woiillaahh.. saya gk bsa login, password sdh benar tp sllu fail. Nanya di ig jg gk di respond. Mau reschedule jd susah, percuma ada aplikasi klw aplikasinya gk bsa dipake !!",,,negatif,,negatif
"Saya kecewa, saat sudah diupgrade tiba-tiba saya ga bisa masuk, alhasil saya harus bikin akun baru. Lalu saat memilih metode pembayaran selalu error, tidak mau terhubung. Ini kenapa yah? tolong diperbaiki secepatnya. Kalo bisa jangan utamakan tampilan dulu, udh tau sekarang beli tiket gabisa langsung di stasiunnya malah dipersulit dengan adanya apk yg gaguna kek gini. Saya mau ada acara penting lohhh, benar-benar merugikan orang. jangan update² lagi pusing log out sendiri mulu",,,,negatif,negatif
Katanya sistem online kenapa ada waktu tunggu antrian di aplikasi? Ini kenapa habis update malah logout sendiri,,,negatif,,negatif
"Ini kita di minta upgrade ke basic ,isi data sudah lengkap .ujung ujung nya ngak bisa juga . Hemmm tolong lah kai",,,,,negatif
"aplikasi ter SAMPAH yang pernah gw download, masak akun keluar sendiri trus, ketika mau pesen buru, malah makin ribet anjir, sangat sangat sangat kecewa, benci aplikasi ini, mending pesen tiket di aplikasi laen atau yg lebih gampang,🤬 uninstall!!",,,,,negatif
"Aplikasi ngisin ngisini. Punya pemerintah kok aplikasinya ruwet. Padahal sudah update, sudah terdaftar tapi kok ya disuruh jadi member basic. Diperbarui datanya, email dan telepon sudah terdaftar. Lah truss aku kudu piye jal... 1 lagi klo topup by KAI itu mbok ya gercep gitu loh ga perlu tunggu 15 menit.",,,,negatif,negatif
"Aplikasi yang ribet,, minta upgrade menjadi member basic tapi malah no dan telp yg terdaftar sudah ada,, ya jelas sudah ada,,, kan mau upgrade,, klo belum ada ya apanya yang di upgrade",,,,,negatif
"aplikasinya banyak masalah mau daftar aja gak bisa masuk , padahal jaringan bagus pakek wifi tetap gak bisa juga, tolong di perbaiki!!!!!",,,,,negatif
"Kode OTP ga valid mulu, padahal udah sesuai sama yg di sms, tolong bantuan dari kai Access nya dong gimna ini",,,,,negatif
"Aplikasi ribet, punya pemerintah tapi ribet amat pas daftar, dah lah, punya pemerintah kok gini amat",,,,,negatif
"Udah buang kuota,pas mau daftar gak bisa2,kocak",,,,,negatif
"Apalah ini gak bisa Upgrade akunnya. Tiap verifikasi otp selalu ""otp not valid"" Padahal otp yang di dikirim via SMS jelas2 itu kodenya🥴🥴",,,,,negatif
"Daftar Akun Basic aja susah banget. sudah percobaan 3 kali. Gagal terus. Sudah masukin keden Verifikasi melalui SMS, gagal. Padahal kode udah di masukin, Tombol dipencet, gak respon. Kalau emang HP saya yang trobel, masak iya, sampek 13 kali. Dan disisi yg lain, pake aplikasi lain, pake metode kode OTP buat Verifikasi, bisa semua. Cuma Aplikasi KAI Access ini yang kayak begini. Tolong diperbaiki donk. Merugikan, mau pesen tike gak bisa. Terlambat kehabisan tiket terus gara"" Error gini.",,,,,negatif
"Pembayaran melalui e-Wallet awalnya bisa (ovo) stelah di update mau bayar pake e-wallet tp gak dapet mulu kode otv nya dah mau sebulan di ulang terus tetap aja gak ada kode otp. Klo top up ke kai access langsung potongan nya berubah² makin gede top up makin gede potongannya, gimana sih ini?",,,,negatif,
"Aplikasi payah,Tidak bisa masuk setelah download edb detected trus dn close , padahal sudah di apus download beberapa kali",,,,,negatif
Apk nya jelek bgt sumpah.. tiba² logout sendiri ga bisa akses lagi.. udh ganti pw tapi tetep tidak terdaftar.. udh segala cara tetep aja ga bisa.. aneh bgt sihh.. tolonglah perbaikin kali apknya.. jelek bgt sumpah... udh diupdate bukannya bagus malah makin ngadi²..,,,,,negatif
"Daftar akun basic kok ga bisa yaa, padahal email dan nomer telpon sudah benar dan masih aktif, Sudah menghubungi customer service udah telpon kok tiba-tiba telpon nya matii??? Ini gimna KAI ??? jgn diem aja tolong cariin solusi nya",,,,,negatif
Susah masuk nya tiket tersedia tidak bisa di beli gimana min,,,negatif,,negatif
"Nyebelin banget aplikasinya yang sekarang. Sering error padahal dulu nggak begini. Mau pesen tiket dari malem sampai pagi ndak bisa. Alasannya time out, dicoba lagi alasannya servernya sibuk, dicoba lagi malah tulisannya ups jadwal tidak ditemukan. Ujug²nanti kehabisan tiket. Tolong segera diperbaikiiii🙏🏽🙏🏽🙏🏽",negatif,,,,
"Aplikasi error.. Sudah dibayar pakai e-wallet, malah statusnya masih menunggu pembayaran.. Ujung-ujungnya ke cs stasiun dan pesan manual.. Tolong diperbaiki aplikasinya min..",,,,negatif,
"Harus update aplikasi terus, storage hp kepenuhan gara-gara aplikasi ini",negatif,,,,
"Kayak gk niat bikin aplikasi, aplikasi belum siap sudah d rilis, pesen tiket udah kayak war tiket konser blackpink, selalu crash system padahal dah masuk proses munculin kode pembayaran, mending balik lagi aja pesen offline",,,,negatif,
"makin ga jelas fiturnya, harus ngantri dulu 30 menit setelah di update. itupun ga langsung bisa booking tiketnya",,,negatif,,
Ini sebenarnya aplikasi bisa di buat beli tiket apa enggak sih..setiap beli tiket yang timeout yang severnya bekerja terlalu keras.udah di bela²in gak tidur dari jam 00.00 sekalinya dapet pembayarannya sulit yang unduh barcord lama banget.mohon untuk di perbaiki untuk apliksanya,negatif,,,negatif,
"Sering error trs, haduh bagusan Apps yg lama WKWKWKW",negatif,,,,
"Loading lama betul, mana berat gitu lagi buat ngaksesnya. Oh iya untuk pembayaran e-wallet makin sedikit ya, tadi niatnya pembayaran mau pake e-wallet tapi gk bisa bisa. Pdahal jaringan bagus. Dan satu lagiiii kenapa data tiket keretanya updatenya lama kalah sama aplikasi sebelah. Sangat mengganggu apalagi kalo pas mau pemesanan 😠😠",negatif,,negatif,negatif,
"Saya sudah isi KAI PAY / KASPRO tapi gak bisa buat bayar,padahal pin sudah bener,tapi malah keluar katanya pin salah,sampek tak ganti pin baru,berhasil ganti pin baru,giliran bayar pakek KAY PAY salah di pin lagi,padahal udah sesuai,akhirnya bayar pakai bank BCA,lgsg bisa,trus saldo KAY PAY saya apakah bisa di kembalikan atau di cairkan?,harusnya aplikasi ini memudahkan,tapi malah menyulitkan.. parah banget..",,,,negatif,
"Apk burik gajelas sering error, cari tiket dari jam 1 sape hampir jam 3 masi aja error. Kita juga mau tidurrr woiii, besok banyak aktivitas. Penghasilan banyak tp error mulu dah",negatif,,,,
Aplikasi ampas mau daftar basic aja kagak bisa susah,,,,,negatif
"Inovasi bagus pakai sstem antrean, tapi mohon dkembangkn lg. Sudah antre tertera 15 mnt bukannya turun malah naik, ok gk pa2 masih bs maklum, setelah sudah masuk sstem n sudah isi pesenan mau proses perolehan kursi malah d notif. Saat ini transaksi sedang tinggi coba beberapa saat lagi. ya memang sistem sibuk makanya antree. sabar. coba beberapa saat. di notif lg yang sama. sampe 5x notif yg sama. dn akhirnya sesi pemesanan sudah berakhir. Mulai dr awal brakhir tnpa tiket. Tiket hbis",,,konflik,,
"Aplikasi berat, lemot dan ketika mau dilakukan pembayaran selain dengan Kaspro selalu error. Bikin emosi. Sudah gitu, kalau mau topup Kaspro, biaya potongan adminnya gede banget najis naudzubillah... Repot, aplikasi ribet dan berat!!! Nyusahin orang mau mesen tiket kereta.",negatif,,,negatif,
"Sudah terbiasa menggunakan aplikasi ini dan sangat bermanfaat, hanya sy msh menggunakan perangkat dgn os android 7 jd tdk kompetibel dgn aplikasi terbaru, mohon updatean terbaru dpt mengakomodir os android yg msh lawas. Terima kasih",,,,,
Ini aplikasi e gimana se saya sudah bayar tiket habis 20 ribu malah tiket kereta api e gak muncul tolong deh gimana solusi acces kai,,,negatif,,
"Menurutku yg sdh beberapa kali menggunakan apps ini utk reservasi pembelian tiket KA sdh cukup baik namun utk proses top up jgn kelamaan proses done nya kk...spy tdk ada kekuatiran tdk masuk uangnya..mohon ditingkatkan lagi pelayanan aplikasinya, spy dpt lebih baik dan dipercaya tks.",,,positif,negatif,
"Mohon bantuannya Kai Acces, saya udah top up lupa belum aktivasi tapi tombol aktivasi tidak ada jadi saldo tidak bisa digunakan karena belum ada pembuatan pin KAI pay..",,,,negatif,
Sudah 2025 sistem beli tiket masih kya jaman jadul. Beli tiket lebaran sistem ga jelas. Nunggu lama lama ga bisa dapet tiket sampe online 3 jam gagal terus tau tau habis. Mau sampai kapan sistem kaya gini trus?,,,negatif,,
Cacat karena selalu ke ganti2 mulu halamannya,,negatif,,,
"Aplikasi buruk sering gagal transaksi tapi saldo pembayaran tetap terpotong, saya sudah menghubungi CS tapi belum dikembalikan saldonya sampai sekarang. Kalo aplikasi belum teruji kelayakannya jangan dirilis dong kasihan customer banyak yg mengalami kendala dan proses penyelesaiannya lama.",,,,negatif,
Abis update malah jadi gabisa cek jadwal krl..tolong diatasi untuk masalah ini..pdhal sebelumnya normal² ja,,,negatif,,negatif
"Saya sudah bangun di jam 00.00 untuk membeli tiket. Tapi ternyata jadwal belom tersedia di stasiun yang saya tuju, tapi di stasiun lain jadwal sudah tersedia. Udah ditahap pembayaran malah jadi layar putih sampai sejam. Pas dikembalikan udah proses penungguan pembayaran. Haduuh 😭",negatif,,negatif,negatif,
"Setiap ada yang baru harus di update kalau gak di update gak bisa di pakai. Kenapa sih, jadinya gak nyaman banget",,,,,negatif
"Sangat payah,mau upgrade aja susah tinggal klik kirim kode SMS...ulang2 terus sampe capek",,,,,negatif
Di pencarian kereta lokal Stasiun Madiun tidak dicantumkan,,,negatif,,
"Sangat buruk sekali untuk boking online melalui aplikasi yang baru mending versi lama,enakan kayak dulu langsung beli tiket di stasiun lebih mudah, intinya buruk sekali.",,,negatif,,
Kenapa layanan pulsa listrik sama pulsanya hilang😭 pdhal butuh bnget ini. Mana saldonya msih bnyak bnget ngga bisa ditarik tunai. Dan aku bukan orang yg tiap hari naik kereta bahkan sebulan aja juga blum tentu berpergian pake kereta. Pliss diperbaiki lg dong appnya,,negatif,,negatif,
"Banyak bug nya, saat ingin memesan tiket muncul error jwt token expired, please tim Programmer nya cek. Terus juga saat ingin aktivasi kaipay, saat masukin kode pin baru dia error terus dan errornya cuman alert kosong tanpa ada penjelasan, Tolong tim frontend nya lebih serius",negatif,,,negatif,
"Tambahin dong jadwal pagi nya, dari serang arah rangkasbitung jam 04:00, banyak karyawan mesti ke rangkasbitung dulu nih yang mau ke ibu kota",,,,,
Kenapa sih topup di KAI acces haru ada potongan biaya. Kan jadi rugi. Cobalah di perbaiki lagi. Masa topup langsung di aplikasi KAI harus ada potongan. Mana delay pula topup saldonya. Coba di perbaiki lagi itu sama Kaspro nya. Jadi gak berfaedah. Meding pakai E-uang atau Dari goj3k.,,,,negatif,
Ini aplikasi update kok tambah sulit masak iya udah mau pesen malah gak bisa alasannya kadaluarsa padahal udah dicoba berkali2,,,negatif,,
"Waktu tujuan kereta sering kali tidak sesuai dengan jadwal, selisih waktunya hampir 1 jam. akhir-akhir ini sudah beberapa kali PP waktu tujuan kereta pasti telat. dulu selalu ontime. perlu dilakukan pembenahan kembali, kok bisa sistem yg dulunya bagus malah sekarang jadi kacau.",,,negatif,,
"Aplikasi bodoh. saldo saya sudah dipotong, id pemesanan tiket tidak keluar.",,,negatif,negatif,
Proses pembatalan tiketnya lama banget. Saldo udh lama ga dikembalikan. Payahh,,,negatif,negatif,
"Saldo keptong buat isi komuterline, giliran di update eror terus, dan di kartu tidak ke isi. Aplikasi dari dulu selalu burik ini KAI. Klo sudah bisa atau minimal uang saya kembali . Baru saya ganti reviewnya.",,,,negatif,negatif
"apakah tidak ada pembenahan? dengan 10jt lebih tapi rating 2 apa tidak malu? bukankag itu menandakan kelayakan dari aplikasi nya yg begitu buruk? sering eror pada kondisi yg genting seperti war tiket mingguan, apakah memang haru trouble di waktu-waktu seperti itu?",,,negatif,,
Antrian trz ga bisa masuk2. Yg ga antri orang dalemnya kali,,,negatif,,
"Sebagai pengguna Acces by KAI saya merasa bahwa update yang sering dilakukan tidak memberikan peningkatan pada aplikasi. Menurut saya versi lama lebih baik dibanding versi terbaru. Saya melakukan pemesan tiket dan melakukan pembayaran menggunakan qris, saldo saya terpotong namun pemesanan tiket yang lakukan justru gagal. Mungkin nominalnya tidak banyak namun hal ini cukup merugikan pengguna. Tolong untuk pihak KAI untuk melakukan perbaikan agar hal seperti ini tidak terjadi kedepannya.",,,,negatif,
"Pembayaran Nya Nggak Ada Via Indomaret & Alfamart, Jadi Susah Kalau Mau Bayar Apalagi Nggak Punya M-banking, Jadi Menyusahkan, Sedangkan Kalau Mau Menggunakan Aplikasi Ovo Itu Nomernya Masih Dulu Nggak Bisa Diganti Yang Baru, Jadi Susah Lagi Buat Bayarnya.... Ini Aplikasi Nggak Ada Perubahan Sama Sekalian 👎👎👎",,,,negatif,
"Udah WAR tiket jam 00.00 untuk dhoho sama penataran udah tinggal dikit aja tempat duduknya, memangnya harus jam berapa beli tiketnya? Telat 1 menit dah kehabisan, trus sering jadwal tidak ditemukan lagi udah ditemukan jadwal dah habis aja tiketnya. Harus gimana belinya?",,,negatif,,
tiket dua kali ilang tiba tiba ngantri lagi stap ga tau . cuman jawab eror pak sangat meragukan apl ini maju pelayanan sangat mengecewakan,,,negatif,,
"Jembut jembut.... Mohon untuk diperbaiki sistemnya. Saya nunggu dari Jam 00.00 baru dapat tiket di jam 06.45. Hanya dapat notif ""sistem sedang bekerja keras""",,,negatif,,
"Aplikasi Semakin buruk, sinyal bagus tapi gagal terus di pembayaran. Coba ganti2 dari OVO ke Shopee pay hasil nya tetap error. Sampai 15 kali coba error terus dan tidak bisa pesan lagi",,,,negatif,
Jadi saya sering berlanganan di kai accses dan saya sangat kecewa banget di ini apk saldo saya ga bisa kepakek karna apk nya konyol bngt sering ngbug dan pin yang saya gunakan selalu salah padahal itu pin udah bner dan saya coba reset sandi dan coba lagi pin masih salah saya tidak terbantu banget dengan apk konyol kayak gini . pihak kai seharusnya di pantau terus dimana bagian bug di apk nya sendiri . kocak kocak,negatif,,,negatif,
"Aplikasi ter lemot yang pernah saya jumpai. Saat aplikasi Error penumpang di arahkan untuk ngantri offline, padahal PT KAI sendiri yg mewajibkan beli tiket kereta lokal online utk penumpang usia 50 tahun ke bawah. Anehnya, disaat pt kai ada kesalahan ada pengecualian tapi saat terdapat kesalahan pada penumpang sama sekali tidak ada pengecualian.",negatif,,,,
"Sering trouble Sulit melakukan pembelian tiketnya, sudah masuk dan pesan di pembayaran gak bisa, sering juga data hilang sendiri, mohon pihak kai melakukan perbaikan access",,,negatif,negatif,
"beli tiket pas mau di scan katanya disuruh ulang,aku bilang saldo udah berkurang kata mba nya belum ulangi lagi aja, alhasil saldo berkurang 2x hahaha",,,,negatif,
"Metode pembayaran sering eror terutama pakai ovo jadi susah klo mau bayar sdh kehabisan waktu ,ee tiket nya sudah habis duluan",,,,negatif,
"Aplikasi makin banyak trouble, gak berminat untuk dibetulkan kah? Masak di awal halam tersisa 5 kursi begitu dibuka kursinya kosong semua. Pertama. Kedua setiap update jam 12 malam. Bukannya kereset malah udah ke isi semua jadi tiket yang habis gak bsa d klik. Tolong lah diperbaiki, sudah canggih tp banyak trouble mending gak usah d update.",,,negatif,,
"Mohon admin, kenapa aplikasi kai acces saya gak bisa dibuka? Padahal sudah sy update... Terimakasih",,,,,negatif
"Mau pesen tiket tapi selalu muncul tulisan ""can't booking more than 15 booking per day"" Padahal hari ini belum booking tiket sama sekali, gimana ceritanya tiba2 udah 15 booking aja. Gimana nih solusinya? Aplikasi buat booking tiket masa gabisa dipake buat booking tiket.",,,negatif,,
"Aplikasi busuk, pesan tiket aja susah bgt",,,negatif,,
"Gatau lah download aplikasi bukannya jadi mudah malah makin ribet. Ini kalo tiket kretanya habis di tulis tidak tersedia kek, jangan tulisannya tersedia tapi trnyt dah abis, lbih valid pesen lewat browser dripd aplikasi",,,negatif,,
"Perubahan jadwal di bulan Pebruari sangat tdk bersahabat dg pekerja dan juga waktu tempuhnya jadi lebih lama... Perubahan tdk menjadi lebih baik, menurut kami sebagai pekerja. Tidak mendukung himbauan untuk menggunakan angkutan umum supaya mengurangi kemacetan...",,,,,
"saya tidak bisa mencari kota tujuan di pilihan KA lokal seperti sragen, Ngawi, Madiun. Tolong solusinya",,,negatif,,
"Tiap beli tiket arus balik sering error Mulu, padahal pembayaran udh berhasil tapi tiket GK keluar",,,,,
"Setelah di update malah makin buruk, selalu disuruh aktivasi kaipay, giliran mau di aktivasi tapi selalu oror dan gagal lagi, kemarin saja pernah h-1 pemberangkatan tiket malah ngga mau muncul",,,negatif,negatif,
Saya membeli karcis yang salah pada jam nya dan saya harus berpikir keras untuk mengembalikannya hanya saja uang itu tidak bisa dikembalikan dan harus jual ke orang lain dan saya juga udah nggak bisa buat mendapatkan uang itu lagi tolong dibenarkan aplikasi ini jangan sampai Indonesia malu-maluin seperti ini uang 3000 masa nggak bisa dibalikin tolong dong diperbaiki lagi aplikasinya bikin malu-malu negara aja kalau niat bikin kereta nggak usah bikin karcis kereta jadilah yang jujur,,,,,
"saya 2 kali pesen tiket online sudah terbayar, ada bukti nya juga tapi diapk tiketnya belum terbayar sampai akhirnya waktunya habis dan hangus. saran juga kalo bisa diapk ada menu untuk pesan makan trus bisa diantar sarann aja",,,negatif,,
"Susah sekali batalin tiket, banyak bug. Pakai e-wallet, data e-wallet tdk tersedia, trs knp dikasih opsi tsb?. Pakai Bank, namanya harus sama dg nama penumpang. Lah nama penumpangnya udh sesuai sama NIK, trs knp ga diintergrasikan aja? Solusi dari CS, minta user ke stasiun. Tapi, gak bisa melayani di semua stasiun. Benar benar tidak solutif dan tidak membantu. Hangus sudah tiketnya.",,,negatif,negatif,
"Alasan Rating: Tidak kompatibel dengan ponsel saya,saya harap aplikasi penting seperti ini berfungsi di setiap perangkat,agar tidak mempersulit banyak orang. Satu lagi,untuk connecting train itu belum lengkap jadi ada beberapa rute yang harus di pesan tiketnya satu persatu dan tambahkan connecting train lokal dengan antarkota,mohon diperbaiki...",negatif,,negatif,,
Setelah d update antri online 20 ment berasa 1 jam setelah antrian selesai tiket tidak tersedia...war tiket jd kacau...,,,negatif,,
"Ini aplikasi kenapa sih, sisa saldo saya itu pas pagi tadi ada 18 ribu, mau beli tiket commuter line bandung yang harganya 5 ribu, pas mau pembayaran malah tiba tiba e wallet kosong, terus saldo saya dikuras habis, setelah nanya satpam, satpamnya malah bilang lain kali jangan top up kaipay karna sering gangguan, pdhl saya udh nunjukin bukti saldo saya sebelumnya dan saldo saya yg berkurang di riwayat pembayaran Plis perbaikin ini, kenapa sih bisa bisanya saldo disedot abis",,,,negatif,
"Untuk keseluruhan hampir mudah di gunakan, tapi satu yang perlu diperhatikan, sistem pembatalan itu jangan nunggu 30-45 hari kerja yaa, kelamaan, paling telat juga 2X24JAM , Beda dengan Traveloka Agoda dll meski cuma 10 menit , mohon untuk di perhatikan",positif,,negatif,,
"tolong aplikasinya dibenerin lagi,saya mau update ke KAI PAY gak bisa keluar terus dari aplikasi",,,,negatif,
"mau pesen kereta lemotnya minta ampun, padahal tinggal bayar malah muncul layar abu-abu",,,,negatif,
Ribet amat sekarang apa - apa online tapi sistemtem lemot kalau nggak eror ampasss,negatif,,,,
"aplikasinya sebenernya bagus cuma kenapa waktu minta permintaan refund pembatalan tiket uangnya udah melewati 30 hari belum ada uang kembali , malah pengajuan pembatalan perjalanan tiket belum di konfirmasi padahal udah lewat 30 hari , untung Nominal 80 ribu ke , gimana kalau nominal 500ribu -1 juta keatas ? Tolong segera di perbaiki lagi",positif,positif,negatif,negatif,positif
"Sangat perlu di perbaiki, dan diperbarui, topup masuknya 2 hari , scan barcode bayar masuknya juga lama diulang ulang terus .",,,,negatif,
"Masa topup saldo KAI Pay dari BCA ke VA Kaspro lama banget terupdatenya. Butuh waktu 30 menit. Tolong dipercepat lah, dulu sebelum aplikasi diperbaharui ngisi saldonya cepat, masa setelah diperbaharui malah lebih lambat.",,,,negatif,
"Jelek pake banget, ga kaya tahun dulu dulu. Pas buka aplikasi dapet tiket bayar ke alfamart. Sekarang suruh nunggu pake no antrian lah. Giliran udh masuk pas masukin data timeout terus. Tau tau tiket abis. 😡😡😡",,,negatif,,
"Ini aplikasi pemerintah bukan sih, klu punya pemerintah parah banget. Kebanyakan di korupsi kali duitnya. Error, lemot, buat bayar ribet amat ngulang-ngulang terus. Di perbaiki lagi donk yang lebih baik.",negatif,,negatif,,
Pemesanan kai untuk mudik terlalu lambat server selau penuh ujung ujungnya udh kehabisan tiket aja padahal baru 5 mnit pembukaan tolong lah ditingkatkan lagi kai,negatif,,,,
"Mohon untuk disediakan Fitur tukar tiket jadwal keberangkatan, agar tidak usah jauh² datang ke stasiun, soalnya untuk anak kuliahan yang merantau akan sangat berguna karena banyaknya jadwal² kelas yang sering ber ubah ubah.",,,negatif,,
Parah banget sudah beli tiket saldo sudah terpotong tpi tiketnya tidak ada di pemesanan typo,,,negatif,,
"tolong tambahkan layanan penggantian nama penumpang dan akun yg memesan juga bisa digantikan oleh orang lain, bintang 2 dulu klau udah ada layanannya sy ganti",,,,,
Baru nyoba sekali udah kecewa. Karena pilihannya gabisa di klik. Ya gimana mau lanjut administrasi kalo pilihan keretanya gabisa di klik. Trs juga suka ngefrezz gajelas bgt,negatif,,,,
"Aplikasi yg versi terbaru malah semakin sulit dapat tiket, udah war dibelain bergadang jadwal selalu belum tersedia giliran udah muncul udah kehabisan padahal memori bagus, koneksi bagus, kecewa sebagai pelanggan yg dr dulu selalu naik kereta kemana mana sekarang susah krn gadapet tiket terus 😑",,,negatif,,
"Jangan maksa update kalo blm mau update, apps lain gak di update 6 bulan pun bisa di pake, bisa gak cuma notif aja jangan maksa update",negatif,,,,
Seriuss kai access seburuk itu persiapan nya buat lebaran tahun ini,negatif,,,,
"Udah saya bayarrr tiket belum masuk juga, najis aplikasi KAI setelah update",,,negatif,,
"Pesan tiket susah,, loading terus udah isi data penumpang klik lanjut tetep gak dapat tiket",,,negatif,,
"Ngapain pakai antrian, cuma hanya cek tiket. Tolonglah bijaksana dalam membuat aplikasi. Jangn memikirkan untung sepihak",,,negatif,,
"halo kai, tolong baca ini. sedikit saran, mungkin next time untuk commuter line dhoho-penataran gausah ada tiket yang 'tanpa kursi'. aku gatau tujuan kalian mengeluarkan tiket ini untuk apa, tapi menurutku ini bener"" hal terburuk yang bikin aku kecewa. mungkin kalian ingin memaksimalkan penggunaan space kosong yang tersedia, atau mungkin mata duitan (?) entahlahh, tapi hari ini bener"" full banget, sampe bikin agak sesak nafas. btw, aku tadi tiba"" disuruh pindah tanpa ditanya 'sedang sakit/tidak'",,,negatif,,
"Berbelit2 aplikasi nya. Sudah download tapi mau pakai tidak bisa langsung, krn harus registrasi segala macam. Aplikasinya tlg modul nya dipermudah, supaya pengguna kereta terutama yg agak2 gaptek masih tetap bisa pakai.",,,,,negatif
"Pak untuk No Handphone di profil tidak bisa di ubah, tolong di update agar bisa mengganti no Handphone di aplikasinya saya aja bingung mau ganti. Saya aja bingung mau ganti no hp y",,,,,negatif
Anjirlah tiap masuk apk tekah berhenti apk telah berhenti ini gimana sih Uda install ulang tetep aja error ini developer gimana woy,negatif,,,,
"Setelah di update malah mau pesankan orang tua, nggak ada menu reduksinya, alhasil harga normal bukan lansia.",,,negatif,,
"Kenapa saya tidak bisa klik tujuan Pekalongan, tulisannya dalam pemeliharaan...kok bisa berhari hari ???",,,negatif,,
"saya baru buka kembali KAI access, tapi akun saya kenapa harus upgrade basic lagi. Padahal sblmnya sudah terdaftar dan bisa transaksi, lihat histori tiket, lihat daftar penumpang yg pernah saya input. ikutin arahan utk upgrade lagi, system bilang ""already exist"".",,,,,negatif
App nya msh banyak bug yg belum kelar... verifikasi berhasil tapi klik profile balik suruh verifikasi lagi. gtu aja mulu smp lebaran kelar 😢,,,,,negatif
maintenance aplikasi jelek. pembayaran gagal mulu. tidak ada perbaikan. bad,,,,negatif,
"Jelek banget aplikasinya udah gak seperti dulu, setiap hari Jumat selalu ada masalah. Jadwal sering tidak tersedia, di refresh terus tetap tidak tersedia. Setelah beberapa menit bisa, tiket sudah habis. Tolonglah diperbaiki:(",,,negatif,,
"Jadi ada antrian, dan cukup lama antri setelah masuk jadwal tidak tersedia..",,,negatif,,
"Saya sudah isi data, tp kenapa ya nggk bisa pripikasi no hp... Apa ada yg salah mohon bantuannya",,,,,negatif
"KAI jangan gaet kaspro dah soal KAIpay sumpah buang-buang uang banget biaya adminnya gede banget. ga ada top up yg free admin, mending gaet shopeepay, astrapay, atau ovo.",,,,negatif,
"Semakin kesini aplikasinya semakin banyak trouble, kalau kebanyakan ngecek jadwal kereta, bakalan kena time out, kenapa harus ada time out? Kemudian mengecek ""Tiket Saya"" juga jadi susah, padahal jaringan pribadi sudah sangat bagus namun dari aplikasinya berkata ""Ups!! Terjadi Kesalahan Mohon maaf kami mengalami gangguan saat sedang memproses. Silakan coba beberapa saat lagi dan pastikan koneksi internet Anda stabil."" Padahal sudah bayar dan jam keberangkatan sudah mepet, banyak errornya sekaran",,,negatif,,
"upgdre skrg malah bikin EMOSI apa"" kena antrian.giliran dah masuk data muter lagii logout.stlah dapat pembayaran muter Lagi buat bayarnya.akhirnya Zonk sdah soldout. HERAN MEREKA YANG SUDAH DAPET TIKET NYA DARI MANA??????CALOOO???SAYA YG SUDAH PAKAI HP 10 PUN GK DAPET""!",,,negatif,negatif,
"Makin kesini aplikasi makin gak jelas,, cape² nungguin tiket mantengin HP giliran bisa dibuka tiket gak ada jadwal, setelah dibuka lagi tau² tiket habis,, dasar aplikasi gak jelas.",,,negatif,,
"Parah bgt aplikasinya,pengen pesen gegara loading gk bisa msk dan alhasil tiket keburu habis .... Gak jelas",negatif,,,,
"GAK BANGET!!!! AKU GAK MEREKOMENDASIKAN APP INI Untuk pesan tiket KA Bandara susah banget, mesti harus ada akun basic. Pas mau coba registrasi akun basic susah, beberapa kali di coba hasil juga sama. ""EMAIL & NOMOR TELPON SUDAH TEREGISTRASI"" HOW?!!! Ini baru pertama kali registrasi. Coba bikin akun baru, HASILNYA SAMA!! Bukan membantu mempermudah malah menyusahkan! Baik dulu bisa di pesan lewat app satunya lebih mudah dan gampang.",,,,,negatif
"Kebiasaan suka sering error, apalagi di waktu2 genting mohon perbaikannya ke depannya kalau memang sepenuhnya pembayaran dan pemesanan tiket harus melalui aplikasi Sering rugi jadinya harus bayar 2 kali, di aplikasi pemesanan tiket dan lewat loket 😡😡 Jaringan hp stabil dan tanpa menggunakan vpn (jangan jadikan jawaban karena koneksi internet yang ngga stabil)",,,negatif,negatif,
"Isi saldo pke shopeepay sudah kepotong shopeepay ny tp gx ada masuk saldo k kartunya. Pemberitahuan d riwayat shopeepay udh berhasil, tp saldo blm masuk",,,,negatif,
"Update mulu, bukanya ada optimalisasi malah tambah error",negatif,,,,
Kenapa waktu nya hanya di beri 2 detik???,negatif,,,,
Udah lama2 nunggu antrian online hampir 1 jam pas antrian saya tiba tiketnya gak ada dan harus ngulang nunggu antrian lagi...tolong dong kai accsess sistem dulu lagi saja..ini saya jadinya emosi,,,negatif,,
Aplikasi Gimic doang .. ga bisa buat psesn tiket lebaran kayanya buat ordal aja karena hampir semua ngeluh ga bisa pesen tiket selalu habis ..,,,negatif,,
Ni gimana sih kok tombol pembatalan pembelian tiket gak ada dan saya sangat kecewa sama pihak kai d hubungin selalu nunggu antrian saya tunggu sampek 24am gak bisa2 selalu alasan selalu tunggu antrian tolong d perbaiki klu tdk bisa jgn d teruskan APP ni,,,negatif,,
"Tambah lemot sekarang, jadi susah pembayaran lama, susah koneck Gak recomend pakek KAI Access sekarang",negatif,,,negatif,
"Aplikasi merepotkan kan..,giliran mau bayar tidak bisa..,bagai mana KAI bisa maju...banyak penumpang..,sistem aplikasi nya kayak gini.",,,,negatif,
"Min saya beli token via kai access setelah berhasil di suruh nunggu token dan diminta cek berkala. Sudah di tunggu tapi gk muncul2. Halaman riwayat dibuka error muncul ""request processing failed"". Terus cek token nya dari mana lagi min",,,,negatif,
"sudah milih tiket dan saat payment tidak bisa pakai kai payment timeout terus, padahal sudah ganti jaringan jadi tidak kebagian tiket!!! kecewa",,,,negatif,
"kenapa sering bgt update sih, gada bedanya jg.",negatif,,,,
Lemot banget ya allah mau pesen tiket aja lama bgt keburu kehabisan klo kyak gini😞😞 Tolong min perbarui lebih bagus,negatif,,,,
"Aplikasi bapuk, udah jadwal berantakan, giliran mau liat posisi kereta di aplikasi error mulu. Gak ada yang beres👎",,,negatif,,
Butuh bantuan segera ! perlindungan perjalanan & jaminan refund tidak bisa di akses. Mohon diperbaiki segera,,,negatif,,
"Aplikasi sering error, udah pesen via aplikasi eh gak muncul e-tiket nya. tolong lah diperbaiki. Tambah fitur pengaduan pelanggan via aplikasi deh.",,negatif,negatif,,
Masa setiap buka apk nya selalu harus update,,,,,negatif
"pesen tiket tanggal 15 januari untuk keberangkatan tanggal 16 januari tp sy batalin karena perubahan jadwal. sy udh ajukan pembatalan dari tanggal 15 januari lewat apk ini tpi sampai sekarang uangnya blm di kembalikan juga. tolong ini gimana uang sy blm dikembalikan, knp blm ada konfirmasi sampai sekarang, udh seminggu loh??? sy juga udh tlpn customer service g di angkat² Sungguh apk yg buruk tidak amanah tolong kembalikan uang sy!!!!",,,,negatif,
"Tiap buka app minta upgrade ke basic lagi padahal sudah upgrade, masukin lagi nik, pas pilih kursi ribet ga kena kena padahal masih status kosong..tolong tingkatkan lagi..",,,negatif,,negatif
"sampe ga bisa berkata2 , pdhl sinyal udah sebagus itu tp connect nya lemot pol, habis di upgrade malah makin ribet. kota yg di tuju ga bisa, pdhl kemarin2 gampang bgt pesen tiket. udah update tp sering gak keluar jadwal kereta. aneh bgt!!",,,negatif,,
"Overall sudah ok. Cuman satu jd kendala, kenapa akses topup KAI Pay gk bisa pakai dari bank BRI Proses topup saldo perlu waktu 15 menit dari pembayaran. Kenapa tdk seperti multitrip card commuterline isi saldo lebih cepat. Kalau saja pembayaran tiket pakai multitrip mungkin gk seribet ini beli tiket kereta",,,,negatif,
Jadwal KRL dan Lokal tidak sesuai jadi selalu terlambat,,,negatif,,
Aplikasi gajelas pake segala antri mana estimasinya ga pas hitungannya bukannya mundur malah naik kan kocak wkwkwk,,,negatif,,
"Menurut aku sih secara UI udah rapih dan mudah digunakan untuk pemesanan tiket, tetapi masalah utamanya aplikasi suka lemot dan error tiba2. Kalo mau pesen tiket atau pembatalan lagi penambahan nomor rekening tiba tiba error unavailable, kedepannya mohon diperbaiki server dan koneksinya semoga appnya bisa berjalan lancar jaya seperti app sebelah.",,positif,negatif,,
"Tampilan udah lumayan ok , tapi aplikasi nya lemot suka timeout lah non found lah. Ditambah lagi sekarang fitur pilih kursi dihilangkan. Saya yg mau booking 11 kursi dimana 6 kursi buat anak2, jadi takut saling dorong atau sampe ke injak2 pas nyari kursi. Karna siapa cepat dia dapat , jadi harus buru2 buat ambil kursi kosong. Jadi kurang aman dan nyaman. Tolong buat KAI kembalikan fitur pilih kursi",negatif,positif,negatif,,
"Peningkatan kualitas fitur dan kemudahanya sudah sangat banyak berubah, KAI terbaik",,positif,,,
"Versi baru KAI ini entah kenapa jdi merusak kenyamanan pake aplikasinya. Pesan tiket pake metode QRIS sempat tidak muncul untuk QR Codenya, repot sekali, harus dibatalkan pemesanan tiketnya terlebih dahulu kemudian memesan tiketnya kembali. Ini jadi ngerepotin jadinya. Tolong diperbaiki, tampilan UI lumayan tapi kenyamanan pakenya ngga.",,positif,negatif,negatif,
"User interface dan user experience nya lebih baik dari yg sebelumnya, coba lupa sandi agak lama dapat kode otp nya, mungkin bisa ditingkatkan lagi Untuk penggunaan aplikasi dari pesan tiket sampai pembayaran tanpa ada kendala, tingkatkan terus aplikasinya!",,positif,,,negatif
"Tampilan aplikasi bagus dan cukup mudah digunakan. Namun, metode pembayaran untuk kartu debit/kredit dan e-wallet masih sangat sedikit, hanya tersedia kartu debit mandiri dan e-wallet OVO. Saya harap di update selanjutnya pilihan kartu debit/kredit dan e-wallet bisa lebih banyak lagi.",,positif,,negatif,
Masih pertama kali pake tp udh suka sama interface nya. Mudah dipahami. Yang paling suka bagian pembayaran karena bisa pake QRIS. jadi mudah banget. Terimakasih. Semoga semakin baik,,positif,,positif,
"Pertama kali saya unduh, saya cukup terkesan, semuanya tertata rapi, kombinasi warnanya menarik, informasi cukup lengkap, dan untuk mendaftarkan akun mudah sekali. Pemesanan tiketnya mudah dan cepat. Metode pembayaran pun beragam, bisa menggunakan kartu kredit/debit dan juga e-wallet. Juga ada jadwal sholat yang sangat berguna disaat perjalanan jauh dan antar kota. Namun, aplikasi ini juga memiliki kekurangan, diantaranya: TRIP PLANNER yang tidak bisa diakses dan Selalu crash saat akses KCIC.",negatif,positif,positif,positif,positif
"Aplikasi nya bener-bener membantu , UI & UX nya bagus, terima kasih semoga makin banyak fitur baru dan stabilitas ditingkatkan",negatif,positif,,,
Simpel nyaman dan mudah,,positif,,,
"Udah bagus nih sekarang, jadi nyaman pesen di sini",,,positif,,
Aplikasinya mudah untuk digunakan,,positif,,,
"Alhamdulillah sekarang aplikasi KAI mudah utk log in, terima kasih buat KAI dan team Developernya.",,,,,positif
Sudah bisa log in kembali. Bagus aplikasi berjalan lancar,positif,,,,positif
"Wah gila sih, aplikasinya udah improve banget dari yang sebelumnya, sekarang kyknya gak ada session expired lagi, jadi login ny sekali aja, terus fitur tracking nya juga bagus, booking tiket, tempat tiket yang udah dibeli, lgsg ada di home, jadi gak ribet nyari lagi, pokoknya the best lah",,positif,positif,,positif
Aplikasi KAI sekarang sangat mudah(karna menggunakan 1 aplikasi dan bisa bayar di Alfamart)👍🏻👍🏻. Tidak seperti dulu ribet harus menggunakan 2 aplikasi(Apl Ovo dan KAI),,,,positif,
Alhamdulillah semua lancar dan gampang banget pesen tiket dan pembayaran nya pakai Qris,,,positif,positif,
"Aplikasi sudah bagus dan pembayaran juga cepat menggunakan virtual account, terimakasih KAI",,,,positif,
"Meskipun sudah baca review ttg app Access ini yg versi terbaru, tapi tetap install krn butuh tiket KA yg bisa reschedule/refund tanpa harus ke stasiun. Enggak ada kendala kok, malah lebih lancar dan lebih mudah drpd versi lama. Jika ada jeda loading, di app tiket lainnya juga sama. Menu pilihan tiket lebih terorganisir drpd app sebelah, menurut saya. Proses pembayaran + verifikasi + terbit tiket lancar tidak ada kendala.",,positif,positif,positif,
"Lumayanlah, kalau enggak punya KMT bisa pakai ini. Ganti stasiun walupun udah bayar tetap bisa diganti dan uang di refund. Mantap!!",,,,positif,
"good, memudahkan buat mesen tiket kereta jarak jauhdan bisa juga sekalian liat jadwal krl, top up saldo kmt, app terintegrasi 🫶🏻",,,positif,positif,
Untuk tiket commuter Line metode pembayarannya taroin QRIS BARCODE KALAU BISA SEMUA TRANSAKSI TIKET ADA PEMBAYARAN LEWAT QRIS BARCODE 🙏🏻☺️,,,,netral,
Lumayan dan mempermudah transaksi pembelian. Sering memakai akses qris,,,,positif,
"Aplikasi sebagus ini koq pada bilang aplikasi sampah. Saya pengguna KAI Access sudah bertahun-tahun & aman² aja tuh. Proses pembatalannyapun juga mudah, dana langsung masuk ke rekening.",,,positif,positif,
"Aplikasi yang sangat membantu dalam pemesanan tiket, akses cepat dan mudah, sangat membantu mengurangi jadwal tidur anda, agar setres bertambah, terimakasih kai acces",negatif,negatif,negatif,,
"Sesuai dg janjiku dr bintang 3 lgsg aku kasih bintang 5. Tiket mudik PP done. Alhamdulillah terimakasih Allah terimakasih access by KAI. Total begadang war tiket 5malam. Standby dari jam 11. Bolak balik cek aplikasi.Di sini selain cepet²an yaitu untung²an. Karena berebut dg beribu ribu orang yg ingin mudik dg kereta yg harganya paling murah dari kendaraan lain dan juga tidak macet.Sedikit tips:jika mencari kereta,selesai antrian ternyata tiket habis sebaiknya klik pindah² tgl dg tgl sblmnya.",,,konflik,,
"Gw apresiasi buat developernya, setalah banyaknya kendala, udh mulai diperbaiki,terutama gw suka fitur antrianya jdi gk harus adu kecepatan klik lagi dan ujungnya diprank dengan tulisan tersedia padahal udh gak bisa. Semoga makin baik kedepanya",,,negatif,,
"Sekarang saya lebih suka naik kereta, karena , pelayanannya bagus, asik dan nyaman, dan murah tiketnya Dan semenjak punya aplikasi access by KAI sekarang lebih mudah untuk mendapatkan tiket kereta... Terimakasih access by KAI",,,positif,,
"Aplikasi Ter the best , ganti jadwal ,pesan tiket, booking tiket, check in online semuanya keren. Kurang paham yg kasih rating jelek mungkin mafia parkir atau g mana😂... Kadang yg bagus dibilang jelek...yang jelek dibilang bagus..ya namanya juga bisnis lah ya... buat kalian ga usah dengerin langsung dicoba aja..",,,positif,,
langganan bgt pake aplikasi ini...dan so far sih nggk ada masalah proses booking dan pembelian tiket selalu oke dan nggk ada kendala,,,positif,,
"Diera digitalisasi ini memudahkan segala aktivitas, praktis dan cepat, termasuk access KAI sangat mempermudah pembelian tiket kereta jarak dekat maupun jauh",,,positif,,
Pesen tiket kereta disini pastinya lebih murah dari traveloka,,,,,
"Aplikasinya bagus, untuk pemesanan tiketnya juga gampang tidak sulit dan mempermudah untuk yang memakai aplikasinya",,,positif,,
lebih gampang dan cepat nyari tiket untuk perjalanan jarak jauh dan dekat.,,,positif,,
"Sangat membantu, dan. Sangat mudah tanpa harus datang ke. Stasiun bila mau booking tiket,",,positif,,,
"Aplikasi yg sangat bermanfaat dan memudahkan buat info tiket, jadwal serta tujuan KA. Sangat bagus..",,,positif,,
"Cara termudah dan simple utk melakukan pembelian tiket kereta api ke semua tujuan .... menggunakan aplikasi ini sangat mudah dan nyaman, apalagi sekarang ditambah fitur bisa menelpon contact centre tanpa pulsa ... bravo KAI ACCESS",,positif,,,
Keren dan bagus...lebih mudah dalam pemesanan tiket...Sukses selalu buat KAI.....,,positif,,,
Sangat bagus untuk info pemesanan perjalanan..transportasi,,,positif,,
Bagus aman nyaman mending beli tiket kereta langsung di aplikasi nya,,positif,,,
"Mudah digunakan untuk membeli tiket, saat ke datang cukup scan barcode tiket👍👍",,,positif,,
Aplikasi sangat bagus sekali lebih mudah sekarang tanpa ribet booking lagi,,positif,,,
Aplikasi bagus bangettt.. saya sering pesan tiket lewat sini,,positif,,,
cukup membantu untuk pesan tiket kereta..,,,positif,,
"Sekarang udah mulai bagus, pemesanan lancar, semoga gak ada kendala lemot lagi. Tingkatkan lagi aja biar lebih nyaman order via kaiacces nya.",,,positif,,
Sangat membantu dengan ada y access kai,,positif,,,
Sangat bermanfaat dan membantu dalam pemeriksaan tiket kereta api,,,positif,,
"Alhamdulillah...dgn aplikasi ini sangat membantu, mempermudah dlm urusan perjalanan dgn kereta api. Terimakasih KAI.",,positif,,,
Sangat memudahakan untuk pembelian atau perubahan jadwal tiket pulang atau prrgi,,,positif,,
Dengan aplikasi ini sangat membantu dalam melakukan perjalanan dari mana saja tanpa mengantri di loket pokoknya mantap sangat membantu,,,,,
Pelayanan untuk pembelian tiket serta jadwal selalu tepat waktu.,,,positif,,
"bagus, efisien waktu, bebas calo, informasi jadwal akurat",,positif,positif,,
Aplikasinya bagus dan memudahkan untuk pembelian tiket kereta.,,positif,positif,,
"Aplikasi ini, memudah beli tiket kereta api.",,,positif,,
Aplikasi sangat membantu memudahkan dalam transportasi pembelian tiket kereta,,,positif,,
Applikasi yang mudah dipakai dan sangat membantu dalam pemesanan tiket KA,,positif,positif,,
"Menurut saya sudah ok banget, pesan yiket bisa kapan aja, kenapa yg lain pada kasih rating buruk ya",,,positif,,
Cari tiket kereta api lebih gampang dan mudah,,,positif,,
Sangat membantu dengan mudah mendapatkan tiket,,,positif,,
Penggunaan Access by KAI sangat memudahkan pemesanan tiket perjalanan saya.,,,positif,,
Sangat membantu mempermudah pembelian tiket👍👍,,,positif,,
Sangat membantu dalam pesen tiket kereta.,,,positif,,
Mudah pemesanan melalui aplikasi Access KAI,,,positif,,
Sangat membantu untuk boking tiket..,,,positif,,
"mantap, harga tiket sesuai yang kita beli",,,,,
Segala urusan per Kereta Api an jadi mudah dengan aplikasi ini,,,,,
Pakai aplikasi kai pesan tiket lebih praktis,,,positif,,
Untuk pemesanan lebih mudah,,positif,,,
Alhamdulillah gampang buat pesen tiketnya. G harus ke alfamart dan Indomaret dulu. Kita dirumah bisa pesen sambil tidur 2 an.,,positif,positif,,
Bagus mempermudah pembelian tiket kai,,,positif,,
Sangat membantu dalam pembelian tiket,,,positif,,
Memesan tiket kereta api lebih mudah,,,positif,,
Sangat membantu dalam pesan tiket kereta api,,,positif,,
"Mantap ada aplikasi ini, tidak perlu antri di stasiun atau di indomaret.",,,,,
Ga pernah gagal kalau pesan tiket kereta,,,positif,,
Cepat dan membantu pemesanan tiket tidak perlu ngantri panjang di loket tmksh,,,positif,,
Aplikasi ini sangat membantu sekali ga usah repot2 harus beli tiket ke stasiun cukup dengan KAI👍,,positif,,,
"Access by KAU, bagi saya sangat baik, membantu percepatan cari tiket KA yg sesuai dgn kebutuhan trayek dan harga tiketnya.",,,positif,,
Semoga slalu d permudah untuk pesen tiket melalui KAI access. sukses slalu buat KAI access,,positif,,,
mudah mencari tiket dgan onleain,,positif,,,
Beli tiket jadi gampang bingit,,positif,,,
Bagus memudahkan pesan tiket kereta,,positif,,,
Sangat membantu dalam proses pesan tiket KAI,,positif,,,
Mudah beli tiket kreta pulang pergi sesuai plening,,positif,,,
Jadi gampang cari tiket nya,,positif,positif,,
Cepat dan akurat persyaratan gak ribet sekali isi data gak perlu isi data lagi jos pokoknya,positif,,,,positif
"Permasalahan sudah diperbaiki, update terbaru sudah enak aplikasinya..",positif,,,,
Sangat efisien dan mempermudah akses perjalanan,,,,,
Update terbaru dan terus perbaiki kualitas layanan,,,,,
"Dari bintang 2 udh sya update ke bintang 5 min. Alhamdulillah aplikasi nya sdh lancar dan bagus, semoga kedepannya lebh baik lagi dan jaringan selalu lancar",positif,,,,
"pt kai memang mantap,sistem dan pelayanan sangat baik",,,,,
Cepat dan mudah buat kami,positif,,,,
"Bagus pelayanan,cepat tanggap",,,,,
Bagus praktis dan cepat,positif,positif,,,
Mudah cepat praktis keren,positif,positif,,,
"cepat, nggak ribet, mantap",positif,positif,,,
Mantap lebih mudah access nya,positif,,,,
"Terima kasih KAI Sudah lebih baik Apps nya, josss memudahkan Kami",positif,,,,
"Aman ,belum pernah ada problem. Sangat membantu.",positif,,,,
"Semangat KAI ACCSES Aku yakin apk KAI ACCSES bisa lewatin semua kendala yang ada, sejauh ini aku ga pernah ada kendala yang berarti semua baik, dulu pernah ada kendala tapi semua diselesaikan dengan baik oleh cs KAI acces, SEMANGAT TERUS YA",,,,,
"Aplikasinya sangat bermanfaat, sejauh ini sih jarang erro iya. Aman dan lancar aplikasinya",positif,,,,
Bagus lebih efisien dan mudah kemana2 pokoknya mantap,positif,,,,
Penggunaan aplikasi selama ini lancar dan pelayanannya baik. Terimakasih KAI. Semoga semakin baik pelayanannya.,positif,,,,
Lebih memudahkan & sangat Membaantu,positif,,,,
Cepat dan lancar jaya,positif,,,,
Semakin cepat pelayanannya,,,,,
Terus tingkat kan..mantap,,,,,
Sudah bisa lagi seperti semula,positif,,,,
Praktis dan mudah mengakses layanannya,,positif,,,
Aplikasi ini sangat membantu,,,,,
Sdh bagus cpt dpt mengaksesnya,positif,,,,
Pelayanan dari aplikasi ini makin BAGUUSSS 👍🏻,,,,,
Well beberapa improvement yg keren. Bisa tracking kereta udah sampai mana meskipun belum mulai naik. Isu lemot saat akses kayaknya udah dibenahi. Keren,,,positif,,
"Dari app lama sampe sekarang tidak pernah saya mengalami kesulitan , yang sering kendala mungkin device nya kurang bagus Wkwkwk 🤣 dan jarang diperbarui perangkat lunak device nya .",,,,,
"dari tim IT nya PT.KAI, mohon segera diperbaiki karena data tiketnya tiba2 gak ada. saya sudah konsul dg teman di KAI ternyata suruh logout dan login lagi, dan alhamdulillah berhasil. mungkin buat bapak/ibu temen2 yg mengalami error atau kendala yg sama atau kendala lain, bs dicoba solusi ini. TRIMS",,,netral,,
"Aplikasi KAI Acces sebelumnya lebih simple dan jelas, digunakan langsung lancar sesuai yg dituju. Setelah diupgrade dg yang baru, hanya untuk mengecek posisi kereta saja tidak bisa tampil tidak bisa diklik???Lebih baik kembalikan seperti aplikasi KAI yg AWAL, lancar digunakan, tampilan juga jelas. Upgrade baru malah jika diklik posisi kereta yg ""seharusnya keluar menu tampilan jadwal posisi kereta"", mengapa ini malah hasilnya loncat ke ""pesan tiket CommuterLine""👎",,,negatif,,
"Sangat baik inisiatifnya, tapi masih banyak perbaikan fundamental. Tidak user friendly, seperti mencari menu pengembalian tiket susahnya setengah mati. Hal-hal detail lain, seperti kolom pendaftaran, mengisi tangga lahir jangan pakai date picker seperti itu, gesernya ke tahun kelahiran kebanyakan. Saran saya bagi tim dev libatkan lebih banyak testing ya. Saya tetap rekomendasikan aplikasi ini, dan saya catat bila ada kesulitan. Update: kalau tiap update harus login lagi ya mana tahan..",,negatif,,,negatif
"Kesan pertama tampilan nya kurang banget jauh lebih suka sebelum di update dan pembayaran cuma bisa lewat link aja? Klo bisa balikin aja kayak dulu tampilan, menu semua nya deh Kesan kedua setelah 5 tahun udh jauh lbh baik minusnya cmn 1 dan selalu Down servernya klo lg war tiket mudik",,negatif,negatif,negatif,
"Udah donwload dari dulu dan gak pernah merasa nge hapus.. tp kok icon nya gak muncul di hp sayaa yaa... jd saya kira ke hapus... pas nyari lg di playstore ""Kai Acces"" bukan ""Instal"" tp ""Buka""... Aneh sihh...",,,,,
Halo kepada direksi PT kai tololl gimana updatenya yang sekarang ini udah gambar nya jelek 👹👺👹👺 sekarang kok pesan tiket malah jadi sedikit waktunya cuma 25 detik harus nya minimal 1 menit guoblok kok pas sudah update malah jadi guoblok aplikasinya balikan lagi ke versi yang kemarin lebih simpel dan mudah,,negatif,negatif,,
"Aplikasi sering update hanya untuk ganti UI saja tanpa update bug lainnya, itu sangat parah.",negatif,positif,,,
"Cukup terbantu dengan aplikasi kai, tapi kadang suka kesel kalau tiket tinggal satu coba di booking tapi ngga bisa, pas dicoba terus eh keburu di booking orng lain, ditambah user interface front end nya kadang kaga jalan, mau cancel ga bisa, mau booking tiket ada tapi gabisa di booking. Mohon di bikin perbaikan yang proper dulu baru di update, jangan tiap 2 bulan perbaikan",negatif,negatif,negatif,,
"Please jangan pake SMS verifikasinya! Menyulitkan aja hobby BUMN ini. Kan udah ada WhatsApp, kenapa gak pake itu? Nungguin SMS ini lama banget padahal kalo lancar KAI bisa lebih unggul dari Trav*l*ka,. Ini susaaaaah banget dan kita udah mendidih emosinya. Please suruh karyawan IT nya benerin user interface nya",,negatif,,,negatif
"Aplikasi ini bagus, tapi dari UI/UX saja, tidak user firendly dari informasi yang ditampilkan pada aplikasi yaitu tidak adanya detail terkait lokasi pas stasiun pemberhentian berada di stasiun dengan nama apa, berada di kab/kota mana, kecamatan mana, intinya alamat lengkap stasiun pemberhentian. Ini sama saja tidak ada gunanya membuat aplikasi karena user harus repot"" untuk tanya"" ke loket pemberhentiannya di daerah mana dan lain lain.",,konflik,,,
"Tolong kembalikan versi lama, karena tampilan nya bagus daripada yg sekarang ribet",,negatif,,,
"Posisi kursi menghadap kemana tolong lebih diperjelas gambarnya agar sekeluarga bisa berkumpul berhadapan, terimakasih perbaikannya.",,,negatif,,
"KAI Access sekarang jelek bgt aplikasi nya ga kaya Kai access yang dulu yang sebelum di perbarui baguss, Tapi Sekarang pas udah di perbarui malah jelek sangat!!!!! 👎🏻👎🏻👎🏻 Bikin jengkel",negatif,,,,
"Wah sepertinya setelah update UI baru, malah ribet. Kenapa harus keluar akunnya. Yang terjadi saat akun keluar mau masuk lagi terjadi eror, otp pun sepertinya bug. Sepertinya perlu ada perbaikan lebih lanjut kak dan mitigasi sebelum perpindahan new ui. Terima kasih",,negatif,,,
"interface yang sekarang malah mempersulit untuk war tiket. Siapa sih yang ngide? kalau mau pesen harus buka dulu perkereta. Lebih baik seperti sebelumnya, yang menampilkan semua jenis kereta. Tidak semua inovasi harus melakukan perubahan yang ga perlu mungkin bisa diberi pilihan tampilan menu bagi pengguna ingin interface yang lama atau baru.",,negatif,,,
"Aplikasi tolol, lemot bget, UI UX juga susah, harusnya pilihan nik jadi default (kan ga banyak turis tod), dan milih NIK-nya itu harus dipencet titiknya bukan luas di teks... Bego bener dah, pesanan dibatalkan setah 4 menit pilih bangku, tapi ga ada riwayat pesanan jadi susah harus input satu2 lagi nama penumpang",negatif,negatif,negatif,,
"Gak jelas banget aplikasinya setelah update, Tiap pilih kursi pilih nya nomer brp, eh pas checkout masa tiba2 ganti nomer.. Pas bayar di mbanking udh berhasil, tapi di aplikasi blm terbayar.. Sumpah eneg banget sama apl yg baru mana tampilan nya ngebingungin banget, enak yg versi lama gak ribet",,negatif,negatif,negatif,
"Aplikasi yg baru ribet, kebanyakan fitur tp malah bikin ribet, gampang eror. Enak yg lama tampilan simpel tapi, mudah digunakan, pesan & cek tiket gampang, gak mudah eror",negatif,negatif,,,
"Aplikasinya yg sekarang jadi aneh, kalo udah keluar aplikasi mau lihat kode qr buat pembayaran gabisa bagusan versi yang dulu. Saran saya kembali ke versi dulu yang lebih simple tampilan tpi jelas. Tolong diperjelas lagi sistem aplikasinya",,negatif,,,
"sampah sekali aplikasi ini.. pasti anggaran nya habis di korupsi.. udh ui lemot, ux nol besar, sekali mau coba top up error uang hangus...di hubungi cs tambah no respon... gini amat.. rugi di waktu tenaga dan pikiran... update, setelah update apatu..apatu.. apatu.. mau reservasi tiket malah connecting train mulu..hadeuh .",,negatif,negatif,negatif,
"Aplikasi bosok, dlu kai access enak tampilan lama, skrang tampilan baru busukk...time out² sndri anjjng buang waktu, tenaga, kl.mmng blm siap dgn tampilan aplikasi baru gak usah sok²an ganti aplikasi tampilan. Tdk memudahkan tapi mempersulit bli tiket.",,negatif,,,
"tampilan semakin aneh, bikin bingung, dan lemot sejak major update menjadi Access by KAI. seharusnya yang namanya inovasi itu inovasi yang harus bisa diterima dan di gunakan oleh semua kalangan, serta mengutamakan user friendly dan kemudahan penggunaan. Ini kok justru sebaliknya. Aplikasi yang dahulu masih lebih baik performanya dibanding yang sekarang. Sangat berat dan kasihan yg punya handphone kentang pasti lemot banget. Tolong lah diperhatikan.",negatif,negatif,,,
Aplikasi membingungkan pengguna kereta api .. Pembuatnya ga bermutu,,negatif,,,
"Baru update beberapa minggu lalu masa update lg,, apasih yg di update? Wong tampilan dan menu jg masih itu2 aja",negatif,,,,
"Tema aplikasinya kurang simple, dan sistem kerjanya agak ribet. Itu aja sih",,negatif,,,
"User interfacenya gonta-ganti, bikin bingung !",,negatif,,,
Payah 👎 Aplikasi nya jelek. Websitenya juga jelek. Payah payah. 👎,negatif,,,,
logonya kai masih belum berubah,,,,,
"aplikasi indo sampah, gausah launching di playstore aja kalo kek gini, ga siap buat ngasih layanan ke masyarakat luas, sok² an bikin ui bagus tapi sistem kek sampah ga guna",negatif,positif,,,
"Sejujurnya saya lebih suka aplikasi KRL dan KAI yang dulu, terutama KRL sangat mudah untuk mengecek dan membaca jadwal pemberangkatannya dibanding yg sudah terupdate ini, yg ini sejujurnya saya bingung sekali",,negatif,,,
"aplikasi ribet, UI tidak freandly, sulit buat lihat jadwal kereta lebih baik access yg sebelumnya, QA terlebi dahulu sebelum diluncurkan, banyak sekali minus yg menyulitkan pengguna",,negatif,,,
Katanya ada sistem antrian kalo lagi high demand. Tapi kok aplikasiku tampilan waitingnya ga sama kaya yg diupload di IG KAI ya. Cuma tulisan anda sedang berada dlm antrian sedetik abis itu tulisan dah ilang. Padahal dah versi terbaru. Giman ini KAI alhasil ga pernah berhasil dapat tiket kecewa bgtt,,negatif,negatif,,
"Tolong perbaikan UX nya di halaman pembelian tiket, terutama pada saat pilih kursi, icon edit nya gk membuat user aware kalau disitu ada fitur untuk pilih/ubah kursi, sebaiknya diganti TextView saja menjadi ""Ubah""/""Pilih kursi"" instead of icon pencil",,negatif,,,
saya sangat puas dgn aplikasi KAI online yang sebelumnya karna saya pengguna aktif kereta lokal untuk urusan mengurus orangtua.. tapi sekarang kenapa jadi ribet ga bisa liat jadwal secara lengkap dan harus diurutkan dahulu.. tolong dikembalikan lagi aja ke settingan awal biar lebih simpel.. mohon perrhatiannya makasih..,,negatif,,,
sering error ux nya gk user friendly ribet banget banyak bug,negatif,negatif,,,
Aplikasi bapuk! Kalau belum siap jangan launching udah top up nggak masuk masuk! UI tidak ramah banyak fitur transaksi yang ngablu Mohon diperbaiki saya ketinggalan tiket pesawat saya gara gara kalian,,negatif,,negatif,
"Tolong perbaiki lagi dong sistem app nya, saya 3 malem bela belain bedagang nungguin pesan tiket lebaran bulan april 2024 padahal jam 11:59 udah stay begitu kik pemesanan nunggunya sampe 1 jam masih dalam antrian 😮‍💨 begitu di ulangin lagi eeehhhh tiket dah pada abis semua , error pulak not fund terus 😮‍💨 . Kalo versi sebelumnya sudah bagus tampilan simple mudah digunakan tp versi terbarunya diluar nuruuuullllll sangat membagongkan😤",,negatif,negatif,,
Mohon untuk team kaiAccess. Bisa menambahkan icon kursi di ekonomi pre dan eko untuk memudahkan pemilihan kuris yg menghadap se arah dari jalan nya kereta biar tidak salah memilih kursi yang jalan menghadap ke belakang seolah2 kereta jalan nya mundur. Menghindari penguna kereta yg mabuk perjalanan. Dan kasih tanda panah di antara kuris ab dan cd sesuai dng arah kereta jadi penumpang bisa memilih kursi yg sesuai dengan nya,,netral,,,
Perubahan membuat pengguna yg lanjut usia menjadi bingung 😇,,negatif,,,
"Keterangan dalam aplikasi kurang lengkap, tidak ada pilihan untuk pengisian data anak. Hanya ada pengisian identitas KTP/Paspor yg mengakibatkan kesulitan dalam pengisian, petugas juga tidak ramah dan sangat tidak membantu. Terimakasih",,negatif,,,
"Loh...loh...looh... aplikasinya tgl 9/2/2024 setelah di update dan tampilannya jd warna imlek, ko gk bisa dibuka, malah muncul TIDAK ADA KONEKSI INTERNET, pdhl kuota full, buka aplikasi lain jg normal2 saja",negatif,,,,
"Aplikasi nya tolong di benerin lagi dong, jangan keseringan berubah tampilan ini itu. Utamakan fungsinya, ini sering log out sendiri. Beli tiket susah.",,negatif,,,
"Mohon ditingkatkan lagi kompatibilitas untuk perangkat foldable, di Samsung Z Fold5 dan 6 bisa dioperasikan lancar di layar luarnya karena memang kondisi ratio nya sama dengan smartphone candybar biasa. Namun, ketika menggunakan layar dalam (layar utama/besarnya), seringkali operasi pembayaran gagal terutama yang mengharuskan launch situs web pihak ke-3, sering tidak bisa tampil konten nya, sehingga mengakibatkan gagal melakukan pembayaran. Terima kasih.",,negatif,,,
"Tidak bisa menyimpan pesanan, jadi ketika keluar menu lalu mau bayar tidak ada pilihan apa2 kcuali batalkan pesanan, jadi harus langsung dibayar ketika memesan tiket, benar2 payah",,negatif,,,
"Sangat buruk dan mengecewakan khususnya terkait transaksi top up,lambat terupdate ataupun tidak berhasil.",,,,negatif,
"Aplikasi ini terlalu buruk dan terlalu banyak human error, terutama pada bagian pembayaran setelah memesan tiket yang terus-menerus mengalami error berbagai macam. Seharusnya aplikasi ini masih tidak layak berada di pasaran. Bintang 1 saja terlalu baik untuk aplikasi ini karena error yang variatif di berbagai menu",,,,negatif,
"UPDATE NYA TERUS TERUSAN TAPI BAPUK, UDAH SERING STUCK.LOADING KADANG JADWAL TIKET GA MUNCUL KADANG EROR, PESEN ONLINE KALO APES PAS PEMBAYARAN GAGAL, UANG GA BALIK BUSET, EMANG GA SEBERAPA HARGANYA SIH TAPI YA GIMANA YAK WKKWKW",,,negatif,negatif,
beli pulsa sudah terpotong tpi gagal.dan saldonya tidak kembali..,,,,negatif,
"selalu ada masalah di pembayarab, sudah isi saldo tapi tidak masuk masuk saldo nya",,,,negatif,
"Pesen tiket h-7 jam 12 mlm biar dapet kursi tapi error terus, pas udah di pembayaranpun juga eror. Udah komplen lewat email juga ga di respon². Buruk banget sumpah, tolong segera diperbaiki krn apl banyak yg pake dan pasti dibutuhkan buat mempermudah beli tiket",,,negatif,negatif,
"Buat fitur KAI Pay sungguh ""ga berguna"" 1. Optimasi saldo butuh waktu yang cenderung lama padahal pembayaran dlm status berhasil melalui berbagai platform khususnya via transfer bank 2. Perubahan jadwal dengan pembayaran melalui KAI Pay padahal saldo tertera sesuai namun tiket yg di pesan hilang dan blm ada kepastian penggantian tiket yang diubah 3. Ada aplikasi tapi ga disediain fitur live chat sangat memberikan pengalaman buruk bagi pengguna. Not recomend mending beli di web atau langsung",,negatif,negatif,negatif,
"Baru kali ini ada e wallet top up saldo lama banget masuknya. Dari m banking udh sukses, masuk ke saldonya lama banget. Ini e wallet apa top up slot",,,,negatif,
"Top up KAI Pay tidak masuk, CS juga tidak responsif",,,,negatif,
"Sering menggunakan apk ini,tapi kecewa bgt karna terakhir transaksi,udah isi kai pay udah pesen tiket juga ,tapi transaksi tidak masuk ,tidak dapat tiket tapi saldo sudah terpotong,udah chat customer service nya tidak ada respon ,uang tidak kembali",,,,negatif,
"udah bayar tiket , tapi gadapet tiket nya gmna tuh ? malah jadi kedaluwarsa, apk ga guna malah rugi uang gue",,,,negatif,
Kaipay nya ga bisa d gunakan untuk qris. Tolong secepatnya d perbaiki,,,,negatif,
"Parah bngt si ini.. Psen tiket kereta antar kota udh rebutan war.. Sudah saya bayar lewat qris brimo.. Udh berhasil pembayaran nya.. Di cek di apk ny kok mnunggu pembayaran smoe wktu hbis. Bdhl sudh byar.. Duit msuk kmba tuh suee2.. G jlas ini apk.. Mna, duit lumayan lgi",,,,negatif,
"Hati-hati dengan aplikasi ini. Jangan tautkan kartu Debit/Kredit anda. Pengalaman pribadi saya, pesan 1 tiket tapi saldo kartu debit saya terpotong 2 kali dengan nomer tiket yg sama. Input kode OTP error melulu. Sekalinya bisa langsung terpotong 2 kali. Aplikasi terburuk yg pernah saya instal. Sangat merugikan. Sekali lagi jangan tautkan dengan kartu Debit/Kredit anda..!!!",,,,negatif,
"Dengan seringnya berpergian dengan kereta pasti mengikuti aturan yang berlaku, namun aplikasinya tidak mendukung dari segi kenyamanan pengguna , terkadang susah di akses , leg , pembayaran yang gagal serta Qris yang tidak bisa di proses di tambah pengembalian dana yang sangat lama 🥲 lebih di tingkatkan lagi untuk hal di atas 😉",negatif,,,negatif,
"Gua bli pulsa di kai Access saldo udah berkurang tapi pulsa blum masuk dan,transaksinya tidak ada ,emang udah eror apk ini tolong di perbaiki min ga banyak kok 50k tapi kecewanya itu karna yang di cari pelanggan itu kenyamanan.",,,,negatif,
Aplikasi sering eror : 1. jadwal hilang timbul. 2. selesai memilih penumpang tidak bisa lanjut 3. pembayaran sering eror Ayo KAI perbaiki lagi aplikasinya,,,negatif,negatif,
"Haduhhh ... Ini apk kenapa sih?? Tiap update selalu begini, tiap kali update loooo, tolong lahhh saldo di KAI pay ga bisa digunakan!!!exp bisa begituu yaaa??? Mo transaksi tulisan exp. Yukk ditindaklanjuti udah di e-mail juga kan masa blm ada respon ??",,,,negatif,
"proses pemesanan tiket membuat KAI pay terpotong 2x, sudah dilaporkan. penggantian diberikan 60 hari kerja setelah tanggal pelaporan, Rp 70,000 menunggu 60 hari kerja ? kami tidak bisa memesan tiket melalui aplikasi mulai 13 Januari 2025",,,negatif,negatif,
"Payah, aplikasi BUSUK tinggal bayar aja susahnya minta ampun",,,,negatif,
Time out terus pas pembayaran biasanya lancar lancar aja,,,,negatif,
Potongan KAI pay yang tidak transparan dan juga sangat lama untuk melakukan topup,,,,negatif,
dari semua ulas udah sangat mewakili keluh kesahnya selama ini. Apknya bagus sangat membantu. Cuma lamban laun justru banyak kekurangan yg terjadi. Saya sering pesan tiket. Dan wktu itu dimana kondisinya urgentilitas eh mana reload nya lama banget dan ternyata paymentnya gagal dan entah kemana tapi saldo kepotong. Yamasak infaq dong jadinya.pembelian yg lain kaya pulsa dsbnya di fitur sama dan saldo kepotong. Mana tidak ada opsi return nya. Terus pembayaran yg sudah kepotong minta ke siapa. Hmm,,,,negatif,
"Saya sudah top up kena admin 6.500, saya isi 20ribu kena 26ribu 5ratuss. Setelahnya masih kena lagi 2ribu, total bayar 26.500 yang masuk 18ribu, saya kudu nombok lagi buat top up. Saya hanya butuh 20ribu ribu tapi yang saya keluarkan 43ribuuuu dan masih kena admin 4ribu lagi. Demi Allah saya ga iklhas uang saya hilang sia sia. Biar jadi nanah sama paku itu uang yang kalian ambil.",,,,negatif,
"Top up udah ... 1 jam lebih gamasuk masuk keburu tiket abis, nice lah",,,,negatif,
Kenapa aplikasi ini sekarang jadi susah d gunakan ya.?proses pembayaranya susah sekali.katanya aplikasi ini untuk mempermudah tp nyatanya mempersulit.tolong dong d perbaiki lagi aplikasinya.,,,,negatif,
"Pemesanan tiket sering kali gagal, tapi saldo kai pay tetap kepotong, payah",,,negatif,negatif,
SUdah isi data penumpang smua tinggal klik bayar tapi layanan tidak tersedia terus dari pagi sampai tengah malam tetep gak bisa bayar .berkali kali buka aplikasi dalam sehari cuma mau bayar tetep gakbisa. Tolong dong🤦‍♀️,,,,negatif,
"perasaan sering bgt maintenance nya, dari cara pembayaran lah, dari upgrade lah, kalo pas waktu urgent udah amsyong dah",negatif,,,,
"Kalau top up KMT melalui KASPRO Saldonya lama masuknya, ngisi saldo dari kemarin Sampe sekarang belum masuk saldonya. Tolong diperbaiki Aplikasi ini loading terlalu lama, Ditunggu sampe 15 menit , tidak ada saldo masuk. Terima kasih.",,,,negatif,
"Sangat sangat kecewa dengan aplikasi ini, waktu dari konfirmasi pembayarannya ke dapat e-tiketnya di aplikasi sangat sangat lama padahal seharusnya dengan aplikasi bisa lebih cepat dan efisien. Akhirnya saya ketinggalan kereta dan pembayaran yg saya lakukan percuma. Tolong diperhatikan dan ditingkatkan lagi performa aplikasinya.",,,negatif,negatif,
"Isi 10.000 yang diterima 7.100, ini belum termasuk pajak?",,,,negatif,
Saya beli tiket lebaran giliran mau pembayaran loadingnya 1 jam akhirnya gagal gak dapat tiket.tolong diperbaiki sistemnya terutama SDM NYA!!!!!,,,,negatif,
"Proses pengembalian dana refund sangat sullit sekali,nilainya gak seberapa,tp kita beli tiket terjadwal bukan tanpa alasan tiba² di perjalanan di cancel tanpa ada solusi,rencana jadi kacau,munkin proses dana refund mudah sih masih oke",,,,negatif,
"Saya semalam sudah melakukan top up kaipay melalui mbanking ,saldo di livin sudah terpotong tetapi sampai sekarang saldo kaipay nya tetap 0 sudah mencoba menghubungi cs tapi respon nya terlalu lama",,,,negatif,
"Kenapa 1? karena udah pesen 2 kali gagal terus, uang gak kembali, operator tidak membantu sama sekali",,,negatif,negatif,
"Aplikasi sampah, banyak ngebug, kebanyakan konsumen yg sangat kecewa, aplikasi macam pribadi sendiri, tiap transaksi saldo kepotong sendiri belum deal buat beli tiketnya, Uang untuk beli tiketnya kaga bisa di kembalikan, alasan ABCD,ini layanan untuk konsumen sendiri bukan buat bisnis pribadi atau perorangan, Komplain kaga di jawab, Ranting Sangattttt jelek, buatan pt access terjelek buat Transaksi untuk traveling,Jadi..!!!! Jangan seenak nya!!!!!",,,,negatif,
"Cari tiket lebaran baru 1 menit dh habis saat pembayaran,, Sudah terlanjur isi saldo tiket habis uang pun tidak dpt ditarik kembali,, Harusnya saldo bisa dikirim/ditransfer, Jadi uang tertahan di aplikasi,, semoga diperbaiki LG, Harus ada kirim/transfer saldo, Klau sdh ad NNT Bru rubah *",,,negatif,negatif,
"Aplikasi ga bisa diandalkan. Ikut pesan tiket lebaran, sudah masuk antiran, sudah berhasil pilih kereta, tapi saat proses pembayaran statusnya 'time out' terus. Mengecewakan sekali",,,,negatif,
"PARAHH, sistem down. Ga bisa check out tiket. Muncul notif time out dsb. Ditambah waktu payment juga ga bisa. Ini KAI terparah karena di tahun tahun sebelumnya server KAI tidak sampai seperti ini",,,negatif,negatif,
"Aplikasi sering bug pada saat pembayaran baik itu melalui QRIS ataupun KAIPAY loading lama yang akhirnya time out, telepon Contact Center 121 tidak pernah respon atau tidak pernah diangkat teleponnya.",,,,negatif,
"Parah banget, masa setelah update, saya udah dua kali bayar tiket lokal pake QRIS BCA, tapi tiketnya pas dicek ga ada😭😭😭 Tiket lokal cuma goceng, kebayang kalo kejadiannya pas beli tiket antarkota😭",,,negatif,negatif,
"Jaringan bagus buka aplikasi lain lancar, tapi buka KAI error terus. Saldo masuknya lama, katanya biaya admin dipotong dari bank langsung, padahal bank nya tanpa biaya admin tapi pas masuk tiba tiba kepotong 1.500rupiah, yah walau dikit tp harusnya ada pemberitahuan. Kalo gini misal mau beli tiket kurang 1.500 ya gabisa. Tolong perbaiki lagi aplikasinya",negatif,,,negatif,
Setiap mau bayar tulisannya terjadi kesalahan muluuu ini udah beberapa kali gue pesen tapi pas mau bayar gitu muluuu,,,,negatif,
"Tolong dong min, tiket udh di batalin tapi uang belum masuk ke rekening",,,,negatif,
"beli tiket kereta api aja gak bisa nih, padahal KAIPAY udah di isi parah ni aplikasi ini",,,negatif,,
"Sumpah aplikasi yang buruk.... Binding shopee udah beres,giliran mau bayar gagal terus... Kalo bikin aplikasi tolong yang sdikit berguna,jangan bikin susah",,,,negatif,
"Top up saldo dari jam 13:50 sampai jam 18:03 belum masuk juga saldo nya,,terlalu lelet aplikasi nya",,,,negatif,
"Lama banget sih, topupnya. Udh 15 menit tidak masuk "" . Woy perbaiki ini kendala",,,,negatif,
"Pertama.. Kenapa dikasih waktu milih tiketnyaa cuman beberapaaa detiikk sih KAI??? Udah mau lanjut payment tiketnya malah habis diwaktuu😭😭 diulang"" jugaa hasilnya sama! Kedua.. Pengalaman sudah berhasil transaksi pembayaran,,tapi tiketnyaa hangus karna kehabisan waktu.. what do you mean?? Haa?? Ku harus belii ulang tiketnya sampe top up ke aplikasi KAI,,tapi adminmuu gedee bgt woy.. udah nombok tiket dobel,,nombok admin.. paraaaahhhhh",,,negatif,negatif,
"Pembayarannya error terus udh pilih shopee tp loading pake qris sempet erroe bbrp kali, pake dompet kai udh top up eh lama masuknya alhasil pas udh bisa d bayar pake qris eh malah masuk saldonya smg nanti d perbaiki lg system pembayarannya",,,,negatif,
Tolong dong dari pihak developer apk ini bila perlu ditingkatin lagi kecepatannya dalam bertransaksi daring. Saya Top up saldo di apk ini lama banget masuknya. Tq,,,,negatif,
"Saya tadi sudah melakukan laporan terkait pembayaran, rupanya pembayaran saya gagal lalu muncul notif gagal pembayaran, tapi dana saya sudah terpotong, dan ada keterangan di apk silahkan menghubungi CS, lalu saya hubungi CS dan rupanya suruh buat laporan sendiri melalui email ke email tujuan yg di ejakan oleh CS secara prosedur salah dan tidak masuk akan, CS seharusnya yg melaporkan bukanya menyuruh pelanggan melaporkan sendiri, dan ada lagi pemotongan Admin sebesar 12.000 rupiah, tdk masuk akal",,,,negatif,
"Isi kai pay nya harus ya nunggu 15 menit, sampai akhirnya kehabisan tiket gegara nunggu saldo kai pay aja.. Belum lagi nge bug kadang2 sedih sama banget ga kebagian tempat duduk 🥲",,,negatif,negatif,
Mau masuk pembayaran susah sekali..top up jg harus nunggu 15 mnt pdhal udh buru2...pdahal mobile yg lain sedetik aja udh ke isi..loading ya lama polll...pdhal sinyal bagus bgt..sangat lelet sekali aplikasinya..bikin emosi untuk kaum yg sabarnya setipis bulu ketek kek saya,,,,negatif,
"Baru pertama kali mau coba top up saldo disitu, udh pake internet banking dan pas dicoba saldo nya gamasuk. Padahal dah kirim saldo",,,,negatif,
"habis di upgrade jadi lemot bangett... !!!! pembayaran lewat e-we allet sudah berhasil, saldo juga sudah berkurang. tiba tiba di aplikasi kai acces ada notif pembayaran gagal. padahal saldoku udah berkurang. sumpah semakin kesini . gak banget pelayanan nya. mana urgent butuh tiket buat pulang. tiba tiba ada notif gitu, tiket ya tidak ada hah. gimana ini kai acces kok jadi jelek banget gini 😤😤",,,negatif,negatif,
"Proses refund sangat menyulitkan, saya hanya memesankan tiket org.. saat refund hrs pake rekening / wallet nama penumpang. Padahal pembayaran pakai rekening bukan nama penumpang 👎🏼👎🏼👎🏼 proses pengembalian ny jg lama sekali sampai 30/45 hari.. mending kemarin sy pake traveloka gk seribet ini .. jujur saya kecewa bgt !",,,,negatif,
"2x gagal payment terus di aplikasi gak muncul, padahal di mbanking sukses dan pembayaran berhasil. Di aplikasi tidak muncul transaksi. Respon cust.service juga ribet perlu data ini itu. Kenapa aplikasinya gk semudah yang versi lama?",,,,negatif,
"Makin g jelas apk nya, masa bisa ada keterangan gagal bayar. Jdnya mesen 2x dong gua ah",,,,negatif,
Untuk pembayaran via QR code mungkin perlu di pertimbangkan lagi berhubung pembayaran cara ini menghadapi banyak kendala. Lebih baik jika terhubung secara langsung baik antara e wallet seperti ovo atau ke m-banking secara langsung tanpa perantara QR code. Jujur saja penggunaan QR code terasa sangat melelahkan apalagi kalau di gunakan saat error dan kebutuhan mendesak.,,,,negatif,
"Kenapa error waktu mau top up 🥲, dan uang nya ga masuk padahal saldo udah kepotong. Kok aplikasinya makin gak enak sih setelah di update ☹️",,,,negatif,
"Jelek banget sumpah, mau payment aja sulitnya minta ampun. Metode pemyarannya ga banyak pilihannya untuk yg lokal, mau menyambungkat e-walet gabisa-bisa. Dan udah coba Top Up malah ga masuk, saldo udah ke potong. Udah berapa taun ga naik kereta, kirain udah wah dan sesimpel itu. yeh taunya malah begini ribet",,,,negatif,
mudah di gunakan. cuma Kadang suka eror saat melakukan transaksi pembayaran.,,,,negatif,
"Pembayaran kalo war tiket tengah malem ribet bgt, pake e wallet gabisa, sudah isi kai pay juga gabisa, bahkan kaipay nya ga kepake samsek, bayar pake qr aja gabisa.",,,,negatif,
"Apk versi terbaru nya ngebug, payment nya loading terus",,,,negatif,
"Enggak bisa di pakai di stasiun Cawang dan Cakung, percuma ada aplikasi , pas mau pakai di LRT malah di alihkan pakai linkk aja katanya aplikasi nya belum siap, padahal udh top up dananya di kai, akhirnya malah ga bisa di pakai sumpah ngerugiin banget",negatif,,,,
Tolong perbaiki untuk pembayaran kereta lokal ribet banget ngisi kaspro lama banget masuknya pake menu yg lain selalu ga bisa,,,,negatif,
"Cs nya parah bgt, mau nanyain masalah pengembalian dana, udah nunggu lama giliran di angkat sama cs nya malah langsung ngomong kalo tidak ada yang bisa kami bantu, kami akhiri panggilan ini...parah kan padahal saya belum ngomong sepatah kata pun.. Pantesan aja ratingnya jelek.",,,,,
"Pembayaran tiket susah sekali, pembayaran direct debit nggak bisa, pembayaran sms mbanking nggak bisa, virtual account hanya satu bank, top up pakai KAIPAY lamaaaaa masuknya, nggak siap online jangan sok2'an.",,,,negatif,
"Aplikasi gak jelas & sering error.waktu pembayaran gak pernah g trouble,pasti lelet dan mesti bolak balik diulangi. Iya kalo berhasil,yang ada bikin greget. Sekelas KAI aplikasi kok gak mutu seperti ini. Harus diperbaiki dan di upgrade lagi.",,,,negatif,
"Aplikasi aneh. Beli pulsa gak masuk ,, saldo nya habis entah kemana ,di keterangan transaksi failed saldo akan di kembalikan, sampai saat ini gak ada saldo balik lagi",,,,negatif,
"Lemot bgt, top up saldo aja lama bgt update nya, order tiket jg lama bgt",,,,negatif,
"Sudah top up dan tunggu sesuai instruksi tapi, uang nya ga masuk masuk daritadi 😡",,,,negatif,
"Semenja di upgrade jadi lebih rumit pembayarannya, biasanya lewa indomaret bisa, pkai debit bca bisa,bri bisa,link aja bisa, sekarang harus debit mandiri,cuma pake ovo, harus top up kai pay, ruwet wes pokok e. Bukan e upgrade malah downgrade, lebih suka versi dulu",,,,negatif,
"Saya udah beli jaminan 100 persen refund tiket, tapi pas refund malah sama aja 75 persen yang balik padahal saya bayar 13k buat jaminan refund, kecewa banget lah",,,,negatif,
"Aplikasi jelek, sering error. Mau bayar gabisa padahal sudah install ovo bahkan sudah isi ovo. Sudah ditautkan dengan ovo tetep gabisa. Percuma dong ngisi ovo kalau aplikasi KAI Acess nya gabisa! Gabisa pesen, tulisannya ""Aplikasi Terlalu Keras""",,,,negatif,
"Hrusnya ada opsi bayar cash ke loket walaupun dari aplikasi kalo gak punya ovo,kartu kredit udah aja gak bisa beli tiket,, Ada kerjasama dengan ovo ya, lebih mementingkan keuntungan(ovo) daripada kenyamanan pelayanan sekarang PT.KAI",,,,negatif,
"Sudah melakukan pembersihan pakai kain acces, tpi status belum terdaftar, uang hilng 45rb, sudh 2 kali kejdin, tany pihak stasiun juga bingung petugsny, aplikasi bobrok,",,,,negatif,
Pengguna jangan isi saldo di KAI. Saya pernah isi 100 RB u bayar perjalanan 24 RB .harusnya ke potong 24 RB tapi terpotong sampai 4 x complain di stasiun katanya nanti dr layanan akan dikembalikan 3 hari sampai 1 Minggu .Faktanya sampai skrng tidak pernah kembali ke saldo saya .,,,,negatif,
"Apk sekelas perusahaan nasional jeleknya minta ampun. Beli tiket utk mudik pakai qris bca, saldo sudah terpotong namun saat kembali ke apk status tiket masih booking. Tiket hangus sementara dana sudah terpotong. Lapor ke cs, disuruh isi data ini itu. Dan pada akhirnya cuma disuruh nunggu selama 14hr. Bilamana stlah 14hr dana belum balik silahkan melapor kembali disertai bukti mutasi selama 30+ stlah transaksi. Gila ya kalian yg salah tapi kok penanganannya lelet sekali. PAYAH👎",,,negatif,negatif,
"Ini gimana yaa kok aplikasinya buruk banget?! Padahal saldo shopeepay udah berkurang, tp ternyata laporannya waktu kadaluwarsa dan blm bayar, padahal saldo udah jelas"" berkurang!! Gimana mau dapet rank bagus kalo kayak gini!! Kecewa banget!!",,,,negatif,
"baru jga download dah eror duluan,payah banget emg!aktifasi pay nya jga gak bisa"" di akses",negatif,,,negatif,
"pembayaran tiket saya sudah berhasil melalui brimo dan saldo saya pun juga sudah terpotong namun kenapa di aplikasi KAI malah status nya transaksi gagal?? saya sudah coba hubungi call center,chat wa, dm instagram namun tidak ada respon.. setelah saya baca di ulasan lain ternyata hal seperti ini bukan hanya terjadi di saya, mohon berbenah lagi.",,,,negatif,
"Udah top up di restart ber kali kali malah ga masuk2 saldonya, ga ngerti lgi",,,,negatif,
"Gimana ini saya udh bayar tiket udh berkurang saldo, tpi ga ada tiketnya ghaib mana besok brgkat",,,negatif,,
Tidak bisa payment saat memesan makanan via Railfood. Sdh dicoba berkali-kali tetap gagal. Failed lah aplikasinya.,,,,negatif,
"Minta apdet terus pusing.... Hape sudah gak muat masih aja minta apdet. Kenapa saya tidak bisa bayar menggunakan ovo? Padahal akun sudah terhubung. Jika katanya tidak boleh menggunakan wifi saat pembayaran dan pemesanan tiket, kenapa sebelumnya bisa? Akhirnya pakai qris. Ribetnyaa... Tolong diperbaiki aplikasinya.",negatif,,,negatif,
"Sangat burukkk,sangat mengecewakan,sangat kurang efektif d bikin antrian2,masih enak yang dulu siapa cepat dia dapat,yg skrg dah lama nunggu antrian pas dapet antrian dah habis tiketnya,kdg dah masuk ke tiketnya tinggal pembayaran d persulit lagi antrian lagi utk dapet code pembayaran.akhirnya zonk jg",,,negatif,negatif,
"Gila ya kai access saya ngisi saldo pas dicek saldo masuk dipotong 5rb, pas dilihat lagi tiba² saldo ja Nol astagfirullah ...... jadi males pake KAI access. KECEWA BGT TOLONG APK nya DIPERBAIKI jng sering Update tp ga berguna.!!!!!!!!!!!!!!!!!!!",,,,negatif,
"Sering bug pas proses pembayaran, tiket tidak terbit tapi saldo sudah berkurang. CS mudah dihubungi tapi muter² disuruh menunggu dan itu terlalu lama, alhasil tiket sudah habis dan jadwal pemberangkatan pembeli jadi kacau. Niatan liburan akhir tahun jadi gagal karena sistem aplikasi yang masih banyak bugnya.",,,negatif,negatif,
"Mau batalin tiket susah bgt. Pengembalian dana melalui e wallet tidak tersedia. Nonton di ytb keknya gampang bgt. Lewat rekening, juga ga bisa, no rek udah di input, tp gagal, tulisannya wajib di isi terus. Aplikasinya juga dh di update. Tp kenapa gagal mulu.. Hhhffttt",,,negatif,negatif,
"pas mau pesen tiket, bagian pembayaran susah banget aksesnya, bnr² hampir makan waktu 2 jam buat pesen doang, karna gabisa bayar alias eror terus.",,,,negatif,
"Jelek, banyak bug. Ini Programmer nya bisa ga buat aplikasi ? Bikin malu aj, masa tinggal pembayaran aj ribet. Harus ada error' dulu",,,,negatif,
"Kecewa sekali,KLO untuk isi saldo aplikasi lancar jaya,tp KLO untuk cek saldo setelah kartu di topup gak bisa,sangan mengecewakan,saya merasa dirugikan bukan hanya masalah saldo nya,tapi juga waktu yg banyak ke buang hanya untuk cek saldo di aplikasi ini😭😭😓😓😰😰🤕🤕🥴🥴😡😡",,,,negatif,
versi terbaru malah makin ga bagus. top up tidak bisa langsung masuk. padahal versi yg lama bisa langsung masuk. setiap war tiket selalu error kembali ke halaman utama. saya lebih suka kai access yg lama. kai acceess yg terbaru justru menyulitkan. tolong diperbaiki,,,negatif,negatif,
"Ini gimana sih cara menghubungkan Mbanking ke KAI Access nya, apa harus pakai Mandiri ya? Terus di metode pembayaran kenapa ada bank lainnya kalau hanya bisa terhubung di bank Mandiri",,,,negatif,
Parah isi saldonya harus nunggu 20 menit baru massuk. Jangan mau pesan tiket krl aplikasi ini.,,,,negatif,
"aku topup 50k, udah 15 menit belum masuk saldonya. 🤬🤬",,,,negatif,
"Kai acces error mulu, mau top up aja susah bgt failed truss, aplikasi jelek dari dulu ga ada perkembangan, top up pake m-banking saldo kepotong, tp belum masuk2 di suruh tunggu 15 menit, udh lewat 15 menit ttp aja belum masuk juga, payah",,,,negatif,
"E-Walet nya ribet,pake ovo beli tiket 1 pembayarannya 2 kali,jadi doble,bukannya untung jadi rugi,tolong perbaiki lagiproses pembayaran e-walet nya",,,,negatif,
Aplikasi sampah. Selalu gangguan waktu mau beli tiket. Aplikasi kok kyk hasil karya orang magang padahal skala nasional. Heran banget dari dulu gak ada perubahan. Tetap sampah aplikasi ini . Mau bayar tiketpun masih seringkali error balik ke menu awal. Aplikasi gak guna,,,negatif,negatif,
"di update malah parah 2 x paymnt pake livin mandiri ga bisa,ada informasi lewt atm dan Sms banking di coba gagal ,kacau ..",,,,negatif,
"mau bayar aja susah bgt, timeout mulu",,,,negatif,
"Udah pecat ae karyawan yang ngurus bagian pemrograman apk ini cari yang lebih baik ,Apk PT gede tapi masih suka eror, gara"" bug doang duit ilang ,pantes tiap pesen tiket udah keisi tapi gada orang nya, ternyata kek gini kai skrg ,kalo dibalikin duitnya mah gpp ,lah ini pihak nya pada di hubungi gada yang respon",,,negatif,negatif,
Udah pasang jaminan refund kena 6.500 Pengembalian refund kena 16.500 per orang tapi udah 3hari blm masuk juga pengembalian dana nya nya!!!!!,,,,negatif,
Top up lama...trus tidak di info top up nya dipotong admin..jadi kita topup sesuai harga tiket nyatanya kurang...setelah kurang topup lagi lama lagi..ahhh...,,,,negatif,
"Pmbyaran scan barkot ny aneh,ada di history tpi saldo g nyampe g ngurangin juga.payahhh jd saldo g bsa dipake mana banyak lagi 😡",,,,negatif,
"Aplikasi yang sangat aneh! Penumpang harus melakukan pembayaran hanya diberikan waktu <60 menit. Tetapi, pas waktu penumpang melakukan pembatalan perjalanan dan pengembalian tiket, Refund sangat lama dan berhari-hari! KAI sekarang hanya fokus mencari keuntungan, bukan kepuasan pelanggan! 😒",,,,negatif,
"Aplikasi apa ini,udah pesan gagal,duit tidak kembali,terlalu sering error,ini kaya merampok duit masyarakat....",,,negatif,negatif,
"Beli tiket di aplikasi ini keterangannya Gagal, tapi saldo kepotong 100% harga tiket. Kalo gak berniat bikin aplikasi dan sistem pembayaran, gausah kasih fitur itu. MENYESAL PAKAI APLIKASI INI!",,,negatif,negatif,
Aplikasi jelek. Gak enak lagi di pakai. Setiap pembayaran gagal trs,,,,negatif,
"Ada masalah saat memasukan kode pembayaran melalui mobile banking livin mandiri tidak bisa, atau kode VA tidak di ketahui. Padahal sudah sesuai dengan kode pembayaran. Mohon perbaikannya !",,,,negatif,
"Harusnya begitu top up dana langsung muncul, masa harus nunggu setengah jam gimana kalau lagi buru2, mending benerin dulu deh",,,,negatif,
"Pembayaran berhasil, tp waktu pembayaran terus berlanjut.. akhirnya dinyatakan gagal pembayaran oleh aplikasi. Call center lemot, tidak ada respon sama sekali. Haduh, tolong kembalikan uang saya!!",,,,negatif,
Saya toup sampe 2 kali berhasil tapi saldo di aplikasi gak ada tolong dong di bantu,,,,negatif,
Tadi saya top up 50K..tapi masih belum masukk..tolong admin..saya sudah menunggu 15 menit lebih,,,,negatif,
"Sangaaat sangat tidak berguna!! Lemottt, mau top up kaspro lambat hrs menunggu 15-20 menit. Bener2 payaaah!!",,,,negatif,
"Sebelum sebelumnya aman dan tidak ada masalah , tapi saat ini saya mengalami kendala dan kerugian dalam memesan tiket sudah di payment saldo pun berkurang tetapi di apk KAI nya tidak ada notif pembayaran nya. Bagaimana ini .??? Masa harus pesen ulang.??",,,negatif,negatif,
"Aplikasi belum siap udh terbit ya kaya kai ini perusahan besar payahh!! Cerita nya gini,saya lgi mendesak beli pulsa di KAI Access uang kepotong tpi pulsa blm masuk sudah satu minggu belum ada respon yg baik.maap bintang 1 buat aplikasi.",,,,negatif,
"Setelah di update malah makin ribet. Disuruh pilih metode pembayaran, tapi gak muncul pilihan di hp. Ribet mau pesen tiket aja ribet",,,,negatif,
"Tolong.. saya isi paket data via aplikasi ini kenapa gak masuk-masuk.. terus pas coba topup buat naik kereta, saya topup pertama 32rb tapi di saldo cuma 30rb. topup kedua 12rb tapi cuma masuk 10rb. cari riwayat transaksi dari topup sampai pembelian gak ada riwayatnya semua.. ini aplikasi apa sihh sebenernya..",,,,negatif,
"Setiap pesen tiket dan melakukan pembayaran lewat ovo selalu gak bisa laporannya terjadi kesalahan terus, gimana si ini mana lemot bgt, trus skrng jumlah tiketnya juga di batas. Perbaiki donggggg",,,,negatif,
"Susah banget mesen lewat sini padahal dulu gampang banget udah dapet antrian tp ga bisa bayar, tolong di kembangkan kembali apk nya",,,positif,negatif,
"Pernah beli tiket uang sudah dipotong tiket tidak dapat, karena cuman 3rb tidak komplainlah, terakhir transfer ke kartu multi trip, tidak seberapa sih nominalnya cuman 17rb, sudah coba telpon 121 nya dan dikirim ke email juga sesuai arahan, tapi tidak ada tindak lanjutnya😡😡😡",,,negatif,negatif,
Parah kelamaan perbaikan KAI paynya Saldo saya ke tahan ga bisa2 buat beli tiket dll... Diperbaiki secepatnya..jgn nunggu lama customer..kecewa,,,,negatif,
"Pembayaran jadi ribet bngt, mending yg lama. Pembayaran jadi sering gagal. App error. Bikin ketinggalan kereta. Top up 20k masuknya 16,5, 8k masuk 6k aneh bngt. Sisa saldonya kmnaa????. Sangat buruk",,,,negatif,
Aplikasi buruk sekali nggak bisadaftar akun sekainya bisa transaksi selalu gagal,,,,,negatif
"Beli tiket ada notif pembayaran gagal tpi saldo kepotong,tlp sc pengembalian dana 14-30 hari. Zaman sdh serba canggih pengembalian dana selama itu. Ngapain aja woyyy????? Tolong ditingkatkan pelayanannya.",,,,negatif,
"Aplikasi pembelian pulsa dan token pln tidak bisa bayar, setiap mau bayar muncul kadaluwarsa ""waktu pemesanan anda telah habis, silahkan lakukan pemesanan ulang"". Padahal mau masukkan pin, eh sudah muncul notifikasi ini ! Diulang2 jg masih sama. Mohon bisa diperbaiki, terimakasih.",,,,negatif,
"Selalu gagal saat pembayaran, saldo sudah terpotong tapi tiket tidak rilis juga",,,negatif,negatif,
"Top up KAI pay udah masuknya lama, potongannya GEDE. Gak ada notif pula potongannya berapa. Alhasil duit nggak cukup buat pesen tiket. Ditarik juga nggak bisa. Udah bener2 integrasi sama LinkAja malah rebranding wallet gajelas gini.",,,,negatif,
"Aplikasi aneh, penyakitnya itu-itu mulu kalo ngga e-tiketnya ga keluar ya time out pas pembayaran, tolong dong kalo emg gabisa kerja bikin aplikasi yg bagus mending diganti aja pekerjanya, atau ngga mending dipisah aplikasi sesuai sama jenis-jenis kereta biar ga eror mulu tuh aplikasi karna kebanyakan yg make.",,,negatif,negatif,
"Aplikasi jelek belum stabil masih banyak masalah, saya 2 hari war tiket,hari ke 1 ga bisa war tiket karena aplikasi error,hari 2 war pke aplikasi gagal juga, berkali kali harus aktivasi KAI Pay,akhirnya pke website kai baru bisa dapat tiket, perbaiki lagi aplikasi",,,negatif,,
"Semua metode pembayaran tidak dapat digunakan, dapat tiket tapi tidak bisa dibayar, sistem antrian tidak realtime, bug ditab tiket saya selalu gangguan, lah ini apps gunanya untuk apa, better yang dulu-dulu sebelum ada sistem antrian, toh antrian tidak tahu juga itu fair atau tidak",,,kontra,negatif,
Mana yg katanya saldo terisi setelah 15 menit ini udh lebih 15 menit saldo ga muncul2 kenapa sih hal hal kecil seperti ini harus bhong,,,,negatif,
"apk gajelas, topup saldonya gamasuk ke apk padahal topup nya berhasil dr mbanking",,,,negatif,
Bangke nih di update bukannya mempermudah malah mempersulit. Mending yg lama dari pada pake yg udah update. Percuma ada aplikasi klo kyk gni kembali ke jaman manual. Pembayaran juga di batasi susah. Apaan kyk gni!!,,,,negatif,
payah gangguan gk bisa isi saldo jd ribet,,,,negatif,
1. Aplikasinya lemot (sering kadaluwarsa/loading lama) 2. Waktu yg singkat untuk pilih kursi sampai pembayaran 3. Pembayaran gaada metode M-banking 4. Top Up KAI pay prosesnya lama,negatif,,negatif,negatif,
"Ga berguna, jalan krteta membuat masarakat resah dan terganggu ,sewaktu² kreta bisa membuat kecilakaan dan membunuh masarakat. Lebih baik kreta bikin jalan layang sendiri jangan bersentuhan dengan manusia di darat. Dan JANGAN PERNAH ISI TOPUP SALDO, SALDO TIDAK BISA DI GUNAKAN untuk beli tiket ,saldo hanya bisa untuk beli pulsa saja Sangat Memalukan Beginilah layanan publik milik pemerintah. Kebanyakan hasil korupsi. Aplikasi payah, tidak berguna., layanan online pembayaran sangat tidak berguna.",,,,negatif,
"ribet e wallet susah war susah, cancel tiket susah potonganya gede mmk",,,negatif,negatif,
Mau bayar tiket aplikasi langsung keluar dan langsung habis parah,,,,negatif,
"Kenapa kok aplikasi KAI skrg sangat jelek ya..gak kayak dulu...masak saya disuruh aktivasi terus..dan mau di aktivasi muncul tulisan invalid sinagture.terus gt..lalu dua hari lg baru bisa,dan saya isi saldo 20rb mau ke waru pp.nah isi 20 kok masuknya 17100..2900 nya kemana..kalo Ok enak admin gak mungkin..udah lama saya pakai aplikasi ini ndak prnh ad admin ..apalagi kalau isi 20 dipotong 2900 apa gak kebanyakan..Mau naek kereta senang irit..krn gak punya duit..malah kepotong potong",,,,negatif,negatif
"Aplikasi sangat lemot, untuk pembayaran selalu tertulis kadaluarsa dan harus transaksi dari awal, payah, ketika mau bayar gaada tulisan bayar malah di suruh batalkan pesanan, aneh",,,,negatif,
"Aplikasi T*i, monopoli aja pembayaran nya cuma bisa pke KAI pay, buat apa ada metode pembayaran Bank atau e wallet. Kalo g bisa Di pake sampah. Potongan Top up nya dua kali anj emg",,,,negatif,
"Makin best aplikasinya! Ini isi saldo udah berapa hari belum di kirim""? Lama banget!",,,,negatif,
"Saya sudah isi ulang kartu commuter, tapi saat mau update saldo sesalu gagal",,,,negatif,
"Tidak bisa lihar pembayaran E-Wallet, tidak bisa bayar tiket",,,,negatif,
"Dulu perasaan bagus deh,, sekarang malah ruwet,, pembayaran tiket lewat Brimo tertulis succes dan saldo terpotong, tpi di aplikasi Kai malah ada pesan pembayaran gagal. Udah mengajukan pengaduan malah gk ditanggapin. Akhirnya tiket gak dapet, uang hangus, perjalanan gagal.",,,,negatif,
"Aplikasinya makin hari makin buruk, Daftar penumpang yang telah ditambahkan tiba2 hilang dan harus kembali diinput manual saat pemesanan tiket. Aplikasi juga sering ngebug, error, sangat membuang waktu. Bahkan hanya untuk beli tiket berjam-jam belum beres. Tolong ditingkatkan lagi",,,negatif,,
"Ini aplikasi BUMN kan, tp sistem pengaduannya ga ada di aplikasi. Harusnya ada menu pengaduan, trus dikasih SLA waktu penyelesaiannya. Disitulah profesionalisme pelayanan Customer Service terlihat. Ini cm ada pilihan bantuan. Beda bos. Harusnya aplikasi ini terintegrasi sama Call Center KAI jg terkait pengaduan. Harga Go Show makin mahal, blm 2 tahun dah naik 2x lipat, tp pelayanan msh gini2 aja. Tolonglah ditingkatkan. Saran saya 1 aja, menu pengaduan. Contoh BUMN lain, sperti aplikasinya PLN.",,negatif,,,
"Aplikasi sangat tidak membantu, sepertinya hanya calo yg dapat akses VVIP,tidak dapat memesan tiket, setelah tiket habis terjual baru bisa masuk ke situs yg ga jelas ini",,,negatif,,
"Tolong diperbaiki lagi dong, kenapa connecting trainnya gabisa, saya butuh karna perjalanan jauh, kalo cari satu2 susah 🥺. Tolong baca dong miiiiiiin",,,negatif,,
"Aplikasi ora danta,,pesen tiiket udh di bela2in begadang,,ujung nya zonk",,,negatif,,
"Apatu..bintang satu saja ya Setelah update buffer trus, cuma tampil screen aja..bkin ku terhambat & kehabisan tiket 😞",negatif,,,,
Saya mau pesen tiket untuk hari Selasa kok malah yang di tampilkan oleh aplikasi nya arah keberangkatan nya berbalik dengan arah sampai..... Emang aplikasi ini makin ke sini makin ke Sono..... Makin di update makin aneh banget.... Makin katanya di perbaiki makin banyak bug nya....,,,negatif,,
"Susah nambah tiket, sampai sekarang tidak bisa, aplikasi eror, jangan salah kan jaringan, semua aplikasi lain berkerja lancar tidak ada kendala jaringan. Aplikasi sekelas bumn masa kaya gini.",,,negatif,,
Parahh parahhhh tolong min lah jangan di persulitkan nyari tiket,,,negatif,,
Berangkat dari rumah jam 7.30 Udah 2 kali pesen kereta api lokal lewat aplikasi di cancel karna penumpang banyak Akhir nya saya kebagian jam 10. 20 kesel banget saya menunggu kereta ber jam 2 Kalau bisa adain beli tiket secara offline kan ktp kami sudah terdaftar di kai,,,negatif,,
Kenapa setelah diupdate menu kereta lokalnya gk ada? Gk ada pilihan keretanya.. Padahal punya suamiku ada 😤😤 Coba deh diperbaiki lg,,negatif,,,
"Tolol diupdate malah kocak, pesen belum bayar waktunya udah abis",,,negatif,,
"Tolong yaa, untuk kereta bandara disamain jadwal dan tiketnya di vending machine. Masa gini aja beda, akhirnya saya naik yang 14:40 wib, padahal ada jadwal 13:40 wib. Akhirnya saya nunggu 1 jam lebih di stasiun. Sebenarnya ada programmernya atau ngga sih yang maintenance ini. Masa gini aja bisa beda jadwal sama tiketnya. Mikir lah. Saya kira pesen disini bisa jadi cepet, ternyata bikin tambah lama. Kecewa saya.",,,negatif,,
"BENER BENER BURUK SANGAT BURUKK. KEGINI SEKELAS BUMN. CALO MASIH BANYAK. JADI YANG MAU BELI TIKET EROR TERUS, TAU TAU UDAH ABIS. HAPUS AJA APLIKASI INI DARI PLAYSTORE!!!!!!!!",,,negatif,,
"gak jelas nih aplikasi. udah pesen, udah bayar, tiba2 di batalkan. saldo nya gak balik lagi, kecewa banget. tiket gak dapet, duit nya juga ilang. terus klo top up 50 ribu, terima nya 46rb si 4rb nya kemana woyy. ini bukan masalah cuma 4rb ya. APLIKASI GAK GUNA",,,negatif,negatif,
"kecewa bangett. servernya gampang eror. untuk pembelian tiket cl penataran dhoho harus h-1 minggu kalo nggak gitu nggak bakal kehabisan. dari jam 00.00 udah harus war tapi gara"" server eror sampe jam 02.40 tetep gabisa. jawaban dari kai cuma disuruh nunggu sama ngecek berkala, MAU DICEK SAMPE KAPAN? SAMPE SUBUH? udah tau server jelek tapi ga dibenerin! ngrepotin aja!",,,negatif,,
"Pake nunggu antrian. kelamaan keburu gadapet kereta. Sangat tidak efisien, lelet sekali",,,negatif,,
"Saya sudah memesan tiket dan membayar, tapi pembayaran tidak di proses sampai waktu habis ( uang saya terpotong ) dan harus membeli tiket ulang, jadi saya mebayar 2x lipat untuk sebuah tiket",,,,negatif,
"Coba team pls dipermudah pesen tiket, nama dengan nik yang sama gk bisa pesen tiket di tanggal yang sama, udah search sana sini cari opsi cancel tiket susah, kan siapa tau ada perubahan jadwal jadi bener2 susah",,,negatif,,
"Udah pesen tiket malah gagal di pembayaran,udah gitu uang gak bisa kembali lagi",,,,negatif,
tiap musim mudik selalu susah dapat tiket tidak ada perbaikan sama sekali . cuma buang² waktu,,,negatif,,
"Aplikasi sering ngedown sekarang,pasahal dulu saat beli tiket kereta lokal tidak pernah down...ini sangat meresahkan untuk kaum kelas menengah untuk memesan tiket kereta lokal di aplikasi.dan karena keterbatasan tempat jadi harus usaha saat tengah malam/seminggu sebelum berganti hari untuk memesan tiket.saya harap ditambahkan fasilitas untuk gerbong kereta lokal dhoho penataran dan diperbaiki aplikasinya.",,,negatif,,
"Saya mau ke Sidoarjo tapi ketika saya cari tidak ada kereta tersedia, padahal kereta Dhoho / Penataran melewati jalur tersebut, agar bisa mencapai di tujuan tersebut harus memesan 2 tiket Tulungagung -Blitar dan Blitar-sidoarjo seharusnya ketika di cari pada kolom pencarian langsung diberikan penjelasan kalau menuju kota ini harus memesan dua tiket ""ini"" dan ""ini"". Masa sih sekelas KAI gabisa bikin sistem yang memudahkan seperti itu?",,,negatif,,
"Sangat kecewa dengan aplikasi KAI access.. war tiket dibelain nunggu sampe jam 12 malam, tapi selalu muncul jadwal tidak tersedia. Sudah berkali2 dicoba sampai restart HP tetap jadwal tidak tersedia. Dicoba sampai 00.30 jadwal baru tersedia tapi tiket sudah habis. Selalu seperti itu tiap war tiket. Dari ulasannya sepertinya hampir sama semua, tapi tidak ada perbaikan",,,negatif,,
"Aplikasinya makin aneh, buat beli yang commputer line lalu bayar gabisa, nyoba yang antar kota ga ada jadwal keretanya. Gimana si aneh banget, mau pp Surabaya-lamongan jadi ribet, enakan sebelum di-update, tolong dong diperbaiki lagi",,,negatif,negatif,
Tolong kalo bikin aplikasi itu yang niat dongg..masa mau ngajukan pembatalan aja harus datang ke stasiun,,,negatif,,
"aplikasi kayak gini kok gk ada perbaikan sama sekali, tiket makin mahal, sok sok an pesan diwajibkan lewat online tapi malah aplikasinya kureng banget. selalu error pas war tiket sampek setengah jam lebih",,,negatif,,
"Yaallah kak, baru aja bayar dan udh berhasil malah waktu habis. Jadi uang ku hangus, jahat banget sih",,,,negatif,
"Beli online di app milik KAI sendiri biar bisa lebih nyaman dan cepet ternyata sama aja kayak d offline harus antrian lama dan sering time out.... Sabar nunggu & refresh sampe hampir 30 menit Ujung2nya beli di apps penyedia tiket yg lain saking jengkelnya antrian lama, di apps yg lain malah gk pake antri langsung beres. Duh serius gk guna banget app ini cuman bikin buang waktu aja sebel. Mana saya nungguin sampe dini hari lagi :(",,,negatif,,
Kenapa tiba tiba jadwal kereta gamau muncul? Padahal sinyal ga lemot,,,negatif,,
"Kasih bintang 1 aja, bukannya makin baik malah makin menyulitkan, mencari all stasiun udah ga bisa harus bener bener stasiun yang dituju, semisal cari semua stasiun di jakarta udah ga bisa harus spesifik, sangat menyusahkan kembalikan fitur pencarian semua stasiun di kota yg di cari",,,negatif,,
Waktu pemesanan sering sekali keluar sendiri atau kadaluarsa...padahal baru beberapa detik saja.. tolong d perbaiki aplikasinya .. banyak sekali pelanggan kai yg kecewa dengan aplikasi ini...... Silahkan kai komentarnya di bawah,,,negatif,,
"sejak di perbarui ada antrian nyq, sehingga tambah membuat lama untuk pembelian tiket padahal di tulisan antrian nya hanya 2 menit, tapi sampai bermenit-menit tidak ada perubahan sama sekali, semakin kesini pelayanan nya semakin kurang",,,negatif,,
Kereta api lokal kurang lengkap Saya mau pesen ka lokal purwosari ke wonogiri ngak ada gimana ini kai accessnya kurang up date,,,negatif,,
Aplikasi sampah. Susah pesan tiket. Bolak balik suruh upgrade. Padahal sudah diupgrade. ZAMPAHHHHH. SAMPAHHHHH. SAMPAHHHH.,,,negatif,,
"Aplikasi tolol antrian udh 2 menit lagi , malah jadi 22 menit gitu terus , padahal sinyal bagus , ga guna",,,negatif,,
Di saat di butuhin jam sibuk malah gk bisa beli teket,,,negatif,,
"Serba susah anjKehilangan 310rb gara gara sistem Bayarku pakek qris yup, di aplikasi yup keterangan nya sudah sukses bayar tapi di aplikasi KAI tiketku gak muncul, sudah telfon CS katanya time out, suruh konfirmasi di IG di FB semua sudah aku lakukan biar bisa pengembalian uangku nyatanya omong kosong KAI gak mau rugi ,masalahku dari bulan Desember tgl 12 dan aku nulis ulasa ini tgl 3 February tidak ada kejelasan sudah DM berkali kali cuma di read doang , mengecewakan,310rb itu banyak bagi ku.",,,,negatif,
"Halo, saran saya di pilihan menentukan kursi itu harus ada arah kereta kepalanya dimana.. saya pesan luxury 2A dari arah Surabaya ke Jakarta malah ditaruh paling ujung buntut. Mestinya kalau dari aplikasi kelihatan paling depan. Mohon ini diperhatikan.",,negatif,,,
Ini kenapa ga bisa pesen tiket kereta woyy,,,negatif,,
"semenjak diupdate sistem antri tidak tertib. selain lama(tidak sesuai menit yang tertera), antrian kadang berubah2, sdh masuk antrean 12 tiba-tiba berubah menjadi 14. setelah melewati antrian kadang masih error juga saat mau masuk ke pemesanan tiket, padahal sdh melewati sistem antrian, ujung-ujungnya begitu masuk tiket habis. yang tertib dong sistemnya. Kalau mau pakai sistem antrian yang jelaslah, kalo sdh mengikuti antrian tolong benahi sistemnya agar yg sdh mendapatkan antrian tidak dirugikn",,,negatif,,
"Server lemot terus, ga berguna dipantengin hampir 3 jam ga dapet-dapet tiket, pusing kepala mantengin hp",,,negatif,,
kendala no seat available padahal masih ada sisa kursi. ga bisa ke pake bos apk nya,,,negatif,,
"Seperti apk pemerintahan lain nya JELEK... kurang optimal, tiket gak lengkap, mau ganti jadwal pemberangkatan gak bisa bisa, gak bisa ganti jadwal kalo gak ada nama yg punya aplikasi nya di waktu perjalanan itu....sadar diri bapak2 yg disana, gimana mau Indonesia emas ditahun 2045 kalo gini cara nya",,,negatif,,
"Astagaa ini kenapa saya pesan tiket, udah saya bayar dengan QR dan ada bukti pembayaran yang berhasil juga di rek tp di apk nya tertera sedang menunggu pembayaran dan saya kira mungkin jaringan tp setelah ditunggu"" kenapa hanguss! Sedangkan transaksi pembayaran nya sudah berhasil. Tolong dong ini gimna",,,,negatif,
Tidak bisa beli go show kereta incaran gara2 sistem antrian,,,negatif,,
"Kecewa searching tujuan yg benar tapi dapetnya gasesuai tujuan alhasil turun sebelum stasiun tujuan deh, terus apknya lemot",,,negatif,,
"kebanyakan bug, nggak bisa booking",,,negatif,,
"Sistem antrean ini mempersulit sih, baru jam 00.02 tiket udah habis, terus pas udah masuk ke halaman eh time out Mulu gajelas emang. Mempersulit orang bukannya semakin maju ini malah semakin mundur. Harusnya KAI lebih update dari yg sebelumnya dong ini apaan semakin kesini sistem makin busuk. Kecewa banget",,,negatif,,
"applikasi banyak bug, untuk pembatalan tiket tidak bisa padahal keberangkatan masih diatas 2 jam setelah 2 jam sebelum keberangkatan malah ngeblok menu pembatalan.",,,negatif,,
"Semenjak update harus mengantri untuk pemesanan tiket dan cukup lama, ketika waktu stuck di 1 menit tidak masuk masuk ke pemesanan tiket. Kembaliin aja seperti sedia kala cara pemesanan tanpa harus mengantri. Jika harus mengantri tolong di perbaiki kendala dan bug nya. Terima Kasih.",,,negatif,,
"jelek, tiap beli tiket selalu error. mana ga sekali dua kali aja, kesabaranku nyoba 50 menit sia sia. ga jelas sekali",,,negatif,,
"buang waktu, mantengin layar hp 1 jam cuma buat antre terus lihat tiket habis.. semakin banyak calo tiket, balik kayak dulu lgi jadinya",,,negatif,,
"Aplikasi KAI Access mengecewakan. Verifikasi nomor rekening untuk pembatalan tiket terus gagal meskipun data sudah sesuai. Saya sudah ikuti semua langkah troubleshooting, tapi tetap tidak berhasil, hingga tiket hangus tanpa bisa dibatalkan. CS hanya memberi jawaban umum tanpa solusi konkret, sementara waktu terus berjalan. Aplikasi ini malah menyulitkan pengguna. Mohon segera perbaiki sistemnya agar tidak ada pengguna lain yang dirugikan seperti saya.",,,negatif,,
Aplikasi tidak berguna dan sangat menyusahkan. semenjak ada aplikasi sering tidak dapat tiket. pertama aplikasi selalu minta update. pembelian tiket lokal sudah pesen H-7 rela begadang jam 24.00 malah server selalu down jadwal tidak muncul baru mau muncul saat tiket sudah terjual habis. kalau bisa kasih nilai minus mungkin ku kasih nilai minus. perbaiki lagi sistem ini !,negatif,,negatif,,
"Harusnya lebih perbaikin kinerja aplikasi terlebih dahulu, loading relatif lama padahal jaringan bagus, trus pembayaran juga sering error, hari ini gajadi naik kereta gara gara belum pesan tiket karna lupa gara garanya waktu beli tiket by aplikasi error pas pembayaran, kirain udah sukses pas mau naik kereta ternyata belum ada tiket, mohon update yg teebaru lebih kesitu aja dulu biar lebih nyaman dipake nya",negatif,,,negatif,
"masa udh muncul tanggalnya tp tiket"" nya ga muncul, sering bgt gabisa beli tiket gegara eror jd saya harus beli tiket di waktu yg ga tepat",,,negatif,,
"setiap tahun kalo pas musim mudik cari tiket selalu susah,dikasih sistem antri makin susah,kok gak pernah belajar dari pengalaman ya kai,heranya agen atau calo selalu bisa dapet,gak pernah dipermudah kalo pas beli tiket lebaran , mending kalo g siap dengan perubahan kembalikan aja sistem manual antri kayak jaman dulu,, yg penjualan hanya lewat stasiun,ini lewat onli6bergadang berhari hari juga g dapet mending antri di stasiun sekalian",,,negatif,,
Kenapa kok g bisa aplikasinya? Katanya karena ada bug atau apa? Mau pesen tiket jadi gak bisa,negatif,,,,
"Aplikasi ga guna udh 5 tahun war tiket lebaran ga pernah jelas statusnya time out, padahal udh antri 30 menit udh masuk malah time out loading ga ada maintenance apa tiap tahun selalu begitu hapus aja ga guna",,,negatif,,
"Sudah melakukan pembayaran tiket menggunakan Qris lewat Dana tetapi tiket masih keterangan belum dibayar, sampai dengan waktu menunggu pembayaran habis akhirnya tiket hilang dan uang dari Dana sudah dipotong, 2 kali pengalaman seperti ini dari tahun 2021 dan saat ini dan akhirnya saya sudah tidak bisa toleransi, tiket yg dibeli pada 2021 kereta Kahuripan dengan tujuan dari Kiara condong ke Lempuyangan, kasus sama pembayaran ganda",,,negatif,negatif,
Habis update malah gak bisa dipake buat war tiket arus balik.sangat mengwcewakan.sistem antrian juga tidak masuk masuk dapat giliran.,,,negatif,,
"Transaksi gagal, tapi saldo kepotong. Hari ini dari sore jam 3, aplikasi tidak bisa booking tiket, ke loket stasiun sama aja karena satu sistem, perbaikilah kasian yang nunggu-nunggu gak jelas. Ada promo juga, kalau aplikasinya gak siap/banyak bug/server erorr ya sama saja.",,,,negatif,
Sangat membantu...tapi sayang selalu tidak kebagian tiket yang murah...,,,positif,,
"Ini kenapa jadi ribet mau pesen tiket buka aplikasi antri udah gitu gak sesuai estimasi waktu antrinya, giliran udah masuk mau pesen tiket gagal terus tau2 masa pemesanan tiket telah habis disuruh antri lagi bangke bangke, coba lah di perbaiki lagi ini aplikasi nya!!!!!",,,negatif,,
"Aplikasi gak jelas time out mulu giliran bisa tiba"" tiket abis, bilang alesan internet gak stabil gua pke wifi boss apanya yg gak stabil,,,,",,,negatif,,
semenjak update setelah natal aplikasi jadi memiliki banyak bug seperti forced close dan tampilan aplikasi telah berhenti dan yang lebih parah saya telah beli tiket kereta pulang pergi untuks bekerja saya trlah membayar tiket tersebut dan di akun dana saya juga saldo terpotong saya cek diriwayat transaksi akun dana pembayaran berhasil namun ketika saya cek di kai access tiket saya tidak ada hal ini merugikan costumer yang ingin menaiki kereta apalagi costumer yang membeli tiket untuk bekerja,negatif,,negatif,,
"Ini kenapa tiap mau war tiket pasti ada tulisan dalam antrian dan waktu tunggunya lama banget? 1 menit aja seperti 10 menit nunggunya, makin lama makin turun kualitas aplikasi ini.",,,negatif,,
"Benerin dulu dah, masa tiket tersedia tapi no seat available",,,negatif,,
"Mohon maaf aku kasih bintang 1 karna pelayanan pemesanan tiket mengecewakan,sesudah tiket berhasil dipesan dan dibayar,malah hilang pas mau berangkat,terpaksa pesan dadakan lagi,saldo gak kembali pula,untuk jarak gak terlalu jauh dan kelas ekonomi,coba kalo pesan tiket yang jauh hangus sudah, setidaknya ada pengembalian saldo kembali,sampai hari ini tidak ada pengembalian saldo",,,negatif,negatif,
"kocak banget sumpah !!! buat pesen tiket gak bisa. buat lihat jadwal tiket juga gak bisa 🤣🤣 naik kereta ribetnya ngalah""in naik pesawat 🤣🤣🤣🤣",,,negatif,,
Kenapa aplikasi error terus jadi ga berguna banget ini aplikasi pesan tiket susah katanya suruh online bangke....,,,negatif,,
"tiket kereta tambahan tiba"" habis terus,sudah nunggu dan bolak balik cek gk ada,terus tiba"" ada tapi sudah habis,gimana ini",,,negatif,,
"Kalian bisa ga bikin apk yg lebih profesional yang tidak menyusahkan konsumen? Disuruh nunggu ternyata gada jadwalnya. Apk sering Lola, tiket minta ampun mahal dan ga worth it. Ini jujur nih. Intropeksi dah",,,negatif,,
sudah 30 hari belum ada pengembalian dana dari pembatalan tiket kereta,,,,negatif,
susah bgt cuma mau pesen tiket,,,negatif,,
"dri kmrn udh berkali-kali pesen tiket tpi pas pembayaran ga bisa trs dgn alasan Internet tidak tersedia padahal jaringan ku bagus, gjls bgt sih perbaiki dong",,,,negatif,
"Buat kereta lokal Cilegon-rangkasbitung kenapa sekarang harus ngewar kursi sendiri, gunanya pesan tiket online buat apa, apa bisa onthespot pasti dapat tiket...",,,negatif,,
"Udah berhasil bayar tiket kereta lewat qris malah katanya belom bayar, rugiii",,,,negatif,
Sebelum saya update nyaman dan lancar. Ketika saya update ke yang baru. Selalu eror. Gak bisa pesen tiket. Jadi kecewa dengan kai acces. Sementara saya kasih bintang 1 ya min. Mungkin jika bisa diperbaiki lagi saya edit deh bintangnya. Terimakasih,,,negatif,,
"Aplikasi sering error Pesen tiket kereta lokal sering down, time out Percuma pesen online tapi aplikasi error terus Mending pakai tiket offline aja Tolong dibenahi! Mau pesen tiket kereta lokal down terus sampai2 tiket habis saking lamanya nunggu karena aplikasi erorr",,,negatif,,
"Adekku barusan naik KAI jurusan singosari kepanjen, pas masuk gerbong ternyata tempat duduknya uda ada yang nempati, dan anehnya nomor kursi tempat duduknya sama. Akhirnya adekku yang mengalah untuk berdiri. Emang bisa gitu 1 kali pembelian masih bisa di beli orang lain? Masa iya harus pangku²an. Tolong dong untuk lebih di upgrade lagi, kalau kayak gini kan jadi merugikan penumpangnya. Ya meskipun nominal ga seberapa, yakali 1 jam berdiri dalam kereta. Cewek pula.",,,negatif,,
Untuk sementara ditahun 2024 menjelang 2025 tidak bisa di andalkan untuk pemesanan secara online. Tolong di sempurna kan lagi untuk masalah refund yang terkendala dari pihak kai dan pihak pay di kai. Tolong juga kalau belum siap untuk melakukan prasarana secara online jangan lakukan secara online.),,,,negatif,
"Apps tidak bisa dibuka saat akan digunakan membuka barcode tiket, sedangkan appsnya sudah diinstal, jaringan internet sudah stabil, padahal sudah ada transaksi pembelian tiketnya secara sukses.tolong sistemnya diperbaiki segera biar membuat pengguna jadi lebih mudah",,,negatif,,
"Aplikasi sering pemeliharaan, aplikasi sering tidak bisa diakses meskipun internet dan signal normal 5G, update KAI Pay tidak selalu melebihi 15 menit, kualitas sistem KAI Acces buruk dibandingkan public service lannya, dan yang paling menyesatkan adalah sering terjadi tampilan sisa seat 1 yang dijual tapi tidak bisa diambil merupakan informasi yang menyesatkan, dan indikasi permainan orang dalam",negatif,,negatif,negatif,
"aplikasi makin kesini makin buruk aja, mau pesen tiket malah sesi abis lah gajelas",,,negatif,,
"Sekarang sulit sekali cari tiket via kai access padahal sinyal sudah full, mohon diperbaiki lagi sayang sekali kalo ada aplikasi order online tp tidak bisa digunakan",,,negatif,,
"mau pesen tiket akun basic nya tiba"" ilang setelah cek nomer telfon (karena saat mesen no telp salah pas di cek di akun benar) ... mau bikin basic akun lagi biar bisa pesen gabisa (klik lanjutkan stuck disitu) mohon diperbaiki.. note: sebelumnya pesen tiket aman aja kali ini aja beda",,,,,negatif
"Maksudnya apa sih ini, mau cek jadwal kereta gak bisa, suruh pilih tujuan stasiunnya malah gak muncul pop upnya atau opsinya. gak jelas malah gak bisa ngecek jadwal keberangkatan kereta. udah bener versi sebelumnya simpel. malah dibikin bug. sampah",,,negatif,,
Kecewa bgt makin ksni bikin kesel harus ada waktu tunggunya gk kyk dlu pas war tiket enak,,,negatif,,
"Lemot banget. Sengala ngantri tp waktunya gak jelas. Bukan hitung mundur, malah tau2 nambah lagi. Gak guna.",,,negatif,,
"aplikasi access KAI, makin kesini makin mengecewakan, tidak membantu/memudahkan pengguna nya. sulit sekali untuk melakukan payment tiket yg sudah d booking. mohon untuk d perbaiki. TERIMAKASIH",,,,negatif,
"Tolong ya KAI, web developmentnya dievaluasi dan diperbaiki lagi. Capek bgt aplk error sampe ketinggalan KERETA!! Cuma krn loading lama bgt. Manding pake aplk pihak ke-3 drpd punya KAI'nya langsung. Nunggu loading doang udh tiket hangus,kejar-kejaran waktu, dan pake aplk lain disana harga lebih murah. Pdhl aku udh bayar lebih mahal drpd pake aplk pihak ke-3.",,,negatif,,
Ini kenapa ya gaada pilihan stasiun untuk kereta lokal? Mau pesan tiket jadi gabisa terus,,,negatif,,
"Di bela²in melek sampe jam 12 malam buat beli tiket, jam 00.00 login tiketnya masih belum kebuka, di refresh berkali² kira² stengah jam, masih belum kebuka, data seluler ke wifi, wifi ke data selular, saya relogin juga, giliran tiket nya sudah buka, eh...gak tau nya sudah habis...",,,negatif,,
"Tolong di perbaiki lah, mau pesan tiket tidak bisa. Suruh melengkapi data diri, tapi data diri tidak bisa di lengkapi",,,negatif,,
"Aplikasi suka eror pemesanan tiket jadwal tidak muncul, padahal setiap hari ada terus jadwal kereta",,,negatif,,
"Mau pesen tiket lebaran aja susahnya minta ampun, ditiket tertulis masih tersedia giliran udh masukin semua data2 lengkap ujung2'ny tidak tersedia kursi. Terus kemana perginy itu tiket kereta api (apakah kecalo semua min)..",,,negatif,,
"Aplikasi apaan,, beli tiket jam 00.00 udh ngantri stengah jam,, udah ngisi data giliran klik not avatle mksudnya gmn? Niat jual tiket gk woyyy",,,negatif,,
Ceritanya nge war tiket kereta..😓kebanyalan loading. Malah cepetan pake aplikasi pihak ketiga.. KAI diperbaiki lagi donk aplikasinya,,,negatif,,
"Skrg ada sistem antrian, menurut saya malah kurang user friendly. Apa guna ada antrian kalo setelah lewati antrian ternyata malah ga bisa transaksi. Tolong dong kembalikan ke versi sebelumnya tanpa fitur atrian...",,,negatif,,
Update malah semakin buruk. Pake menit antrian segala. Gak jelas bgt malah semakin lama. Kita butuh yg aplikasi yg cepat. Bukan malah ada antrian juga kayak gini. Segera di perbaiki lagi deh.,,,negatif,,
"saya mau menanyakannya kenapa tiket yg muncul harganya mahal2 padahal saya udh nungguin di jam 12 malem supaya dapet tiket yg murah, tiket yg murah selalu gak bisa di beli(habis)",,,negatif,,
"Aplikasi ini sebelum nya bagus dan gampang gada BUG kaya yang sekarang, susah pemesanan tiket dengan jumlah lebih dari 1 orang, yang kaya gini nih kalo dipegang ama orang yang cuman ngandelin design tapi fungsi nya kaga, bug dimana mana QR kaga muncul, udah milih penumpang pas di next notif bacaan succes tapi kaga ke metode pembayaran, emang bapuk... perbaikin lagi deh aplikasi nya, jangan cuman ngandelin design tapi fungsi nya banyak problem",,positif,negatif,,
"Ribet ya KAI, mau tukar jadwal tiket ortu gak bisa karena yg punya akun KAI ACCES atas nama sy, sedangkan tiket atas nama ortu, masa ortu sy yg sudah tua harus ke stasiun dulu!!?? Gmn sih kalian, klo boking aja bisa, sekalinya tukar jadwal super ribet, masih aja bikin kebijakan yg menyulitkan konsumen, padahal kita bayar gaji anda toh",,,negatif,,
"sumpah nih apk makin lama makin gajelas, dikit² trouble, dikit² eror, mau pesen tiket jadi gbisa ujung² nya kehabisan tiket. ayo dong dibenahi lagi biar kualitas nya oke, kalo kek gini kan pengguna jadi males banget buat make apk nya, mana kalo pesen tiket dadakan di stasiun juga suka gada gara² udah ludes penjualan lewat apk",,,negatif,,
"diarahkan beli tiket online, tapi aplikasi eror terus hahaha. nice",negatif,,,,
Ini gimana mau pesan tiket susah bgt... OTP masuknya lama.. Mana ketika di masukkan error mulu. Apa gunanya nihh aplikasi.. Bli tiket d tempatpun ga bisa. Tlong di perbaiki lagi nih aplikasi. Harusnya mempermudah malah bikin sulit. Sekian.,,,negatif,,negatif
"Parah aplikasi nya tidak membantu sama sekali mau pesan tiket harus update ke basic dan isi data, udh diisi lengkap pas klik daftar nge lag terus, kalau kai gak siap meluncurkan aplikasi mendingan gak usah bukan membantu malah menyusahkan, sekelas perusahaan BUMN loh, membuat aplikasi tidak siap",,,,,negatif
"Hallo kak,mohon maaf nih kenapa yah saya sudah beberapa kali melakukan pembayaran pembelian tiket dan saldo sudah terambil,tetapi pembayarannya belum lunas terus,pedahal saldonya sudah berkurang dan ketika waktunya abis tiketnya hilang dan saldonya tidak bisa kembali,mohon tindaknya yah dari pihak access,kalo gini soalnya rugii dong",,,,negatif,
"War tiket lebran 2025 ini bner2 KAI g bsa diandelin.begadang mulu tapi g dpet tiket juga.tlong dong kayak tahun2 sebelumnya,walau begadang tapi masih bisa di acces.bner2 kecewa bgt",,,negatif,,
"ini pasti ada oknum yg curang, tiket habis terus,, secara logika saja saya pantengin terus aplikasinya sampe war tiket selalu tunggu antrian, dalam waktu 30 menit, tiket semua habis terjual. aneh.. tingkat keamanan kurang bagus. ada joki di balik semua ini.",,,negatif,,
"Ya ampun 3 hari bela-belain melek sampe subuh demi tiket mudik, dr mulai tengah malam sampe subuh tuh tiket ngga dapet2 ya.. bener bener aneh..masa gagal terus padahal tiket masih banyak sampe saya ulang-ulang, sampe pegel pegang hp mantengin aplikasi ini bolak balik juga di apps tokped..tp satupun kaga ada yg bisa di pesan tiketnya.. Eh pagi2 udah jam 6 an, kok tau2 udah habis sama seperti hr sebelumnya..gile keselnya, app apaan ini menyulitkan pengguna bukannya memudahkan.",,,negatif,,
Kenapa saya tidak bisa memilih kursi? Padahal keterangannya masih tersedia???????????,,,negatif,,
Kai nih kenapa sekarang sering tiketnya goib ya. Baru beberapa menit dari jam 00.00 udah kagak bisa dibeli aja. Terus pas tinggal bayar malah loading terus padahal jaringan bagus gak ada masalah. Update doang tapi gak ada yang diselesaikan bugnya,,,negatif,negatif,
lemottt ada masa antriann bikin gangguuu dan ga bisa liatt jadwal kereta di tanggal berikut nya,,,negatif,,
"Sudah lama pake aplikasi ini, kenapa skr mau booking aja susah kali. Time out terus. Cepat di perbaikin.",,,negatif,,
"sanggat di sayangakan untuk aplikasi yg notabene dari BUMN tapi khusus penjualan tiket lebaran sanggat susah di beli,kurang adil untuk penguna,estimasi waktu tunggu antrian yg ga tepat waktu,setelah masuk jga,sering timeout,sibuk,dan banyak lagi. mohon untuk aplikasi ini yg memeng punya BUMN(Negara RI) bisa di perbaiki,jadi untuk penguna yg mau beli tiket khususny untuk lebaran Idhul Fitri bisa di akses dengan mudah dan cepat.",,,negatif,,
"Awal mula download sih aman-aman aja bisa pesan tiket, cuman pas pengen pesen tiket kedua malah nggak bisa ada bacaan sesi anda habis maksudnya gimana ya",,,netral,,
"Aplikasi gak bener, pesen lewat online aja harus nunggu antrian mana pas waktu udah 1 menit bukan nya langsung muncul malah perpanjangan waktu sampai 20 menit!! Kalo kaya gitu mah mending gausah diadain aplikasi nya sangat menyusah kan orang!! Kami mau beli tiket pake uang bukan ngutang!! Jadi jangan dipersulit untuk pembelian tiket nya!!",,,negatif,,
"kemarin"" aman aja pakek aplikasi ini, hari pas mau beli tiket tiba"" disuruh update, oke aku update, abis di update bukannya tambah canggih tambah error, mau bayar gak bisa dengan alasan sistem sedang error tunggu beberapa saat, setelah itu mau bayar lagi cek di keranjang tidak ada, pergi ke menu tiket yang belum dibayar malah tidak ada pilihan lakukan pembayaran, ada pilihan kembali ke home sama batalkan pesanan, aplikasi macam apa ini, ini sekelas BUMN loo masak bangun sistem kayak gini,",,,negatif,negatif,
"Lelet, udah cape2 nunggu antrian beli tiket, malah gagal",,,negatif,,
"Buat apa aplikasi tapi gak bisa milih kursi KA lokal Rangkas merak, jadi malah antri panjang buat berebut kursi",,,negatif,,
"Tolong di perbaiki secepatnya buat pengembalian dana dari tiket yang di batalkan, tidak bisa pakai wallet, pakai rekening harus sesuai nama penumpang yang tertera, saya cuma punya wallet jadi tolong segera di perbaiki Terimakasih :)",,,,negatif,
Aplikasi sampah. Pembatalan tiket harus tranfer atas nama pembeli tiket. Tolol. Nyusahin.,,,,negatif,
Knp setelah d update malah bukannya tambah baik malah tambah kacau. Cek jadwal kereta kalau d lihat dr kalendernya KAI acsese sdh bs booking tiket / liat jadwal keretanya pas d klik malah jadwal tidak d temukan...,,,negatif,,
"Gak ada niatan kah untuk memperbaiki kualitas aplikasi ini, booking tiket H-7 harus warr dari jam 00.01 selalu trouble, bisa lanjut next step trouble lagi, tinggal 1 step pembayaran trouble lagi. Begitu seterusnya sampai baru bisa jam 03.40 dan itupun tiket udah banyak yg sold out. Sekelas KAI loh masa booking onlinenya menyusahkan begini. Malu lah",,,negatif,negatif,
"kenapa yaa aplikasinya jadi error begini padahal sebelumnya lancar lancar aja meskipun ada hambatan sedikit, kenapa ya ketika saya ingin memesan tiket dan sudah saya bayar tetapi tiket nya tidak muncul di aplikasinya, mohon segera perbaiki",,,negatif,,
"Selama hampir 1 tahun saya pakai Access by KAI, saya sering menemukan error di aplikasi ini. Dan error nya berulang, yakni terkait kegagalan dalam pembelian tiket Commuter Line. Apakah tidak ada perbaikan permanent yg dilakukan? ujung² nya suruh pake kartu, lah buat apa ada aplikasi kalo sering error. Tolong dong ini aplikasi kan dipake banyak orang seluruh Indonesia. Masa aplikasi sekelas milik BUMN kayak gini, error berulang. Tolong perhatian dari pihak terkait terkait hal ini.",,,negatif,,
Aplikasi nya sudah bagus hinngga saat pembayaran susah sekali diakses dan hanya diberi waktu sedikit. Dan saat selesai pembayaran tidak ada notifikasi sama sekali tiket sudah berhasil dibayar atau tidak🤦‍♂️,,,,negatif,
"Gak bisa beli 2 tiket KRL, Gak bisa beliin buat penumpang terdaftar. Udah beli 2 tiket KRL @16rb malah yang bisa kepake cuma 1. Padahal mau dipake buat 2 orang.. Definisi bayar 2 kali lipat untuk 1 kali perjalanan KRL.",,,negatif,,
Parah si udah 2 hari nungguin tiket muncul Ampe bergadang ttp ajah gak bsa buat pesen tiket nya. Gagal trus,,,negatif,,
"Tidak ramah!! Kecewa!! updet status Twitter Mulu.. Aplikasi tiket yg terbilang lebih penting, tidak ada Upgred, tidak ada perubahan, tidak ada Maintenance sama sekali!! Payah payah..",,,,,
"kenapa si jadwal tdk di temukan mulu, gue udah rela² begadang buat dapatin tiket di h-7 malah kya gini mulu",,,negatif,,
Waktu tunggu antri 5 menit gatau nya sampe 1jam,,,negatif,,
Sudah di bayar dan Pembayaran masuk tapi tiket tidak muncul. Sangat kecewa,,,negatif,,
"Saya awal suka aplikasinya eh sekarang kecewa capek capek antri mau klik pilihan muncul antrian dari awal sudah capek nunggu 1 jam eh pilih lagi antri Dari awal lagi mohon kalu bisa masuk antri jangan antri dari awal lagi seperti beli di tiket sudah antri kemudian dilayani jangan suruh antri lagi dan lagibdam awaktu lama antri ya, mohon jika mau ada antri cukup sekali saja",,,negatif,,
Ketika pesan tiket tampil diminta upgrade ke member basic. Sdh diisi sesuai tp tdk ada keterangan ok atau tdk ok upgrade tsb. Yg lbh mengesalkan tdk bisa pesan tiket. Dan yg aneh lagi tdk ada histori yg telah sy lakukan selama ini (sejak aplikasi baru ini).,,,negatif,,negatif
terlalu sering up date setiap mau beli tiket harus uodet lagi,,,negatif,,
"Kenapa ga bisa pesan dari semalam, dalam pemeliharaan terusssss",,,negatif,,
Applikasinya bagus banget tapi tolong nya bisa di perbarui applikasi buat memudahkan akses beli tiket kai nya di applikasi bye kai acces nya plissnya ...,,negatif,negatif,,
"war tiket tahun ini gak jelasss blasss..! pengalaman sy mending tahun² kemarin cuma bergelut dg signal dan quota, serta kecepatan checkout, gak kaya skrng masih harus ditambahin antrian sistem yg gak jelas. hadeuh.. tobat.. tobat dah",,,negatif,,
"Masak iya booking dar pagi error trs, sekarang malah gak bisa boking dengan alasan gak jelas, tolong dong kai diperbaiki lagi aplikasinya, signal oke paket data full kok tetep gabisa, sudah diaktivasi dll masih aja error, mengecewakan",,,negatif,,
"Pake antrian gak nyaman banget, tinggal bayar doang muter2 gak jelas hbs waktu ngantri lagi... mending sistem sebelumnya",,,negatif,,
"Jelek banget, mau cari tiket aja gak bisa. Selalu ada kata 'timeout' padahal jaringan juga bagus. Gak usah sok-sokan mau update deh, kualitas aplikasi lo itu makin jelek kalo di update, gak sadar apa?",,,negatif,,
Dari stasiun Jombang tidak ada jadwal kereta lokal ke arah Surabaya....pas coba stasiun lain ke arah Surabaya muncul untuk keberangkatan tgl 19 mei....apakah ada bug atau bagaimana? Ini kali kedua saya pesan untuk keberangkatan seminggu sebelumnya mengalami hal yg sama... Tapi setelah 30 menit baru muncul tapi tiketnya sudah tinggal sedikit (tanpa tempat duduk) Mohon diperbaiki kembali sistem aplikasinya,,,negatif,,
"Kecewaa banget sama KaiAcces yang sekarang, padahal udah langganan dari dulu pake kai, sekarang di update bukanya nambah gampang malah nambah jelek bangett. Mau beli tiket nunggu antrian dulu 1 menit katanya, eh nambah2 sampe 20 menit. Isi saldo kaipay malah ngga bisa ditarik lagi harus pake apk kaspro, padahal pin udah bener ehh keblokir akun dikunci, mengecewakan sekalii kaiacces sekarang, gimana nasib saldo saya ini??? tolong diperbaiki lagi.",,,negatif,negatif,
"mohon maaf seblumnya karna ngasih bintang 1, pada pihak aplikasi tolong klo bisa ditingkatkan lagi servernya biar gausah ada antrian. susah klo mau nge war tiket harus nunggu antrian dulu, sampe2 kehabisan apalagi tiket libur lebaran dalam hitungan menit udah habis, padahal udah bela""in begadang ujung""nya kehabisan. smoga didengarkan keluhan ini wkwk, terimakasih",,,negatif,,
"Sering error, susah pesat tiket Ka Bandara. Diminta upgrade basic atau premium tapi gak bisa. Tolong perbaiki segera layanan webnya",,,negatif,,negatif
"Masak bentar² update, and kadang jam tidak valid",,,negatif,,negatif
"Aplikasinya membantu, tp seringnya ngeselinn, karena sering buffering pas lagi dibutuhin.. ayo dong perbaiki lagi apk nya..",konflik,,,,
Loading lama. Pesan tiket berkali2 gagal terus. Udah milih kursi pas di pembayaran lelet banget. Akhirnya gagal. Pas pesan ulang kursi yg dipilih sebelumnya udah nggak bisa dipilih lagi. Nggak jelas apk nya,,,negatif,,
"Pakai app ini dari lama.. Dan makin kesini makin eror, gaada perbaikan samsek, sudah masukin tgl dsb milih hari keberangkatan awalnya nongol, tba² ke log out sendiri, dicoba log in lagi bahkan sampe hapus data itu tetep tulisannya tdk ada keberangkatan, tiba² jadwal keberangkatan yg awalnya nongol lenyap, mau pesen kereta untuk weekend juga war tiap jam 00.00 itu pun erornya konsisten.. ekkekeke kebantu sih kebantu, tapi tolonglah diperbaiki, jaman udah maju ini, harusnya bisa diperbaiki",,,konflik,,
Aplikasi lemot hp kayak gak ad guna,negatif,,,,
Sistem kacau udah masuk isi data penumpang tapi tidak bisa pilih kursi dan tidak bisa lanjut pembayaran. Setelah buka lagi aplikasinya tau tau tiket habis.,,,negatif,,
"Aplikasinya yg versi terbaru sdh gak konek lagi di hp saya jd sedih deh krn gak bisa pergi"" naik kereta lagi gara"" hp jadul yg gak bisa konek dgn versi terbaru 😭😭😭",negatif,,,,
"Jaringan lambat sekali, mau ganti metode pembayaran tidak bisa terutama metode qris. qris butuh barcode, sementara ketika salah mengclick kembali otomatis harus pesan ulang tiketnya lagi",,,,negatif,
"Sistem nga tidak bisa menyeleksi dengan baik sejak adanya update ann baru. Lebih ke curang dan telalu menunggu lama. Website pun tidak bisa digunakan. Aneh, bagaimana ini developer?",,,negatif,,
Semoga gak lemot hp nya dan aplikasiny Buat nanti war tiket lebaran,,,netral,,
Perlu nambah server yg lebih gede biar tidak lemot buat pesen tiket dan pilih tempat duduk,,,negatif,,
"Aplikasi nya Busuk Bener, untuk Upgrade Basic aja ga bisa2, Maaf saya kasih Rating Bintang SATU 1. AGAR PENGGUNA LAIN JUGA MEMBACANYA.",,,,,negatif
"Kog jd susah masuk sih KAI, sandi sudah benar masih aja salah terus,ini aplikasi yg lama udah okeh malah kayak gini sekarang",,,,,negatif
"Setelah di Update jadi semakin Ribet, lebih suka Versi yang lama",,negatif,,,
Dikit² update dikit² update tapi aplikasinya loading,negatif,,,,negatif
"Dear Developer, saya ga bisa cek fitur live tracking, padahal sudah update kai versi terbaru. Apakah versi hp berpengaruh pada fitur tersebut? Mohon info & perbaikannya. Thanks",,,negatif,,
"beli tiket kereta tapi gagal (ZONK). padahal di apk lain udah berhasil pembayaran tiketnya. tolong tanggung jawabnya KAI, masak beli tiket tapi gaada tiketnya😤, Aplikasi sering lemottt, loading muluu, gangguan muluuu. tingkatin lagii dong performanya.",,,negatif,,
Habis di update kok malah susah mau beli tiket pake dalam antrian² yg memperlambat saja,,,negatif,,
Disuruh upgrade terus hampir tiap bulan seperti ini. Ketika sudah diupgrade nanti masih loading dan error' utk buka aplikasi,negatif,,,,negatif
"Jelek, sering lemot, pembayaran masuk lama",negatif,,,negatif,
Saat melihat lokasi aplikasi nya jadi keluar sendiri. Mohon di perbaiki,negatif,,,,
Ngelawak mulu. Udah tinggal 1 menit. Malah langsung jadi 40 menit lebih. Tambah Server ngapa,,,negatif,,
kenapa setiap mau beli jadwal tidak tersedia terus 😭🙏🏻 sebelumnya aman aman aja lhohhh setelah update error mulu,,,negatif,,
"Aplikasi ini mendeteksi apliksi buatan saya sebagai warning, padahal aplikasi saya dipublish di playstore resmi diantivirus aman, bahkan google pindai app saya juga aman. ini sangat merugikan saya. rating aplikasi ini saja 2 kenapa bisa menilai aplikasi lain? tolong developernya mikir, jgn asal tuduh. apa parameter yg anda pakai. jgn2 cuma copy paste kode dari github. fokus saja sama produkmu",negatif,,,,
"apk aneh...bisa download di ps, setelah terinstal tidak bisa masuk..tidak ada akses internet..apk ini hanya bisa di gunakan dengan akses wifi...untuk penggunaan data tidak akan pernah berhasil walaupun apk sudah update,jaringan bagus,tidak menggunakan vpn",negatif,,,,
"Tolong dong aplikasi nya di maintenance lagi, percuma ada aplikasi kalo ujung ujung nya eror mulu, gw mau pesan tiket gak bisa Mulu, jadi klo emang gak niat bangun aplikasi mending gak usah aja sekalian",,,negatif,,
"mau beli tiket suruh upgrade, giliran udah masukin data katanya datanya udah ada, terus gimana???? saya balik pesen tiket lagi ga bisa karena belom update, saya masukin data lagi dan masih kaya gitu lagi, gitu aja terosss, ga beres banget ni apk lama""",,,negatif,,
"udah di updte bukannya tambah bagus malah gelas, antri waktunya bukannya ngurang malah nambah, 8 menit jadi setengah jam, waktunya habis malah jadwal tidak di temukan. gimana sih",,,negatif,,
"CUSTOMER SERVICE GAK DI WA, TWITTER NGEBALASNYA DARI PAGI KE PAGI LAGI. PADA TIDUR X YA SEMUANYA, HELLOOO TIDAK SEMUA MASYARAKAT SETIAP HARI , HBGI KAI CHAT WA, DM IG/TWITTER SAMPE NGEBALAS LAMA AMAT. PELAYANAN KONYOL DAN ANEHNYA LAGI MASA CS TIDAK BISA NGECEK KURSI NOMOR BERAPA BERHADAPAN? PADA PEGANG SISTEM BISA2 NANTI HBGI LAGI 1JAM/ PULSA SUDAH HABIS 20RB HNY NGECEK SISTEM YANG ADA DI DEPAN MATA CS. SALDO AKU MASIH ADA 4000 DISITU, BIAYA ADMIN TOPUP MAHAL. ERROR JUGA TUH SISTEM MRKA",,,,,
Update terus bknya tambah bagus sistem tambah ruwet bkn tambah cpt atau lainya malah tambah susah,negatif,,,,
Tidak bisa dipesan... Selalu ada tulisan tidak ada jadwal.. Error,,,negatif,,
Lagi lagi layanan pemerintah jika membuat aplikasi pasti ga pernah bener. Ada aja kekurangan yang meribetkan,,,,,
"aplikasi sering eror, waktu mau pembayaran sering ngak bisa, tolong diperbaiki aplikasinya",,,,negatif,
aplikasi kok minta di update terus. heran banget ada aja terus pembaharuan. Masak tiap ganti event harus update terus pengguna. Capek ah,,,,,negatif
"Tim IT kai gabut nih, kayaknya baru ganti atasan atau udah kebanyakan orang jadi banyak yg idle dan bikin kerjaan ga perlu. Udah bagus padahal sebelum ada update lancar2 aja sekarang malah masuk antrean jadi lama banget buat pesannya. Emang kocak sih",,,negatif,,
Disuruh untuk upgrade tapi pas waktu mau upgrade sistem eror terus sudah ganti email dan nomor telepon masih sama aja eror,,,,,negatif
"Aplikasi terburuk dari KAI, tampilan OK, performa sangat buruk cenderung burik!!! Aplikasi juancok!!! Rugi 1 hari hampir 1 juta. Gegara pesan Gambir keluar Jatinegara!!! Menyebalkan...",,positif,negatif,,
"Aplikasinya payah kali yang sekarang, beda sama yang versi lama nya. Untuk liat jadwal kereta api aja gak bisa, tiap di akses selalu bacaannya ""Jadwal Tidak Ditemukan"". Capek kali liatnya gitu terus. Padahal ada rencana pergi ke suatu tempat naik kereta api, tapi kalok kayak gini ya payah juga mau menyesuaikan jadwal pribadi dengan kereta api yang ada",,,negatif,,
Aplikasi ini skrg menyuru kita untuk ganti hp yg lebih tinggi speknya.sehingga di hp kita yg android sblmnya tidak bisa dipakai LG..jgan lah bgitu kalo pembaharuan aplikasi yg wajar2 aja..GK semua kita punya duit tuk ganti hp dgn spek yg tnggi.masak dhp kita yg 1 LG aplikasi kai acces dh GK bsa,negatif,,,,
"Akhir akhir ini aplikasi tidak bisa di acces. Padahal sudah di update versi terbaru dan tidak ada gangguan pada sinyal. Yg nampak hanya gambar hitam, tidak bisa log in apalagi memesan tiket. Mohon bantuannya agar supaya masalah ini cepat di atasi. Terima kasih",negatif,,,,
"aplikasi rusak, banyak bgt bugnya. not rekomen buat booking",negatif,,,,
"pemesanan tiket timeout terus, dicoba terus dari 2 jam sebelum berangkat sampai 5 menit sebelum jadwal kereta berangkat, ini aplikasi udah siap apa belum sih sebenarnya buat mempermudah pelayanan ?. kacau ni",,,negatif,,
"Apk lemot, saat pengisian saldo lama sekali.",,,,negatif,
"aplikasi lelet, respon lambat, tiket susah muncul, berantakan, kacau balau",negatif,,negatif,,
"aplikasi eror melulu, pesan tiket, masuk antrian lama, setelah habis antrian, eror terus.. percuma top up",,,negatif,,
Maaf kasih bintang 2....aplikasinya ini memang membatu tapi harus sering di update...klo ngg di update ngg ke buka aplikasinya,,,,,konflik
"Aplikasinya sampah banget🙏🏻sering error dan otp tidak valid tolong di perbaiki yaaa, soalnya salah satu masalah yang orang jadi malas naik kereta karena pemesanan tiketnya aja ribet banyak kendala di aplikasinya.",,,negatif,,negatif
"Hallo kak, kenapa aplikasi acces by kai, saat dibuka keluar sendiri, terimakasih minta solusinya kak",negatif,,,,
"bisa bisa nya baru update di playstore trus user dipaksa update, dikira semua hp pasti kompatibel sama app yang baru? sekarang malah gabisa dibuka. busuk banget",negatif,,,,
"Susah sekali dapet tiket buat lebaran,loading terus",,,negatif,,
"Lemot di aplikasi. Petunjuk pelaksanaan pengisisian kai pay melalui atm mandiri jg salah. Sdh isi via mandiri jg tunggu 15menit, kalah sama pemabayran lain lgsg instan masuk. Gini kalo d kalo urusan sama aplikasi pemerintah, harus banyak2 sabar",,,,negatif,
Sangat sulit di gunajan minta ugrade gagal terus aplikasi apaan ini gak rekomen.,negatif,,,,
Selalu eror dan gagal terus pemesanan tiket saat lebaran... Aneh sekali aplikasi nya... Mohon Segera di rubah sistem nya,,,negatif,,
"SLOW RESPON BGT KL DIMINTA TANGGUNG JAWAB. Waktu ngewar tiket cuma dikasih beberapa menit tiba-tiba timeout. Posisi lagi payment eh waktunya abis. Alhasil uang masuk ke kai, tapi tiketnya gaada. Udah laporan beberapa kali tidak ada balasan. Tidak ditindaklanjuti juga. Customer Service tidak ada yang melayani berhari-hari alasannya banyak pesan masuk lah, banyak email masuk lah. Tolong kalian hati-hati guys, kai access susah dimintain tngg jwb👍",,,negatif,negatif,
Baru 2 minggu yg lalu upgrade sekarang sruh upgrade lagi...dan masalahnya ngeblok aplikasi langsung kalau gak d upgrade....aplikasi paling sering maksa upgrade,negatif,,,,
Hanya menunggu loading sajaa. Sangat sangat susah untuk di operasikan denga cepat,negatif,,,,
"Sejak di perbaharui, ada fitur menunggu antrian. Bahkan saat udah isi data penumpang, mau melanjutkan, error terus sampai ga dapat tiket. Error timeout lah, error doctype.html (kode html) lah. Bikin sengsara orang aja aplikasi nya. Developernya amatir, sekelas BUMN gede aplikasinya receh kaya gini.",,,negatif,,
Di update terus malah tambah gk jelas malah error terus.. Mau booking tiket saja loadingnya lama.. Masih bagusan aplikasi yang lama... Setelah di upgrade malah gak jelas... Udah loadingnya lama sering error.!! Padahal ada seat kosong tapi di pesen gak bisa.. Tolong di perbaiki lagi aplikasinya jangan asal buat dan ambil keuntungan saja biar pengguna tidak sering kecewakecewa Mending gak usah dibuat dari pada buat aplikasi Malah gak jelas cuma ngambil keuntungan saja yang buat aplikasi ini,,,negatif,,
"ga bisa login lagi..ngefrooze aplikasinya notifnya ""access by kai tidak menanggapi"" di coba dari bulan januari 2025 gt trs smpe skrng",,,,,negatif
"Setelah update terakhir, malah tidak bisa memilih kota, harus memilih stasiun, setiap memilih kota muncul peringatan maaf sedang maintenance, dan ini sudah berlangsung 2 hari dan belum ada perbaikan, notifikasi yang muncul pun tidak bisa di akses",,,negatif,,
"Eror parah, ngelag muluu, lemot, pokoknya bikin ga nyaman aja",negatif,,,,
Mau pesan tiket harus upgrade member basic .. Giliran mau daftar erorr mulu gak bisa2 pdahal data sdah benar.. Tolong dong di perbaiki biat makin mudah aksesnya,,,,,negatif
jelek banget aplikasi nya masa pas bagian mau keluar kga muncul tiketnya mana sering eror,,,negatif,,
"pesan kereta lokal saya pilih byr via qris, ketika unduh qris selalu time out, tidak hanya sekali, setiap minggu sy pesan ketika unduh qris selalu time out, alhasil setiap minggu tidak pernah dpt tiket, tolong diperbaiki, thx",,,,negatif,
Masa tiap buka apk ini kudu update mulu jir. Bikin apk yg bener kek.,negatif,,,,
"Aplikasi samp*h, gini amat aplikasi buatan pemerintah, masa gangguan mulu kocak wkwkwk",negatif,,,,
"Sudah di update, bayar pake Qris.Kai Pay. something error . harus brp mandays untuk benerinnya ya..?? Menurut saya, Superapss sekelas ini sebaiknya cari vendor yang Ahli dibidangnya, sering error terus. BAD SUPERAPPS 👎",,,,negatif,
"Aplikasi paling payah, kirim kode otp sj lemot dan gagal terus,kalah sama aplikasi pinjol",,,,,negatif
"Maintenance mulu, tp server masihh sering down. Mau beli tiket buat plg, emergency jd ga bisa. Gmn sih",negatif,,negatif,,
"Lemot bgt, sinyal aman penyimpanan aman apk nya lemot bgt aku udh punya akun disini giliran di login ga bisa masuk, nyusahin bgt",negatif,,,,negatif
"Aplikasi gak jelas , pembayaran gagal terus , udah pakai wifi tapi ada peringatan tidak ada jaringan , top up ke apk malah disuruh nunggu 15 mnt udah ditunggu tidak masuk2 dananya , tolong di perbaiki dengan baik sistem pelayanan nya",,,,negatif,
"ribet gajelas banyak masalah banyak error ,bukannya mempermudah malah mempersulit 👎",negatif,,,,
"Mau beli tiket harus ngulang 7x input data, tgl, kursi, dan jam keberangkatan,.... Dibagian pendaftaran Shopee pay error terus. Loading ga mari mari. Sepertinya server ada di Antartika sana dan ga ada sinyal... Sy pake koneksi internet up to 200 Mbps, yg lain lain sat se...",,,,,
Aplikasi rusak knapa ga di benerin?,negatif,,,,
"Ada saja trouble nya... Pesan tiket eror, next sudah bisa ganti pembayaran nya yang eror.. Top up tiba2 kepotong 3rb pdhl g ada info pemotonganNya brpa. Sudah di belain pesen malam dini hari trouble bisa g tidur 2 jam cuma klik g bisa2, intinya tiap masuk aplikasi ini siap2 aja jadi dongkol terus",,,negatif,negatif,
"Jelek banget sengaja di uninstal karna muter"" trs saya mau beli tiket woosh, skrg di download ulang malah setiap kode di masukin ga bisa bisa gimana si!!!",,,negatif,,
"Fitur scan di android nge bug tidak bisa digunakan, pas mau pakai, selalu mental aplikasi nya , aplikasi jelek!!! Gimana ini developer nya woy",,,negatif,,
"tolong dong KAI untuk jadwal commuter line nya diperbaiki khususnya jam malam, bisa delay sampe setengah jam lebih gatau pas lagi ada acara jadi hancur deadline nya",,,negatif,,
"Hiks kecewa banget, aplikasi baru diperbarui, dah bergadang buat tiket lebaran, error mulu untuk semua tanggal, nanti ujung² nya habis semua, tahun lalh walaupun lagi war ga ada tu error, tapi oasti semua jadwal tertera dan pasti jelas untuk tiket habis nya",,,negatif,,
"Pelayanan KAI yang sangat baik terhapus oleh aplikasi sampah ini setelah di update versi terbaru Mei 2024. Tidak berniat ada improvement apps nya kah PT.KAI ? Apps sering hang, dan history refund tidak ada lagi hadeh, amatir sekali developer apps BUMN ini.",negatif,,,negatif,
Aplikasi nya sudah di acces keluar masuk sendiri aneh,negatif,,,,
"Di update malah semakin buruk saja, masuk daftar antrian malah cm bolak balik waktu tunggu nya, giliran masuk tiket udah gak ada,gak ada jadwal.parah parah,,, sangat mengecewakan",,,negatif,,
"Kecewa berat. Udah dipantengin smp begadang tp tiket gk muncul walaupun terus dipantau, sekalinya muncul pasti udah habis akhirnya harus milih jadwal lain. Milih jadwal lain ribet dipembayaran, pakek qris gk bisa, ada warning mulu apalah apalah. Dikit² update lg apknya, iy kl makin baik, ini malah bikin kesel. Males bgt",negatif,,negatif,negatif,
setelah di update malah bad gateway terus,negatif,,,,
Coba min tolong update nya yg jelas.. tadi2 masih sisa kursi nya masih ada 2 atau 3 giliran saya pesan ko tiba2 habis.. mana lemot banget jaringan wifi saya oke.. data saya juga oke.. hemmzz di perbaiki lagi lah min...,,,negatif,,
"Beli tiket ekonomi susah banget,padahal beli tengah malam,saya coba berulang kali tetap gak bisa.. Mohon perhatiannya kai acces. Aplikasinya di maintenance.",,,negatif,,
Kenapa selalu diupgrade sedangkan login nya dipersusah selalu troble apk nya Saran ya kasih apk yang mudah diakses gk perlu uprage setiap minggu kasian orng yg sudah tua blm tentu bisa semua,negatif,,,,negatif
"Bapak/ibu pengembang app ini!!! Tolong didengar kalau sudah banyak yang mengeluh itu ya langsung di perbaiki apa yang menjadi keluhan terbanyak dari aplikasi ini. Saya tidak perlu menulis lagi apa yang jadi kendala saya terhadap app ini, karena kebanyakan kendala yang saya alami sama kaya teman-teman yang sudah mengeluh dengan app ini. TOLONG SEGERA DITINDAKLANJUTI",negatif,negatif,negatif,negatif,negatif
Masa gagal terus mau aktivasi nya..tolong lah di perbaiki lagi,,,,,negatif
"Apk sampah,ngupdate mulu yang diupdate ga berguna,infokan it nya saha",negatif,,,,
"1)Perlu ditambahkan fitur pengaduan untuk memudahkan pengguna dalam menyampaikan keluhan dan rata2 aplikasi layanan sudah memiliki fitur tersebut 2) melakukan beberapa perbaikan terhadap bugs yg ada dalam aplikasi seperti pendaftaran mapclub, tampilan page tiket saya yg suka error, dll 3) menambahkan e wallet seperti gopay, linkaja dll 4) menambahkan fitur maps kereta api dengan memanfaatkan gps jika memungkinkan sehingga user bisa memonitor posisi atau lokasi kereta api sudah dimana",,negatif,negatif,negatif,
"aplikasinya mantap. mohon diperhatikan untuk perbaikan: 1. saat pembayaran lama 2. saat KA delay, record boarding pass hilang",positif,,negatif,negatif,
"Aplikasi super lemot dikit-dikit error harus ulang dari awal lagi, itupun pencarian tiket yang tadinya ada jadi gak ada",negatif,,negatif,,
Lebih simple kai yg lama hrusnya klau sudah update lebih baik tpi ini mengecewakan sering time out.. aps juga gk lancar waktu pemesanan tiket.. Waktu pembayaran lewat m banking aja terlalu sedikit batas waktunya jdi cpet kadaluwarsa.. isi saldo kaipay juga lama masuknya..,negatif,,negatif,negatif,
ini aplikasi kenapa kaga bisa masuk...aneh bgt. cuma info aplikasi macet 😤😤😤,negatif,,,,
Aplikasi sering error dan nge lag. Mana pake sistem antri2 an dan dah nunggu lama tiket malah habis. bikin orang kesel. Aplikasi pembelian tiket lain jd dibatasi akses nya bahkan bisa tiket tidak dijual disana. Jangan2 ada permainan orang dalem sama calo2. Sesekali butuh diaudit nih KAI biar gk pd KORUPSI,negatif,,negatif,,
Aplikasi taik gak becus gak bener mau mesen aja susahnya minta ampun gak bisa bisa sampe berhari hari eror terus ntah apa aja errornya gak usah buat aplikasi kalau gak bisa mending tidur,,,negatif,,
Ko aplikasinya b*b* ya error sih setiap hari,negatif,,,,
"ketinggalan kereta gara"" servernya bermasalah😮‍💨",negatif,,,,
gatau kenpa kesel aja gitu pke aplikasi nge stuck trus pdhal saya baru top up in sengaja di aplikasi biar lebih cepet dan praktis eh pas saya buka aplikasi lemot nya minta ampun pdhal gada informasi maintenance yaa minimal kalo lagi ada maintenance tu infokan biar kitaa dari jauh jauh gabklan pesen tiket by aplikasi mnding of aja kalo gitu lwbih enak pake flez atau e-money dll,negatif,,,,
"Ini gimana sih aplikasinya, suruh upgrade giliran udah d upgrade ada notifikasi email& phone already exist 😪😪",,,,,negatif
"Grafis udah oke, tapi kenapa seriiingg banget update. Plis jangan kebanyakan update klo masih sering lemot dan error!",,positif,,,negatif
"Evaluasi aplikasinya, semenjak di update access by kai, lebih sering error & loading nya lama bangett. Sering muncul kode error. Apalagi kalau waktu war muncul tidak bisa booking karna sudah lebih dari 15 kali, padahal user bolak balik booking ya karna di halaman tertentu aplikasi stuck, shg user terpaksa membatalkan, setelah itu akun kita tidak dpt dignkn beli tiket seharian, menyusahkan sekali, padahal sistem yg error. Lalu sering jg tiket sukses dibayar dan uang terdebit, tapi tiket tdk mncul",negatif,,negatif,,
"aplikasi jelek, tiba2 reset sendiri, giliran di lupa password otp ga muncul, aplikasi katrok",negatif,,,,negatif
Koq jadi sedikit update... Padahal sebelumnya ga ada masalah,konflik,,,,
"Saran aku KAI gausa gaya²an update kai access dah, banyak ngebug nya sekarang jadwal sering kosong, loading lama, request time out mulu, stuck di halaman data penumpang terus, waktu udah bisa ke menu pilih kursi logout sendiri lol.. klo d website ga bisa ambil 2jam sebelum keberangkatan hhhh",negatif,,negatif,,
"Kok bisa aneh gini ya 🤦‍♂️ 🤦‍♂️ Tiba-tiba ada pemberitahuan bahwa akun anda telah kadaluwarsa kok bisa gitu?. Tolong pihak KAI accses yang menangani bagian aplikasi kalo bikin aplikasi tuh jangan yang ber tele-tele, pikirin kenyamanan konsumen. Kalo memang GAK NIAT Bikin Aplikasi mending GAK USAH BUAT SEKALIAN ❗❗ kerjaannya pembaruan, Dikit-dikit pembaruan malah amburadul. Situ niat Gak Sih Bikin Aplikasi 😤 😤",negatif,,,,negatif
"Skarang minimal versi harus android 8,banyak lansia pake hp android d bawah itu susah ga bisa di akses, harusnya apps penting bgini minimal android 5 udah itu paling rendah...... udah cara oembayaran Qris kadang2 erorr d waktu mepet",negatif,,,negatif,
"Aplikasi sebelumnya baik2 saja dan aman2 saja, tapi setelah di update malah jadi gak bisa di buka aplikasinya malah suruh pake perangkat hp yg lain..",negatif,,,,
"selalu ada masalah waktu pembayaran tiket, dan selalu eror, ayolah KAI, di maintenance lagi apk nya pliss, jujur ini udah sering bngt kejadian , akhirnya ujung2 nya kehabisan tiket , Karne bolak balik log in",negatif,,,negatif,
"Aplikasi sering down, gk normal, gak jelas, PHP mulu, waiting list lama tp jadwal gk muncul muncul jugaaa, alhasil setelah repeat berulang dan jadwal muncul gk bisa pesen, error mulu mau loncat kebtahap pilih kursi, abis itu keluar kn yaa tp mau masuk lagi katanya udah transakni berulang jadi gk bisa pesen lagii, woyyy waktu ku dipermainkan yaaa, belom juga kelas pesen kok udah dianggep kessringan pesen, aplikasi ane aja yg gk jelas woyyy, Perbaiki donk, AKUN besar kok gini masian, kecewa ahhhh",negatif,,negatif,,
"Aplikasi jelek. Saat akan melakukan pembayaran, diharuskan pakai ewallet untuk kereta lokal, kemudian pop up muncul terjadi kesalahan. Saat cek tiket, menunggu pembayaran. Hanya ada opsi batalkan pesanan atau kembali ke home. Akan lbh baik diberikan opsi bayar dengan transfer bank seperti kereta antar kota untuk memudahkan costumer.",,,negatif,negatif,
"Sekarang kok aplikasinya jadi gini ya? Sering keluar sendiri dan ketika masuk akun lamanya minta ampun, selalu salah password dan ketika meminta kode OTP pun tidak muncul², sayang banget padahal diawal² bagus banget aplikasi ini, tapi skrng malah kaya gini semoga secepatnya diperbaiki ya🙌",negatif,,,,negatif
APLIKASINYA LEMOOOOOT. BUAT BAYAR PAKE E-WALLET SUSAH. KALO KAGA SIAP GA USAH NGIDE BIKIN APPS SENDIRI.,negatif,,,negatif,
"Aplikasi banyak bug dan aplikasi susah jaringan ampas, sekelas BUMN bikin data server aja jelek bgt lemot aplikasinya dan butuh sinyal yang kuat sedangkan kebutuhan harus serba online beli tiketnya. Menyulitkan bangsul",negatif,,,,
"balikin ke awal aja apk nya sering update tp serig bug juga lol, masa awal topup kai pay 40rb tp saldo yg masuk cmn 34rb giliran topup lagi saldo tetep ga masuk pdhl dah direfresh. trs saldo ygbaru topup ni masuk kemana??? mo bayar pake qris jg gabisa, barcodenya ga keluar. anehhhhhhh!",negatif,,,negatif,
Kenapa sekarang kalo buka apk harus login lagi sih ? Mana error² mulu kalo mau login 😌,,,,,negatif
"Merasa kehilangan... sampai berapa lama aplikasi ini dalam.perbaikan? sudah bisa dibuka aplikasinya, trimakasih...",netral,,,,
"Usaha lagi ya developer, malu tau buat aplikasi kok banyak ga bisa nya, usaha dikit lah, ganti nomor telepon ga bisa, nomor telepon kai acces ga semua telkomsel, link aja harus pakai nkmor telkomsel, pinter dikit gitu lho, 6 bulan lalu bisa digunakan, saat pembayaran nomor telepon bisa diedit, kok sekarang enggak, malu lah maluuu, baca baca lagi kritikan orang orang, jangan nutup mata gitu lho! Sekali lagi buang uang untuk inovasi ga bernilai!",,,,,konflik
"[update] +2 ⭐ untuk pelayanan yang makin baik. Applikasi jangan sering2 update yang sepele. Terlalu sering update juga cukup mengganggu saat mau pakai app. kalau bisa opsi update bisa ditunda, jadi tidak harus langsung update",negatif,,,,
Servernya lemottt bgt. Mau reschedule aja susahhh dann lamaaa poll,,,negatif,,
"aplikasinya eror, gak bisa pesan tiket lokal",,,negatif,,
"kenapa tiap pesen tiket selalu error?? kalau ga gitu, kadang engga muncul. jadinya, suka telat dan kehabisan tiket. padahal uda begadang tengah malem buat war. sekarang juga lagi error, ada tulisan 'kadaluarsa, tiket sudah habis'. padahal tiketnya buat satu minggu lagi, bukan yang besok bangett. kecewa sih jujur sama nih aplikasi",,,negatif,,
Pertama boking gak bisa² terus error pas balik ke aplikasi tiket sudah habis kecewa banget,,,negatif,,
"Seharusnya ini ap KAI Access jangan terlalu banyak update pembaruan tidak semua pengguna Hp Android pakai hp terbaru masih banyak pake hp Android lama mentok di Internal Ram, dan banyak fitur ribet dan iklan ga jelas, mohon di rombak lagi seperti dulu, jangan Menyusahkan",negatif,,,,
Coba tolong admin nya lebih grecep lagi setiap ngak pernah di pake selalu muncul awal mulu kalo emang ngak bisa ngak usah pake aplikasi mempersulit aja,negatif,,,,
Knp sih setelah di update aplikasi access KIA gak bisa di buka saya unsintal nyoba di download lagi sama gak bisa di buka,negatif,,,,
Ini aplikasi gimana malah eror gak bisa akses nyebelin bgt sih pemberitahuan juga gak ada klo lg berkendala,negatif,,,,
"Akses untuk pesan muter² terua padahal sudah daftar jadi akun basic tapi malah keluar sendiri, diulang² tetap tidak bisa",,,negatif,,
"Mohon maaf saya kasih 2 bintang Soalnya agak mengecewakan setiap saya mau pesen tikett kadang server eror terus dan bikin saya kehabisan tikett gara"" server eror dan troubel"" lainya. Bahkan ngecek tiketpun kadang tidak bisa dan akun sering logout"" sendirii. Mohon untuk pihak KAI untuk lebih meningkatkan lagi kualitasnya demi kenyamanan pelanggan, terimakasih🙏",negatif,,negatif,,
"Setelah update aplikasinya malah sering masalah, udah banyak komplenan masih aja sama kendalanya, terus terus berulang, mending balikin aja ke versi yang lama, versi ini sulit login, pembayaran sering masalah, sering banget keluar sendiri, login google ilang, bayar harus pake waktu jawa, alah ribett",negatif,,,negatif,negatif
"Jelek banget, ngedown pas tinggal pilih kursi. Kalo di apps tulisannya nunggu 30 menit buat antri, padahal nunggu sejam lebih",,,negatif,,
"Harus antre, akses dibatasi oleh timer, sering notif error, notif timeout, notif sibuk, notif sesi habis, dan banyak lagi sampah lainnya. Intinya ini system yg sangat menjengkelkan",,,negatif,,
"Pas buka aplikasinya loading lama banget, pas mau bayar juga lama banget. Parah ga bisa di pakai kalau lagi buru""",negatif,,,negatif,
"Mau boking tiket eror mulu, sinyal oke, kuota full, herann",,,negatif,,
"Sangat susah pesan tiket, sudah nunggu jam 00.00, giliran klik bayar loading lama dan akhirnya time out. Saya coba lagi beberapa kali seperti itu, dan akhirnya kursi habis",,,,negatif,
Makin gak jelass.. sering error sinyal.pesen tiket error muluuu 2 jam ngeklik gak bisa bisaa.. udah pesen tinggal pembayaran error mulu... ayolah KAI ... saya tahu kenyamanan di KAI itu enak.. tapi kalau masalah pemesanan tiket online keseringan error mulu.. orang pasti bakalan pilih transportasi umum lain yang lebih simple cara pemesanan nya..,,,negatif,,
"Baru update, besoknya update, tiap buka update _-",negatif,,,,
"Sekarang lemot kebanyak fitur, tolong dibikin simpel aja yg penting bisa sat set sat set",,negatif,,,
Pesan untuk admin KAI ACCES ! ini aplikasinya kok gini ya min ! Mau DAFTAR kek member basic tetep aja gak bisa ! Padahal udah sesuai ! Tolong di perbaiki lagi biar kita bisa menggunakan aplikasi ini ! Dan kadang sering eror ! Tolong di perbaiki lagi min !,negatif,,,,negatif
"Heran stand by beli tiket dari jam 12 malem sampe jam 3 loh keluar masuk antri doang. Udah ngisi data penumpang selalu loading sampe timeout bolak balik antri, udah lancar malah tiket habis. Aplikasi gak jelas, tolong dong diperbaiki masa bolak balik antri berjam jam cuma sampe isi data penumpang doang gak loading sih",,,negatif,,
kenapa ya ini pemerintah cari server gak pernah bagus. bagusnya dari mana coba. aku aplikasi ganti password login . gak bisa login2 masak nunggu 1 jam baru login. yok opo si niat open kereta api opo gmn. revisi lah aplikasi setidak e mbok penak tuku server. jangan di minimin anggaran untuk tiket onlinenya,,,,,negatif
"Tidak bisa di upgrade, aplikasi tidak kompatibel dengan perangkat saya, masa iya sih saya harus dipaksa beli hp baru demi bisa naik kereta, mohon kebijakan nya, saya ini sering pakai kereta api kalau keluar kota, skrg jd terkendala ,,",negatif,,,,