content,Performa,Tampilan,Tiket,Pembayaran,Akun
gampang diakses setiap saatj,positif,,,,
Lumayan banyak perubahan menjadi lebih gampang,,positif,,,
lebih cepet dan nyaman.,positif,,,,
Loading cepet. Simple caro pakainyo. gampang difahami. Tiket ny cukup scan barcode jugo pacak.,positif,positif,positif,,
"Update-nyo memang bagus dalam segi tampilan, tapi mobilisasinyo jadi melambat. Pembayaran via e-wallet lama loading. Baru-baru ini di halaman untuk booking tiket jugo lama, kadang gagal dan harus keluar-masuk apps biar tiketnyo pacak 'nyangkut'.",negatif,positif,negatif,negatif,
"Aplikasi yang bagus, gampang di gunakan",positif,,,,
Mantap sekarang kito pacak melihat live tracking di aplikasi,,positif,,,
"Aplikasi ini mengalami perubahan semakin baek. Memudahkan dalam pencarian, lihat jadwal dan pesan tiket",,,positif,,
nian lebih gampang dlm pemesan tiket ka👍👍👍💗,,,positif,,
"Untuk pesen tiket lah oke, cuman aku kecewanyo topup saldo kaipay tapi dak masuk masuk lah 4 hari. lah komplen lewat dm, email tapi belum jelas itu saldo kaipay jugo belum bertambah. Tolong lah min di perbaiki lagi, dan untuk pembayaran e waletnyo jga, jangan cuman 2 bae, mana dua duanyo aplikasi yg ratingnyo kurang bagus🤦🏼‍♀️ aku perbaiki bintangnyo men saldo yang aku topup lah berhasil kembali ke saldo kaipay.",negatif,,positif,negatif,
nian puas dengan aplikasi KAI memudahkan pemesanan tiket alat tranformasi jadi LBH mdh & praktis dimanapun berada terima ksh access by KAI,positif,,positif,,
"Gampang buat pembelian tiket,dak harus mengantri",,,positif,,
Access by KAI ini aplikasi yg nian membantu aku dalam mobilitas pergi ke luar kota dengan kereta. nian gampang caro memesannyo dan gampang caro pembayarannyo.,,positif,,positif,
nian membantu dalam pemesanan dan berbagi informasi.,,positif,,,
"Booking susah... Setiap hari dibatasi untuk pembelian tiket... lah nunggu sampe jam 12 malam loading lama... Ehh lah pacak ternyata JATAH hari ini lah penuh... Padahal baru jam 00:01....Sumpah capek"" Nunggu dak ado hasil.... Mending dak usah ado aplikasi deh... dak guna jugo",negatif,,negatif,,
"Dear KAI, tolong lah di perbaiki kembali. Setelah permintaan upgrade bukannyo lancar malah loading terus. nak pake data atau WiFi samo bae loading terus alias lelet.",negatif,,,,
"penurunan kualitas aplikasi, kebanyakan mafia calo kah? lah ditahap nak pembayaran malah ngebleng layar putih, tau² waktu abis dan no seat",negatif,,,,
"Aku top up KAI paynyo, pengiriman sukses tapi blm ado laporan masuknyo di KAI. Saldonyo masih nolll pdhal katanyo tunggu 15mnit, lah sejam lebih😂. apo duitnyo hangus???🙂 Untung kgk banyak aku top up. Sarannyo sih klo top up langsung set masuk, GK perlu nunggu 15mnit atau lebih, dan paling penting semoga kedepannyo apknyo kgk eror atau lemot😭",negatif,,,negatif,
Tolong dibenahi lagi dong aplikasinyo tiap nak beli tiket error Mulu men ga gitu waktu nyo abis terus pas Uda di tahap akhir ga pacak pakai metode debit/kredit padahal no kartu dan masa berlaku kartu Uda bener dan sesuai tapi tetap ga pacak. Bener2 aplikasi ribet,negatif,,negatif,negatif,
"ngapo yah aplikasi Kai access sekarang ribet pake menunggu antrian lama, dak pacak langsung masuk pilihan kereta dan eror sistem jugo waktu antrian bukanyo berkurang malah nambah, mohon segera diperbaiki sistem aplikasinyo,..",negatif,,negatif,,
"Aplikasi ga berguna, ngapo setiap kali pesan tiket menjelang lebaran selalu susah ga pacak di akses padahal nunggunyo antrin nyo sampai satu jam lebih tapi ga pacak jugo. Jadi males aku nak menggunakan aplikasi lagi...!!!",negatif,,negatif,,
"sedikit kecewa, tiket kereta api lokal sering kali error, tiket ke tujuan di tampilan awal habis tapi ketika pilih transit lalu di lanjutkan lagi tiketnyo ado. aku dak akan komplain ketika nomor tempat duduk berbeda tpi ini tempat duduk dan gerbong samo di kereta yang samo (nomor kereta) dan tanggal keberangkatannyo samo. Mohon untuk ditingkatkan lagi efektivitas aplikasinyo. Terima kasih",,negatif,negatif,,
Selalu minta update men enggak ya dak pacak akses aplikasinyo,negatif,,,,
Sekarang jadi sulit nian pesan tiket pakek aplikasi nyo harus upgrade terus dan gagal terus.. Padahal datanyo dh sesuai semua. Aplikasi semakin error,negatif,,negatif,,
"ngapo sekarang KAI jadi aplikasi sampah. pesen tiket selalu jadwal tdk ditemukan, giliran sdh ado jadwal setiap pembayaran selalu blank. sdh nyoba berkali² tetep blank!!!! men sdh blank cm ado pilihan batal pemesanan atau balik ke home!",negatif,,negatif,negatif,
"Halo,tolong jangan di update terus ya aku nak pesan tiket jadi susah karena memori yang dak mencukupi untuk update.",,,,,
"ngapo APLIKASINYA EROR DEHHH... VERIFIKASI MEMBER BASIC SULIT nian, PADAHAL SEMUANYA SESUAI baek NOMOR TELPON DAN EMAIL.",negatif,,,,negatif
Aplikasi nian Buruk... Banyak nian masalahnyo mulai dari pengiriman Kode OTP dan Pemesanan tiket dak berjalan Optimal nian lambat dan dak berhasil.,negatif,,negatif,,negatif
"Ketika War tiket tengah malam ngapo malah aplikasi eror, kadang baru pacak jam setengah 1 atau jam 1, parahhhh",negatif,,negatif,,
Keren ni apk lah war tiket 4malem hasil zonk setiap beres ngisi data diri terus tekan lanjutkan pasti selalu timeout padahal tahun tahun kemarin aman aman bae zzzz,negatif,,negatif,,
"Tolong lah ini bukan aplikasi kmaren sore,, ini termasuk app yg sdh lama.. Masa pengembangan nyo sperti ga niat,, ga ado modal lah KAI? Koneksi internet oke, menu railfood dan tiket aku ga pacak dibuka.. Kocak KAI..",negatif,,negatif,,
"Ga guna, berulang kali gangguan terus. Bener-bener di persulit org nak pulang. Pas lah berhasil war tiket tiba-tiba payment nyo yg di persulit dan eror berulang kali, aplikasi pemerintah kok ancur gini",negatif,,,negatif,
ga pacak pesen tiket samo nian men belum update,negatif,,negatif,,
"aplikasi nyo makin kesini makin mengecewakan, untuk pemesanan tiket sulit server sering down padahal wifi dan kuota aku lancar. kadang di aplikasi tiket tersedia tapi saat ingin di pesan malah dak pacak. Tolong diperbaiki lagi",negatif,,negatif,,
"Makin Diupdate makin banyak Bug nyo, parahh, nak masuk akun bae, failed request data terus, kocak"", sekarang plus 00.00 buat beli tiket ga muncul sampai 00.08 baru keluar tiba"" tiket lah habis, pliss lah niat ga sih bikin apk, fitur bae ditambah""i, tapi yg bener"" dibutuhin dan inti aplikasi malah ga berkerja dengan baek, minimal ngotak, pliss ini KAI Ascess cakmno, mana lah 2 kali lagi lah bayar ternyata tiket ga keluar siall siall",negatif,,negatif,negatif,negatif
"Tolong dong pihak KAI benerin server nyo, setiap beli tiket lebaran susah di akses ini aplikasi. Buat bikin aplikasi mahal tapi bikin susah pengguna kereta api ketika nak pesan tiket kereta lebaran, giliran beli tiket di oknum tertentu tiket masih ado padahal diaplikasi KAI access tertera habis. ngapo pacak begitu.",negatif,,negatif,,
"nak bayar g pacak, timeout terus, dipake nyari kereta bae lemot, ubah metode pembayaran malah balik ke halaman utama, liat tiket yang masih proses pembayaran gagal load terus, gapaham dah pake nama access tapi aksesnyo susah",negatif,,negatif,negatif,
"Aplikasinyo nyusahin bnged bro, nak pesen tiket sistemnyo eror Mulu, jelek BNGED pelayanan aplikasi Muak bnged",negatif,,negatif,,
"Sumpah KAI access kek eek, masa iya akunku terkeluar sendiri padahal nak beli tiket, tolong ya ditingkatin lagi ini kualitas aplikasinyo!!!!",negatif,,negatif,,
"Setelah update bulan Desember, pembayaran lewat OVO menjadi dak pacak (sebelumnyo pacak). Sekarang jadi muncul ""Ups! Terjadi Kesalahan, dak dapat menghubungkan, pengguna lah terhubung"", cakmno ini min? sebelum update OVO lancar. Tolong min secepatnyo diperbaiki.. nak mudik ni..",negatif,,,negatif,
"Tolong untuk software developer untuk di upgrade lagi server dan systemnyo. Soalnyo benar2 ngelag parah kadang ngebug kadang untuk update saldo kaipay maupun KMT itu susah nian. Tolong diperbaiki lagii untuk kelancaran konsumen. TOLONG DAN MOHON DIPERBAIKI SERVER, SYSTEM DAN JARINGANNYA.",negatif,,,negatif,
"men nak pembaruan sistem jangan di jam operasional susah untuk user nak beli tiket krl,dan jugo kebiasaan log out sendiri emang paling taik bat ni aplkkasi busuk.",negatif,,negatif,,
"1. Sistem antrian ga sesuai waktu yang tampil di aplikasi. 2. Antrian lah selesai tiket dak di temukan, 3. Antri masuk lagi sampai berkali-kali 4. Pembayaran sering gagal 5. nak bayar, Tiba-tiba aplikasi mulai dari menu utama. 6. Ngabisin waktu, quota, tenaga, harapan.",negatif,,negatif,negatif,
"Untuk pemesanan tiket masih lumayan, tapi giliran pembatalan maupun ganti jadwal biaya yg dipotong lumayan banyak, giliran nunggu seminggu (menurut peraturan kai per juni 2024) klaim refound duet pembatalan yg seharusnyo lah di proses tiba2 balik lagi ke sedang pengajuan, apk nyo error atau cakmno ?",negatif,,konflik,,
Pesen tiket lokal GK pacak.. sering eror tapi men pesen tiket antar kota yg harganyo mahal langsung pacak.. 🤣🤣🤣🤣,negatif,,negatif,,
Plat merah aplikasinyo ngapo sih ga pernah berguna,,,,,
Server dak mendukung untuk pemesanan tiket yang mengakibatkan gagal melakukan pembayaran dan harus mengulang dari awal untuk pesan tiket. Aplikasi jadi lemot parah dan history tiket dak keluar. Sekelas BUMN tapi server untuk aplikasi dak diperbaiki. Parah,negatif,,negatif,negatif,
"Setelah update malah banyak error ini, nak bayar biasa make ovo lah terhubung jugo gk pacak",negatif,,,negatif,
"Setelah di-update ,bukanyo mlah gmpang, tpi mlah lemot data lah lengkap tinggal klik pembayaran ngapo slalu kadaluarsa, tolong diperbaiki",negatif,,,negatif,
"Tolong diperbaiki aplikasinyo sering auto logout, padahal lah top up lah masuk tiba tiba ilang saldonyo, cakmno tuh. Perbaiki",negatif,,,negatif,
lah tau banyak yang akses pembelian tiket mudik. malah dak di perbesar kapasitas server nyo. jadinyo susah di akses. lah hampir 3 jam proses pemesanan tiket tapi dak pacak-pacak.,negatif,,negatif,,
"APLIKASI PAYAH! lelet, error², lah nak bayar tiba² gaada tanda bayar, waktu habis gitu² bae terus. mending gausah sosoan pake aplikasi²an dah",negatif,,,negatif,
"Belum kepake lah kepotong, terus nak pesen tiket krl bae ga pacak, samo men nak update kereta bae lemot nian",negatif,,negatif,negatif,
"wkwk bagian schedulingnyo molor, dak pacak bikin schedule harian sampe bulan depan, konyol sekelas aplikasi pemerintah",,,,,
"Sy sempat tertahan 1 jam ..gara"" tiket gate out dak muncul...men maintenance server waktunyo yg tepat gitu kau...jangan jam sibuk pesan tiket,malah eror..... LOLA",negatif,,negatif,,
"Malah tambah ribet pakek aplikasi baru ini harus upgrade data segala dulu gampang data yang ado lah terdaftar langsung dak harus upgrade"" segala pas di upgrade malah dak masuk"" males pakek kai mending Naing bus bae langsung stop di pingging jln.....",negatif,,,,konflik
"diupgrade bukannyo makin bener, malah makin ngadii",,,,,
aplikasi gajelas nak mesen kereta malah ngebag mulu susah nak di upgrade jugo dan tolong aplikasi ini selalu ngebag,negatif,,,,
"lah beli tiket, saldo kepotong eh gangguan gabisa di buka tiketnyo loading terus padahal jaringan bagus, pake wifi jugo tetep, mana belum di screenshot lagi. Benerin lah app nyo meresahkan!! Terbukti aplikasinyo dak layak bintang 2,1 padahal ini aplikasi untuk masyarakat. Meresahkan!!",negatif,,negatif,negatif,
Aplikasi suka eror. Tiap nak pesan tiket ka lokal sering eror di tahap data penumpang. sy sampai unistall aplikasi tetep eror. Tolong segera perbaiki aplikasi,negatif,,negatif,,
"aku klik untuk memilih jadwal boarding malah disuruh harus daftar member basic/premium. Setelah daftar ke salah satu member tsb, lah isi lengkap identitas dg benar, tombol lanjutkan gabisa di klik dan gabisa pindah ke langkah selanjutnyo. Applikasi yang mempersulit, kembalikan applikasi yang lama bae lebih gampang",,,negatif,,
Bagus untuk pemesanan tiket. Tapi apk lambat merespon ketika pesan makanan. Metode bayar dak lengkap. Apk gagal merespon auto gagal pesan makanan. Pilihannyo makanan jugo terbatas dan mahal² Dicoba berkali2 pun gagal. Padahal koneksi internet sya lumayan bagus stabil buat jalanin apk lain lancar. Tlong perbaiki lagi,negatif,,positif,negatif,
"Ini nak ganti tampilan bae, dipaksa update utk buka aplikasinyo. Lah HP kito masih jadul, jd ga bs lagi buka aplikasi, pacak dak sih develop aplikasi biar simpel tapi bagus Terpaksa wong beli lewat ecommerce, memperkaya ""calo"" versi digital (dimana hargo lebih mahal)",negatif,,,,
"Bug, ga pacak pesan tiket pulang pergi sekaligus",negatif,,negatif,,
"sering time out, makin di update makin sampah",negatif,,,,
"Keluar aplikasi langsung mulai dari awal, daftar ulang akun kaya bot, harus email dan nomor tlpn dak terdaftar malah lah terdaftar",negatif,,,,negatif
"apk lemottt. apalahhhh setiap beli tiket KA selalu timeout berkali2 ado kali 30menit lebih, hadehhhh perbaiki lagi lah sistem nyo",negatif,,negatif,,
"untuk ka lokal kok jadi sering bugs,dak ado jadwal padahal aslinyo kereta nyo tersedia Tolong perbaiki lagi min",negatif,,negatif,,
Ini ngapo setelah di update.yang pacak di gunakan adalah kartu Axis.padahal sebelumnyo enggak.mohon kepada admin agar di perbaiki,,,,,
"disuruh update muluk. bingung dah... bulan lalu dh pernah updaye, sekarang suruh update lagi. ini lagi proses update, tp lemot. kesel aku",negatif,,,,
"Habis update malah error, minta pasword mlulu, sdh dikasih , sdh ganti tetap dak pacak masuk.",negatif,,,,negatif
"Apknyo kurang bagus. Ini ngapo ya men top up masuk duitnyo ke kainyo lama nian, jelek aplikasinyo. Di update bukannyo jadi bagus jadi buluk, aplikasinyo tolong ya diperbaikin, jangan diperbaikinnyo malah jadi pebih buruk. Toling nian ya. Mohon pengertiannyo.",negatif,,,negatif,
"hari ini nak login ke acces by kai dak pacak, di anggap no hp dak terdaftar dan email tdk terdaftar. padahal lah kedaftar 4 tahun lebih. update lah, restart lah, clear charge lah, install ulang lah. harus gmna lagi y, apo hrs langsung ke cs di stasiun. layanan wa slow nian, email jugo lama di bls.",,,,,negatif
"Makin update makin gakaruan sistemnyo. Tampilan bae oke. Lbih bgusan tmpilan lama. Skrang lemot bgt, sering delay. Pembayaran ga valid padahl saldo kepotong. Minta return dana RUMIT POL. MAKIN GAJELAS",negatif,konflik,,negatif,
"Ini cakmno sih udahh update kok malah makin error masa nak bayar tiket harus masukin metode pembayaran lagi,gilran lah di masukan alat pembayaran malah muncul tulisan lah terhubung namun setiap nak bayar kok susah mulu sih aneh bangett tolong developer perbaiki lagi kasian banyak yang nak pakai apalagi yang gunain kereta sebagai alat transportasi untuk bekerjaa",negatif,,,negatif,
Ketika masuk masa antrian ditunggu dak selesai-selesai. Justru tiba2 eror sendiri aplikasinyo. Padahal sinyal dak ado masalah. Tolong supaya performa aplikasi pacak lebih diperbaiki 🙏,negatif,,,,
"Aplikasi apaan sih ini, sering mental² sendiri padahal nak lihat kode Verifikasi, klo nak pesen harus jadi member basic, giliran nak verifikasi padahal cuman nak lihat kodenyo apo malah mental balik ke halaman utama lagi. Aneh nian",negatif,,,,negatif
Ini ngapo dah ado saldo jadi dak pacak dipake semanjak update padahal sebelumnyo lancar lancar bae... nak pesan tiket selalu loading terus sinyal bagus msh banyak bug,negatif,,negatif,konflik,
"Aplikasi gajelas, sering error masalah pembayaran, pembayaran gagal tapi saldo ke potong, pembayaran berhasil tapi pulsa dak masuk. nian merugikan.",,,,negatif,
"Tiba -tiba ado notif perbaikan sistem sehingga dak dapat melakukan pembelian tiket, ketika mengalami kendala, dak pacak dihubungi, karena dak ado layanan bantuan kami. Padahal aku adalah pengguna jasa kereta api sejak 20 thn yg lalu, walau bukan kategori aktif setiap minggu",negatif,,negatif,,
"lah pesan tiket nak pembayaran aplikasi ke aplikasi close dan nak dilanjut bayar tiket yg lah dipesan, saat nak bayar dak ado menu lanjutan untuk pembayaran terpaksa harus dicancel dan pesan tiket dari awal lagi",,,negatif,negatif ,
"PAS PESEN TIKET BUAT HARI RAYA NUNGGUI ANTRI, TAPI PAS DAPET KURSI PELAYANANAN DALAM APLIKASI TIBA² SERING ERROR. KECEWA nian aku SEBAGAI PENGGUNANYA",negatif,,negatif,,
"Aplikasinyo lemot nian, pembayaran selalu gagal, minta hubungkan e wallet, setelah mencoba gagal terus, tolong koneksi aplikasi di perbaiki",negatif,,,negatif,
"Update dgn. aplikasi versi terbatu malah dak responsif, masih bagus aplikasi versi yang dulu",negatif,,,,
"Tiap kali berburu tiket lebaran ga pernah dapat lah ngantri dr jam 00 kurang dan Alhamdulillah pacak masuk, dan lah dapat kereta tapi mentok ga pacak bayar errorlah, time limit lah, tolong di perbaiki 🙏🙏🙏",negatif,,negatif,negatif,
Pesan tiket lama nian untuk buka jadwal dan saat bayar jugo lama. lah bayar nak bording barcodenyo jugo muncul lama. Mohon segera diperbaiki untuk aplikasinyo. Karena sy menggunakan kereta commuter setiap hari untuk berangkat bekerja 🙏,negatif,,negatif,negatif,
aplikasi terlemot yg aku punyo. tapi butuh. cakmno lagi. payah sih tinggal pilih kursi bae susah minta ampun. Tinggal bayar jugo susah.,negatif,,negatif,negatif,
Setelah update jdi dak pacak beli railfood. Tolong diperbaiki ya,negatif,,,,
Aplikasi menyebalkan untuk proses pembayarannyo terlalu ribet dan banyak bug,negatif,,,negatif,
Aplikasi buruk aku lah nunggu dan dapat tiket tapi servernyo selaluu lag kecewa:(,negatif,,,,
"Woyyy, ini aplikasi pemerintah kok jelek bgt yah pemeliharaan nyo sering error ga jelas, gamuncul keretanyo, ini sekarang mah war ticket malah tiba tiba logout terus gabisa login lagi, gabisa pulang gara gara ini, cepet perbaiki lah cakmno",negatif,,negatif,,
"Apknyo dak jelas,, jelekk pokoknyo!!!!",,,,,
UX buruk. Pesan tiket medan-binjai dan sebaliknyo masa lewat menu kereta bandara,,negatif,negatif,,
"Untuk KAI ni ya men bikin aplikasi itu tolong beri kemajuan dan kemudahan serta data update detik itu jugo. Masa isi saldo Kaspro malam masuk baru keesokan hari. Belum lagi caro pembayaran tiket kereta gk semudah aplikasi yg dulu. pacak fleksibel di supermarket pacak, m banking pacak, trus e wallet link jugo pacak. Lah sekarang apkndi perbarui tampilan bagus tapi dalam.nyo nian dak MUMPUNI. Malah menghambat pembelian tiket kereta edisi mudik lebaran. Ni apk makin kedepan makin dak jelas",,,,konflik,
"Bingung milih tiket karena untuk pembelian ekonomi, dak ado keterangan ekonomi premium dan dak, mungkin pacak diberi keterangan pada laman pembelian tiket agar kami dak salah pilih dan berharap mendapat gerbong ekonomi premium. samo tampilan untuk pembayaran melui ewalet mungkin jugo pacak di upgrade. Selain kendala itu lah oke sih",positif,negatif,negatif,negatif,positif
"Aplikasinyo ampas. Login kadang dak pacak padahal koneksi internet stabil. Bikin akun baru, kode OTP yang dikasih error terus. Ini tim IT KAI isinyo anak magang semua ya? Buat sekarang bintang 1 dulu karena emang banyak bug di sana sini. Padahal dulu aplikasinyo dak ado masalah meski desain UI-nyo dak sebagus sekarang. Utamain fungsi, bukan tampilan. Ini aplikasi pelayanan, bukan aplikasi galeri seni.",negatif,konflik,,,negatif
"pelayanannyo jadi tambah kurang efektif, tampilannyo bae lengkap tapi hasilnyo meribetkan pengguna.. tiket kereta gabisa dibatalkan lewat aplikasi padahal lah sesuai dengan ketentuan dan lah lunas.",,konflik,negatif,,
lah bayar pake BCA trs berhasil knp tiket ga muncul heyyy... Di dm ga respon,,,negatif,negatif,
"Ubah jadwal harus member basic, tapi pada saat nak upgrade ke basic, ga pacak - pacak, ini apk banyak erornyo, bukanyo memudahkan malah bikin ribet apk nyo",negatif,,negatif,,negatif
"Makin di update bukannyo makin bagus dan lancar, malah makin sering errornyo. Sering bgt pas nak pesen tiket, servernyo selalu ""maaf server kami bekerja terlalu keras, mohon coba lain kali"" .... lah, wong perlunyo pesen tiketnyo saat itu jugo malah disuruh lain kali, payah 😑",negatif,,negatif,,
Pesen tiket lah ditungguin dri jam 23.59 pas 00.00 malah lah habis + gabisa buat pembayaran.,,,negatif,negatif,
"Baru menggunakan apk ini ,dan ado kejadian tak mengenakan ,entah ini pihak kai atau masinisnyo, suamivsaya jadwal kereta dari angke lah terlambat dan sampai cikarang lah telat .dari jadwal tiket, dan tiket lah hangus harus pesan lagi baru untuk jam selanjutnyo, pertanyaan tiket awal lan dak terpkai apakah pacak refund ke duet ,disini no about money tapi tanggung jawab pihak kai nyo y tlong tanggapannyo",,,,,
"2 kali aku pesan tiket, pembayaran lewat qris, pembayaran lah berhasil, tapi dicek ditiket aku, tiket dak ado, babi",,,negatif,,
"Tolong servernyo diperbaiki lagi, masa setiap aku pesan terutama kereta lokal harus loading terus bahkan muncul ""jadwal dak ditemukan"" Disaat pembayaran jugo begitu selalu bae gagal sampai tiket pesanan aku terdahului yang lain. men memang dak niat jangan buka jasa transportasi!",negatif,,negatif,negatif,
Pembatalan tiket kereta pengembalian saldonyo lama bgt ribet,,,negatif,,
"Bintang satu dulu nanti men lah bagus bintang lima, sampai saat ini masih sering susah nian untuk transaksi pembelian tiket. Tolong diperbaiki lagi aplikasinyo untuk pelayanan lebih optimal.",,,negatif,,
"Setiap order, belom selesai pesan lah waktu anda habis.lah di cepetin ketik dan berkali-kali, lah lanjut, keterangan waktu anda habis coba beberapa saat lagi. Sering nian begitu. Lalu ngapain ado pesan online men dikit-dikit waktu habis dan ujungnyo pesen ke stasiun langsung. 😅",negatif,,,,
Aplikasi tolol .. pesen tiket 1 jam lebih dak nak masuk ke pembayaran.. giliran tiket sold out apk normal . Nyesel pake apk ini,,,negatif,negatif,
"Saran bae buat yg baru pake kai access buat metode pembayaran jangan topup kaipay krn masuknyo lama keburu hangus pemesanan tiketnyo, trus ado biaya adminnyo 2900 lebih baek pake metode pembayaran lainnyo. Diusahakan pemesanan tiket jangan batal karena refundnyo lama nian 30-45 hari, keburu lupaaa 🤦. Baru kejadian refund emoney selama ini, yg lain biasanyo langsung balik saat itu jugo",negatif,,,negatif,
Dalam antrian. Banyak pengguna. Sesi habis. Enakan tahun kemarin..huuuuuu,negatif,,,,
"kpntol penipuan lah beli tiket kereta lah boking dan lah bayar, di waktu siap berangkat perjalanan, buka aplikasi nak scan buat masuk stasiun eh aplikasi barkot malah error aplikasi gk jelas , ini sampe gk pacak di buka gk pacak masuk aku , ati ati ya",negatif,,negatif,,
"Sori bintang 1, aplikasi error terus. Saat nak pilih kursi, muncul kadaluarsa.. Padahal sy klik langsung satset pada saat isi data. Bukannyo memudahkan malah merepotkan",negatif,,negatif,,
"ado apo dengan kai access? Tiap kali nak pesen tiket selalu eror jadwal g ditemukan,bahkan tiap kali nak bayar selalu bae eror.tolong dong diperbaiki.lah bela""in tengah malam g tidur nunggu buat beli tiket malah si app nyo eror berkali"" dibiarin gitu bae.😒",negatif,,negatif,,
Ini ngapo setiap nak pesen tiket pas pilih bangku slalu kluar sndri dengan laporan waktu kadaluarsa. Abis update kok malah ga jelas sih? cakmno ini nak beli tiket bukan membantu tapi malah menyusahkan. Semoga segera di perbaiki.,negatif,,negatif,,
"Dulu pelayanan KAI nian baek melalui aplikasi, gampang dan cepet, setelah diupgrade justru pemesanan tiket lewat aplikasi jadi nian susah, penurunan kualitas ya, berharap KAI pacak fast respon dan diperbaiki.",konflik,,,,
"Aplikasi buatan PLAT MERAH ngapo SELALU DONGO? Taun kemaren mending walau loding ga ado antri"" ga jelas!!! Sekarang antri makin susah buat dapet tiket!!, kirain klo antri pacak lbh pasti eh malah makin wadidaw gobsnyo",konflik,,,,
"tolong kembalikan sistem tahun-tahun sebelumnyo.siapa cepet dia dapat.sistem antrian ini bikin buang-buang waktu,mana kadang makin lama,sisa antrian 6 menit tiba² jadi nambah 25 menit.tolong di hapus sistem antriannyo!!!",,,negatif,,
"nian mengecewakan!! lah di belain antrean tiket ga pacak di beli dengan alasan ''tensi pembayaran tinggi'' time out lah sesi habis, tiga kali antrean tiket habis! apakah ado oknum !!! Mohon penjelasan",negatif,,negatif,,
ngapo sekarang sulit untuk pemesanan tiket selalu dak tersedia tiket tolong dong di perbaiki untuk aplikasi ini kok sulit bgt,,,negatif,,
"ngapo ya aplikasi sekelas BUMN cak aplikasi murahan, tiap minggu pacak 3x maintenance tapi nian payah nian hasilnyo, mending serahkan ke swasta bae pengelolaan aplikasi tiketnyo, lebih kompeten dan dapat di andalkan",negatif,,,,
"Lebih baek cak dulu sistem siapa cepet dia dapat, sistem antrian dak jelas kapan masuknyo gini ga jelas nian",,,netral,,
"aplikasinyo aneh bgt disuruh upgrade ke basic, lah ngsi data diri lah kirim kode otp sampe selesai, malah dak ke update akunnyo disuruh upgrade lagi, gitu terusss, pesan tiket ots kehabisan terus, disuruh pesan online malah dipersulit gini hadeh 🙃👎🏼",,,,,negatif
"Aplikasi dak profesional. Masa sekelas KAI punyo BUMN kaya gini aplikasinyo.. Kalah samo aplikasi PLN Mobile. Buat beli tiket bae sulitnyo minta ampun untuk masuk ke aplikasinyo.. TIME OUT, men dak server berkerja keras sampai habis tiket nyo.",negatif,,,,
"aku lah tunggu sampai gk tidur supaya pacak dapet tiket kereta api untuk keberangkatan tanggal 7 April, setelah jam 12 aku buka ado notif antrian, di tunggu dak sampek 7 menit tiket lah habis, kecewa nian samo aplikasi ini, nak beli di locket langsung gk pacak, suruh ke aplikasi, setelah di aplikasi di suruh antri dan akhirnyo gk dapat tiket",,,negatif,,
Makin dak oke men lebaran. Ribet. Pembayaran jgn sejam doank. Maximal pas hari H gtu. apo kurang seminggu.,,,,negatif,
"aplikasi bodoh.. antri tiket dari jam 23:59 dapet waktu tunggu 10 menit, nambah jadi 50 menit pas di masuk malah habis.. lah 5 hari begini terus, balikin ke sistem dulu cepet cepetan gausah pake antrian..",,,negatif,,
Pemilihan kursi dak tersedia dan eror pada saat tanggal 1 Febuari 2025 pada saat penggantian Gapeka 2025 yang baru.mohon diperbaiki karena aku biasa pesan 5 hari sebelum keberangkatan,negatif,,negatif,,
"1. Setiap kali war tiket sering nian muncul jadwal tersedia, sehingga sering kehabisan tiket. 2. lah beli tiket dan bayar lewat qris, padahal saldo di mbanking lah berkurang tetapi tiket yang lah dibeli dak ado. Mohon diperbaiki lagi aplikasinyo.",,,negatif,negatif,
"Di upgrade malah dak pesan tiket, dari tadi nak pesen tiket selalu waktu habis padahal baru milih jam jadi dak pacak sampe selesai. Bagus aplikasi yg dulu",,,negatif,,
"Untuk war tiket bengawan gmn y caranyo? Jam 00.00 sampai degan jam 01.00 g ado yg dijual (bukan habis terjual ya memang g ado yg dijual), tapi jam 5 pagi statusnyo semua terjual. Piye kuiii IT nyo?? men memang ado logic khusus buat beli kA bengawan dijelasin dong aturan mainnyo. Yok fair dong.",,,negatif,,
"Lumayan lah,tapi tolong pembatalan tiket atau merubah kereta pacak di kasih fasilitas di aplikasi ini,percuma dong upgrade ke premium tapi hanyo gini² doang,dan nak aktifin kaipay dak pacak eror mulu.Tolong buat kai pacak memperbaiki lagi sistem aplikasi di KAI Acces.",negatif,,netral,negatif,
"Kai access skrng ngapo sih, beli tiket satu doang, bikin emosi, pembayaran sedang diproses, pdhal duit lah terkuras, diulang terus byrnyo duit terkuras lagi. Satu tiket doang kyk beli 5 tiket. lah dpt malah tiket nyo error, sampe stasiun ga pacak kepake, terpaksa beli tiket lagi distasiun. Kata Petugas nyo nnti duit nyo kembali sendiri, kembali ap? Gdk tu",,,negatif,negatif,
"Error mulu ya waktu pemesanan tiket akhirnyo nunggu + dicoba terus sampe lama tapi endingnyo tetep ga dapet tiket, kecewa bangett sih padahal temen yang ikut kena error pacak dapet tiketnyo. Waktu pacak dapet tiket malah unveiled padahal lah buat pesanan lah milih tempat duduk tinggal bayar. Sampai kapan begini terus? Masa iya dak ado pembenahan aplikasi??",negatif,,negatif,,
"Pembatalan tiket lah berhasil tapi dana dak di kembalikan,? Kok gitu?",,,positif,negatif,
"Berburu tiket lebaran pagi ini, lah masuk (ngantri lama) pilih kursi, lah klik simpan. Ga nyangkut nyangkut ke menu pembayaran. Transaksi tinggi. Akhirnyo ""Sesi Anda berakhir"". Ngantri lagi.",,,negatif,negatif,
"Parah....lah tarif reduksi per 29.Maret 2024 lenyap, ticket war jugo kalah terus. Klo sdh kayak gini, fitur2 pelengkap rasanyo dak perlu ado selain fitur pokok jualan tiket bae. Biar loading masuk ke aplikasi.lbh cepet. dak kayak keong yg berulang setiap tahun jelang puasa n lebaran. Sdh banyak yg kasih rating dn ulasan. Dan sy kira itu base on the fact",negatif,,negatif,,
Mohon maaf untuk sekarang aku kasih rating bintang 1 nanti jika diperbaiki aku naikan. Tolong dong servernyo di benerin masa ngedown servernyo yang bener ajah aku nak berangkat pagi server ngedown kayak gitu cakmno ya jangankan untuk liat tiket aku untuk mesan tiket bae dak pacak. Tolong kembalikan ke yang dulu. User di suruh update tapi peningkatannyo justru kayak gini ya buat apo,negatif,,negatif,,
"Tujuan buat aplikasi ini cakmno sih? nak daftar bae kok dak pacak, nak pesan tiket harus isi data diri.. oke diisi .. tapi setelah itu dak pacak dilanjutkan kek mana KAI, perasaan dulu dak ribet gini deh.. perbaiki lagi, men lah baek baru aku update ulasannyo makasih",,,negatif,,negatif
"Halo kai, ngapo setiap kali mencoba memesan selalu timeout dan pemesanan kadaluarsa?? Pemesanan aku lakukan dengan cepet namun keterangan selelu cak itu. nian dak membantu. Tolong aplikasinyo di benahi kembali ya, FYI aku lah update aplikasi nyo jugo",negatif,,negatif,,
"Kualitas aplikasi semakin menurun terutama saat weekend server sering error, servernyo perlu diperbaharui, pada saat pemesanan tiket waktu pembayaran dak pacak dilanjutkan",negatif,,negatif,,
"makin kesini makin menyedihkan nian utk pemesanan tiket onlinenyo. sering down server, nian susah utk dapat kursi padahal pemesanan lah di lakukan H-7 pukul 00:00 tepat. sekalinyo dapet kursi, utk pembayaran trouble terus karna down server. alhasil di batalin ga pacak, di bayar jugo ga pacak, kadang di bayar pacak tapi tiketnyo ga dapet karna waiting timenyo lah habis. padahal saldo lah kepotong. di komplain kek sampah uangnyo ga balik. makin sampah ini aplikasi jugo pelayanannyo.",negatif,,negatif,negatif,
"Beli tiket lewat qriss, di qriss nyo berhasil tpi tiketnyo gaada?, dan uangnyo hangus for nothing",,,negatif,negatif,
kecewa buka jam 00:00 suruh antri pas masuk seat not avaible maunyo gmna,,,negatif,,
Tiap lebaran susah amat nyari tiket Sumpah apk norak,,,negatif,,
"Potongan nyo pacak jelasin dak sih. Top Up 50 rb, buat bayar tiket nyo 48 rb. Giliran nak cekout saldo nyo malah berkurang. Aku tambah lagi top up nyo 10 rb. Total yg sdh di top up kan jadi 60 rb. Aku payment yg 48 rb. Setelah done lha koq sisa saldo malah 6.200. Harusnyo kn masih ado sisa 12.000. Tambahin lah buat sistem bayar nyo : via OVO, SHOPEPAY, LINK atau yg lain yg. Biar ga kena potong",,,,negatif,
Aplikasi dak gampang digunakan. nak pesan tiket harus upgrade. lah 10 kali isi data tetep g pacak. Solusinyo gmna kai,negatif,negatif,,,
"Aplikasi taun kmrn malah lebih bagus di banding skrng. Taun skrng dapetin tiket susah, dak jelas Masa waktu antrian bukannyo makin dikit malah makin nambah. 4 hari kmrn lah begadang dari jam 12 sampe pagi dak dapet dapet. Jelek",,,negatif,,
"Cek jadwal kereta muter2 bae, lah nunggu lama gda pilihan tujuannyo blank",,,negatif,,
"Bro, aku nak upgrade ke member basic ko gabisa mulu ya, padahal lah ado tulisannyo lah berhasil tapi waktu cek profil ttp samo bae tampilannyo belum terdaftar, lah 10 kali aku daftar ulang tetep samo aje, terpaksa beli tiket lewat website kai aku, yah sehat-sehat lah buat yang bikin apk, moga segera diperbaiki",,,,,negatif
"Aplikasi jadi lemot,nunggu antrian dak sesuai waktunyo... Tulisan tinggal 10 menit nunggunyo sampe satu jam...hadeuhhhh",negatif,,negatif,,
Knapa aku kasih 2star. 1apk sering keluar sendiri 2 apk sering minta upgrade padahal lah premium 3 aku lah bayar tiket lokal pake pembayaran qris sukses knapa dak tersedia di tiket aku 4.aku harus mengulang pesan tiket dan bayar lagi .. padahal ini BUMN seharusnyo pro rakyat,negatif,,negatif,negatif,
"settingan operator untuk kreta2 yg ekonomi jurusan luar kotai,dia lebih memilih dak untuk di naiki untuk menjaga perawatan kreta ,contoh request untuk 3 kursi dengan akun yg sering di gunakan akan dak muncul tetapi dengan akun lain muncul,dan cermati baik2 untuk jurusan kreta ekonomi,hanyo perbaikan sedikitnyo bae,dari yg terdahulu dari tekstur kreta alias kreta butut,coba anda cermati dengan yg sy lah praktekkan,ini BUMN yg dak layak di gunakan di masa mendatang,wajib di swasta kan sj.",,,negatif,,
"Kesel nian, lah loading lama nian, trus top up lama, direfresh berkali-kali masih bae ga muncul saldonyo, dan yang paling gong adalah aku beli tiket saldoku lah kepotong tapi tiketnyo dak muncul. Rugi guaaaa",negatif,,negatif,negatif,
"ngapo kok makin sulit setelah di update, bukannyo makin lebih baek makin buang waktu. Waktu antrian molor lagi. nak nyo cakmno sih!",negatif,,negatif,,
Fungsi antrian buat apo tujuannyo buat memperlancar tapi malah g bisa2 beli2 jugo sampai sesi habis harusnyo men dah masuk antrian proses pembelian gampang,,,negatif,,
"Aplikasj sering error, lah bayar tp tiket ga masuk, lah bayar tapi yang masuk aplikasi malah tiket yang bukan aku pesan, padahal lah bayar dan berkurang saldonyo",negatif,,negatif,negatif,
Aplikasi jelek minta updat lah updat g pacak login lapor cs bolak balek jawaban samo bae .. mending pakek traveloka aman.. mana lah boking tiba minta updat abisbupdate log out sendiri nak login reques failed data trus.. lah lapor cs kai bolak balik teteo g pacak..akhir nyo hanug deh beli lagi tiketnyo.. Untung g top duet dana di aplikasi vuat pembayaran.. men tiket lokal murah sih gpp ini mah tiket le jakarta gues 500 rebun,negatif,,negatif,,negatif
"Apknyo simple si enak di pemakaiannyo. cuman 1 yg masih kurang, men lg war tiket pas lah masuk ke menu pembayaran itu selalu susah nian. Berkali kali coba dan akhirnyo time out. Dan antri lagi",negatif,positif,,negatif,
"""Waktu pemesenan anda telah habis, silahkan lakukan pemesanan ulang"" semenjak diperbarui malah gini terus tulisannyo. Padal pesennyo uda cepet bgt ngekliknyo. Dulu sebelum di upgrade malah enak2 bae tuh. Skrng malah susah. Pake qrisnyo pun jugo aneh menurutku. Padal kan sebenernyo klo di aplnyo uda ado saldonyo harusnyo makin cpt dong. Ini malah nak apa2 susah. Trs yah misal ado yg buru2 ngekliknyo gadiliat dlu gitu kan klo ado salah gabisa jg klo mo refund klo lokal. Mohon diperbaiki lg yah kai",negatif,,negatif,negatif,
"Lambat, tiap top up harus nunggu lama dulu baru saldo masuk.",negatif,,,negatif,
"Kebanyakan update malah gal guna,,,aku beli tiket smpai 2kali atas nama yang samo pembayaran gagal mlah dak kembali uangnyo,,,makin lama makin ta1",negatif,,negatif,negatif,
"Pembayaran susah nian pake KAI pay, loading nyo nian lambat, lah lebih 30 menit tinggal pembayaran malah ga muncul apo apo ini tolong dong benerinn. lah TF saldo masa harus nunggu 15 menit!",negatif,,,negatif,
"aku dak pacak top up saldo. Minta di upgrade tp email dan no HP already exist, nak coba pakai email lain minta otp sy skip bentat ke email buat copy kode otp saat balik lagi ke aplikasi malah balik ke tampilan awal. cakmno aku nak ketik OTPnyo men bgtu. Tolong diperbaiki sistemnyo.",,,,negatif,negatif
beli tiket kereta bandara jogja ke airport pp saldo terpotong tapi tapi status pembayaran gagal duet hilang dak dapat tiket,,,negatif,negatif,
"lah ke pemesanan tiket terus pas bayar ga pacak, aku coba bayar pake OVO kok tulisannyo pembayaran belum tersedia. Ini cakmno sih? Wes men gini terus hapus bae aplikasinyo, bayar nyo di stasiun bae😡😡😡😡😡😡😡",,,,negatif,
aku topup katanyo nunggu 15 menit saldo baru masuk Tapi lah 1x24 jam dak ado masuk. Gmn jih apl gajelas,,,,negatif,
Gajelas saldo lah kepotong tapi qr code ga muncul + gada riwayat transaksi padahal jelas abis bayar,,,,negatif,
Semakin update semakin susah dan ribet untuk pembelian lewat aplikasi,,negatif,,,
"men lah pake sistem antrian harus nyo gk ado crita oberload pas bayar , kan lah antri lama ado 20 mnt an dan lah di batasi pengguna , masa lah antri lama2 lah masuk isi nama/NIK lah tinggal cek out loading terus , yg time out , yg eror , yg no seat lah ,yg ini lah itu lah , harusnyo gk ado kjdian timeout kan krn dah di batasin dan lah antri d awal? Giliram dah dpt kursi pembayaranyo yg gagal terus , sesusah itu war tiket lebaran , tolong d perbaiki min. Jgn d persulit tolong🙏🏻",negatif,,negatif,negatif,
"Aplikasi khusus pesan tiket bae jangan pesan yang lain. aku beli token pembayaran lah sukses tapi di riwayat transaksi ga ado, di komplen ke cs cuman suruh tunggu lah dan ga ado kabar lagi",,,negatif,,
"Aplikasi ini nian amat perlu diperbaiki, makin kesini aplikasi harus selalu diupdate. Dan tiap nak war tiket server down, timeout, kesulitan dalam pembayaran dan seringnyo jadwal dak tersedia.",negatif,,negatif,negatif,
"Min ini cakmno si... aku lah bayar tiket lewat q rish... Habis tu di email dari bank jugo lah berhasil melakukan pembayaran, dan lah kurang memang di saldo.... Eh pas buka apk ini masih tertulis ""menunggu pembayaran""... Mohon bantuannyo min... Gini nian punyo aplikasi...",,,,negatif,
"Ga jelas ni yg KAI Pay nyo.. lah kalu top up lamanyo minta ampun. lah bayar admin, masih jugo ado potongan.. mending pake kartu sekalian.. jadi males pakenyo. Makin ga jelas..",,,,negatif,
"ngapo ya kok KAI suka sering update. Hmmmn hari ini aku beli 2 tiket saldo lah berkurang tapi tiket ga ado. Kemudian nyoba beli lagi 2 tiket & 1, ado tulisannyo tiket butuh waktu pelunasan padahal saldo lah kepotong. Saldo menipis terhitung pas sampe waktu gajian. Butuh tiket nak cekout lagi takut gagal dan saldo terus berkurang. (Ternyata saldo balik setelah 2-3 hari)",,,negatif,negatif,
Makin susah setelah di-update. Susah pas nak pembayaran. Loading terus,negatif,,,negatif,
"Tolong di perbaiki lagi dong aplikasinyo, aku lah sering saldo kai berkurang karena pemesanan tiket yang lah di bayar tapi tiket Kreta api nyo dak ado pemesanan padahal lah di lakukan pembayaran dan memasukan pin pembayaran, saldo dak kembali di cek riwayat pembayaran dak ado , , teruma ka lokal cicalengka padalarang , perbaiki lagi tolong",,,negatif,negatif,
"Aplikasi nian berguna nian buat yg bikin aplnyo, buat nyedot dana yg di saldo, saldo gadipakai bae pacak raib, dan nian mengecewakan, lah dibeli tiketnyo dan saldo Kpay terpotong namun dak pacak digunakan dak keluar barcodenyo, dan sia² hangus begitu bae, akhirnyo beli tiket lagi, men ga siap dengan aplikasi ga usah dibuatlah nyusahin bae.😇🤦 nak bikin gampang apo malah bikin susah ? tolong diperbaiki men niat mempermudah. Tks",,,negatif,negatif,
"kacau, pembayaran via e-wallet berhasil, akan tetapi tiket yang telah dibayar dak muncul. Tolong perbaiki",,,negatif,,
men pacak beri komentar tanpa bintang lah aku komentar kan ini aplikasi Layanan tida jelas cak: lah melakukan transaksi pembayaran trtapi status di tiket aku masih menunggu pembayaran Hal ini membuat aku kecewa akan aplikasi ini sehingga aku harus menghubungi pihak KAI untuk meminta tanggapannyo sehingga duet yag telah aku transaksikan dapat kembali secepatnyo Saran: pesan lah tiket melalui aplikasi Traveloka karena layanannyo gampang dan cepet dak cak aplikasi buruk ini.,,,negatif,,
"Aplikasi dongo, sinyal full, pas nak bayar dak pacak milih payment, giliran dah habis ngulang lagi sampe kena limit",,,,negatif,
"Tim kai, tolong aplikasinyo itu di lebih canggih, untuk top up ajah harus nunggu lama gk masuk².",,,,negatif,
Please lah ini baru bae isi saldo ngapo tiba² log out sendiri pas nak masuk ga bisa² pas coba ganti sandi berhasil eh pas mu masuk lagi gagal lagi. Balikin duit gua men masih ga pacak di buka!!!,negatif,,,negatif,negatif
aku nian kecewa aku beli pulsa tgl 18 januari gagal dak masuk keterangan saldo kembali tapi sampai sekarang Kirim email berkali2 whatsap telpon oprator samo bae dak ado hasilnyo,,,,negatif,
"jelek anjir aplikasinyo pembayaran ga pacak di bayar, ga pacak lihat draf pembayaran jelek pokoknyo",,,,negatif,
"Buruuuukk,... Terlalu lama saat proses top up KAI PAY, lah lebih dari 1jam tapi saldo masih belum masuk. Dan saat pembayaran pun sering gagal, padahal jaringan internet stabil",,,,negatif,
error mulu tiap nak war tiket. lah terlanjur ngisi saldo KAIPay malah timeout mulu. tolong diperbaiki lagi sistemnyo,negatif,,,,
Makin lucu nian aplikasi ini..sampe beli tiket 2x ..uda payment qries 2x uda kepotong saldo malah g uptde di kai..alhasil duit ilang..tiket ga dapet..kokyo jan lucu ne niat ngambil duit wong perlahan2 tp pasti..mana duit g balik lagi,,,negatif,negatif,
"Tolong management PT KAI.. men nyari tim IT yang bener aje.. Top Up selama itu terupdatenyo.. Aplikasinyo terasa responsif Walaupun inovasi dengan fitur trip planer cukup oke.. Tapi rasa keselnyo lebih kesel karena hal2 yang esensial kaya top up lama, aplikasi dak responsif, engga konsisten samo estimasi antrian yg di apk dg realtime waktu tunggu.. tolonglah kepala IT KAI nyo.. Buat nyelesain hal2 ini!",konflik,positif,negatif,negatif,
aku lah deposit di akun nyo tapi malah dak pacak pakai saldo Di masukin pin salah Gua minta lupa pin dak pacak-pacak Miris nian aplikasi nyo Tolong bantu jawab cs aku supaya aku pacak perbaikin bintang ini!!!!,,,,negatif,
"Aplikasi ga jelas lah habis 100rb cuman buat bolak balik beli ka lokal 15 rb an tapi ga dapet tiket, korupsi. Mana gadibalikin uangnyo",,,negatif,negatif,
"Min tolong benerin, aku nak daftar metode pembayaran lama nian, metode pembayaran kartu debit/kredit nyo jga dri tadi tulisan nyo""upss terjadi kesalahan"", padahal sinyal aku bagus, habis tu tdi jugo nak membatalkan pemesanan yg pake e wallet nyo ga bsa",,,negatif,negatif,
"Setiap Top Up Saldo, bukan Bertambah Tp Malah Berkurang, Bukan Hanyo nian... Setiap Top Up Saldo Ga Pernah Sesuai dengan Yang kito Top Up... Kacau Sih",,,,negatif,
"Aplikasi lah bagus nih, tetapi pas lah aku simpan total penumpang, tanggal, kursi + tujuan dan nominal yg dibayar lah muncul. ngapo saat pembayaran menggunakan Qris selalu RTO? Akhirnyo ga jadi dapat tiket. Kejadian lah berkali-kali",,,konflik,negatif,
Aplikasi aneh nih lah booking menunggu pembayaran pas lah bayar kursi tiba-tiba hilang mana saldo berkurang....😎 Mohon kai untuk meningkatkan pelayanan jangan nak uangnyo bae,,,negatif,negatif,
"Maaf ulasan aku kali ini aku rating bintang satu sebab pembayaran via QRIS ado problem cukup menyebalkan, setiap kali memilih pembayaran QRIS aku dak pacak mengunduh barcode nyo... Otomatis aku harus membatalkan pesanan serta kursi yang lah nak aku pesan.",,,netral,negatif,
"Ribet nian setiap nak bayar tiket pake e-wallet selalu gagal padahal jaringan bagus dan gaada masalah, loadingnyo lama pula karena kaya gitu jadi sering ketinggalan kereta sangan dak efisien, pernah jugo gagal transaksi tapi saldo tetap terpotong",,,,negatif,
"ngapo susah nian utk pesan tiket. Jam 00.00 lah standby, nak proses pembayaran selalu gagal. Tau2 tiketnyo habis. Malah ado info dr teman men ado permainan calo. nian Indonesia nian. Konsumen dibuat susah lalu dimanfaatkan.",,,,negatif,
Tolong ditingkatlan lagi aplikasinyo.. aplikasinyo nian lelet... aku melakukan pembelian tiket KA bandara 2 kali time out terus padahal saldo audah kepotong jugo 2 kali.. mengubungi CS menyertakan bukti2 dak d respon2,negatif,,negatif,negatif,
"lah pesan, waktu klik bayar malah proses gagal, lalu diberi waktu 15 menit utk menyelesaikan pembayaran. Padahal tadi saldo kaspro lah kepotong. Stelah 15 menit tiket gagal, saldo dak kembali. Merugikan nian.",,,,negatif,
Aplikasi BUMN. tapi kinerjanyo bikin kecewa sering makan saldo banyak wong termasuk aku yg dak dikembalikan. Layanan cs tuli buta dan lumpuh. Yang dak nak berbenah dr tahun ketahun samo bae pelayananyo.,,,,negatif,
"Aplikasi ga guna, pembatalan tiket ga jelas, verifikasi bank penerima ga pacak, pake e wallet ga pacak verifikasi jugo. Uninstal",,,negatif,negatif,
"nian buruk. aku lah mengalami 2x transaksi gagal pesan padahal saldo kaspro berkurang. Dan sampai skrg dak ado refund pengembalian. aku tanyo ke cs di stasiun dsuruh tunggu paling lama seminggu. Tp hasil tetap nihil. Saldo aku berkurang tapi di riwayat transaksi dak ado pemotongan, kan nian aneh, Semoga segera di perbaiki, jangan buat aplikasi gagal gini. nian merugikan rakyat.",,,,negatif,
"nian buruk, setelah top up, semua transaksi menjadi gagal, potongan top up jugo 10 persen, alhasil saldo dak pacak di apo apo in",,,,negatif,
"Sering error, beli tiket saldo rekening berkurang namun tiket dinyatakan gagal. Parahnyo lagi hal ini sering terjadi. Perusahaan BUMN kok cak ini. Mohon diperbaiki sistemnyo !!",negatif,,negatif,negatif,
"Pertama kali coba cari tiket solo wonogiri sulit, pembayaran belibet(kurang praktis) gagal terus. Jaringan sibuk padahal pesanyo jam 00.00 WIB - 00.30 WIB gagal. Mohon pacak di perbaiki lagi",negatif,,negatif,negatif,
"nak pesen makanan samo minuman dak pacak, lama lama dak jelas ini apk, padahal tinggal bayar tp error. Tolong diperbaiki bos berikan kenyamanan yang baek. apk BUMN tapi sering error dak jelas!",negatif,,,negatif,
"Aplikasi keseringan error gajelas. lah harus war tiket, error pula. lah di payment eh tiket gagal pembayarannyo. Padahal saldo lah kepotong!!!!",negatif,,negatif,negatif,
lah bayar tiket lewat QRIS tapi status di aplikasi belum terbayar,,,negatif,negatif,
"APLIKASI dak GUNA wong nak BELI TIKET dak pacak KLIK PEMBAYARAN, GILIRAN hargo TERENDAH HABIS BARU pacak",,,negatif,negatif,
Makin sni makin susah beli ticket lebaran.. Available seat tpi ga pacak dibayar.. Aplikasi apo ini banyak penipuan informasi ga valid,,,negatif,negatif,
"Parah ini aplikasi aku dah refound dana dari 2023 sampai 2024 belum masuk🤣, waktu itu aku tanyo pas awal baru refound katanyo nunggu 30-45 hari (untuk refound bae lama) dan aku lupa baru ingat 4 bulan setelahnyo eh dana jugo belum di TF entah kemana itu aplikasi scamm penipuan, men pacak kirim foto refoundnyo aku kirim deh disini biar kalian percaya intinyo jangan sampai salah pesan tiket soalnyo men refound lah pasti ga di balikin🤣😂",,,,negatif,
"aku kasih bintang dua dulu ya, karena aku lah top up kai pay, tpi dananyo dak masuk ke kai pay, jadi aku harus double pembayaran menggunakan qris, tolong segera diperbaiki ya",,,,negatif,
"Tolong lahhh, jangan mempersulit wong, aku lah top up saldo di aplikasi KAInyo dak masuk"" ini... aku butuh cepet... lah banyak yg komplein rwting di playstore jelek ttp bae dak ado perubahan...",,,,negatif,
"Rating 0 sih, bukan 1 !!! Bayar pakai KAIPAY (KASPRO) Saldo lah Terpotong. Tapi Tiket dak adaaaa. lah komplain lewat Email, dak ado tanggapan, dak di Refund. cakmno siiih? 😌",,,negatif,negatif,
"susah aplikasinyo ,pesen lewat 1 menit ludes,giliran dapet ga pacak dapet qris ,gagal terus ,top up kai lelet g masuk ,saldo keptong g balik ,hadeerrh perbaiki lah aplikasinyo",negatif,,negatif,negatif,
"Kurang satu fitur penting yaitu: lanjutkan pembayaran. Yang sekarang ini begitu keluar dari halaman pembayaran, lah dak ado caro lagi untuk membayar padahal waktu tenggat pembayaran masih ado banyak. Ini diperparah dengan kebijakan men dicancel, dak pacak memesan ulang seat yang samo.",,negatif,,negatif,
"Setelah di update apliaksinyo tambah buruk, aku lah pesan tiket di jam 00.05 lah melakukan pembayaran tapi beberapa menit kemudian muncul notif pembayaran gagal dan saldo aku tetap berkurang, lalu aku pesan tiket lagi dan melakukan pembayaran lagi sekarang malah ga ado notif apa², aku lah rugi 48 ribu. Tolong dong KAI di perbaiki lagi aplikasinyo dan kembalikan saldo aku klo kaya gini kan merugikan masyarakat jugo",,,negatif,negatif,
"First try coba aplikasi Access tapi malah kecewa lah install. Login via Gmail malah forced close terus harus balik ulang lagi, padahal koneksi dak ado masalah. Ketika melengkapi data dan tinggal klik terakhir jugo lemot, dak masuk-masuk. Akhirnyo ngulang dari awal sampai capek. Kirim kode OTP pun harus berulang-ulang baru terkirim, harus tunggu lama. Ujung-ujung keki karena tiketnyo keburu habis duluan sebelum pacak diproses. Tolong diperbaiki agar customer pacak menikmati layanan dgn baek.",negatif,,,,negatif
Yang bener dong bikin aplikasi.. men log in setelah salah password jangan dibikin satu jam nunggu dong.. Terus men ado wong buru-buru cakmno?? Ini lagi ga ado tiketnyo yang dikirim ke email.. Terus nanti cakmno caranyo boarding pass??,negatif,,,,negatif
"makin update aplikasi bukannyo gampang malah di persulittt hadehhh cakmno inii🥺, ribett harus buat akun lagi, ganti nomer lagii",,,,,negatif
"Aplikasi teraneh dan terburuk, abis update log in saldo 66.200 langsung hilang jadi 0. Parrrah",,,,negatif,
"Yaaah... Baru download gara2 penasaran liat iklan pas di KA, lah bermasalah bae... aku selalu dapet notif ""akun Anda belum diaktifkan, silakan cek email"" tapi emailnyo entah dimana. Kontak CS sepertinyo nggk 24 jam.. Duh! 😤",,,,,negatif
Mengapa aku nak login kai acces dak menerima otp padahal jaringan bagus,,,,,negatif
"Isi data akun bae susah amat, ado bae masalah nyo. Di pencet gabisa pacak",,,,,negatif
"aku coba daftar member basic di kai acces,lah masukin nomor telepon (yg sebelumnyo belum pernah aku masukin) tapi ngapo kok tulisannyo telepon lah pernah dicantumkan. cakmno sih payah bgt aplikasi KAI ACCES nyo Terus aku coba lagi pakai nomor telepon lain, pas lah masuk di verifikasi otp malah keluar sendiri dan ga pacak masuk lagi pakai nomor telepon yang baru dengan alasan Nomor telepon telah dipakai. MOHON DIPERBAIKI LAGI APLIKASINYA",,,,,negatif
"Aplikasinyo error, gabisa ngisi data diri, kepental mulu ke menu login 👎",negatif,,,,negatif
"seharusnyo aplikasi ini membantu untuk booking tiket, tapi saat aku nak booking lewat aplikasi harus upgrade member basic dulu, setelah aku isi data dan kirim kode otp dan ado notif jugo lah upgrade member basic, saat aku coba untuk booking lagi malah disuruh upgrade member basic lagi dan akhirnyo aku dak pacak booking lewat aplikasi. Tolong mohon diperbaiki lagi agar lebih memudahkan para penumpang🙏",,,negatif,,negatif
"caro ini memudahkan kapan diperlukan, tetapi yg paling repot klo lupa password dan nomor, sementara ordernyo mungkin hanys setahun nian dan customer nyo lah manula",,konflik,,,
"aku kecewa terhadap aplikasi kai yg terbaru saat ini, seringkali error dan aku dak pacak masuk akun aku dengan keterangan data dak valid. padahal lah benar. aku un instal berulang kali tetap dengan problem yg samo. semoga segera diperbaiki ya untuk kinerja aplikasinyo, supaya memberikan kemudahan untuk penumpang lainnyo.",negatif,,,,negatif
"Setelah update ngapo gabisa login pake email dan nomor hp (failed request data)? Padahal lah terdaftar, cakmno nihh.. mana ado tiket keberangkatan",,,,,negatif
"nak pesen tiket hrus dftr member basic dulu. Trus di persulit lgi ga bisa2. Pdhl smpe ganti nomer baru pun tetap ga pacak. Ni apk gimn ya, bingung dah. Di perbarui bukannyo mempermudah malah mempersulit😭🙏🏻",,,,,negatif
Aplikasi lawak di download malah dak pacak register. Klik pusat bantuan malah gk ado pilihan apa2,,,,,negatif
"Buruk nian kualitas aplikasi KAU ini, request kode OTP berkali-kali buat ganti sandi, tapi OTPnyo dak pernah masuk😂😂 belum lagi masalah2 yang lain, men pacak kasih rating 0 kasih 0 deh",,,,,negatif
"bolak balik ganti versi lalu ketika aku gk mempergunakan aplikasi tiba"" keluar sendiri giliran di masukkan sandi selalu salah suka bingung jgv",,,,,negatif
"Setelah update.. disuruh upgrade ke member basic, padahal sebelumnyo lah terdaftar. Makin ribet bae. Masa iya harus ganti nomor HP samo @mail baru.. Kan kocak..",,,,,negatif
"Lupa sandi gagal. Lemot API sms nyo. Padahal enak pake API email lebih gampang dan cepet. Sekalian login pakai email bae, jangan nomer. Selalu lemot kode sms itu.",,,,,konflik
"Hari² bermasalah mulu. Ga pacak log in, dftar akun baru jg ga pacak. Boro² nak pesen tiket. Hadehhh",,,,,negatif
"dancok keluar sendiri, nak login lagi dak pacak, Super lemot, ado udang dibalik batu",,,,,negatif
ngapo aplikasi ini sekarang dak pacak login,,,,,negatif
Akun lama ga bsa dbuka..mnta sandi sya lupa sandi nyo cba msuk pke lupa sandi gagal trs...daftar baru pke email.jga g bsa gmna ini,,,,,negatif
Memasukkan kode otp keterangan not valid padahal lah benar saat daftar jadi pengguna basic. APLIKASI SAMPAH!!!,,,,,negatif
"Maaf, ini apo dak ado pembaruan yg lebih nyaman ya,,, masak aplikasi dak jelas kayak gini ,,, Hapus akun dak pacak, daftar akun baru sulit...... Ini gimna kelanjutannyo... Tolong lah lebih di perhatikan ... Agar pengguna jga Nyaman akses.nyo MOHON BAGI PETUGAS APLIKASI LEKAS DI PERBAIKI,,, ATAU aku LANGSUNG TEGUR DI KEPALA ATASAN ANDA 🙏🙏🙏 TRIMKASIH",,,,,negatif
men apk dak di buka lama ngapo akun pacak keluar sendiri.,,,,,netral
"Aplikasi ga jelas. Daftar pakai e-mail, disuruh upgrade ke basic biar pacak pesan tiket. Harus input nomor hp untuk dapat kode OTP. Tapi ga pacak daftar jugo. lah berapa nomor hp yg di input hasilnyo tetep samo. Bukan bikin gampang malah nambahin ribet.",,,,,negatif
ribet minta aktivasi terus dituruti update berulang ulang ga pacak lanjut mu topup harus aktifasi lagi padahal lah,,,,negatif,negatif
"bayar pakai kaipay lemot dan akhirnyo pin terblokir, padahal lah topup saldo banyak Bayar pakai shopeepay dak pacak menyambungkan terus",,,,negatif,
"Setiap nak login selalu muncul tulisan aplikasi dak menanggapi. Padahal sinyal bagus, buka aplikasi lain jugo lancar. lah berhari-hari ditunggu, dan dicoba terus, tapi tetep bae gabisa",,,,,negatif
"ngapo aku berulang ulang diminta upgrade member basic padahal lah pernah daftar, dan bahkan ado tulisannyo email dan no hp lah terdaftar. Lha terus proses dftar member basic aku yg sblmnyo cakmno? Namanyo maju kena mundur kena",,,,,
"aku naikan jadi 3 bintang ya, pembayaran mandiri direct debit bermasalah, lah tunggu tapi OTP via SMSnyo masih belum muncul padahal ado pulsanyo.",,,,negatif,
cakmno caro mengatasi proses pengaturan ulang kata sandi? Kog gagal terus waktu klik lupa kata sandi,,,,,negatif
"Aplikasi negtodd. Lama bet verifikasi OTP, bikin darah tinggi bae. Mending aku pesan dari stasiun sendiri, cak tahun 2000an. Tapi aku dak pacak karena aku harus pesan lewat apk sampah ini!!! ASU NGENTODD!!",,,,,negatif
"ngapo sekarang jadi susah nian nak pesen tiket,masuk member basic dulu lah daftar gk pacak masuk2 ,tolong donk diperbaiki aku sering kali pke kai klo kemana2 tpi sekarang pesen tiketnyo susah minta ampun...sebel dech....",,,,,negatif
Ticket aku ado diaplikasi...ini gmana disuruh masuk pasword terus padahal lah selesai..kereta lah nak berangkat,,,negatif,,negatif
"selalu update selalu ke log out sendiri mana tiketku buat besok asem asem, terus piye iki aku login semua aku cek gaada tiket aku, login lewat nomor hp kodenyo ga kekirim kirim berkali kali dicoba",,,negatif,,negatif
ngapo kode otp untuk upgrade akun ga muncul2 lewat sms? lah aku coba berkali2 tapi dak nak muncul.,,,,,negatif
"ribett, nak dftar akun member besic susah nian, gatau dah knapa ini klo pacak secepatnyo diperbaiki biar kami lebih gampang dak kaya duluu huhu jdi sedih sih')",,,,,negatif
aplikasi dak stabil. sering gangguan. dikit2 ke logout akun nyo. dana pemeliharaan software pasti di korupsi👎,,,,,negatif
"Hari H jadwal kereta berangkat malah tiket yang lah dibeli sebelumnyo dak muncul. Tulisan yang tertera katanyo jaringannyo jelek, lah aku ganti pakai data seluler masih dak pacak, aku coba logout login berkali-kali tetap dak pacak, aku coba install ulang tetap dak pacak, aku coba lihat kode booking di web malah dak muncul, pdhl jelas-jelas masih ado riwayat pemesanannyo di APK.",,,negatif,,
"Woiillaahh.. aku gk bsa login, password sdh benar tp sllu fail. Nanyo di ig jg gk di respond. nak reschedule jd susah, percuma ado aplikasi klw aplikasinyo gk bsa dipake !!",,,negatif,,negatif
"aku kecewa, saat lah diupgrade tiba-tiba aku ga pacak masuk, alhasil aku harus bikin akun baru. Lalu saat memilih metode pembayaran selalu error, dak nak terhubung. Ini ngapo yah? tolong diperbaiki secepatnyo. men pacak jangan utamakan tampilan dulu, lah tau sekarang beli tiket gabisa langsung di stasiunnyo malah dipersulit dengan adanyo apk yg gaguna kek gini. aku nak ado acara penting lohhh, benar-benar merugikan wong. jangan update² lagi pusing log out sendiri mulu",,,,negatif,negatif
Katanyo sistem online ngapo ado waktu tunggu antrian di aplikasi? Ini ngapo habis update malah logout sendiri,,,negatif,,negatif
"Ini kito di minta upgrade ke basic ,isi data lah lengkap .ujung ujung nyo ngak pacak jugo . Hemmm tolong lah kai",,,,,negatif
"aplikasi ter SAMPAH yang pernah aku download, masak akun keluar sendiri trus, ketika nak pesen buru, malah makin ribet anjir, nian nian nian kecewa, benci aplikasi ini, mending pesen tiket di aplikasi laen atau yg lebih gampang,🤬 uninstall!!",,,,,negatif
"Aplikasi ngisin ngisini. Punyo pemerintah kok aplikasinyo ruwet. Padahal lah update, lah terdaftar tapi kok ya disuruh jadi member basic. Diperbarui datanyo, email dan telepon lah terdaftar. Lah truss aku kudu piye jal... 1 lagi klo topup by KAI itu mbok ya gercep gitu loh ga perlu tunggu 15 menit.",,,,negatif,negatif
"Aplikasi yang ribet,, minta upgrade menjadi member basic tapi malah no dan telp yg terdaftar lah ado,, ya jelas lah ado,,, kan nak upgrade,, klo belum ado ya apanyo yang di upgrade",,,,,negatif
"aplikasinyo banyak masalah nak daftar bae dak pacak masuk , padahal jaringan bagus pakek wifi tetap dak pacak jugo, tolong di perbaiki!!!!!",,,,,negatif
"Kode OTP ga valid mulu, padahal lah sesuai samo yg di sms, tolong bantuan dari kai Access nyo dong gimna ini",,,,,negatif
"Aplikasi ribet, punyo pemerintah tapi ribet amat pas daftar, dah lah, punyo pemerintah kok gini amat",,,,,negatif
"lah buang kuota,pas nak daftar dak bisa2,kocak",,,,,negatif
"Apalah ini dak pacak Upgrade akunnyo. Tiap verifikasi otp selalu ""otp not valid"" Padahal otp yang di dikirim via SMS jelas2 itu kodenyo🥴🥴",,,,,negatif
"Daftar Akun Basic bae susah nian. lah percobaan 3 kali. Gagal terus. lah masukin keden Verifikasi melalui SMS, gagal. Padahal kode lah di masukin, Tombol dipencet, dak respon. men emang HP aku yang trobel, masak iya, sampek 13 kali. Dan disisi yg lain, pake aplikasi lain, pake metode kode OTP buat Verifikasi, pacak semua. cuman Aplikasi KAI Access ini yang kayak begini. Tolong diperbaiki donk. Merugikan, nak pesen tike dak pacak. Terlambat kehabisan tiket terus gara"" Error gini.",,,,,negatif
"Pembayaran melalui e-Wallet awalnyo pacak (ovo) stelah di update nak bayar pake e-wallet tp dak dapet mulu kode otv nyo dah nak sebulan di ulang terus tetap bae dak ado kode otp. Klo top up ke kai access langsung potongan nyo berubah² makin gede top up makin gede potongannyo, cakmno sih ini?",,,,negatif,
"Aplikasi payah,dak pacak masuk setelah download edb detected trus dn close , padahal lah di apus download beberapa kali",,,,,negatif
Apk nyo jelek bgt sumpah.. tiba² logout sendiri ga pacak akses lagi.. lah ganti pw tapi tetep dak terdaftar.. lah segala caro tetep bae ga pacak.. aneh bgt sihh.. tolonglah perbaikin kali apknyo.. jelek bgt sumpah... lah diupdate bukannyo bagus malah makin ngadi²..,,,,,negatif
"Daftar akun basic kok ga pacak yaa, padahal email dan nomer telpon lah benar dan masih aktif, lah menghubungi customer service lah telpon kok tiba-tiba telpon nyo matii??? Ini gimna KAI ??? jgn diem bae tolong cariin solusi nyo",,,,,negatif
Susah masuk nyo tiket tersedia dak pacak di beli cakmno min,,,negatif,,negatif
"Nyebelin nian aplikasinyo yang sekarang. Sering error padahal dulu dak begini. nak pesen tiket dari malem sampai pagi ndak pacak. Alasannyo time out, dicoba lagi alasannyo servernyo sibuk, dicoba lagi malah tulisannyo ups jadwal dak ditemukan. Ujug²nanti kehabisan tiket. Tolong segera diperbaikiiii🙏🏽🙏🏽🙏🏽",negatif,,,,
"Aplikasi error.. lah dibayar pakai e-wallet, malah statusnyo masih menunggu pembayaran.. Ujung-ujungnyo ke cs stasiun dan pesan manual.. Tolong diperbaiki aplikasinyo min..",,,,negatif,
"Harus update aplikasi terus, storage hp kepenuhan gara-gara aplikasi ini",negatif,,,,
"Kayak gk niat bikin aplikasi, aplikasi belum siap lah d rilis, pesen tiket lah kayak war tiket konser blackpink, selalu crash system padahal dah masuk proses munculin kode pembayaran, mending balik lagi bae pesen offline",,,,negatif,
"makin ga jelas fiturnyo, harus ngantri dulu 30 menit setelah di update. itupun ga langsung pacak booking tiketnyo",,,negatif,,
Ini sebenarnyo aplikasi pacak di buat beli tiket apo enggak sih..setiap beli tiket yang timeout yang severnyo bekerja terlalu keras.lah di bela²in dak tidur dari jam 00.00 sekalinyo dapet pembayarannyo sulit yang unduh barcord lama nian.mohon untuk di perbaiki untuk apliksanyo,negatif,,,negatif,
"Sering error trs, haduh bagusan Apps yg lama WKWKWKW",negatif,,,,
"Loading lama betul, mana berat gitu lagi buat ngaksesnyo. Oh iya untuk pembayaran e-wallet makin sedikit ya, tadi niatnyo pembayaran nak pake e-wallet tapi gk pacak pacak. Pdahal jaringan bagus. Dan satu lagiiii ngapo data tiket keretanyo updatenyo lama kalah samo aplikasi sebelah. nian mengganggu apalagi men pas nak pemesanan 😠😠",negatif,,negatif,negatif,
"aku lah isi KAI PAY / KASPRO tapi dak pacak buat bayar,padahal pin lah bener,tapi malah keluar katanyo pin salah,sampek tak ganti pin baru,berhasil ganti pin baru,giliran bayar pakek KAY PAY salah di pin lagi,padahal lah sesuai,akhirnyo bayar pakai bank BCA,lgsg pacak,trus saldo KAY PAY aku apakah pacak di kembalikan atau di cairkan?,harusnyo aplikasi ini memudahkan,tapi malah menyulitkan.. parah nian..",,,,negatif,
"Apk burik gajelas sering error, cari tiket dari jam 1 sape hampir jam 3 masi bae error. kito jugo nak tidurrr woiii, besok banyak aktivitas. Penghasilan banyak tp error mulu dah",negatif,,,,
Aplikasi ampas nak daftar basic bae kagak pacak susah,,,,,negatif
"Inovasi bagus pakai sstem antrean, tapi mohon dkembangkn lg. lah antre tertera 15 mnt bukannyo turun malah naik, ok gk pa2 masih bs maklum, setelah lah masuk sstem n lah isi pesenan nak proses perolehan kursi malah d notif. Saat ini transaksi sedang tinggi coba beberapa saat lagi. ya memang sistem sibuk makanyo antree. sabar. coba beberapa saat. di notif lg yang samo. sampe 5x notif yg samo. dn akhirnyo sesi pemesanan lah berakhir. Mulai dr awal brakhir tnpa tiket. Tiket hbis",,,konflik,,
"Aplikasi berat, lemot dan ketika nak dilakukan pembayaran selain dengan Kaspro selalu error. Bikin emosi. lah gitu, men nak topup Kaspro, biaya potongan adminnyo gede nian najis naudzubillah... Repot, aplikasi ribet dan berat!!! Nyusahin wong nak mesen tiket kereta.",negatif,,,negatif,
"lah terbiasa menggunakan aplikasi ini dan nian bermanfaat, hanyo sy msh menggunakan perangkat dgn os android 7 jd tdk kompetibel dgn aplikasi terbaru, mohon updatean terbaru dpt mengakomodir os android yg msh lawas. Terima kasih",,,,,
Ini aplikasi e cakmno se aku lah bayar tiket habis 20 ribu malah tiket kereta api e dak muncul tolong deh cakmno solusi acces kai,,,negatif,,
"Menurutku yg sdh beberapa kali menggunakan apps ini utk reservasi pembelian tiket KA sdh cukup baek namun utk proses top up jgn kelamaan proses done nyo kk...spy tdk ado kekuatiran tdk masuk uangnyo..mohon ditingkatkan lagi pelayanan aplikasinyo, spy dpt lebih baek dan dipercaya tks.",,,positif,negatif,
"Mohon bantuannyo Kai Acces, aku lah top up lupa belum aktivasi tapi tombol aktivasi dak ado jadi saldo dak pacak digunakan karena belum ado pembuatan pin KAI pay..",,,,negatif,
lah 2025 sistem beli tiket masih kya jaman jadul. Beli tiket lebaran sistem ga jelas. Nunggu lama lama ga pacak dapet tiket sampe online 3 jam gagal terus tau tau habis. nak sampai kapan sistem kaya gini trus?,,,negatif,,
Cacat karena selalu ke ganti2 mulu halamannyo,,negatif,,,
"Aplikasi buruk sering gagal transaksi tapi saldo pembayaran tetap terpotong, aku lah menghubungi CS tapi belum dikembalikan saldonyo sampai sekarang. men aplikasi belum teruji kelayakannyo jangan dirilis dong kasihan customer banyak yg mengalami kendala dan proses penyelesaiannyo lama.",,,,negatif,
Abis update malah jadi gabisa cek jadwal krl..tolong diatasi untuk masalah ini..pdhal sebelumnyo normal² ja,,,negatif,,negatif
"aku lah bangun di jam 00.00 untuk membeli tiket. Tapi ternyata jadwal belom tersedia di stasiun yang aku tuju, tapi di stasiun lain jadwal lah tersedia. lah ditahap pembayaran malah jadi layar putih sampai sejam. Pas dikembalikan lah proses penungguan pembayaran. Haduuh 😭",negatif,,negatif,negatif,
"Setiap ado yang baru harus di update men dak di update dak pacak di pakai. ngapo sih, jadinyo dak nyaman nian",,,,,negatif
"nian payah,nak upgrade bae susah tinggal klik kirim kode SMS...ulang2 terus sampe capek",,,,,negatif
Di pencarian kereta lokal Stasiun Madiun dak dicantumkan,,,negatif,,
"nian buruk nian untuk boking online melalui aplikasi yang baru mending versi lama,enakan kayak dulu langsung beli tiket di stasiun lebih gampang, intinyo buruk nian.",,,negatif,,
ngapo layanan pulsa listrik samo pulsanyo hilang😭 pdhal butuh bnget ini. Mana saldonyo msih bnyak bnget dak pacak ditarik tunai. Dan aku bukan wong yg tiap hari naik kereta bahkan sebulan bae jugo blum tentu berpergian pake kereta. Pliss diperbaiki lg dong appnyo,,negatif,,negatif,
"Banyak bug nyo, saat ingin memesan tiket muncul error jwt token expired, please tim Programmer nyo cek. Terus jugo saat ingin aktivasi kaipay, saat masukin kode pin baru dia error terus dan errornyo cuman alert kosong tanpa ado penjelasan, Tolong tim frontend nyo lebih serius",negatif,,,negatif,
"Tambahin dong jadwal pagi nyo, dari serang arah rangkasbitung jam 04:00, banyak karyawan mesti ke rangkasbitung dulu nih yang nak ke ibu kota",,,,,
ngapo sih topup di KAI acces haru ado potongan biaya. Kan jadi rugi. Cobalah di perbaiki lagi. Masa topup langsung di aplikasi KAI harus ado potongan. Mana delay pula topup saldonyo. Coba di perbaiki lagi itu samo Kaspro nyo. Jadi dak berfaedah. Meding pakai E-duet atau Dari goj3k.,,,,negatif,
Ini aplikasi update kok tambah sulit masak iya lah nak pesen malah dak pacak alasannyo kadaluarsa padahal lah dicoba berkali2,,,negatif,,
"Waktu tujuan kereta sering kali dak sesuai dengan jadwal, selisih waktunyo hampir 1 jam. akhir-akhir ini lah beberapa kali PP waktu tujuan kereta pasti telat. dulu selalu ontime. perlu dilakukan pembenahan kembali, kok pacak sistem yg dulunyo bagus malah sekarang jadi kacau.",,,negatif,,
"Aplikasi bodoh. saldo aku lah dipotong, id pemesanan tiket dak keluar.",,,negatif,negatif,
Proses pembatalan tiketnyo lama nian. Saldo lah lama ga dikembalikan. Payahh,,,negatif,negatif,
"Saldo keptong buat isi komuterline, giliran di update eror terus, dan di kartu dak ke isi. Aplikasi dari dulu selalu burik ini KAI. Klo lah pacak atau minimal duet aku kembali . Baru aku ganti reviewnyo.",,,,negatif,negatif
"apakah dak ado pembenahan? dengan 10jt lebih tapi rating 2 apo dak malu? bukankag itu menandakan kelayakan dari aplikasi nyo yg begitu buruk? sering eror pada kondisi yg genting cak war tiket mingguan, apakah memang haru trouble di waktu-waktu cak itu?",,,negatif,,
Antrian trz ga pacak masuk2. Yg ga antri wong dalemnyo kali,,,negatif,,
"Sebagai pengguna Acces by KAI aku merasa bahwa update yang sering dilakukan dak memberikan peningkatan pada aplikasi. Menurut aku versi lama lebih baek dibanding versi terbaru. aku melakukan pemesan tiket dan melakukan pembayaran menggunakan qris, saldo aku terpotong namun pemesanan tiket yang lakukan justru gagal. Mungkin nominalnyo dak banyak namun hal ini cukup merugikan pengguna. Tolong untuk pihak KAI untuk melakukan perbaikan agar hal cak ini dak terjadi kedepannyo.",,,,negatif,
"Pembayaran Nya dak ado Via Indomaret & Alfamart, Jadi Susah men nak Bayar Apalagi dak Punyo M-banking, Jadi Menyusahkan, Sedangkan men nak Menggunakan Aplikasi Ovo Itu Nomernyo Masih Dulu dak pacak Diganti Yang Baru, Jadi Susah Lagi Buat Bayarnyo.... Ini Aplikasi dak ado Perubahan samo Sekalian 👎👎👎",,,,negatif,
"lah WAR tiket jam 00.00 untuk dhoho samo penataran lah tinggal dikit bae tempat duduknyo, memangnyo harus jam berapa beli tiketnyo? Telat 1 menit dah kehabisan, trus sering jadwal dak ditemukan lagi lah ditemukan jadwal dah habis bae tiketnyo. Harus cakmno belinyo?",,,negatif,,
tiket dua kali ilang tiba tiba ngantri lagi stap ga tau . cuman jawab eror pak nian meragukan apl ini maju pelayanan nian mengecewakan,,,negatif,,
"Jembut jembut.... Mohon untuk diperbaiki sistemnyo. aku nunggu dari Jam 00.00 baru dapat tiket di jam 06.45. Hanyo dapat notif ""sistem sedang bekerja keras""",,,negatif,,
"Aplikasi Semakin buruk, sinyal bagus tapi gagal terus di pembayaran. Coba ganti2 dari OVO ke Shopee pay hasil nyo tetap error. Sampai 15 kali coba error terus dan dak pacak pesan lagi",,,,negatif,
Jadi aku sering berlanganan di kai accses dan aku nian kecewa nian di ini apk saldo aku ga pacak kepakek karna apk nyo konyol bngt sering ngbug dan pin yang aku gunakan selalu salah padahal itu pin lah bner dan aku coba reset sandi dan coba lagi pin masih salah aku dak terbantu nian dengan apk konyol kayak gini . pihak kai seharusnyo di pantau terus dimana bagian bug di apk nyo sendiri . kocak kocak,negatif,,,negatif,
"Aplikasi ter lemot yang pernah aku jumpai. Saat aplikasi Error penumpang di arahkan untuk ngantri offline, padahal PT KAI sendiri yg mewajibkan beli tiket kereta lokal online utk penumpang usia 50 tahun ke bawah. Anehnyo, disaat pt kai ado kesalahan ado pengecualian tapi saat terdapat kesalahan pada penumpang samo nian dak ado pengecualian.",negatif,,,,
"Sering trouble Sulit melakukan pembelian tiketnyo, lah masuk dan pesan di pembayaran dak pacak, sering jugo data hilang sendiri, mohon pihak kai melakukan perbaikan access",,,negatif,negatif,
"beli tiket pas nak di scan katanyo disuruh ulang,aku bilang saldo lah berkurang kata mba nyo belum ulangi lagi bae, alhasil saldo berkurang 2x hahaha",,,,negatif,
"Metode pembayaran sering eror terutama pakai ovo jadi susah klo nak bayar sdh kehabisan waktu ,ee tiket nyo lah habis duluan",,,,negatif,
"Aplikasi makin banyak trouble, dak berminat untuk dibetulkan kah? Masak di awal halam tersisa 5 kursi begitu dibuka kursinyo kosong semua. Pertama. Kedua setiap update jam 12 malam. Bukannyo kereset malah lah ke isi semua jadi tiket yang habis dak bsa d klik. Tolong lah diperbaiki, lah canggih tp banyak trouble mending dak usah d update.",,,negatif,,
"Mohon admin, ngapo aplikasi kai acces aku dak pacak dibuka? Padahal lah sy update... Terimakasih",,,,,negatif
"nak pesen tiket tapi selalu muncul tulisan ""can't booking more than 15 booking per day"" Padahal hari ini belum booking tiket samo nian, cakmno ceritanyo tiba2 lah 15 booking bae. cakmno nih solusinyo? Aplikasi buat booking tiket masa gabisa dipake buat booking tiket.",,,negatif,,
"Aplikasi busuk, pesan tiket bae susah bgt",,,negatif,,
"Gatau lah download aplikasi bukannyo jadi gampang malah makin ribet. Ini men tiket kretanyo habis di tulis dak tersedia kek, jangan tulisannyo tersedia tapi trnyt dah abis, lbih valid pesen lewat browser dripd aplikasi",,,negatif,,
"Perubahan jadwal di bulan Pebruari nian tdk bersahabat dg pekerja dan jugo waktu tempuhnyo jadi lebih lama... Perubahan tdk menjadi lebih baek, menurut kami sebagai pekerja. dak mendukung himbauan untuk menggunakan angkutan umum supaya mengurangi kemacetan...",,,,,
"aku dak pacak mencari kota tujuan di pilihan KA lokal cak sragen, Ngawi, Madiun. Tolong solusinyo",,,negatif,,
"Tiap beli tiket arus balik sering error Mulu, padahal pembayaran lah berhasil tapi tiket GK keluar",,,,,
"Setelah di update malah makin buruk, selalu disuruh aktivasi kaipay, giliran nak di aktivasi tapi selalu oror dan gagal lagi, kemarin bae pernah h-1 pemberangkatan tiket malah dak nak muncul",,,negatif,negatif,
aku membeli karcis yang salah pada jam nyo dan aku harus berpikir keras untuk mengembalikannyo hanyo bae duet itu dak pacak dikembalikan dan harus jual ke wong lain dan aku jugo lah dak pacak buat mendapatkan duet itu lagi tolong dibenarkan aplikasi ini jangan sampai Indonesia malu-maluin cak ini duet 3000 masa dak pacak dibalikin tolong dong diperbaiki lagi aplikasinyo bikin malu-malu negara bae men niat bikin kereta dak usah bikin karcis kereta jadilah yang jujur,,,,,
"aku 2 kali pesen tiket online lah terbayar, ado bukti nyo jugo tapi diapk tiketnyo belum terbayar sampai akhirnyo waktunyo habis dan hangus. saran jugo men pacak diapk ado menu untuk pesan makan trus pacak diantar sarann bae",,,negatif,,
"Susah nian batalin tiket, banyak bug. Pakai e-wallet, data e-wallet tdk tersedia, trs knp dikasih opsi tsb?. Pakai Bank, namanyo harus samo dg nama penumpang. Lah nama penumpangnyo lah sesuai samo NIK, trs knp ga diintergrasikan bae? Solusi dari CS, minta user ke stasiun. Tapi, dak pacak melayani di semua stasiun. Benar benar dak solutif dan dak membantu. Hangus lah tiketnyo.",,,negatif,negatif,
"Alasan Rating: dak kompatibel dengan ponsel aku,aku harap aplikasi penting cak ini berfungsi di setiap perangkat,agar dak mempersulit banyak wong. Satu lagi,untuk connecting train itu belum lengkap jadi ado beberapa rute yang harus di pesan tiketnyo satu persatu dan tambahkan connecting train lokal dengan antarkota,mohon diperbaiki...",negatif,,negatif,,
Setelah d update antri online 20 ment berasa 1 jam setelah antrian selesai tiket dak tersedia...war tiket jd kacau...,,,negatif,,
"Ini aplikasi ngapo sih, sisa saldo aku itu pas pagi tadi ado 18 ribu, nak beli tiket commuter line bandung yang harganyo 5 ribu, pas nak pembayaran malah tiba tiba e wallet kosong, terus saldo aku dikuras habis, setelah nanyo satpam, satpamnyo malah bilang lain kali jangan top up kaipay karna sering gangguan, pdhl aku lah nunjukin bukti saldo aku sebelumnyo dan saldo aku yg berkurang di riwayat pembayaran Plis perbaikin ini, ngapo sih pacak bisanyo saldo disedot abis",,,,negatif,
"Untuk keseluruhan hampir gampang di gunakan, tapi satu yang perlu diperhatikan, sistem pembatalan itu jangan nunggu 30-45 hari kerja yaa, kelamaan, paling telat jugo 2X24JAM , Beda dengan Traveloka Agoda dll meski cuman 10 menit , mohon untuk di perhatikan",positif,,negatif,,
"tolong aplikasinyo dibenerin lagi,aku nak update ke KAI PAY dak pacak keluar terus dari aplikasi",,,,negatif,
"nak pesen kereta lemotnyo minta ampun, padahal tinggal bayar malah muncul layar abu-abu",,,,negatif,
Ribet amat sekarang apo - apo online tapi sistemtem lemot men dak eror ampasss,negatif,,,,
"aplikasinyo sebenernyo bagus cuman ngapo waktu minta permintaan refund pembatalan tiket uangnyo lah melewati 30 hari belum ado duet kembali , malah pengajuan pembatalan perjalanan tiket belum di konfirmasi padahal lah lewat 30 hari , untung Nominal 80 ribu ke , cakmno men nominal 500ribu -1 juta keatas ? Tolong segera di perbaiki lagi",positif,positif,negatif,negatif,positif
"nian perlu di perbaiki, dan diperbarui, topup masuknyo 2 hari , scan barcode bayar masuknyo jugo lama diulang ulang terus .",,,,negatif,
"Masa topup saldo KAI Pay dari BCA ke VA Kaspro lama nian terupdatenyo. Butuh waktu 30 menit. Tolong dipercepat lah, dulu sebelum aplikasi diperbaharui ngisi saldonyo cepet, masa setelah diperbaharui malah lebih lambat.",,,,negatif,
"Jelek pake nian, ga kaya tahun dulu dulu. Pas buka aplikasi dapet tiket bayar ke alfamart. Sekarang suruh nunggu pake no antrian lah. Giliran lah masuk pas masukin data timeout terus. Tau tau tiket abis. 😡😡😡",,,negatif,,
"Ini aplikasi pemerintah bukan sih, klu punyo pemerintah parah nian. Kebanyakan di korupsi kali duitnyo. Error, lemot, buat bayar ribet amat ngulang-ngulang terus. Di perbaiki lagi donk yang lebih baek.",negatif,,negatif,,
Pemesanan kai untuk mudik terlalu lambat server selau penuh ujung ujungnyo lah kehabisan tiket bae padahal baru 5 mnit pembukaan tolong lah ditingkatkan lagi kai,negatif,,,,
"Mohon untuk disediakan Fitur tukar tiket jadwal keberangkatan, agar dak usah jauh² datang ke stasiun, soalnyo untuk anak kuliahan yang merantau akan nian berguna karena banyaknyo jadwal² kelas yang sering ber ubah ubah.",,,negatif,,
Parah nian lah beli tiket saldo lah terpotong tpi tiketnyo dak ado di pemesanan typo,,,negatif,,
"tolong tambahkan layanan penggantian nama penumpang dan akun yg memesan jugo pacak digantikan oleh wong lain, bintang 2 dulu klau lah ado layanannyo sy ganti",,,,,
Baru nyoba nian lah kecewa. Karena pilihannyo gabisa di klik. Ya cakmno nak lanjut administrasi men pilihan keretanyo gabisa di klik. Trs jugo suka ngefrezz gajelas bgt,negatif,,,,
"Aplikasi yg versi terbaru malah semakin sulit dapat tiket, lah war dibelain bergadang jadwal selalu belum tersedia giliran lah muncul lah kehabisan padahal memori bagus, koneksi bagus, kecewa sebagai pelanggan yg dr dulu selalu naik kereta kemana mana sekarang susah krn gadapet tiket terus 😑",,,negatif,,
"Jangan maksa update men blm nak update, apps lain dak di update 6 bulan pun pacak di pake, pacak dak cuman notif bae jangan maksa update",negatif,,,,
Seriuss kai access seburuk itu persiapan nyo buat lebaran tahun ini,negatif,,,,
"lah aku bayarrr tiket belum masuk jugo, najis aplikasi KAI setelah update",,,negatif,,
"Pesan tiket susah,, loading terus lah isi data penumpang klik lanjut tetep dak dapat tiket",,,negatif,,
"Ngapain pakai antrian, cuman hanyo cek tiket. Tolonglah bijaksana dalam membuat aplikasi. Jangn memikirkan untung sepihak",,,negatif,,
"halo kai, tolong baca ini. sedikit saran, mungkin next time untuk commuter line dhoho-penataran gausah ado tiket yang 'tanpa kursi'. aku gatau tujuan kalian mengeluarkan tiket ini untuk apo, tapi menurutku ini bener"" hal terburuk yang bikin aku kecewa. mungkin kalian ingin memaksimalkan penggunaan space kosong yang tersedia, atau mungkin mata duitan (?) entahlahh, tapi hari ini bener"" full nian, sampe bikin agak sesak nafas. btw, aku tadi tiba"" disuruh pindah tanpa ditanyo 'sedang sakit/dak'",,,negatif,,
"Berbelit2 aplikasi nyo. lah download tapi nak pakai dak pacak langsung, krn harus registrasi segala macam. Aplikasinyo tlg modul nyo dipermudah, supaya pengguna kereta terutama yg agak2 gaptek masih tetap pacak pakai.",,,,,negatif
"Pak untuk No Handphone di profil dak pacak di ubah, tolong di update agar pacak mengganti no Handphone di aplikasinyo aku bae bingung nak ganti. aku bae bingung nak ganti no hp y",,,,,negatif
Anjirlah tiap masuk apk tekah berhenti apk telah berhenti ini cakmno sih Uda install ulang tetep bae error ini developer cakmno woy,negatif,,,,
"Setelah di update malah nak pesankan wong tua, dak ado menu reduksinyo, alhasil hargo normal bukan lansia.",,,negatif,,
"ngapo aku dak pacak klik tujuan Pekalongan, tulisannyo dalam pemeliharaan...kok pacak berhari hari ???",,,negatif,,
"aku baru buka kembali KAI access, tapi akun aku ngapo harus upgrade basic lagi. Padahal sblmnyo lah terdaftar dan pacak transaksi, lihat histori tiket, lihat daftar penumpang yg pernah aku input. ikutin arahan utk upgrade lagi, system bilang ""already exist"".",,,,,negatif
App nyo msh banyak bug yg belum kelar... verifikasi berhasil tapi klik profile balik suruh verifikasi lagi. gtu bae mulu smp lebaran kelar 😢,,,,,negatif
maintenance aplikasi jelek. pembayaran gagal mulu. dak ado perbaikan. bad,,,,negatif,
"Jelek nian aplikasinyo lah dak cak dulu, setiap hari Jumat selalu ado masalah. Jadwal sering dak tersedia, di refresh terus tetap dak tersedia. Setelah beberapa menit pacak, tiket lah habis. Tolonglah diperbaiki:(",,,negatif,,
"Jadi ado antrian, dan cukup lama antri setelah masuk jadwal dak tersedia..",,,negatif,,
"aku lah isi data, tp ngapo ya nggk pacak pripikasi no hp... apo ado yg salah mohon bantuannyo",,,,,negatif
"KAI jangan gaet kaspro dah soal KAIpay sumpah buang-buang duet nian biaya adminnyo gede nian. ga ado top up yg free admin, mending gaet shopeepay, astrapay, atau ovo.",,,,negatif,
"Semakin kesini aplikasinyo semakin banyak trouble, men kebanyakan ngecek jadwal kereta, bakalan kena time out, ngapo harus ado time out? Kemudian mengecek ""Tiket aku"" jugo jadi susah, padahal jaringan pribadi lah nian bagus namun dari aplikasinyo berkata ""Ups!! Terjadi Kesalahan Mohon maaf kami mengalami gangguan saat sedang memproses. Silakan coba beberapa saat lagi dan pastikan koneksi internet Anda stabil."" Padahal lah bayar dan jam keberangkatan lah mepet, banyak errornyo sekaran",,,negatif,,
"upgdre skrg malah bikin EMOSI apo"" kena antrian.giliran dah masuk data muter lagii logout.stlah dapat pembayaran muter Lagi buat bayarnyo.akhirnyo Zonk sdah soldout. HERAN wong-wong YANG lah DAPET TIKET NYA DARI MANA??????CALOOO???aku YG lah PAKAI HP 10 PUN GK DAPET""!",,,negatif,negatif,
"Makin kesini aplikasi makin dak jelas,, cape² nungguin tiket mantengin HP giliran pacak dibuka tiket dak ado jadwal, setelah dibuka lagi tau² tiket habis,, dasar aplikasi dak jelas.",,,negatif,,
"Parah bgt aplikasinyo,pengen pesen gegara loading gk pacak msk dan alhasil tiket keburu habis .... dak jelas",negatif,,,,
"dak nian!!!! AKU dak MEREKOMENDASIKAN APP INI Untuk pesan tiket KA Bandara susah nian, mesti harus ado akun basic. Pas nak coba registrasi akun basic susah, beberapa kali di coba hasil jugo samo. ""EMAIL & NOMOR TELPON lah TEREGISTRASI"" HOW?!!! Ini baru pertama kali registrasi. Coba bikin akun baru, HASILNYA samo!! Bukan membantu mempermudah malah menyusahkan! baek dulu pacak di pesan lewat app satunyo lebih gampang dan gampang.",,,,,negatif
"Kebiasaan suka sering error, apalagi di waktu2 genting mohon perbaikannyo ke depannyo men memang sepenuhnyo pembayaran dan pemesanan tiket harus melalui aplikasi Sering rugi jadinyo harus bayar 2 kali, di aplikasi pemesanan tiket dan lewat loket 😡😡 Jaringan hp stabil dan tanpa menggunakan vpn (jangan jadikan jawaban karena koneksi internet yang dak stabil)",,,negatif,negatif,
"Isi saldo pke shopeepay lah kepotong shopeepay ny tp gx ado masuk saldo k kartunyo. Pemberitahuan d riwayat shopeepay lah berhasil, tp saldo blm masuk",,,,negatif,
"Update mulu, bukanyo ado optimalisasi malah tambah error",negatif,,,,
ngapo waktu nyo hanyo di beri 2 detik???,negatif,,,,
lah lama2 nunggu antrian online hampir 1 jam pas antrian aku tiba tiketnyo dak ado dan harus ngulang nunggu antrian lagi...tolong dong kai accsess sistem dulu lagi bae..ini aku jadinyo emosi,,,negatif,,
Aplikasi Gimic doang .. ga pacak buat psesn tiket lebaran kayanyo buat ordal bae karena hampir semua ngeluh ga pacak pesen tiket selalu habis ..,,,negatif,,
Ni cakmno sih kok tombol pembatalan pembelian tiket dak ado dan aku nian kecewa samo pihak kai d hubungin selalu nunggu antrian aku tunggu sampek 24am dak bisa2 selalu alasan selalu tunggu antrian tolong d perbaiki klu tdk pacak jgn d teruskan APP ni,,,negatif,,
"Tambah lemot sekarang, jadi susah pembayaran lama, susah koneck dak recomend pakek KAI Access sekarang",negatif,,,negatif,
"Aplikasi merepotkan kan..,giliran nak bayar dak pacak..,bagai mana KAI pacak maju...banyak penumpang..,sistem aplikasi nyo kayak gini.",,,,negatif,
"Min aku beli token via kai access setelah berhasil di suruh nunggu token dan diminta cek berkala. lah di tunggu tapi gk muncul2. Halaman riwayat dibuka error muncul ""request processing failed"". Terus cek token nyo dari mana lagi min",,,,negatif,
"lah milih tiket dan saat payment dak pacak pakai kai payment timeout terus, padahal lah ganti jaringan jadi dak kebagian tiket!!! kecewa",,,,negatif,
"ngapo sering bgt update sih, gada bedanyo jg.",negatif,,,,
Lemot nian ya allah nak pesen tiket bae lama bgt keburu kehabisan klo kyak gini😞😞 Tolong min perbarui lebih bagus,negatif,,,,
"Aplikasi bapuk, lah jadwal berantakan, giliran nak liat posisi kereta di aplikasi error mulu. dak ado yang beres👎",,,negatif,,
Butuh bantuan segera ! perlindungan perjalanan & jaminan refund dak pacak di akses. Mohon diperbaiki segera,,,negatif,,
"Aplikasi sering error, lah pesen via aplikasi eh dak muncul e-tiket nyo. tolong lah diperbaiki. Tambah fitur pengaduan pelanggan via aplikasi deh.",,negatif,negatif,,
Masa setiap buka apk nyo selalu harus update,,,,,negatif
"pesen tiket tanggal 15 januari untuk keberangkatan tanggal 16 januari tp sy batalin karena perubahan jadwal. sy lah ajukan pembatalan dari tanggal 15 januari lewat apk ini tpi sampai sekarang uangnyo blm di kembalikan jugo. tolong ini cakmno duet sy blm dikembalikan, knp blm ado konfirmasi sampai sekarang, lah seminggu loh??? sy jugo lah tlpn customer service g di angkat² Sungguh apk yg buruk dak amanah tolong kembalikan duet sy!!!!",,,,negatif,
"Tiap buka app minta upgrade ke basic lagi padahal lah upgrade, masukin lagi nik, pas pilih kursi ribet ga kena kena padahal masih status kosong..tolong tingkatkan lagi..",,,negatif,,negatif
"sampe ga pacak berkata2 , pdhl sinyal lah sebagus itu tp connect nyo lemot pol, habis di upgrade malah makin ribet. kota yg di tuju ga pacak, pdhl kemarin2 gampang bgt pesen tiket. lah update tp sering dak keluar jadwal kereta. aneh bgt!!",,,negatif,,
"Overall lah ok. Cuman satu jd kendala, ngapo akses topup KAI Pay gk pacak pakai dari bank BRI Proses topup saldo perlu waktu 15 menit dari pembayaran. ngapo tdk cak multitrip card commuterline isi saldo lebih cepet. men bae pembayaran tiket pakai multitrip mungkin gk seribet ini beli tiket kereta",,,,negatif,
Jadwal KRL dan Lokal dak sesuai jadi selalu terlambat,,,negatif,,
Aplikasi gajelas pake segala antri mana estimasinyo ga pas hitungannyo bukannyo mundur malah naik kan kocak wkwkwk,,,negatif,,
"Menurut aku sih secara UI lah rapih dan gampang digunakan untuk pemesanan tiket, tetapi masalah utamanyo aplikasi suka lemot dan error tiba2. men nak pesen tiket atau pembatalan lagi penambahan nomor rekening tiba tiba error unavailable, kedepannyo mohon diperbaiki server dan koneksinyo semoga appnyo pacak berjalan lancar jaya cak app sebelah.",,positif,negatif,,
"Tampilan lah lumayan ok , tapi aplikasi nyo lemot suka timeout lah non found lah. Ditambah lagi sekarang fitur pilih kursi dihilangkan. aku yg nak booking 11 kursi dimana 6 kursi buat anak2, jadi takut saling dorong atau sampe ke injak2 pas nyari kursi. Karna siapa cepet dia dapat , jadi harus buru2 buat ambil kursi kosong. Jadi kurang aman dan nyaman. Tolong buat KAI kembalikan fitur pilih kursi",negatif,positif,negatif,,
"Peningkatan kualitas fitur dan kemudahanyo lah nian banyak berubah, KAI terbaik",,positif,,,
"Versi baru KAI ini entah ngapo jdi merusak kenyamanan pake aplikasinyo. Pesan tiket pake metode QRIS sempat dak muncul untuk QR Codenyo, repot nian, harus dibatalkan pemesanan tiketnyo terlebih dahulu kemudian memesan tiketnyo kembali. Ini jadi ngerepotin jadinyo. Tolong diperbaiki, tampilan UI lumayan tapi kenyamanan pakenyo dak.",,positif,negatif,negatif,
"User interface dan user experience nyo lebih baek dari yg sebelumnyo, coba lupa sandi agak lama dapat kode otp nyo, mungkin pacak ditingkatkan lagi Untuk penggunaan aplikasi dari pesan tiket sampai pembayaran tanpa ado kendala, tingkatkan terus aplikasinyo!",,positif,,,negatif
"Tampilan aplikasi bagus dan cukup gampang digunakan. Namun, metode pembayaran untuk kartu debit/kredit dan e-wallet masih nian sedikit, hanyo tersedia kartu debit mandiri dan e-wallet OVO. aku harap di update selanjutnyo pilihan kartu debit/kredit dan e-wallet pacak lebih banyak lagi.",,positif,,negatif,
Masih pertama kali pake tp lah suka samo interface nyo. gampang dipahami. Yang paling suka bagian pembayaran karena pacak pake QRIS. jadi gampang nian. Terimakasih. Semoga semakin baek,,positif,,positif,
"Pertama kali aku unduh, aku cukup terkesan, semuanyo tertata rapi, kombinasi warnanyo menarik, informasi cukup lengkap, dan untuk mendaftarkan akun gampang nian. Pemesanan tiketnyo gampang dan cepet. Metode pembayaran pun beragam, pacak menggunakan kartu kredit/debit dan jugo e-wallet. jugo ado jadwal sholat yang nian berguna disaat perjalanan jauh dan antar kota. Namun, aplikasi ini jugo memiliki kekurangan, diantaranyo: TRIP PLANNER yang dak pacak diakses dan Selalu crash saat akses KCIC.",negatif,positif,positif,positif,positif
"Aplikasi nyo bener-bener membantu , UI & UX nyo bagus, terima kasih semoga makin banyak fitur baru dan stabilitas ditingkatkan",negatif,positif,,,
Simpel nyaman dan gampang,,positif,,,
"lah bagus nih sekarang, jadi nyaman pesen di sini",,,positif,,
Aplikasinyo gampang untuk digunakan,,positif,,,
"Alhamdulillah sekarang aplikasi KAI gampang utk log in, terima kasih buat KAI dan team Developernyo.",,,,,positif
lah pacak log in kembali. Bagus aplikasi berjalan lancar,positif,,,,positif
"Wah gila sih, aplikasinyo lah improve nian dari yang sebelumnyo, sekarang kyknyo dak ado session expired lagi, jadi login ny nian bae, terus fitur tracking nyo jugo bagus, booking tiket, tempat tiket yang lah dibeli, lgsg ado di home, jadi dak ribet nyari lagi, pokoknyo the best lah",,positif,positif,,positif
Aplikasi KAI sekarang nian gampang(karna menggunakan 1 aplikasi dan pacak bayar di Alfamart)👍🏻👍🏻. dak cak dulu ribet harus menggunakan 2 aplikasi(Apl Ovo dan KAI),,,,positif,
Alhamdulillah semua lancar dan gampang nian pesen tiket dan pembayaran nyo pakai Qris,,,positif,positif,
"Aplikasi lah bagus dan pembayaran jugo cepet menggunakan virtual account, terimakasih KAI",,,,positif,
"Meskipun lah baca review ttg app Access ini yg versi terbaru, tapi tetap install krn butuh tiket KA yg pacak reschedule/refund tanpa harus ke stasiun. Enggak ado kendala kok, malah lebih lancar dan lebih gampang drpd versi lama. Jika ado jeda loading, di app tiket lainnyo jugo samo. Menu pilihan tiket lebih terorganisir drpd app sebelah, menurut aku. Proses pembayaran + verifikasi + terbit tiket lancar dak ado kendala.",,positif,positif,positif,
"Lumayanlah, men enggak punyo KMT pacak pakai ini. Ganti stasiun walupun lah bayar tetap pacak diganti dan duet di refund. Mantap!!",,,,positif,
"good, memudahkan buat mesen tiket kereta jarak jauhdan pacak jugo sekalian liat jadwal krl, top up saldo kmt, app terintegrasi 🫶🏻",,,positif,positif,
Untuk tiket commuter Line metode pembayarannyo taroin QRIS BARCODE men pacak SEMUA TRANSAKSI TIKET ado PEMBAYARAN LEWAT QRIS BARCODE 🙏🏻☺️,,,,netral,
Lumayan dan mempermudah transaksi pembelian. Sering memakai akses qris,,,,positif,
"Aplikasi sebagus ini koq pada bilang aplikasi sampah. aku pengguna KAI Access lah bertahun-tahun & aman² bae tuh. Proses pembatalannyapun jugo gampang, dana langsung masuk ke rekening.",,,positif,positif,
"Aplikasi yang nian membantu dalam pemesanan tiket, akses cepet dan gampang, nian membantu mengurangi jadwal tidur anda, agar setres bertambah, terimakasih kai acces",negatif,negatif,negatif,,
"Sesuai dg janjiku dr bintang 3 lgsg aku kasih bintang 5. Tiket mudik PP done. Alhamdulillah terimakasih Allah terimakasih access by KAI. Total begadang war tiket 5malam. Standby dari jam 11. Bolak balik cek aplikasi.Di sini selain cepet²an yaitu untung²an. Karena berebut dg beribu ribu wong yg ingin mudik dg kereta yg harganyo paling murah dari kendaraan lain dan jugo dak macet.Sedikit tips:jika mencari kereta,selesai antrian ternyata tiket habis sebaiknyo klik pindah² tgl dg tgl sblmnyo.",,,konflik,,
"aku apresiasi buat developernyo, setalah banyaknyo kendala, lah mulai diperbaiki,terutama aku suka fitur antrianyo jdi gk harus adu kecepatan klik lagi dan ujungnyo diprank dengan tulisan tersedia padahal lah dak pacak. Semoga makin baek kedepanyo",,,negatif,,
"Sekarang aku lebih suka naik kereta, karena , pelayanannyo bagus, asik dan nyaman, dan murah tiketnyo Dan semenjak punyo aplikasi access by KAI sekarang lebih gampang untuk mendapatkan tiket kereta... Terimakasih access by KAI",,,positif,,
"Aplikasi Ter the best , ganti jadwal ,pesan tiket, booking tiket, check in online semuanyo keren. Kurang paham yg kasih rating jelek mungkin mafia parkir atau g mana😂... Kadang yg bagus dibilang jelek...yang jelek dibilang bagus..ya namanyo jugo bisnis lah ya... buat kalian ga usah dengerin langsung dicoba bae..",,,positif,,
langganan bgt pake aplikasi ini...dan so far sih nggk ado masalah proses booking dan pembelian tiket selalu oke dan nggk ado kendala,,,positif,,
"Diera digitalisasi ini memudahkan segala aktivitas, praktis dan cepet, termasuk access KAI nian mempermudah pembelian tiket kereta jarak dekat maupun jauh",,,positif,,
Pesen tiket kereta disini pastinyo lebih murah dari traveloka,,,,,
"Aplikasinyo bagus, untuk pemesanan tiketnyo jugo gampang dak sulit dan mempermudah untuk yang memakai aplikasinyo",,,positif,,
lebih gampang dan cepet nyari tiket untuk perjalanan jarak jauh dan dekat.,,,positif,,
"nian membantu, dan. nian gampang tanpa harus datang ke. Stasiun bila nak booking tiket,",,positif,,,
"Aplikasi yg nian bermanfaat dan memudahkan buat info tiket, jadwal serta tujuan KA. nian bagus..",,,positif,,
"caro termudah dan simple utk melakukan pembelian tiket kereta api ke semua tujuan .... menggunakan aplikasi ini nian gampang dan nyaman, apalagi sekarang ditambah fitur pacak menelpon contact centre tanpa pulsa ... bravo KAI ACCESS",,positif,,,
Keren dan bagus...lebih gampang dalam pemesanan tiket...Sukses selalu buat KAI.....,,positif,,,
nian bagus untuk info pemesanan perjalanan..transportasi,,,positif,,
Bagus aman nyaman mending beli tiket kereta langsung di aplikasi nyo,,positif,,,
"gampang digunakan untuk membeli tiket, saat ke datang cukup scan barcode tiket👍👍",,,positif,,
Aplikasi nian bagus nian lebih gampang sekarang tanpa ribet booking lagi,,positif,,,
Aplikasi bagus bangettt.. aku sering pesan tiket lewat sini,,positif,,,
cukup membantu untuk pesan tiket kereta..,,,positif,,
"Sekarang lah mulai bagus, pemesanan lancar, semoga dak ado kendala lemot lagi. Tingkatkan lagi bae biar lebih nyaman order via kaiacces nyo.",,,positif,,
nian membantu dengan ado y access kai,,positif,,,
nian bermanfaat dan membantu dalam pemeriksaan tiket kereta api,,,positif,,
"Alhamdulillah...dgn aplikasi ini nian membantu, mempermudah dlm urusan perjalanan dgn kereta api. Terimakasih KAI.",,positif,,,
nian memudahakan untuk pembelian atau perubahan jadwal tiket pulang atau prrgi,,,positif,,
Dengan aplikasi ini nian membantu dalam melakukan perjalanan dari mana bae tanpa mengantri di loket pokoknyo mantap nian membantu,,,,,
Pelayanan untuk pembelian tiket serta jadwal selalu tepat waktu.,,,positif,,
"bagus, efisien waktu, bebas calo, informasi jadwal akurat",,positif,positif,,
Aplikasinyo bagus dan memudahkan untuk pembelian tiket kereta.,,positif,positif,,
"Aplikasi ini, memudah beli tiket kereta api.",,,positif,,
Aplikasi nian membantu memudahkan dalam transportasi pembelian tiket kereta,,,positif,,
Applikasi yang gampang dipakai dan nian membantu dalam pemesanan tiket KA,,positif,positif,,
"Menurut aku lah ok nian, pesan yiket pacak kapan bae, ngapo yg lain pada kasih rating buruk ya",,,positif,,
Cari tiket kereta api lebih gampang dan gampang,,,positif,,
nian membantu dengan gampang mendapatkan tiket,,,positif,,
Penggunaan Access by KAI nian memudahkan pemesanan tiket perjalanan aku.,,,positif,,
nian membantu mempermudah pembelian tiket👍👍,,,positif,,
nian membantu dalam pesen tiket kereta.,,,positif,,
gampang pemesanan melalui aplikasi Access KAI,,,positif,,
nian membantu untuk boking tiket..,,,positif,,
"mantap, hargo tiket sesuai yang kito beli",,,,,
Segala urusan per Kereta Api an jadi gampang dengan aplikasi ini,,,,,
Pakai aplikasi kai pesan tiket lebih praktis,,,positif,,
Untuk pemesanan lebih gampang,,positif,,,
Alhamdulillah gampang buat pesen tiketnyo. G harus ke alfamart dan Indomaret dulu. kito dirumah pacak pesen sambil tidur 2 an.,,positif,positif,,
Bagus mempermudah pembelian tiket kai,,,positif,,
nian membantu dalam pembelian tiket,,,positif,,
Memesan tiket kereta api lebih gampang,,,positif,,
nian membantu dalam pesan tiket kereta api,,,positif,,
"Mantap ado aplikasi ini, dak perlu antri di stasiun atau di indomaret.",,,,,
Ga pernah gagal men pesan tiket kereta,,,positif,,
cepet dan membantu pemesanan tiket dak perlu ngantri panjang di loket tmksh,,,positif,,
Aplikasi ini nian membantu nian ga usah repot2 harus beli tiket ke stasiun cukup dengan KAI👍,,positif,,,
"Access by KAU, bagi aku nian baek, membantu percepatan cari tiket KA yg sesuai dgn kebutuhan trayek dan hargo tiketnyo.",,,positif,,
Semoga slalu d permudah untuk pesen tiket melalui KAI access. sukses slalu buat KAI access,,positif,,,
gampang mencari tiket dgan onleain,,positif,,,
Beli tiket jadi gampang bingit,,positif,,,
Bagus memudahkan pesan tiket kereta,,positif,,,
nian membantu dalam proses pesan tiket KAI,,positif,,,
gampang beli tiket kreta pulang pergi sesuai plening,,positif,,,
Jadi gampang cari tiket nyo,,positif,positif,,
cepet dan akurat persyaratan dak ribet nian isi data dak perlu isi data lagi jos pokoknyo,positif,,,,positif
"Permasalahan lah diperbaiki, update terbaru lah enak aplikasinyo..",positif,,,,
nian efisien dan mempermudah akses perjalanan,,,,,
Update terbaru dan terus perbaiki kualitas layanan,,,,,
"Dari bintang 2 lah sya update ke bintang 5 min. Alhamdulillah aplikasi nyo sdh lancar dan bagus, semoga kedepannyo lebh baek lagi dan jaringan selalu lancar",positif,,,,
"pt kai memang mantap,sistem dan pelayanan nian baek",,,,,
cepet dan gampang buat kami,positif,,,,
"Bagus pelayanan,cepet tanggap",,,,,
Bagus praktis dan cepet,positif,positif,,,
gampang cepet praktis keren,positif,positif,,,
"cepet, dak ribet, mantap",positif,positif,,,
Mantap lebih gampang access nyo,positif,,,,
"Terima kasih KAI lah lebih baek Apps nyo, josss memudahkan Kami",positif,,,,
"Aman ,belum pernah ado problem. nian membantu.",positif,,,,
"Semangat KAI ACCSES Aku yakin apk KAI ACCSES pacak lewatin semua kendala yang ado, sejauh ini aku ga pernah ado kendala yang berarti semua baek, dulu pernah ado kendala tapi semua diselesaikan dengan baek oleh cs KAI acces, SEMANGAT TERUS YA",,,,,
"Aplikasinyo nian bermanfaat, sejauh ini sih jarang erro iya. Aman dan lancar aplikasinyo",positif,,,,
Bagus lebih efisien dan gampang kemana2 pokoknyo mantap,positif,,,,
Penggunaan aplikasi selama ini lancar dan pelayanannyo baek. Terimakasih KAI. Semoga semakin baek pelayanannyo.,positif,,,,
Lebih memudahkan & nian Membaantu,positif,,,,
cepet dan lancar jaya,positif,,,,
Semakin cepet pelayanannyo,,,,,
Terus tingkat kan..mantap,,,,,
lah pacak lagi cak semula,positif,,,,
Praktis dan gampang mengakses layanannyo,,positif,,,
Aplikasi ini nian membantu,,,,,
Sdh bagus cpt dpt mengaksesnyo,positif,,,,
Pelayanan dari aplikasi ini makin BAGUUSSS 👍🏻,,,,,
Well beberapa improvement yg keren. pacak tracking kereta lah sampai mana meskipun belum mulai naik. Isu lemot saat akses kayaknyo lah dibenahi. Keren,,,positif,,
"Dari app lama sampe sekarang dak pernah aku mengalami kesulitan , yang sering kendala mungkin device nyo kurang bagus Wkwkwk 🤣 dan jarang diperbarui perangkat lunak device nyo .",,,,,
"dari tim IT nyo PT.KAI, mohon segera diperbaiki karena data tiketnyo tiba2 dak ado. aku lah konsul dg teman di KAI ternyata suruh logout dan login lagi, dan alhamdulillah berhasil. mungkin buat bapak/ibu temen2 yg mengalami error atau kendala yg samo atau kendala lain, bs dicoba solusi ini. TRIMS",,,netral,,
"Aplikasi KAI Acces sebelumnyo lebih simple dan jelas, digunakan langsung lancar sesuai yg dituju. Setelah diupgrade dg yang baru, hanyo untuk mengecek posisi kereta bae dak pacak tampil dak pacak diklik???Lebih baek kembalikan cak aplikasi KAI yg AWAL, lancar digunakan, tampilan jugo jelas. Upgrade baru malah jika diklik posisi kereta yg ""seharusnyo keluar menu tampilan jadwal posisi kereta"", mengapa ini malah hasilnyo loncat ke ""pesan tiket CommuterLine""👎",,,negatif,,
"nian baek inisiatifnyo, tapi masih banyak perbaikan fundamental. dak user friendly, cak mencari menu pengembalian tiket susahnyo setengah mati. Hal-hal detail lain, cak kolom pendaftaran, mengisi tangga lahir jangan pakai date picker cak itu, gesernyo ke tahun kelahiran kebanyakan. Saran aku bagi tim dev libatkan lebih banyak testing ya. aku tetap rekomendasikan aplikasi ini, dan aku catat bila ado kesulitan. Update: men tiap update harus login lagi ya mana tahan..",,negatif,,,negatif
"Kesan pertama tampilan nyo kurang nian jauh lebih suka sebelum di update dan pembayaran cuman pacak lewat link bae? Klo pacak balikin bae kayak dulu tampilan, menu semua nyo deh Kesan kedua setelah 5 tahun lah jauh lbh baek minusnyo cmn 1 dan selalu Down servernyo klo lg war tiket mudik",,negatif,negatif,negatif,
"lah donwload dari dulu dan dak pernah merasa nge hapus.. tp kok icon nyo dak muncul di hp sayaa yaa... jd aku kira ke hapus... pas nyari lg di playstore ""Kai Acces"" bukan ""Instal"" tp ""Buka""... Aneh sihh...",,,,,
Halo kepada direksi PT kai tololl cakmno updatenyo yang sekarang ini lah gambar nyo jelek 👹👺👹👺 sekarang kok pesan tiket malah jadi sedikit waktunyo cuman 25 detik harus nyo minimal 1 menit guoblok kok pas lah update malah jadi guoblok aplikasinyo balikan lagi ke versi yang kemarin lebih simpel dan gampang,,negatif,negatif,,
"Aplikasi sering update hanyo untuk ganti UI bae tanpa update bug lainnyo, itu nian parah.",negatif,positif,,,
"Cukup terbantu dengan aplikasi kai, tapi kadang suka kesel men tiket tinggal satu coba di booking tapi dak pacak, pas dicoba terus eh keburu di booking orng lain, ditambah user interface front end nyo kadang kaga jalan, nak cancel ga pacak, nak booking tiket ado tapi gabisa di booking. Mohon di bikin perbaikan yang proper dulu baru di update, jangan tiap 2 bulan perbaikan",negatif,negatif,negatif,,
"Please jangan pake SMS verifikasinyo! Menyulitkan bae hobby BUMN ini. Kan lah ado WhatsApp, ngapo dak pake itu? Nungguin SMS ini lama nian padahal men lancar KAI pacak lebih unggul dari Trav*l*ka,. Ini susaaaaah nian dan kito lah mendidih emosinyo. Please suruh karyawan IT nyo benerin user interface nyo",,negatif,,,negatif
"Aplikasi ini bagus, tapi dari UI/UX bae, dak user firendly dari informasi yang ditampilkan pada aplikasi yaitu dak adanyo detail terkait lokasi pas stasiun pemberhentian berada di stasiun dengan nama apo, berada di kab/kota mana, kecamatan mana, intinyo alamat lengkap stasiun pemberhentian. Ini samo bae dak ado gunanyo membuat aplikasi karena user harus repot"" untuk tanyo"" ke loket pemberhentiannyo di daerah mana dan lain lain.",,konflik,,,
"Tolong kembalikan versi lama, karena tampilan nyo bagus daripada yg sekarang ribet",,negatif,,,
"Posisi kursi menghadap kemana tolong lebih diperjelas gambarnyo agar sekeluarga pacak berkumpul berhadapan, terimakasih perbaikannyo.",,,negatif,,
"KAI Access sekarang jelek bgt aplikasi nyo ga kaya Kai access yang dulu yang sebelum di perbarui baguss, Tapi Sekarang pas lah di perbarui malah jelek nian!!!!! 👎🏻👎🏻👎🏻 Bikin jengkel",negatif,,,,
"Wah sepertinyo setelah update UI baru, malah ribet. ngapo harus keluar akunnyo. Yang terjadi saat akun keluar nak masuk lagi terjadi eror, otp pun sepertinyo bug. Sepertinyo perlu ado perbaikan lebih lanjut kak dan mitigasi sebelum perpindahan new ui. Terima kasih",,negatif,,,
"interface yang sekarang malah mempersulit untuk war tiket. Siapa sih yang ngide? men nak pesen harus buka dulu perkereta. Lebih baek cak sebelumnyo, yang menampilkan semua jenis kereta. dak semua inovasi harus melakukan perubahan yang ga perlu mungkin pacak diberi pilihan tampilan menu bagi pengguna ingin interface yang lama atau baru.",,negatif,,,
"Aplikasi tolol, lemot bget, UI UX jugo susah, harusnyo pilihan nik jadi default (kan ga banyak turis tod), dan milih NIK-nyo itu harus dipencet titiknyo bukan luas di teks... Bego bener dah, pesanan dibatalkan setah 4 menit pilih bangku, tapi ga ado riwayat pesanan jadi susah harus input satu2 lagi nama penumpang",negatif,negatif,negatif,,
"dak jelas nian aplikasinyo setelah update, Tiap pilih kursi pilih nyo nomer brp, eh pas checkout masa tiba2 ganti nomer.. Pas bayar di mbanking lah berhasil, tapi di aplikasi blm terbayar.. Sumpah eneg nian samo apl yg baru mana tampilan nyo ngebingungin nian, enak yg versi lama dak ribet",,negatif,negatif,negatif,
"Aplikasi yg baru ribet, kebanyakan fitur tp malah bikin ribet, gampang eror. Enak yg lama tampilan simpel tapi, gampang digunakan, pesan & cek tiket gampang, dak gampang eror",negatif,negatif,,,
"Aplikasinyo yg sekarang jadi aneh, men lah keluar aplikasi nak lihat kode qr buat pembayaran gabisa bagusan versi yang dulu. Saran aku kembali ke versi dulu yang lebih simple tampilan tpi jelas. Tolong diperjelas lagi sistem aplikasinyo",,negatif,,,
"sampah nian aplikasi ini.. pasti anggaran nyo habis di korupsi.. lah ui lemot, ux nol besar, nian nak coba top up error duet hangus...di hubungi cs tambah no respon... gini amat.. rugi di waktu tenaga dan pikiran... update, setelah update apatu..apatu.. apatu.. nak reservasi tiket malah connecting train mulu..hadeuh .",,negatif,negatif,negatif,
"Aplikasi bosok, dlu kai access enak tampilan lama, skrang tampilan baru busukk...time out² sndri anjjng buang waktu, tenaga, kl.mmng blm siap dgn tampilan aplikasi baru dak usah sok²an ganti aplikasi tampilan. Tdk memudahkan tapi mempersulit bli tiket.",,negatif,,,
"tampilan semakin aneh, bikin bingung, dan lemot sejak major update menjadi Access by KAI. seharusnyo yang namanyo inovasi itu inovasi yang harus pacak diterima dan di gunakan oleh semua kalangan, serta mengutamakan user friendly dan kemudahan penggunaan. Ini kok justru sebaliknyo. Aplikasi yang dahulu masih lebih baek performanyo dibanding yang sekarang. nian berat dan kasihan yg punyo handphone kentang pasti lemot nian. Tolong lah diperhatikan.",negatif,negatif,,,
Aplikasi membingungkan pengguna kereta api .. Pembuatnyo ga bermutu,,negatif,,,
"Baru update beberapa minggu lalu masa update lg,, apasih yg di update? Wong tampilan dan menu jg masih itu2 bae",negatif,,,,
"Tema aplikasinyo kurang simple, dan sistem kerjanyo agak ribet. Itu bae sih",,negatif,,,
"User interfacenyo gonta-ganti, bikin bingung !",,negatif,,,
Payah 👎 Aplikasi nyo jelek. Websitenyo jugo jelek. Payah payah. 👎,negatif,,,,
logonyo kai masih belum berubah,,,,,
"aplikasi indo sampah, gausah launching di playstore bae men kek gini, ga siap buat ngasih layanan ke masyarakat luas, sok² an bikin ui bagus tapi sistem kek sampah ga guna",negatif,positif,,,
"Sejujurnyo aku lebih suka aplikasi KRL dan KAI yang dulu, terutama KRL nian gampang untuk mengecek dan membaca jadwal pemberangkatannyo dibanding yg lah terupdate ini, yg ini sejujurnyo aku bingung nian",,negatif,,,
"aplikasi ribet, UI dak freandly, sulit buat lihat jadwal kereta lebih baek access yg sebelumnyo, QA terlebi dahulu sebelum diluncurkan, banyak nian minus yg menyulitkan pengguna",,negatif,,,
Katanyo ado sistem antrian men lagi high demand. Tapi kok aplikasiku tampilan waitingnyo ga samo kaya yg diupload di IG KAI ya. cuman tulisan anda sedang berada dlm antrian sedetik abis itu tulisan dah ilang. Padahal dah versi terbaru. Giman ini KAI alhasil ga pernah berhasil dapat tiket kecewa bgtt,,negatif,negatif,,
"Tolong perbaikan UX nyo di halaman pembelian tiket, terutama pada saat pilih kursi, icon edit nyo gk membuat user aware men disitu ado fitur untuk pilih/ubah kursi, sebaiknyo diganti TextView bae menjadi ""Ubah""/""Pilih kursi"" instead of icon pencil",,negatif,,,
aku nian puas dgn aplikasi KAI online yang sebelumnyo karna aku pengguna aktif kereta lokal untuk urusan mengurus orangtua.. tapi sekarang ngapo jadi ribet ga pacak liat jadwal secara lengkap dan harus diurutkan dahulu.. tolong dikembalikan lagi bae ke settingan awal biar lebih simpel.. mohon perrhatiannyo makasih..,,negatif,,,
sering error ux nyo gk user friendly ribet nian banyak bug,negatif,negatif,,,
Aplikasi bapuk! men belum siap jangan launching lah top up dak masuk masuk! UI dak ramah banyak fitur transaksi yang ngablu Mohon diperbaiki aku ketinggalan tiket pesawat aku gara gara kalian,,negatif,,negatif,
"Tolong perbaiki lagi dong sistem app nyo, aku 3 malem bela belain bedagang nungguin pesan tiket lebaran bulan april 2024 padahal jam 11:59 lah stay begitu kik pemesanan nunggunyo sampe 1 jam masih dalam antrian 😮‍💨 begitu di ulangin lagi eeehhhh tiket dah pada abis semua , error pulak not fund terus 😮‍💨 . men versi sebelumnyo lah bagus tampilan simple gampang digunakan tp versi terbarunyo diluar nuruuuullllll nian membagongkan😤",,negatif,negatif,,
Mohon untuk team kaiAccess. pacak menambahkan icon kursi di ekonomi pre dan eko untuk memudahkan pemilihan kuris yg menghadap se arah dari jalan nyo kereta biar dak salah memilih kursi yang jalan menghadap ke belakang seolah2 kereta jalan nyo mundur. Menghindari penguna kereta yg mabuk perjalanan. Dan kasih tanda panah di antara kuris ab dan cd sesuai dng arah kereta jadi penumpang pacak memilih kursi yg sesuai dengan nyo,,netral,,,
Perubahan membuat pengguna yg lanjut usia menjadi bingung 😇,,negatif,,,
"Keterangan dalam aplikasi kurang lengkap, dak ado pilihan untuk pengisian data anak. Hanyo ado pengisian identitas KTP/Paspor yg mengakibatkan kesulitan dalam pengisian, petugas jugo dak ramah dan nian dak membantu. Terimakasih",,negatif,,,
"Loh...loh...looh... aplikasinyo tgl 9/2/2024 setelah di update dan tampilannyo jd warna imlek, ko gk pacak dibuka, malah muncul dak ado KONEKSI INTERNET, pdhl kuota full, buka aplikasi lain jg normal2 bae",negatif,,,,
"Aplikasi nyo tolong di benerin lagi dong, jangan keseringan berubah tampilan ini itu. Utamakan fungsinyo, ini sering log out sendiri. Beli tiket susah.",,negatif,,,
"Mohon ditingkatkan lagi kompatibilitas untuk perangkat foldable, di Samsung Z Fold5 dan 6 pacak dioperasikan lancar di layar luarnyo karena memang kondisi ratio nyo samo dengan smartphone candybar biasa. Namun, ketika menggunakan layar dalam (layar utama/besarnyo), seringkali operasi pembayaran gagal terutama yang mengharuskan launch situs web pihak ke-3, sering dak pacak tampil konten nyo, sehingga mengakibatkan gagal melakukan pembayaran. Terima kasih.",,negatif,,,
"dak pacak menyimpan pesanan, jadi ketika keluar menu lalu nak bayar dak ado pilihan apa2 kcuali batalkan pesanan, jadi harus langsung dibayar ketika memesan tiket, benar2 payah",,negatif,,,
"nian buruk dan mengecewakan khususnyo terkait transaksi top up,lambat terupdate ataupun dak berhasil.",,,,negatif,
"Aplikasi ini terlalu buruk dan terlalu banyak human error, terutama pada bagian pembayaran setelah memesan tiket yang terus-menerus mengalami error berbagai macam. Seharusnyo aplikasi ini masih dak layak berada di pasaran. Bintang 1 bae terlalu baek untuk aplikasi ini karena error yang variatif di berbagai menu",,,,negatif,
"UPDATE NYA TERUS TERUSAN TAPI BAPUK, lah SERING STUCK.LOADING KADANG JADWAL TIKET GA MUNCUL KADANG EROR, PESEN ONLINE men APES PAS PEMBAYARAN GAGAL, duet GA BALIK BUSET, EMANG GA SEBERAPA HARGANYA SIH TAPI YA cakmno YAK WKKWKW",,,negatif,negatif,
beli pulsa lah terpotong tpi gagal.dan saldonyo dak kembali..,,,,negatif,
"selalu ado masalah di pembayarab, lah isi saldo tapi dak masuk masuk saldo nyo",,,,negatif,
"Pesen tiket h-7 jam 12 mlm biar dapet kursi tapi error terus, pas lah di pembayaranpun jugo eror. lah komplen lewat email jugo ga di respon². Buruk nian sumpah, tolong segera diperbaiki krn apl banyak yg pake dan pasti dibutuhkan buat mempermudah beli tiket",,,negatif,negatif,
"Buat fitur KAI Pay sungguh ""ga berguna"" 1. Optimasi saldo butuh waktu yang cenderung lama padahal pembayaran dlm status berhasil melalui berbagai platform khususnyo via transfer bank 2. Perubahan jadwal dengan pembayaran melalui KAI Pay padahal saldo tertera sesuai namun tiket yg di pesan hilang dan blm ado kepastian penggantian tiket yang diubah 3. ado aplikasi tapi ga disediain fitur live chat nian memberikan pengalaman buruk bagi pengguna. Not recomend mending beli di web atau langsung",,negatif,negatif,negatif,
"Baru kali ini ado e wallet top up saldo lama nian masuknyo. Dari m banking lah sukses, masuk ke saldonyo lama nian. Ini e wallet apo top up slot",,,,negatif,
"Top up KAI Pay dak masuk, CS jugo dak responsif",,,,negatif,
"Sering menggunakan apk ini,tapi kecewa bgt karna terakhir transaksi,lah isi kai pay lah pesen tiket jugo ,tapi transaksi dak masuk ,dak dapat tiket tapi saldo lah terpotong,lah chat customer service nyo dak ado respon ,duet dak kembali",,,,negatif,
"lah bayar tiket , tapi gadapet tiket nyo gmna tuh ? malah jadi kedaluwarsa, apk ga guna malah rugi duet aku",,,,negatif,
Kaipay nyo ga pacak d gunakan untuk qris. Tolong secepatnyo d perbaiki,,,,negatif,
"Parah bngt si ini.. Psen tiket kereta antar kota lah rebutan war.. lah aku bayar lewat qris brimo.. lah berhasil pembayaran nyo.. Di cek di apk ny kok mnunggu pembayaran smoe wktu hbis. Bdhl sudh byar.. Duit msuk kmba tuh suee2.. G jlas ini apk.. Mna, duit lumayan lgi",,,,negatif,
"Hati-hati dengan aplikasi ini. Jangan tautkan kartu Debit/Kredit anda. Pengalaman pribadi aku, pesan 1 tiket tapi saldo kartu debit aku terpotong 2 kali dengan nomer tiket yg samo. Input kode OTP error melulu. Sekalinyo pacak langsung terpotong 2 kali. Aplikasi terburuk yg pernah aku instal. nian merugikan. nian lagi jangan tautkan dengan kartu Debit/Kredit anda..!!!",,,,negatif,
"Dengan seringnyo berpergian dengan kereta pasti mengikuti aturan yang berlaku, namun aplikasinyo dak mendukung dari segi kenyamanan pengguna , terkadang susah di akses , leg , pembayaran yang gagal serta Qris yang dak pacak di proses di tambah pengembalian dana yang nian lama 🥲 lebih di tingkatkan lagi untuk hal di atas 😉",negatif,,,negatif,
"Gua bli pulsa di kai Access saldo lah berkurang tapi pulsa blum masuk dan,transaksinyo dak ado ,emang lah eror apk ini tolong di perbaiki min ga banyak kok 50k tapi kecewanyo itu karna yang di cari pelanggan itu kenyamanan.",,,,negatif,
Aplikasi sering eror : 1. jadwal hilang timbul. 2. selesai memilih penumpang dak pacak lanjut 3. pembayaran sering eror Ayo KAI perbaiki lagi aplikasinyo,,,negatif,negatif,
"Haduhhh ... Ini apk ngapo sih?? Tiap update selalu begini, tiap kali update loooo, tolong lahhh saldo di KAI pay ga pacak digunakan!!!exp pacak begituu yaaa??? Mo transaksi tulisan exp. Yukk ditindaklanjuti lah di e-mail jugo kan masa blm ado respon ??",,,,negatif,
"proses pemesanan tiket membuat KAI pay terpotong 2x, lah dilaporkan. penggantian diberikan 60 hari kerja setelah tanggal pelaporan, Rp 70,000 menunggu 60 hari kerja ? kami dak pacak memesan tiket melalui aplikasi mulai 13 Januari 2025",,,negatif,negatif,
"Payah, aplikasi BUSUK tinggal bayar bae susahnyo minta ampun",,,,negatif,
Time out terus pas pembayaran biasanyo lancar lancar bae,,,,negatif,
Potongan KAI pay yang dak transparan dan jugo nian lama untuk melakukan topup,,,,negatif,
dari semua ulas lah nian mewakili keluh kesahnyo selama ini. Apknyo bagus nian membantu. cuman lamban laun justru banyak kekurangan yg terjadi. aku sering pesan tiket. Dan wktu itu dimana kondisinyo urgentilitas eh mana reload nyo lama nian dan ternyata paymentnyo gagal dan entah kemana tapi saldo kepotong. Yamasak infaq dong jadinyo.pembelian yg lain kaya pulsa dsbnyo di fitur samo dan saldo kepotong. Mana dak ado opsi return nyo. Terus pembayaran yg lah kepotong minta ke siapa. Hmm,,,,negatif,
"aku lah top up kena admin 6.500, aku isi 20ribu kena 26ribu 5ratuss. Setelahnyo masih kena lagi 2ribu, total bayar 26.500 yang masuk 18ribu, aku kudu nombok lagi buat top up. aku hanyo butuh 20ribu ribu tapi yang aku keluarkan 43ribuuuu dan masih kena admin 4ribu lagi. Demi Allah aku ga iklhas duet aku hilang sia sia. Biar jadi nanah samo paku itu duet yang kalian ambil.",,,,negatif,
"Top up lah ... 1 jam lebih gamasuk masuk keburu tiket abis, nice lah",,,,negatif,
ngapo aplikasi ini sekarang jadi susah d gunakan ya.?proses pembayaranyo susah nian.katanyo aplikasi ini untuk mempermudah tp nyatanyo mempersulit.tolong dong d perbaiki lagi aplikasinyo.,,,,negatif,
"Pemesanan tiket sering kali gagal, tapi saldo kai pay tetap kepotong, payah",,,negatif,negatif,
lah isi data penumpang smua tinggal klik bayar tapi layanan dak tersedia terus dari pagi sampai tengah malam tetep dak pacak bayar .berkali kali buka aplikasi dalam sehari cuman nak bayar tetep gakbisa. Tolong dong🤦‍♀️,,,,negatif,
"perasaan sering bgt maintenance nyo, dari caro pembayaran lah, dari upgrade lah, men pas waktu urgent lah amsyong dah",negatif,,,,
"men top up KMT melalui KASPRO Saldonyo lama masuknyo, ngisi saldo dari kemarin Sampe sekarang belum masuk saldonyo. Tolong diperbaiki Aplikasi ini loading terlalu lama, Ditunggu sampe 15 menit , dak ado saldo masuk. Terima kasih.",,,,negatif,
"nian nian kecewa dengan aplikasi ini, waktu dari konfirmasi pembayarannyo ke dapat e-tiketnyo di aplikasi nian nian lama padahal seharusnyo dengan aplikasi pacak lebih cepet dan efisien. Akhirnyo aku ketinggalan kereta dan pembayaran yg aku lakukan percuma. Tolong diperhatikan dan ditingkatkan lagi performa aplikasinyo.",,,negatif,negatif,
"Isi 10.000 yang diterima 7.100, ini belum termasuk pajak?",,,,negatif,
aku beli tiket lebaran giliran nak pembayaran loadingnyo 1 jam akhirnyo gagal dak dapat tiket.tolong diperbaiki sistemnyo terutama SDM NYA!!!!!,,,,negatif,
"Proses pengembalian dana refund nian sullit nian,nilainyo dak seberapa,tp kito beli tiket terjadwal bukan tanpa alasan tiba² di perjalanan di cancel tanpa ado solusi,rencana jadi kacau,munkin proses dana refund gampang sih masih oke",,,,negatif,
"aku semalam lah melakukan top up kaipay melalui mbanking ,saldo di livin lah terpotong tetapi sampai sekarang saldo kaipay nyo tetap 0 lah mencoba menghubungi cs tapi respon nyo terlalu lama",,,,negatif,
"ngapo 1? karena lah pesen 2 kali gagal terus, duet dak kembali, operator dak membantu samo nian",,,negatif,negatif,
"Aplikasi sampah, banyak ngebug, kebanyakan konsumen yg nian kecewa, aplikasi macam pribadi sendiri, tiap transaksi saldo kepotong sendiri belum deal buat beli tiketnyo, duet untuk beli tiketnyo kaga pacak di kembalikan, alasan ABCD,ini layanan untuk konsumen sendiri bukan buat bisnis pribadi atau perorangan, Komplain kaga di jawab, Ranting Sangattttt jelek, buatan pt access terjelek buat Transaksi untuk traveling,Jadi..!!!! Jangan seenak nyo!!!!!",,,,negatif,
"Cari tiket lebaran baru 1 menit dh habis saat pembayaran,, lah terlanjur isi saldo tiket habis duet pun dak dpt ditarik kembali,, Harusnyo saldo pacak dikirim/ditransfer, Jadi duet tertahan di aplikasi,, semoga diperbaiki LG, Harus ado kirim/transfer saldo, Klau sdh ad NNT Bru rubah *",,,negatif,negatif,
"Aplikasi ga pacak diandalkan. Ikut pesan tiket lebaran, lah masuk antiran, lah berhasil pilih kereta, tapi saat proses pembayaran statusnyo 'time out' terus. Mengecewakan nian",,,,negatif,
"PARAHH, sistem down. Ga pacak check out tiket. Muncul notif time out dsb. Ditambah waktu payment jugo ga pacak. Ini KAI terparah karena di tahun tahun sebelumnyo server KAI dak sampai cak ini",,,negatif,negatif,
"Aplikasi sering bug pada saat pembayaran baek itu melalui QRIS ataupun KAIPAY loading lama yang akhirnyo time out, telepon Contact Center 121 dak pernah respon atau dak pernah diangkat teleponnyo.",,,,negatif,
"Parah nian, masa setelah update, aku lah dua kali bayar tiket lokal pake QRIS BCA, tapi tiketnyo pas dicek ga ado😭😭😭 Tiket lokal cuman goceng, kebayang men kejadiannyo pas beli tiket antarkota😭",,,negatif,negatif,
"Jaringan bagus buka aplikasi lain lancar, tapi buka KAI error terus. Saldo masuknyo lama, katanyo biaya admin dipotong dari bank langsung, padahal bank nyo tanpa biaya admin tapi pas masuk tiba tiba kepotong 1.500rupiah, yah walau dikit tp harusnyo ado pemberitahuan. men gini misal nak beli tiket kurang 1.500 ya gabisa. Tolong perbaiki lagi aplikasinyo",negatif,,,negatif,
Setiap nak bayar tulisannyo terjadi kesalahan muluuu ini lah beberapa kali aku pesen tapi pas nak bayar gitu muluuu,,,,negatif,
"Tolong dong min, tiket lah di batalin tapi duet belum masuk ke rekening",,,,negatif,
"beli tiket kereta api bae dak pacak nih, padahal KAIPAY lah di isi parah ni aplikasi ini",,,negatif,,
"Sumpah aplikasi yang buruk.... Binding shopee lah beres,giliran nak bayar gagal terus... men bikin aplikasi tolong yang sdikit berguna,jangan bikin susah",,,,negatif,
"Top up saldo dari jam 13:50 sampai jam 18:03 belum masuk jugo saldo nyo,,terlalu lelet aplikasi nyo",,,,negatif,
"Lama nian sih, topupnyo. lah 15 menit dak masuk "" . Woy perbaiki ini kendala",,,,negatif,
"Pertama.. ngapo dikasih waktu milih tiketnyaa cuman beberapaaa detiikk sih KAI??? lah nak lanjut payment tiketnyo malah habis diwaktuu😭😭 diulang"" jugaa hasilnyo samo! Kedua.. Pengalaman lah berhasil transaksi pembayaran,,tapi tiketnyaa hangus karna kehabisan waktu.. what do you mean?? Haa?? Ku harus belii ulang tiketnyo sampe top up ke aplikasi KAI,,tapi adminmuu gedee bgt woy.. lah nombok tiket dobel,,nombok admin.. paraaaahhhhh",,,negatif,negatif,
"Pembayarannyo error terus lah pilih shopee tp loading pake qris sempet erroe bbrp kali, pake dompet kai lah top up eh lama masuknyo alhasil pas lah pacak d bayar pake qris eh malah masuk saldonyo smg nanti d perbaiki lg system pembayarannyo",,,,negatif,
Tolong dong dari pihak developer apk ini bila perlu ditingkatin lagi kecepatannyo dalam bertransaksi daring. aku Top up saldo di apk ini lama nian masuknyo. Tq,,,,negatif,
"aku tadi lah melakukan laporan terkait pembayaran, rupanyo pembayaran aku gagal lalu muncul notif gagal pembayaran, tapi dana aku lah terpotong, dan ado keterangan di apk silahkan menghubungi CS, lalu aku hubungi CS dan rupanyo suruh buat laporan sendiri melalui email ke email tujuan yg di ejakan oleh CS secara prosedur salah dan dak masuk akan, CS seharusnyo yg melaporkan bukanyo menyuruh pelanggan melaporkan sendiri, dan ado lagi pemotongan Admin sebesar 12.000 rupiah, tdk masuk akal",,,,negatif,
"Isi kai pay nyo harus ya nunggu 15 menit, sampai akhirnyo kehabisan tiket gegara nunggu saldo kai pay bae.. Belum lagi nge bug kadang2 sedih samo nian ga kebagian tempat duduk 🥲",,,negatif,negatif,
nak masuk pembayaran susah nian..top up jg harus nunggu 15 mnt pdhal lah buru2...pdahal mobile yg lain sedetik bae lah ke isi..loading ya lama polll...pdhal sinyal bagus bgt..nian lelet nian aplikasinyo..bikin emosi untuk kaum yg sabarnyo setipis bulu ketek kek aku,,,,negatif,
"Baru pertama kali nak coba top up saldo disitu, lah pake internet banking dan pas dicoba saldo nyo gamasuk. Padahal dah kirim saldo",,,,negatif,
"habis di upgrade jadi lemot bangett... !!!! pembayaran lewat e-we allet lah berhasil, saldo jugo lah berkurang. tiba tiba di aplikasi kai acces ado notif pembayaran gagal. padahal saldoku lah berkurang. sumpah semakin kesini . dak nian pelayanan nyo. mana urgent butuh tiket buat pulang. tiba tiba ado notif gitu, tiket ya dak ado hah. cakmno ini kai acces kok jadi jelek nian gini 😤😤",,,negatif,negatif,
"Proses refund nian menyulitkan, aku hanyo memesankan tiket org.. saat refund hrs pake rekening / wallet nama penumpang. Padahal pembayaran pakai rekening bukan nama penumpang 👎🏼👎🏼👎🏼 proses pengembalian ny jg lama nian sampai 30/45 hari.. mending kemarin sy pake traveloka gk seribet ini .. jujur aku kecewa bgt !",,,,negatif,
"2x gagal payment terus di aplikasi dak muncul, padahal di mbanking sukses dan pembayaran berhasil. Di aplikasi dak muncul transaksi. Respon cust.service jugo ribet perlu data ini itu. ngapo aplikasinyo gk semudah yang versi lama?",,,,negatif,
"Makin g jelas apk nyo, masa pacak ado keterangan gagal bayar. Jdnyo mesen 2x dong gua ah",,,,negatif,
Untuk pembayaran via QR code mungkin perlu di pertimbangkan lagi berhubung pembayaran caro ini menghadapi banyak kendala. Lebih baek jika terhubung secara langsung baek antara e wallet cak ovo atau ke m-banking secara langsung tanpa perantara QR code. Jujur bae penggunaan QR code terasa nian melelahkan apalagi men di gunakan saat error dan kebutuhan mendesak.,,,,negatif,
"ngapo error waktu nak top up 🥲, dan duet nyo ga masuk padahal saldo lah kepotong. Kok aplikasinyo makin dak enak sih setelah di update ☹️",,,,negatif,
"Jelek nian sumpah, nak payment bae sulitnyo minta ampun. Metode pemyarannyo ga banyak pilihannyo untuk yg lokal, nak menyambungkat e-walet gabisa-pacak. Dan lah coba Top Up malah ga masuk, saldo lah ke potong. lah berapa taun ga naik kereta, kirain lah wah dan sesimpel itu. yeh taunyo malah begini ribet",,,,negatif,
gampang di gunakan. cuman Kadang suka eror saat melakukan transaksi pembayaran.,,,,negatif,
"Pembayaran men war tiket tengah malem ribet bgt, pake e wallet gabisa, lah isi kai pay jugo gabisa, bahkan kaipay nyo ga kepake samsek, bayar pake qr bae gabisa.",,,,negatif,
"Apk versi terbaru nyo ngebug, payment nyo loading terus",,,,negatif,
"Enggak pacak di pakai di stasiun Cawang dan Cakung, percuma ado aplikasi , pas nak pakai di LRT malah di alihkan pakai linkk bae katanyo aplikasi nyo belum siap, padahal lah top up dananyo di kai, akhirnyo malah ga pacak di pakai sumpah ngerugiin nian",negatif,,,,
Tolong perbaiki untuk pembayaran kereta lokal ribet nian ngisi kaspro lama nian masuknyo pake menu yg lain selalu ga pacak,,,,negatif,
"Cs nyo parah bgt, nak nanyain masalah pengembalian dana, lah nunggu lama giliran di angkat samo cs nyo malah langsung ngomong men dak ado yang pacak kami bantu, kami akhiri panggilan ini...parah kan padahal aku belum ngomong sepatah kata pun.. Pantesan bae ratingnyo jelek.",,,,,
"Pembayaran tiket susah nian, pembayaran direct debit dak pacak, pembayaran sms mbanking dak pacak, virtual account hanyo satu bank, top up pakai KAIPAY lamaaaaa masuknyo, dak siap online jangan sok2'an.",,,,negatif,
"Aplikasi dak jelas & sering error.waktu pembayaran dak pernah g trouble,pasti lelet dan mesti bolak balik diulangi. Iya men berhasil,yang ado bikin greget. Sekelas KAI aplikasi kok dak mutu cak ini. Harus diperbaiki dan di upgrade lagi.",,,,negatif,
"Aplikasi aneh. Beli pulsa dak masuk ,, saldo nyo habis entah kemana ,di keterangan transaksi failed saldo akan di kembalikan, sampai saat ini dak ado saldo balik lagi",,,,negatif,
"Lemot bgt, top up saldo bae lama bgt update nyo, order tiket jg lama bgt",,,,negatif,
"lah top up dan tunggu sesuai instruksi tapi, duet nyo ga masuk masuk daritadi 😡",,,,negatif,
"Semenja di upgrade jadi lebih rumit pembayarannyo, biasanyo lewa indomaret pacak, pkai debit bca pacak,bri pacak,link bae pacak, sekarang harus debit mandiri,cuman pake ovo, harus top up kai pay, ruwet wes pokok e. Bukan e upgrade malah downgrade, lebih suka versi dulu",,,,negatif,
"aku lah beli jaminan 100 persen refund tiket, tapi pas refund malah samo bae 75 persen yang balik padahal aku bayar 13k buat jaminan refund, kecewa nian lah",,,,negatif,
"Aplikasi jelek, sering error. nak bayar gabisa padahal lah install ovo bahkan lah isi ovo. lah ditautkan dengan ovo tetep gabisa. Percuma dong ngisi ovo men aplikasi KAI Acess nyo gabisa! Gabisa pesen, tulisannyo ""Aplikasi Terlalu Keras""",,,,negatif,
"Hrusnyo ado opsi bayar cash ke loket walaupun dari aplikasi men dak punyo ovo,kartu kredit lah bae dak pacak beli tiket,, ado kerjasama dengan ovo ya, lebih mementingkan keuntungan(ovo) daripada kenyamanan pelayanan sekarang PT.KAI",,,,negatif,
"lah melakukan pembersihan pakai kain acces, tpi status belum terdaftar, duet hilng 45rb, sudh 2 kali kejdin, tany pihak stasiun jugo bingung petugsny, aplikasi bobrok,",,,,negatif,
Pengguna jangan isi saldo di KAI. aku pernah isi 100 RB u bayar perjalanan 24 RB .harusnyo ke potong 24 RB tapi terpotong sampai 4 x complain di stasiun katanyo nanti dr layanan akan dikembalikan 3 hari sampai 1 Minggu .Faktanyo sampai skrng dak pernah kembali ke saldo aku .,,,,negatif,
"Apk sekelas perusahaan nasional jeleknyo minta ampun. Beli tiket utk mudik pakai qris bca, saldo lah terpotong namun saat kembali ke apk status tiket masih booking. Tiket hangus sementara dana lah terpotong. Lapor ke cs, disuruh isi data ini itu. Dan pada akhirnyo cuman disuruh nunggu selama 14hr. Bilamana stlah 14hr dana belum balik silahkan melapor kembali disertai bukti mutasi selama 30+ stlah transaksi. Gila ya kalian yg salah tapi kok penanganannyo lelet nian. PAYAH👎",,,negatif,negatif,
"Ini cakmno yaa kok aplikasinyo buruk nian?! Padahal saldo shopeepay lah berkurang, tp ternyata laporannyo waktu kadaluwarsa dan blm bayar, padahal saldo lah jelas"" berkurang!! cakmno nak dapet rank bagus men kayak gini!! Kecewa nian!!",,,,negatif,
"baru jga download dah eror duluan,payah nian emg!aktifasi pay nyo jga dak pacak"" di akses",negatif,,,negatif,
"pembayaran tiket aku lah berhasil melalui brimo dan saldo aku pun jugo lah terpotong namun ngapo di aplikasi KAI malah status nyo transaksi gagal?? aku lah coba hubungi call center,chat wa, dm instagram namun dak ado respon.. setelah aku baca di ulasan lain ternyata hal cak ini bukan hanyo terjadi di aku, mohon berbenah lagi.",,,,negatif,
"lah top up di restart ber kali kali malah ga masuk2 saldonyo, ga ngerti lgi",,,,negatif,
"cakmno ini aku lah bayar tiket lah berkurang saldo, tpi ga ado tiketnyo ghaib mana besok brgkat",,,negatif,,
dak pacak payment saat memesan makanan via Railfood. Sdh dicoba berkali-kali tetap gagal. Failed lah aplikasinyo.,,,,negatif,
"Minta apdet terus pusing.... Hape lah dak muat masih bae minta apdet. ngapo aku dak pacak bayar menggunakan ovo? Padahal akun lah terhubung. Jika katanyo dak boleh menggunakan wifi saat pembayaran dan pemesanan tiket, ngapo sebelumnyo pacak? Akhirnyo pakai qris. Ribetnyaa... Tolong diperbaiki aplikasinyo.",negatif,,,negatif,
"nian burukkk,nian mengecewakan,nian kurang efektif d bikin antrian2,masih enak yang dulu siapa cepet dia dapat,yg skrg dah lama nunggu antrian pas dapet antrian dah habis tiketnyo,kdg dah masuk ke tiketnyo tinggal pembayaran d persulit lagi antrian lagi utk dapet code pembayaran.akhirnyo zonk jg",,,negatif,negatif,
"Gila ya kai access aku ngisi saldo pas dicek saldo masuk dipotong 5rb, pas dilihat lagi tiba² saldo ja Nol astagfirullah ...... jadi males pake KAI access. KECEWA BGT TOLONG APK nyo DIPERBAIKI jng sering Update tp ga berguna.!!!!!!!!!!!!!!!!!!!",,,,negatif,
"Sering bug pas proses pembayaran, tiket dak terbit tapi saldo lah berkurang. CS gampang dihubungi tapi muter² disuruh menunggu dan itu terlalu lama, alhasil tiket lah habis dan jadwal pemberangkatan pembeli jadi kacau. Niatan liburan akhir tahun jadi gagal karena sistem aplikasi yang masih banyak bugnyo.",,,negatif,negatif,
"nak batalin tiket susah bgt. Pengembalian dana melalui e wallet dak tersedia. Nonton di ytb keknyo gampang bgt. Lewat rekening, jugo ga pacak, no rek lah di input, tp gagal, tulisannyo wajib di isi terus. Aplikasinyo jugo dh di update. Tp ngapo gagal mulu.. Hhhffttt",,,negatif,negatif,
"pas nak pesen tiket, bagian pembayaran susah nian aksesnyo, bnr² hampir makan waktu 2 jam buat pesen doang, karna gabisa bayar alias eror terus.",,,,negatif,
"Jelek, banyak bug. Ini Programmer nyo pacak ga buat aplikasi ? Bikin malu aj, masa tinggal pembayaran aj ribet. Harus ado error' dulu",,,,negatif,
"Kecewa nian,KLO untuk isi saldo aplikasi lancar jaya,tp KLO untuk cek saldo setelah kartu di topup dak pacak,sangan mengecewakan,aku merasa dirugikan bukan hanyo masalah saldo nyo,tapi jugo waktu yg banyak ke buang hanyo untuk cek saldo di aplikasi ini😭😭😓😓😰😰🤕🤕🥴🥴😡😡",,,,negatif,
versi terbaru malah makin ga bagus. top up dak pacak langsung masuk. padahal versi yg lama pacak langsung masuk. setiap war tiket selalu error kembali ke halaman utama. aku lebih suka kai access yg lama. kai acceess yg terbaru justru menyulitkan. tolong diperbaiki,,,negatif,negatif,
"Ini cakmno sih caro menghubungkan Mbanking ke KAI Access nyo, apo harus pakai Mandiri ya? Terus di metode pembayaran ngapo ado bank lainnyo men hanyo pacak terhubung di bank Mandiri",,,,negatif,
Parah isi saldonyo harus nunggu 20 menit baru massuk. Jangan nak pesan tiket krl aplikasi ini.,,,,negatif,
"aku topup 50k, lah 15 menit belum masuk saldonyo. 🤬🤬",,,,negatif,
"Kai acces error mulu, nak top up bae susah bgt failed truss, aplikasi jelek dari dulu ga ado perkembangan, top up pake m-banking saldo kepotong, tp belum masuk2 di suruh tunggu 15 menit, lah lewat 15 menit ttp bae belum masuk jugo, payah",,,,negatif,
"E-Walet nyo ribet,pake ovo beli tiket 1 pembayarannyo 2 kali,jadi doble,bukannyo untung jadi rugi,tolong perbaiki lagiproses pembayaran e-walet nyo",,,,negatif,
Aplikasi sampah. Selalu gangguan waktu nak beli tiket. Aplikasi kok kyk hasil karya wong magang padahal skala nasional. Heran nian dari dulu dak ado perubahan. Tetap sampah aplikasi ini . nak bayar tiketpun masih seringkali error balik ke menu awal. Aplikasi dak guna,,,negatif,negatif,
"di update malah parah 2 x paymnt pake livin mandiri ga pacak,ado informasi lewt atm dan Sms banking di coba gagal ,kacau ..",,,,negatif,
"nak bayar bae susah bgt, timeout mulu",,,,negatif,
"lah pecat ae karyawan yang ngurus bagian pemrograman apk ini cari yang lebih baek ,Apk PT gede tapi masih suka eror, gara"" bug doang duit ilang ,pantes tiap pesen tiket lah keisi tapi gada wong nyo, ternyata kek gini kai skrg ,men dibalikin duitnyo mah gpp ,lah ini pihak nyo pada di hubungi gada yang respon",,,negatif,negatif,
lah pasang jaminan refund kena 6.500 Pengembalian refund kena 16.500 per wong tapi lah 3hari blm masuk jugo pengembalian dana nyo nyo!!!!!,,,,negatif,
Top up lama...trus dak di info top up nyo dipotong admin..jadi kito topup sesuai hargo tiket nyatanyo kurang...setelah kurang topup lagi lama lagi..ahhh...,,,,negatif,
"Pmbyaran scan barkot ny aneh,ado di history tpi saldo g nyampe g ngurangin jugo.payahhh jd saldo g bsa dipake mana banyak lagi 😡",,,,negatif,
"Aplikasi yang nian aneh! Penumpang harus melakukan pembayaran hanyo diberikan waktu <60 menit. Tetapi, pas waktu penumpang melakukan pembatalan perjalanan dan pengembalian tiket, Refund nian lama dan berhari-hari! KAI sekarang hanyo fokus mencari keuntungan, bukan kepuasan pelanggan! 😒",,,,negatif,
"Aplikasi apo ini,lah pesan gagal,duit dak kembali,terlalu sering error,ini kaya merampok duit masyarakat....",,,negatif,negatif,
"Beli tiket di aplikasi ini keterangannyo Gagal, tapi saldo kepotong 100% hargo tiket. men dak berniat bikin aplikasi dan sistem pembayaran, gausah kasih fitur itu. MENYESAL PAKAI APLIKASI INI!",,,negatif,negatif,
Aplikasi jelek. dak enak lagi di pakai. Setiap pembayaran gagal trs,,,,negatif,
"ado masalah saat memasukan kode pembayaran melalui mobile banking livin mandiri dak pacak, atau kode VA dak di ketahui. Padahal lah sesuai dengan kode pembayaran. Mohon perbaikannyo !",,,,negatif,
"Harusnyo begitu top up dana langsung muncul, masa harus nunggu setengah jam cakmno men lagi buru2, mending benerin dulu deh",,,,negatif,
"Pembayaran berhasil, tp waktu pembayaran terus berlanjut.. akhirnyo dinyatakan gagal pembayaran oleh aplikasi. Call center lemot, dak ado respon samo nian. Haduh, tolong kembalikan duet aku!!",,,,negatif,
aku toup sampe 2 kali berhasil tapi saldo di aplikasi dak ado tolong dong di bantu,,,,negatif,
Tadi aku top up 50K..tapi masih belum masukk..tolong admin..aku lah menunggu 15 menit lebih,,,,negatif,
"Sangaaat nian dak berguna!! Lemottt, nak top up kaspro lambat hrs menunggu 15-20 menit. Bener2 payaaah!!",,,,negatif,
"Sebelum sebelumnyo aman dan dak ado masalah , tapi saat ini aku mengalami kendala dan kerugian dalam memesan tiket lah di payment saldo pun berkurang tetapi di apk KAI nyo dak ado notif pembayaran nyo. cakmno ini .??? Masa harus pesen ulang.??",,,negatif,negatif,
"Aplikasi belum siap lah terbit ya kaya kai ini perusahan besar payahh!! Cerita nyo gini,aku lgi mendesak beli pulsa di KAI Access duet kepotong tpi pulsa blm masuk lah satu minggu belum ado respon yg baek.maap bintang 1 buat aplikasi.",,,,negatif,
"Setelah di update malah makin ribet. Disuruh pilih metode pembayaran, tapi dak muncul pilihan di hp. Ribet nak pesen tiket bae ribet",,,,negatif,
"Tolong.. aku isi paket data via aplikasi ini ngapo dak masuk-masuk.. terus pas coba topup buat naik kereta, aku topup pertama 32rb tapi di saldo cuman 30rb. topup kedua 12rb tapi cuman masuk 10rb. cari riwayat transaksi dari topup sampai pembelian dak ado riwayatnyo semua.. ini aplikasi apo sihh sebenernyo..",,,,negatif,
"Setiap pesen tiket dan melakukan pembayaran lewat ovo selalu dak pacak laporannyo terjadi kesalahan terus, cakmno si ini mana lemot bgt, trus skrng jumlah tiketnyo jugo di batas. Perbaiki donggggg",,,,negatif,
"Susah nian mesen lewat sini padahal dulu gampang nian lah dapet antrian tp ga pacak bayar, tolong di kembangkan kembali apk nyo",,,positif,negatif,
"Pernah beli tiket duet lah dipotong tiket dak dapat, karena cuman 3rb dak komplainlah, terakhir transfer ke kartu multi trip, dak seberapa sih nominalnyo cuman 17rb, lah coba telpon 121 nyo dan dikirim ke email jugo sesuai arahan, tapi dak ado tindak lanjutnyo😡😡😡",,,negatif,negatif,
Parah kelamaan perbaikan KAI paynyo Saldo aku ke tahan ga bisa2 buat beli tiket dll... Diperbaiki secepatnyo..jgn nunggu lama customer..kecewa,,,,negatif,
"Pembayaran jadi ribet bngt, mending yg lama. Pembayaran jadi sering gagal. App error. Bikin ketinggalan kereta. Top up 20k masuknyo 16,5, 8k masuk 6k aneh bngt. Sisa saldonyo kmnaa????. nian buruk",,,,negatif,
Aplikasi buruk nian dak bisadaftar akun sekainyo pacak transaksi selalu gagal,,,,,negatif
"Beli tiket ado notif pembayaran gagal tpi saldo kepotong,tlp sc pengembalian dana 14-30 hari. Zaman sdh serba canggih pengembalian dana selama itu. Ngapain bae woyyy????? Tolong ditingkatkan pelayanannyo.",,,,negatif,
"Aplikasi pembelian pulsa dan token pln dak pacak bayar, setiap nak bayar muncul kadaluwarsa ""waktu pemesanan anda telah habis, silahkan lakukan pemesanan ulang"". Padahal nak masukkan pin, eh lah muncul notifikasi ini ! Diulang2 jg masih samo. Mohon pacak diperbaiki, terimakasih.",,,,negatif,
"Selalu gagal saat pembayaran, saldo lah terpotong tapi tiket dak rilis jugo",,,negatif,negatif,
"Top up KAI pay lah masuknyo lama, potongannyo GEDE. dak ado notif pula potongannyo berapa. Alhasil duit dak cukup buat pesen tiket. Ditarik jugo dak pacak. lah bener2 integrasi samo LinkAja malah rebranding wallet gajelas gini.",,,,negatif,
"Aplikasi aneh, penyakitnyo itu-itu mulu men dak e-tiketnyo ga keluar ya time out pas pembayaran, tolong dong men emg gabisa kerja bikin aplikasi yg bagus mending diganti bae pekerjanyo, atau dak mending dipisah aplikasi sesuai samo jenis-jenis kereta biar ga eror mulu tuh aplikasi karna kebanyakan yg make.",,,negatif,negatif,
"Aplikasi jelek belum stabil masih banyak masalah, aku 2 hari war tiket,hari ke 1 ga pacak war tiket karena aplikasi error,hari 2 war pke aplikasi gagal jugo, berkali kali harus aktivasi KAI Pay,akhirnyo pke website kai baru pacak dapat tiket, perbaiki lagi aplikasi",,,negatif,,
"Semua metode pembayaran dak dapat digunakan, dapat tiket tapi dak pacak dibayar, sistem antrian dak realtime, bug ditab tiket aku selalu gangguan, lah ini apps gunanyo untuk apo, better yang dulu-dulu sebelum ado sistem antrian, toh antrian dak tahu jugo itu fair atau dak",,,kontra,negatif,
Mana yg katanyo saldo terisi setelah 15 menit ini lah lebih 15 menit saldo ga muncul2 ngapo sih hal hal kecil cak ini harus bhong,,,,negatif,
"apk gajelas, topup saldonyo gamasuk ke apk padahal topup nyo berhasil dr mbanking",,,,negatif,
Bangke nih di update bukannyo mempermudah malah mempersulit. Mending yg lama dari pada pake yg lah update. Percuma ado aplikasi klo kyk gni kembali ke jaman manual. Pembayaran jugo di batasi susah. Apaan kyk gni!!,,,,negatif,
payah gangguan gk pacak isi saldo jd ribet,,,,negatif,
1. Aplikasinyo lemot (sering kadaluwarsa/loading lama) 2. Waktu yg singkat untuk pilih kursi sampai pembayaran 3. Pembayaran gaada metode M-banking 4. Top Up KAI pay prosesnyo lama,negatif,,negatif,negatif,
"Ga berguna, jalan krteta membuat masarakat resah dan terganggu ,sewaktu² kreta pacak membuat kecilakaan dan membunuh masarakat. Lebih baek kreta bikin jalan layang sendiri jangan bersentuhan dengan manusia di darat. Dan JANGAN PERNAH ISI TOPUP SALDO, SALDO dak pacak DI GUNAKAN untuk beli tiket ,saldo hanyo pacak untuk beli pulsa bae nian Memalukan Beginilah layanan publik milik pemerintah. Kebanyakan hasil korupsi. Aplikasi payah, dak berguna., layanan online pembayaran nian dak berguna.",,,,negatif,
"ribet e wallet susah war susah, cancel tiket susah potonganyo gede mmk",,,negatif,negatif,
nak bayar tiket aplikasi langsung keluar dan langsung habis parah,,,,negatif,
"ngapo kok aplikasi KAI skrg nian jelek ya..dak kayak dulu...masak aku disuruh aktivasi terus..dan nak di aktivasi muncul tulisan invalid sinagture.terus gt..lalu dua hari lg baru pacak,dan aku isi saldo 20rb nak ke waru pp.nah isi 20 kok masuknyo 17100..2900 nyo kemana..men Ok enak admin dak mungkin..lah lama aku pakai aplikasi ini ndak prnh ad admin ..apalagi men isi 20 dipotong 2900 apo dak kebanyakan..nak naek kereta senang irit..krn dak punyo duit..malah kepotong potong",,,,negatif,negatif
"Aplikasi nian lemot, untuk pembayaran selalu tertulis kadaluarsa dan harus transaksi dari awal, payah, ketika nak bayar gaada tulisan bayar malah di suruh batalkan pesanan, aneh",,,,negatif,
"Aplikasi T*i, monopoli bae pembayaran nyo cuman pacak pke KAI pay, buat apo ado metode pembayaran Bank atau e wallet. men g pacak Di pake sampah. Potongan Top up nyo dua kali anj emg",,,,negatif,
"Makin best aplikasinyo! Ini isi saldo lah berapa hari belum di kirim""? Lama nian!",,,,negatif,
"aku lah isi ulang kartu commuter, tapi saat nak update saldo sesalu gagal",,,,negatif,
"dak pacak lihar pembayaran E-Wallet, dak pacak bayar tiket",,,,negatif,
"Dulu perasaan bagus deh,, sekarang malah ruwet,, pembayaran tiket lewat Brimo tertulis succes dan saldo terpotong, tpi di aplikasi Kai malah ado pesan pembayaran gagal. lah mengajukan pengaduan malah gk ditanggapin. Akhirnyo tiket dak dapet, duet hangus, perjalanan gagal.",,,,negatif,
"Aplikasinyo makin hari makin buruk, Daftar penumpang yang telah ditambahkan tiba2 hilang dan harus kembali diinput manual saat pemesanan tiket. Aplikasi jugo sering ngebug, error, nian membuang waktu. Bahkan hanyo untuk beli tiket berjam-jam belum beres. Tolong ditingkatkan lagi",,,negatif,,
"Ini aplikasi BUMN kan, tp sistem pengaduannyo ga ado di aplikasi. Harusnyo ado menu pengaduan, trus dikasih SLA waktu penyelesaiannyo. Disitulah profesionalisme pelayanan Customer Service terlihat. Ini cm ado pilihan bantuan. Beda bos. Harusnyo aplikasi ini terintegrasi samo Call Center KAI jg terkait pengaduan. hargo Go Show makin mahal, blm 2 tahun dah naik 2x lipat, tp pelayanan msh gini2 bae. Tolonglah ditingkatkan. Saran aku 1 bae, menu pengaduan. Contoh BUMN lain, sperti aplikasinyo PLN.",,negatif,,,
"Aplikasi nian dak membantu, sepertinyo hanyo calo yg dapat akses VVIP,dak dapat memesan tiket, setelah tiket habis terjual baru pacak masuk ke situs yg ga jelas ini",,,negatif,,
"Tolong diperbaiki lagi dong, ngapo connecting trainnyo gabisa, aku butuh karna perjalanan jauh, men cari satu2 susah 🥺. Tolong baca dong miiiiiiin",,,negatif,,
"Aplikasi ora danta,,pesen tiiket lah di bela2in begadang,,ujung nyo zonk",,,negatif,,
"Apatu..bintang satu bae ya Setelah update buffer trus, cuman tampil screen bae..bkin ku terhambat & kehabisan tiket 😞",negatif,,,,
aku nak pesen tiket untuk hari Selasa kok malah yang di tampilkan oleh aplikasi nyo arah keberangkatan nyo berbalik dengan arah sampai..... Emang aplikasi ini makin ke sini makin ke Sono..... Makin di update makin aneh nian.... Makin katanyo di perbaiki makin banyak bug nyo....,,,negatif,,
"Susah nambah tiket, sampai sekarang dak pacak, aplikasi eror, jangan salah kan jaringan, semua aplikasi lain berkerja lancar dak ado kendala jaringan. Aplikasi sekelas bumn masa kaya gini.",,,negatif,,
Parahh parahhhh tolong min lah jangan di persulitkan nyari tiket,,,negatif,,
Berangkat dari rumah jam 7.30 lah 2 kali pesen kereta api lokal lewat aplikasi di cancel karna penumpang banyak Akhir nyo aku kebagian jam 10. 20 kesel nian aku menunggu kereta ber jam 2 men pacak adain beli tiket secara offline kan ktp kami lah terdaftar di kai,,,negatif,,
ngapo setelah diupdate menu kereta lokalnyo gk ado? Gk ado pilihan keretanyo.. Padahal punyo suamiku ado 😤😤 Coba deh diperbaiki lg,,negatif,,,
"Tolol diupdate malah kocak, pesen belum bayar waktunyo lah abis",,,negatif,,
"Tolong yaa, untuk kereta bandara disamain jadwal dan tiketnyo di vending machine. Masa gini bae beda, akhirnyo aku naik yang 14:40 wib, padahal ado jadwal 13:40 wib. Akhirnyo aku nunggu 1 jam lebih di stasiun. Sebenarnyo ado programmernyo atau dak sih yang maintenance ini. Masa gini bae pacak beda jadwal samo tiketnyo. Mikir lah. aku kira pesen disini pacak jadi cepet, ternyata bikin tambah lama. Kecewa aku.",,,negatif,,
"BENER BENER BURUK nian BURUKK. KEGINI SEKELAS BUMN. CALO MASIH BANYAK. JADI YANG nak BELI TIKET EROR TERUS, TAU TAU lah ABIS. HAPUS bae APLIKASI INI DARI PLAYSTORE!!!!!!!!",,,negatif,,
"dak jelas nih aplikasi. lah pesen, lah bayar, tiba2 di batalkan. saldo nyo dak balik lagi, kecewa nian. tiket dak dapet, duit nyo jugo ilang. terus klo top up 50 ribu, terima nyo 46rb si 4rb nyo kemana woyy. ini bukan masalah cuman 4rb ya. APLIKASI dak GUNA",,,negatif,negatif,
"kecewa bangett. servernyo gampang eror. untuk pembelian tiket cl penataran dhoho harus h-1 minggu men dak gitu dak bakal kehabisan. dari jam 00.00 lah harus war tapi gara"" server eror sampe jam 02.40 tetep gabisa. jawaban dari kai cuman disuruh nunggu samo ngecek berkala, nak DICEK SAMPE KAPAN? SAMPE SUBUH? lah tau server jelek tapi ga dibenerin! ngrepotin bae!",,,negatif,,
"Pake nunggu antrian. kelamaan keburu gadapet kereta. nian dak efisien, lelet nian",,,negatif,,
"aku lah memesan tiket dan membayar, tapi pembayaran dak di proses sampai waktu habis ( duet aku terpotong ) dan harus membeli tiket ulang, jadi aku mebayar 2x lipat untuk sebuah tiket",,,,negatif,
"Coba team pls dipermudah pesen tiket, nama dengan nik yang samo gk pacak pesen tiket di tanggal yang samo, lah search sana sini cari opsi cancel tiket susah, kan siapa tau ado perubahan jadwal jadi bener2 susah",,,negatif,,
"lah pesen tiket malah gagal di pembayaran,lah gitu duet dak pacak kembali lagi",,,,negatif,
tiap musim mudik selalu susah dapat tiket dak ado perbaikan samo nian . cuman buang² waktu,,,negatif,,
"Aplikasi sering ngedown sekarang,pasahal dulu saat beli tiket kereta lokal dak pernah down...ini nian meresahkan untuk kaum kelas menengah untuk memesan tiket kereta lokal di aplikasi.dan karena keterbatasan tempat jadi harus usaha saat tengah malam/seminggu sebelum berganti hari untuk memesan tiket.aku harap ditambahkan fasilitas untuk gerbong kereta lokal dhoho penataran dan diperbaiki aplikasinyo.",,,negatif,,
"aku nak ke Sidoarjo tapi ketika aku cari dak ado kereta tersedia, padahal kereta Dhoho / Penataran melewati jalur tersebut, agar pacak mencapai di tujuan tersebut harus memesan 2 tiket Tulungagung -Blitar dan Blitar-sidoarjo seharusnyo ketika di cari pada kolom pencarian langsung diberikan penjelasan men menuju kota ini harus memesan dua tiket ""ini"" dan ""ini"". Masa sih sekelas KAI gabisa bikin sistem yang memudahkan cak itu?",,,negatif,,
"nian kecewa dengan aplikasi KAI access.. war tiket dibelain nunggu sampe jam 12 malam, tapi selalu muncul jadwal dak tersedia. lah berkali2 dicoba sampai restart HP tetap jadwal dak tersedia. Dicoba sampai 00.30 jadwal baru tersedia tapi tiket lah habis. Selalu cak itu tiap war tiket. Dari ulasannyo sepertinyo hampir samo semua, tapi dak ado perbaikan",,,negatif,,
"Aplikasinyo makin aneh, buat beli yang commputer line lalu bayar gabisa, nyoba yang antar kota ga ado jadwal keretanyo. cakmno si aneh nian, nak pp Surabaya-lamongan jadi ribet, enakan sebelum di-update, tolong dong diperbaiki lagi",,,negatif,negatif,
Tolong men bikin aplikasi itu yang niat dongg..masa nak ngajukan pembatalan bae harus datang ke stasiun,,,negatif,,
"aplikasi kayak gini kok gk ado perbaikan samo nian, tiket makin mahal, sok sok an pesan diwajibkan lewat online tapi malah aplikasinyo kureng nian. selalu error pas war tiket sampek setengah jam lebih",,,negatif,,
"Yaallah kak, baru bae bayar dan lah berhasil malah waktu habis. Jadi duet ku hangus, jahat nian sih",,,,negatif,
"Beli online di app milik KAI sendiri biar pacak lebih nyaman dan cepet ternyata samo bae kayak d offline harus antrian lama dan sering time out.... Sabar nunggu & refresh sampe hampir 30 menit Ujung2nyo beli di apps penyedia tiket yg lain saking jengkelnyo antrian lama, di apps yg lain malah gk pake antri langsung beres. Duh serius gk guna nian app ini cuman bikin buang waktu bae sebel. Mana aku nungguin sampe dini hari lagi :(",,,negatif,,
ngapo tiba tiba jadwal kereta gamau muncul? Padahal sinyal ga lemot,,,negatif,,
"Kasih bintang 1 bae, bukannyo makin baek malah makin menyulitkan, mencari all stasiun lah ga pacak harus bener bener stasiun yang dituju, semisal cari semua stasiun di jakarta lah ga pacak harus spesifik, nian menyusahkan kembalikan fitur pencarian semua stasiun di kota yg di cari",,,negatif,,
Waktu pemesanan sering nian keluar sendiri atau kadaluarsa...padahal baru beberapa detik bae.. tolong d perbaiki aplikasinyo .. banyak nian pelanggan kai yg kecewa dengan aplikasi ini...... Silahkan kai komentarnyo di bawah,,,negatif,,
"sejak di perbarui ado antrian nyq, sehingga tambah membuat lama untuk pembelian tiket padahal di tulisan antrian nyo hanyo 2 menit, tapi sampai bermenit-menit dak ado perubahan samo nian, semakin kesini pelayanan nyo semakin kurang",,,negatif,,
Kereta api lokal kurang lengkap aku nak pesen ka lokal purwosari ke wonogiri ngak ado cakmno ini kai accessnyo kurang up date,,,negatif,,
Aplikasi sampah. Susah pesan tiket. Bolak balik suruh upgrade. Padahal lah diupgrade. ZAMPAHHHHH. SAMPAHHHHH. SAMPAHHHH.,,,negatif,,
"Aplikasi tolol antrian lah 2 menit lagi , malah jadi 22 menit gitu terus , padahal sinyal bagus , ga guna",,,negatif,,
Di saat di butuhin jam sibuk malah gk pacak beli teket,,,negatif,,
"Serba susah anjKehilangan 310rb gara gara sistem Bayarku pakek qris yup, di aplikasi yup keterangan nyo lah sukses bayar tapi di aplikasi KAI tiketku dak muncul, lah telfon CS katanyo time out, suruh konfirmasi di IG di FB semua lah aku lakukan biar pacak pengembalian uangku nyatanyo omong kosong KAI dak nak rugi ,masalahku dari bulan Desember tgl 12 dan aku nulis ulasa ini tgl 3 February dak ado kejelasan lah DM berkali kali cuman di read doang , mengecewakan,310rb itu banyak bagi ku.",,,,negatif,
"Halo, saran aku di pilihan menentukan kursi itu harus ado arah kereta kepalanyo dimana.. aku pesan luxury 2A dari arah Surabaya ke Jakarta malah ditaruh paling ujung buntut. Mestinyo men dari aplikasi kelihatan paling depan. Mohon ini diperhatikan.",,negatif,,,
Ini ngapo ga pacak pesen tiket kereta woyy,,,negatif,,
"semenjak diupdate sistem antri dak tertib. selain lama(dak sesuai menit yang tertera), antrian kadang berubah2, sdh masuk antrean 12 tiba-tiba berubah menjadi 14. setelah melewati antrian kadang masih error jugo saat nak masuk ke pemesanan tiket, padahal sdh melewati sistem antrian, ujung-ujungnyo begitu masuk tiket habis. yang tertib dong sistemnyo. men nak pakai sistem antrian yang jelaslah, men sdh mengikuti antrian tolong benahi sistemnyo agar yg sdh mendapatkan antrian dak dirugikn",,,negatif,,
"Server lemot terus, ga berguna dipantengin hampir 3 jam ga dapet-dapet tiket, pusing kepala mantengin hp",,,negatif,,
kendala no seat available padahal masih ado sisa kursi. ga pacak ke pake bos apk nyo,,,negatif,,
"cak apk pemerintahan lain nyo JELEK... kurang optimal, tiket dak lengkap, nak ganti jadwal pemberangkatan dak pacak pacak, dak pacak ganti jadwal men dak ado nama yg punyo aplikasi nyo di waktu perjalanan itu....sadar diri bapak2 yg disana, cakmno nak Indonesia emas ditahun 2045 men gini caro nyo",,,negatif,,
"Astagaa ini ngapo aku pesan tiket, lah aku bayar dengan QR dan ado bukti pembayaran yang berhasil jugo di rek tp di apk nyo tertera sedang menunggu pembayaran dan aku kira mungkin jaringan tp setelah ditunggu"" ngapo hanguss! Sedangkan transaksi pembayaran nyo lah berhasil. Tolong dong ini gimna",,,,negatif,
dak pacak beli go show kereta incaran gara2 sistem antrian,,,negatif,,
"Kecewa searching tujuan yg benar tapi dapetnyo gasesuai tujuan alhasil turun sebelum stasiun tujuan deh, terus apknyo lemot",,,negatif,,
"kebanyakan bug, dak pacak booking",,,negatif,,
"Sistem antrean ini mempersulit sih, baru jam 00.02 tiket lah habis, terus pas lah masuk ke halaman eh time out Mulu gajelas emang. Mempersulit wong bukannyo semakin maju ini malah semakin mundur. Harusnyo KAI lebih update dari yg sebelumnyo dong ini apaan semakin kesini sistem makin busuk. Kecewa nian",,,negatif,,
"applikasi banyak bug, untuk pembatalan tiket dak pacak padahal keberangkatan masih diatas 2 jam setelah 2 jam sebelum keberangkatan malah ngeblok menu pembatalan.",,,negatif,,
"Semenjak update harus mengantri untuk pemesanan tiket dan cukup lama, ketika waktu stuck di 1 menit dak masuk masuk ke pemesanan tiket. Kembaliin bae cak sedia kala caro pemesanan tanpa harus mengantri. Jika harus mengantri tolong di perbaiki kendala dan bug nyo. Terima Kasih.",,,negatif,,
"jelek, tiap beli tiket selalu error. mana ga nian dua kali bae, kesabaranku nyoba 50 menit sia sia. ga jelas nian",,,negatif,,
"buang waktu, mantengin layar hp 1 jam cuman buat antre terus lihat tiket habis.. semakin banyak calo tiket, balik kayak dulu lgi jadinyo",,,negatif,,
"Aplikasi KAI Access mengecewakan. Verifikasi nomor rekening untuk pembatalan tiket terus gagal meskipun data lah sesuai. aku lah ikuti semua langkah troubleshooting, tapi tetap dak berhasil, hingga tiket hangus tanpa pacak dibatalkan. CS hanyo memberi jawaban umum tanpa solusi konkret, sementara waktu terus berjalan. Aplikasi ini malah menyulitkan pengguna. Mohon segera perbaiki sistemnyo agar dak ado pengguna lain yang dirugikan cak aku.",,,negatif,,
Aplikasi dak berguna dan nian menyusahkan. semenjak ado aplikasi sering dak dapat tiket. pertama aplikasi selalu minta update. pembelian tiket lokal lah pesen H-7 rela begadang jam 24.00 malah server selalu down jadwal dak muncul baru nak muncul saat tiket lah terjual habis. men pacak kasih nilai minus mungkin ku kasih nilai minus. perbaiki lagi sistem ini !,negatif,,negatif,,
"Harusnyo lebih perbaikin kinerja aplikasi terlebih dahulu, loading relatif lama padahal jaringan bagus, trus pembayaran jugo sering error, hari ini gajadi naik kereta gara gara belum pesan tiket karna lupa gara garanyo waktu beli tiket by aplikasi error pas pembayaran, kirain lah sukses pas nak naik kereta ternyata belum ado tiket, mohon update yg teebaru lebih kesitu bae dulu biar lebih nyaman dipake nyo",negatif,,,negatif,
"masa lah muncul tanggalnyo tp tiket"" nyo ga muncul, sering bgt gabisa beli tiket gegara eror jd aku harus beli tiket di waktu yg ga tepat",,,negatif,,
"setiap tahun men pas musim mudik cari tiket selalu susah,dikasih sistem antri makin susah,kok dak pernah belajar dari pengalaman ya kai,heranyo agen atau calo selalu pacak dapet,dak pernah dipermudah men pas beli tiket lebaran , mending men g siap dengan perubahan kembalikan bae sistem manual antri kayak jaman dulu,, yg penjualan hanyo lewat stasiun,ini lewat onli6bergadang berhari hari jugo g dapet mending antri di stasiun sekalian",,,negatif,,
ngapo kok g pacak aplikasinyo? Katanyo karena ado bug atau apo? nak pesen tiket jadi dak pacak,negatif,,,,
"Aplikasi ga guna lah 5 tahun war tiket lebaran ga pernah jelas statusnyo time out, padahal lah antri 30 menit lah masuk malah time out loading ga ado maintenance apo tiap tahun selalu begitu hapus bae ga guna",,,negatif,,
"lah melakukan pembayaran tiket menggunakan Qris lewat Dana tetapi tiket masih keterangan belum dibayar, sampai dengan waktu menunggu pembayaran habis akhirnyo tiket hilang dan duet dari Dana lah dipotong, 2 kali pengalaman cak ini dari tahun 2021 dan saat ini dan akhirnyo aku lah dak pacak toleransi, tiket yg dibeli pada 2021 kereta Kahuripan dengan tujuan dari Kiara condong ke Lempuyangan, kasus samo pembayaran ganda",,,negatif,negatif,
Habis update malah dak pacak dipake buat war tiket arus balik.nian mengwcewakan.sistem antrian jugo dak masuk masuk dapat giliran.,,,negatif,,
"Transaksi gagal, tapi saldo kepotong. Hari ini dari sore jam 3, aplikasi dak pacak booking tiket, ke loket stasiun samo bae karena satu sistem, perbaikilah kasian yang nunggu-nunggu dak jelas. ado promo jugo, men aplikasinyo dak siap/banyak bug/server erorr ya samo bae.",,,,negatif,
nian membantu...tapi sayang selalu dak kebagian tiket yang murah...,,,positif,,
"Ini ngapo jadi ribet nak pesen tiket buka aplikasi antri lah gitu dak sesuai estimasi waktu antrinyo, giliran lah masuk nak pesen tiket gagal terus tau2 masa pemesanan tiket telah habis disuruh antri lagi bangke bangke, coba lah di perbaiki lagi ini aplikasi nyo!!!!!",,,negatif,,
"Aplikasi dak jelas time out mulu giliran pacak tiba"" tiket abis, bilang alesan internet dak stabil gua pke wifi boss apanyo yg dak stabil,,,,",,,negatif,,
semenjak update setelah natal aplikasi jadi memiliki banyak bug cak forced close dan tampilan aplikasi telah berhenti dan yang lebih parah aku telah beli tiket kereta pulang pergi untuks bekerja aku trlah membayar tiket tersebut dan di akun dana aku jugo saldo terpotong aku cek diriwayat transaksi akun dana pembayaran berhasil namun ketika aku cek di kai access tiket aku dak ado hal ini merugikan costumer yang ingin menaiki kereta apalagi costumer yang membeli tiket untuk bekerja,negatif,,negatif,,
"Ini ngapo tiap nak war tiket pasti ado tulisan dalam antrian dan waktu tunggunyo lama nian? 1 menit bae cak 10 menit nunggunyo, makin lama makin turun kualitas aplikasi ini.",,,negatif,,
"Benerin dulu dah, masa tiket tersedia tapi no seat available",,,negatif,,
"Mohon maaf aku kasih bintang 1 karna pelayanan pemesanan tiket mengecewakan,sesudah tiket berhasil dipesan dan dibayar,malah hilang pas nak berangkat,terpaksa pesan dadakan lagi,saldo dak kembali pula,untuk jarak dak terlalu jauh dan kelas ekonomi,coba men pesan tiket yang jauh hangus lah, setidaknyo ado pengembalian saldo kembali,sampai hari ini dak ado pengembalian saldo",,,negatif,negatif,
"kocak nian sumpah !!! buat pesen tiket dak pacak. buat lihat jadwal tiket jugo dak pacak 🤣🤣 naik kereta ribetnyo ngalah""in naik pesawat 🤣🤣🤣🤣",,,negatif,,
ngapo aplikasi error terus jadi ga berguna nian ini aplikasi pesan tiket susah katanyo suruh online bangke....,,,negatif,,
"tiket kereta tambahan tiba"" habis terus,lah nunggu dan bolak balik cek gk ado,terus tiba"" ado tapi lah habis,cakmno ini",,,negatif,,
"Kalian pacak ga bikin apk yg lebih profesional yang dak menyusahkan konsumen? Disuruh nunggu ternyata gada jadwalnyo. Apk sering Lola, tiket minta ampun mahal dan ga worth it. Ini jujur nih. Intropeksi dah",,,negatif,,
lah 30 hari belum ado pengembalian dana dari pembatalan tiket kereta,,,,negatif,
susah bgt cuman nak pesen tiket,,,negatif,,
"dri kmrn lah berkali-kali pesen tiket tpi pas pembayaran ga pacak trs dgn alasan Internet dak tersedia padahal jaringan ku bagus, gjls bgt sih perbaiki dong",,,,negatif,
"Buat kereta lokal Cilegon-rangkasbitung ngapo sekarang harus ngewar kursi sendiri, gunanyo pesan tiket online buat apo, apo pacak onthespot pasti dapat tiket...",,,negatif,,
"lah berhasil bayar tiket kereta lewat qris malah katanyo belom bayar, rugiii",,,,negatif,
Sebelum aku update nyaman dan lancar. Ketika aku update ke yang baru. Selalu eror. dak pacak pesen tiket. Jadi kecewa dengan kai acces. Sementara aku kasih bintang 1 ya min. Mungkin jika pacak diperbaiki lagi aku edit deh bintangnyo. Terimakasih,,,negatif,,
"Aplikasi sering error Pesen tiket kereta lokal sering down, time out Percuma pesen online tapi aplikasi error terus Mending pakai tiket offline bae Tolong dibenahi! nak pesen tiket kereta lokal down terus sampai2 tiket habis saking lamanyo nunggu karena aplikasi erorr",,,negatif,,
"Adekku barusan naik KAI jurusan singosari kepanjen, pas masuk gerbong ternyata tempat duduknyo uda ado yang nempati, dan anehnyo nomor kursi tempat duduknyo samo. Akhirnyo adekku yang mengalah untuk berdiri. Emang pacak gitu 1 kali pembelian masih pacak di beli wong lain? Masa iya harus pangku²an. Tolong dong untuk lebih di upgrade lagi, men kayak gini kan jadi merugikan penumpangnyo. Ya meskipun nominal ga seberapa, yakali 1 jam berdiri dalam kereta. Cewek pula.",,,negatif,,
Untuk sementara ditahun 2024 menjelang 2025 dak pacak di andalkan untuk pemesanan secara online. Tolong di sempurna kan lagi untuk masalah refund yang terkendala dari pihak kai dan pihak pay di kai. Tolong jugo men belum siap untuk melakukan prasarana secara online jangan lakukan secara online.),,,,negatif,
"Apps dak pacak dibuka saat akan digunakan membuka barcode tiket, sedangkan appsnyo lah diinstal, jaringan internet lah stabil, padahal lah ado transaksi pembelian tiketnyo secara sukses.tolong sistemnyo diperbaiki segera biar membuat pengguna jadi lebih gampang",,,negatif,,
"Aplikasi sering pemeliharaan, aplikasi sering dak pacak diakses meskipun internet dan signal normal 5G, update KAI Pay dak selalu melebihi 15 menit, kualitas sistem KAI Acces buruk dibandingkan public service lannyo, dan yang paling menyesatkan adalah sering terjadi tampilan sisa seat 1 yang dijual tapi dak pacak diambil merupakan informasi yang menyesatkan, dan indikasi permainan wong dalam",negatif,,negatif,negatif,
"aplikasi makin kesini makin buruk bae, nak pesen tiket malah sesi abis lah gajelas",,,negatif,,
"Sekarang sulit nian cari tiket via kai access padahal sinyal lah full, mohon diperbaiki lagi sayang nian men ado aplikasi order online tp dak pacak digunakan",,,negatif,,
"nak pesen tiket akun basic nyo tiba"" ilang setelah cek nomer telfon (karena saat mesen no telp salah pas di cek di akun benar) ... nak bikin basic akun lagi biar pacak pesen gabisa (klik lanjutkan stuck disitu) mohon diperbaiki.. note: sebelumnyo pesen tiket aman bae kali ini bae beda",,,,,negatif
"Maksudnyo apo sih ini, nak cek jadwal kereta dak pacak, suruh pilih tujuan stasiunnyo malah dak muncul pop upnyo atau opsinyo. dak jelas malah dak pacak ngecek jadwal keberangkatan kereta. lah bener versi sebelumnyo simpel. malah dibikin bug. sampah",,,negatif,,
Kecewa bgt makin ksni bikin kesel harus ado waktu tunggunyo gk kyk dlu pas war tiket enak,,,negatif,,
"Lemot nian. Sengala ngantri tp waktunyo dak jelas. Bukan hitung mundur, malah tau2 nambah lagi. dak guna.",,,negatif,,
"aplikasi access KAI, makin kesini makin mengecewakan, dak membantu/memudahkan pengguna nyo. sulit nian untuk melakukan payment tiket yg lah d booking. mohon untuk d perbaiki. TERIMAKASIH",,,,negatif,
"Tolong ya KAI, web developmentnyo dievaluasi dan diperbaiki lagi. Capek bgt aplk error sampe ketinggalan KERETA!! cuman krn loading lama bgt. Manding pake aplk pihak ke-3 drpd punyo KAI'nyo langsung. Nunggu loading doang lah tiket hangus,kejar-kejaran waktu, dan pake aplk lain disana hargo lebih murah. Pdhl aku lah bayar lebih mahal drpd pake aplk pihak ke-3.",,,negatif,,
Ini ngapo ya gaada pilihan stasiun untuk kereta lokal? nak pesan tiket jadi gabisa terus,,,negatif,,
"Di bela²in melek sampe jam 12 malam buat beli tiket, jam 00.00 login tiketnyo masih belum kebuka, di refresh berkali² kira² stengah jam, masih belum kebuka, data seluler ke wifi, wifi ke data selular, aku relogin jugo, giliran tiket nyo lah buka, eh...dak tau nyo lah habis...",,,negatif,,
"Tolong di perbaiki lah, nak pesan tiket dak pacak. Suruh melengkapi data diri, tapi data diri dak pacak di lengkapi",,,negatif,,
"Aplikasi suka eror pemesanan tiket jadwal dak muncul, padahal setiap hari ado terus jadwal kereta",,,negatif,,
"nak pesen tiket lebaran bae susahnyo minta ampun, ditiket tertulis masih tersedia giliran lah masukin semua data2 lengkap ujung2'ny dak tersedia kursi. Terus kemana perginy itu tiket kereta api (apakah kecalo semua min)..",,,negatif,,
"Aplikasi apaan,, beli tiket jam 00.00 lah ngantri stengah jam,, lah ngisi data giliran klik not avatle mksudnyo gmn? Niat jual tiket gk woyyy",,,negatif,,
Ceritanyo nge war tiket kereta..😓kebanyalan loading. Malah cepetan pake aplikasi pihak ketiga.. KAI diperbaiki lagi donk aplikasinyo,,,negatif,,
"Skrg ado sistem antrian, menurut aku malah kurang user friendly. apo guna ado antrian men setelah lewati antrian ternyata malah ga pacak transaksi. Tolong dong kembalikan ke versi sebelumnyo tanpa fitur atrian...",,,negatif,,
Update malah semakin buruk. Pake menit antrian segala. dak jelas bgt malah semakin lama. kito butuh yg aplikasi yg cepet. Bukan malah ado antrian jugo kayak gini. Segera di perbaiki lagi deh.,,,negatif,,
"aku nak menanyakannyo ngapo tiket yg muncul harganyo mahal2 padahal aku lah nungguin di jam 12 malem supaya dapet tiket yg murah, tiket yg murah selalu dak pacak di beli(habis)",,,negatif,,
"Aplikasi ini sebelum nyo bagus dan gampang gada BUG kaya yang sekarang, susah pemesanan tiket dengan jumlah lebih dari 1 wong, yang kaya gini nih men dipegang ama wong yang cuman ngandelin design tapi fungsi nyo kaga, bug dimana mana QR kaga muncul, lah milih penumpang pas di next notif bacaan succes tapi kaga ke metode pembayaran, emang bapuk... perbaikin lagi deh aplikasi nyo, jangan cuman ngandelin design tapi fungsi nyo banyak problem",,positif,negatif,,
"Ribet ya KAI, nak tukar jadwal tiket ortu dak pacak karena yg punyo akun KAI ACCES atas nama sy, sedangkan tiket atas nama ortu, masa ortu sy yg lah tua harus ke stasiun dulu!!?? Gmn sih kalian, klo boking bae pacak, sekalinyo tukar jadwal super ribet, masih bae bikin kebijakan yg menyulitkan konsumen, padahal kito bayar gaji anda toh",,,negatif,,
"sumpah nih apk makin lama makin gajelas, dikit² trouble, dikit² eror, nak pesen tiket jadi gbisa ujung² nyo kehabisan tiket. ayo dong dibenahi lagi biar kualitas nyo oke, men kek gini kan pengguna jadi males nian buat make apk nyo, mana men pesen tiket dadakan di stasiun jugo suka gada gara² lah ludes penjualan lewat apk",,,negatif,,
"diarahkan beli tiket online, tapi aplikasi eror terus hahaha. nice",negatif,,,,
Ini cakmno nak pesan tiket susah bgt... OTP masuknyo lama.. Mana ketika di masukkan error mulu. apo gunanyo nihh aplikasi.. Bli tiket d tempatpun ga pacak. Tlong di perbaiki lagi nih aplikasi. Harusnyo mempermudah malah bikin sulit. Sekian.,,,negatif,,negatif
"Parah aplikasi nyo dak membantu samo nian nak pesan tiket harus update ke basic dan isi data, lah diisi lengkap pas klik daftar nge lag terus, men kai dak siap meluncurkan aplikasi mendingan dak usah bukan membantu malah menyusahkan, sekelas perusahaan BUMN loh, membuat aplikasi dak siap",,,,,negatif
"Hallo kak,mohon maaf nih ngapo yah aku lah beberapa kali melakukan pembayaran pembelian tiket dan saldo lah terambil,tetapi pembayarannyo belum lunas terus,pedahal saldonyo lah berkurang dan ketika waktunyo abis tiketnyo hilang dan saldonyo dak pacak kembali,mohon tindaknyo yah dari pihak access,men gini soalnyo rugii dong",,,,negatif,
"War tiket lebran 2025 ini bner2 KAI g bsa diandelin.begadang mulu tapi g dpet tiket jugo.tlong dong kayak tahun2 sebelumnyo,walau begadang tapi masih pacak di acces.bner2 kecewa bgt",,,negatif,,
"ini pasti ado oknum yg curang, tiket habis terus,, secara logika bae aku pantengin terus aplikasinyo sampe war tiket selalu tunggu antrian, dalam waktu 30 menit, tiket semua habis terjual. aneh.. tingkat keamanan kurang bagus. ado joki di balik semua ini.",,,negatif,,
"Ya ampun 3 hari bela-belain melek sampe subuh demi tiket mudik, dr mulai tengah malam sampe subuh tuh tiket dak dapet2 ya.. bener bener aneh..masa gagal terus padahal tiket masih banyak sampe aku ulang-ulang, sampe pegel pegang hp mantengin aplikasi ini bolak balik jugo di apps tokped..tp satupun kaga ado yg pacak di pesan tiketnyo.. Eh pagi2 lah jam 6 an, kok tau2 lah habis samo cak hr sebelumnyo..gile keselnyo, app apaan ini menyulitkan pengguna bukannyo memudahkan.",,,negatif,,
ngapo aku dak pacak memilih kursi? Padahal keterangannyo masih tersedia???????????,,,negatif,,
Kai nih ngapo sekarang sering tiketnyo goib ya. Baru beberapa menit dari jam 00.00 lah kagak pacak dibeli bae. Terus pas tinggal bayar malah loading terus padahal jaringan bagus dak ado masalah. Update doang tapi dak ado yang diselesaikan bugnyo,,,negatif,negatif,
lemottt ado masa antriann bikin gangguuu dan ga pacak liatt jadwal kereta di tanggal berikut nyo,,,negatif,,
"lah lama pake aplikasi ini, ngapo skr nak booking bae susah kali. Time out terus. cepet di perbaikin.",,,negatif,,
"sanggat di sayangakan untuk aplikasi yg notabene dari BUMN tapi khusus penjualan tiket lebaran sanggat susah di beli,kurang adil untuk penguna,estimasi waktu tunggu antrian yg ga tepat waktu,setelah masuk jga,sering timeout,sibuk,dan banyak lagi. mohon untuk aplikasi ini yg memeng punyo BUMN(Negara RI) pacak di perbaiki,jadi untuk penguna yg nak beli tiket khususny untuk lebaran Idhul Fitri pacak di akses dengan gampang dan cepet.",,,negatif,,
"Awal mula download sih aman-aman bae pacak pesan tiket, cuman pas pengen pesen tiket kedua malah dak pacak ado bacaan sesi anda habis maksudnyo cakmno ya",,,netral,,
"Aplikasi dak bener, pesen lewat online bae harus nunggu antrian mana pas waktu lah 1 menit bukan nyo langsung muncul malah perpanjangan waktu sampai 20 menit!! men kaya gitu mah mending gausah diadain aplikasi nyo nian menyusah kan wong!! Kami nak beli tiket pake duet bukan ngutang!! Jadi jangan dipersulit untuk pembelian tiket nyo!!",,,negatif,,
"kemarin"" aman bae pakek aplikasi ini, hari pas nak beli tiket tiba"" disuruh update, oke aku update, abis di update bukannyo tambah canggih tambah error, nak bayar dak pacak dengan alasan sistem sedang error tunggu beberapa saat, setelah itu nak bayar lagi cek di keranjang dak ado, pergi ke menu tiket yang belum dibayar malah dak ado pilihan lakukan pembayaran, ado pilihan kembali ke home samo batalkan pesanan, aplikasi macam apo ini, ini sekelas BUMN loo masak bangun sistem kayak gini,",,,negatif,negatif,
"Lelet, lah cape2 nunggu antrian beli tiket, malah gagal",,,negatif,,
"Buat apo aplikasi tapi dak pacak milih kursi KA lokal Rangkas merak, jadi malah antri panjang buat berebut kursi",,,negatif,,
"Tolong di perbaiki secepatnyo buat pengembalian dana dari tiket yang di batalkan, dak pacak pakai wallet, pakai rekening harus sesuai nama penumpang yang tertera, aku cuman punyo wallet jadi tolong segera di perbaiki Terimakasih :)",,,,negatif,
Aplikasi sampah. Pembatalan tiket harus tranfer atas nama pembeli tiket. Tolol. Nyusahin.,,,,negatif,
Knp setelah d update malah bukannyo tambah baek malah tambah kacau. Cek jadwal kereta men d lihat dr kalendernyo KAI acsese sdh bs booking tiket / liat jadwal keretanyo pas d klik malah jadwal dak d temukan...,,,negatif,,
"dak ado niatan kah untuk memperbaiki kualitas aplikasi ini, booking tiket H-7 harus warr dari jam 00.01 selalu trouble, pacak lanjut next step trouble lagi, tinggal 1 step pembayaran trouble lagi. Begitu seterusnyo sampai baru pacak jam 03.40 dan itupun tiket lah banyak yg sold out. Sekelas KAI loh masa booking onlinenyo menyusahkan begini. Malu lah",,,negatif,negatif,
"ngapo yaa aplikasinyo jadi error begini padahal sebelumnyo lancar lancar bae meskipun ado hambatan sedikit, ngapo ya ketika aku ingin memesan tiket dan lah aku bayar tetapi tiket nyo dak muncul di aplikasinyo, mohon segera perbaiki",,,negatif,,
"Selama hampir 1 tahun aku pakai Access by KAI, aku sering menemukan error di aplikasi ini. Dan error nyo berulang, yakni terkait kegagalan dalam pembelian tiket Commuter Line. Apakah dak ado perbaikan permanent yg dilakukan? ujung² nyo suruh pake kartu, lah buat apo ado aplikasi men sering error. Tolong dong ini aplikasi kan dipake banyak wong seluruh Indonesia. Masa aplikasi sekelas milik BUMN kayak gini, error berulang. Tolong perhatian dari pihak terkait terkait hal ini.",,,negatif,,
Aplikasi nyo lah bagus hinngga saat pembayaran susah nian diakses dan hanyo diberi waktu sedikit. Dan saat selesai pembayaran dak ado notifikasi samo nian tiket lah berhasil dibayar atau dak🤦‍♂️,,,,negatif,
"dak pacak beli 2 tiket KRL, dak pacak beliin buat penumpang terdaftar. lah beli 2 tiket KRL @16rb malah yang pacak kepake cuman 1. Padahal nak dipake buat 2 wong.. Definisi bayar 2 kali lipat untuk 1 kali perjalanan KRL.",,,negatif,,
Parah si lah 2 hari nungguin tiket muncul Ampe bergadang ttp ajah dak bsa buat pesen tiket nyo. Gagal trus,,,negatif,,
"dak ramah!! Kecewa!! updet status Twitter Mulu.. Aplikasi tiket yg terbilang lebih penting, dak ado Upgred, dak ado perubahan, dak ado Maintenance samo nian!! Payah payah..",,,,,
"ngapo si jadwal tdk di temukan mulu, aku lah rela² begadang buat dapatin tiket di h-7 malah kya gini mulu",,,negatif,,
Waktu tunggu antri 5 menit gatau nyo sampe 1jam,,,negatif,,
lah di bayar dan Pembayaran masuk tapi tiket dak muncul. nian kecewa,,,negatif,,
"aku awal suka aplikasinyo eh sekarang kecewa capek capek antri nak klik pilihan muncul antrian dari awal lah capek nunggu 1 jam eh pilih lagi antri Dari awal lagi mohon kalu pacak masuk antri jangan antri dari awal lagi cak beli di tiket lah antri kemudian dilayani jangan suruh antri lagi dan lagibdam awaktu lama antri ya, mohon jika nak ado antri cukup nian bae",,,negatif,,
Ketika pesan tiket tampil diminta upgrade ke member basic. Sdh diisi sesuai tp tdk ado keterangan ok atau tdk ok upgrade tsb. Yg lbh mengesalkan tdk pacak pesan tiket. Dan yg aneh lagi tdk ado histori yg telah sy lakukan selama ini (sejak aplikasi baru ini).,,,negatif,,negatif
terlalu sering up date setiap nak beli tiket harus uodet lagi,,,negatif,,
"ngapo ga pacak pesan dari semalam, dalam pemeliharaan terusssss",,,negatif,,
Applikasinyo bagus nian tapi tolong nyo pacak di perbarui applikasi buat memudahkan akses beli tiket kai nyo di applikasi bye kai acces nyo plissnyo ...,,negatif,negatif,,
"war tiket tahun ini dak jelasss blasss..! pengalaman sy mending tahun² kemarin cuman bergelut dg signal dan quota, serta kecepatan checkout, dak kaya skrng masih harus ditambahin antrian sistem yg dak jelas. hadeuh.. tobat.. tobat dah",,,negatif,,
"Masak iya booking dar pagi error trs, sekarang malah dak pacak boking dengan alasan dak jelas, tolong dong kai diperbaiki lagi aplikasinyo, signal oke paket data full kok tetep gabisa, lah diaktivasi dll masih bae error, mengecewakan",,,negatif,,
"Pake antrian dak nyaman nian, tinggal bayar doang muter2 dak jelas hbs waktu ngantri lagi... mending sistem sebelumnyo",,,negatif,,
"Jelek nian, nak cari tiket bae dak pacak. Selalu ado kata 'timeout' padahal jaringan jugo bagus. dak usah sok-sokan nak update deh, kualitas aplikasi kau itu makin jelek men di update, dak sadar apo?",,,negatif,,
Dari stasiun Jombang dak ado jadwal kereta lokal ke arah Surabaya....pas coba stasiun lain ke arah Surabaya muncul untuk keberangkatan tgl 19 mei....apakah ado bug atau cakmno? Ini kali kedua aku pesan untuk keberangkatan seminggu sebelumnyo mengalami hal yg samo... Tapi setelah 30 menit baru muncul tapi tiketnyo lah tinggal sedikit (tanpa tempat duduk) Mohon diperbaiki kembali sistem aplikasinyo,,,negatif,,
"Kecewaa nian samo KaiAcces yang sekarang, padahal lah langganan dari dulu pake kai, sekarang di update bukanyo nambah gampang malah nambah jelek bangett. nak beli tiket nunggu antrian dulu 1 menit katanyo, eh nambah2 sampe 20 menit. Isi saldo kaipay malah dak pacak ditarik lagi harus pake apk kaspro, padahal pin lah bener ehh keblokir akun dikunci, mengecewakan sekalii kaiacces sekarang, cakmno nasib saldo aku ini??? tolong diperbaiki lagi.",,,negatif,negatif,
"mohon maaf seblumnyo karna ngasih bintang 1, pada pihak aplikasi tolong klo pacak ditingkatkan lagi servernyo biar gausah ado antrian. susah klo nak nge war tiket harus nunggu antrian dulu, sampe2 kehabisan apalagi tiket libur lebaran dalam hitungan menit lah habis, padahal lah bela""in begadang ujung""nyo kehabisan. smoga didengarkan keluhan ini wkwk, terimakasih",,,negatif,,
"Sering error, susah pesat tiket Ka Bandara. Diminta upgrade basic atau premium tapi dak pacak. Tolong perbaiki segera layanan webnyo",,,negatif,,negatif
"Masak bentar² update, and kadang jam dak valid",,,negatif,,negatif
"Aplikasinyo membantu, tp seringnyo ngeselinn, karena sering buffering pas lagi dibutuhin.. ayo dong perbaiki lagi apk nyo..",konflik,,,,
Loading lama. Pesan tiket berkali2 gagal terus. lah milih kursi pas di pembayaran lelet nian. Akhirnyo gagal. Pas pesan ulang kursi yg dipilih sebelumnyo lah dak pacak dipilih lagi. dak jelas apk nyo,,,negatif,,
"Pakai app ini dari lama.. Dan makin kesini makin eror, gaada perbaikan samsek, lah masukin tgl dsb milih hari keberangkatan awalnyo nongol, tba² ke log out sendiri, dicoba log in lagi bahkan sampe hapus data itu tetep tulisannyo tdk ado keberangkatan, tiba² jadwal keberangkatan yg awalnyo nongol lenyap, nak pesen kereta untuk weekend jugo war tiap jam 00.00 itu pun erornyo konsisten.. ekkekeke kebantu sih kebantu, tapi tolonglah diperbaiki, jaman lah maju ini, harusnyo pacak diperbaiki",,,konflik,,
Aplikasi lemot hp kayak dak ad guna,negatif,,,,
Sistem kacau lah masuk isi data penumpang tapi dak pacak pilih kursi dan dak pacak lanjut pembayaran. Setelah buka lagi aplikasinyo tau tau tiket habis.,,,negatif,,
"Aplikasinyo yg versi terbaru sdh dak konek lagi di hp aku jd sedih deh krn dak pacak pergi"" naik kereta lagi gara"" hp jadul yg dak pacak konek dgn versi terbaru 😭😭😭",negatif,,,,
"Jaringan lambat nian, nak ganti metode pembayaran dak pacak terutama metode qris. qris butuh barcode, sementara ketika salah mengclick kembali otomatis harus pesan ulang tiketnyo lagi",,,,negatif,
"Sistem nga dak pacak menyeleksi dengan baek sejak adanyo update ann baru. Lebih ke curang dan telalu menunggu lama. Website pun dak pacak digunakan. Aneh, cakmno ini developer?",,,negatif,,
Semoga dak lemot hp nyo dan aplikasiny Buat nanti war tiket lebaran,,,netral,,
Perlu nambah server yg lebih gede biar dak lemot buat pesen tiket dan pilih tempat duduk,,,negatif,,
"Aplikasi nyo Busuk Bener, untuk Upgrade Basic bae ga bisa2, Maaf aku kasih Rating Bintang SATU 1. AGAR PENGGUNA LAIN jugo MEMBACANYA.",,,,,negatif
"Kog jd susah masuk sih KAI, sandi lah benar masih bae salah terus,ini aplikasi yg lama lah okeh malah kayak gini sekarang",,,,,negatif
"Setelah di Update jadi semakin Ribet, lebih suka Versi yang lama",,negatif,,,
Dikit² update dikit² update tapi aplikasinyo loading,negatif,,,,negatif
"Dear Developer, aku ga pacak cek fitur live tracking, padahal lah update kai versi terbaru. Apakah versi hp berpengaruh pada fitur tersebut? Mohon info & perbaikannyo. Thanks",,,negatif,,
"beli tiket kereta tapi gagal (ZONK). padahal di apk lain lah berhasil pembayaran tiketnyo. tolong tanggung jawabnyo KAI, masak beli tiket tapi gaada tiketnyo😤, Aplikasi sering lemottt, loading muluu, gangguan muluuu. tingkatin lagii dong performanyo.",,,negatif,,
Habis di update kok malah susah nak beli tiket pake dalam antrian² yg memperlambat bae,,,negatif,,
Disuruh upgrade terus hampir tiap bulan cak ini. Ketika lah diupgrade nanti masih loading dan error' utk buka aplikasi,negatif,,,,negatif
"Jelek, sering lemot, pembayaran masuk lama",negatif,,,negatif,
Saat melihat lokasi aplikasi nyo jadi keluar sendiri. Mohon di perbaiki,negatif,,,,
Ngelawak mulu. lah tinggal 1 menit. Malah langsung jadi 40 menit lebih. Tambah Server ngapa,,,negatif,,
ngapo setiap nak beli jadwal dak tersedia terus 😭🙏🏻 sebelumnyo aman aman bae lhohhh setelah update error mulu,,,negatif,,
"Aplikasi ini mendeteksi apliksi buatan aku sebagai warning, padahal aplikasi aku dipublish di playstore resmi diantivirus aman, bahkan google pindai app aku jugo aman. ini nian merugikan aku. rating aplikasi ini bae 2 ngapo pacak menilai aplikasi lain? tolong developernyo mikir, jgn asal tuduh. apo parameter yg anda pakai. jgn2 cuman copy paste kode dari github. fokus bae samo produkmu",negatif,,,,
"apk aneh...pacak download di ps, setelah terinstal dak pacak masuk..dak ado akses internet..apk ini hanyo pacak di gunakan dengan akses wifi...untuk penggunaan data dak akan pernah berhasil walaupun apk lah update,jaringan bagus,dak menggunakan vpn",negatif,,,,
"Tolong dong aplikasi nyo di maintenance lagi, percuma ado aplikasi men ujung ujung nyo eror mulu, aku nak pesan tiket dak pacak Mulu, jadi klo emang dak niat bangun aplikasi mending dak usah bae sekalian",,,negatif,,
"nak beli tiket suruh upgrade, giliran lah masukin data katanyo datanyo lah ado, terus cakmno???? aku balik pesen tiket lagi ga pacak karena belom update, aku masukin data lagi dan masih kaya gitu lagi, gitu bae terosss, ga beres nian ni apk lama""",,,negatif,,
"lah di updte bukannyo tambah bagus malah gelas, antri waktunyo bukannyo ngurang malah nambah, 8 menit jadi setengah jam, waktunyo habis malah jadwal dak di temukan. cakmno sih",,,negatif,,
"CUSTOMER SERVICE dak DI WA, TWITTER NGEBALASNYA DARI PAGI KE PAGI LAGI. PADA TIDUR X YA SEMUANYA, HELLOOO dak SEMUA MASYARAKAT SETIAP HARI , HBGI KAI CHAT WA, DM IG/TWITTER SAMPE NGEBALAS LAMA AMAT. PELAYANAN KONYOL DAN ANEHNYA LAGI MASA CS dak pacak NGECEK KURSI NOMOR BERAPA BERHADAPAN? PADA PEGANG SISTEM BISA2 NANTI HBGI LAGI 1JAM/ PULSA lah HABIS 20RB HNY NGECEK SISTEM YANG ado DI DEPAN MATA CS. SALDO AKU MASIH ado 4000 DISITU, BIAYA ADMIN TOPUP MAHAL. ERROR jugo TUH SISTEM MRKA",,,,,
Update terus bknyo tambah bagus sistem tambah ruwet bkn tambah cpt atau lainyo malah tambah susah,negatif,,,,
dak pacak dipesan... Selalu ado tulisan dak ado jadwal.. Error,,,negatif,,
Lagi lagi layanan pemerintah jika membuat aplikasi pasti ga pernah bener. ado bae kekurangan yang meribetkan,,,,,
"aplikasi sering eror, waktu nak pembayaran sering ngak pacak, tolong diperbaiki aplikasinyo",,,,negatif,
aplikasi kok minta di update terus. heran nian ado bae terus pembaharuan. Masak tiap ganti event harus update terus pengguna. Capek ah,,,,,negatif
"Tim IT kai gabut nih, kayaknyo baru ganti atasan atau lah kebanyakan wong jadi banyak yg idle dan bikin kerjaan ga perlu. lah bagus padahal sebelum ado update lancar2 bae sekarang malah masuk antrean jadi lama nian buat pesannyo. Emang kocak sih",,,negatif,,
Disuruh untuk upgrade tapi pas waktu nak upgrade sistem eror terus lah ganti email dan nomor telepon masih samo bae eror,,,,,negatif
"Aplikasi terburuk dari KAI, tampilan OK, performa nian buruk cenderung burik!!! Aplikasi juancok!!! Rugi 1 hari hampir 1 juta. Gegara pesan Gambir keluar Jatinegara!!! Menyebalkan...",,positif,negatif,,
"Aplikasinyo payah kali yang sekarang, beda samo yang versi lama nyo. Untuk liat jadwal kereta api bae dak pacak, tiap di akses selalu bacaannyo ""Jadwal dak Ditemukan"". Capek kali liatnyo gitu terus. Padahal ado rencana pergi ke suatu tempat naik kereta api, tapi kalok kayak gini ya payah jugo nak menyesuaikan jadwal pribadi dengan kereta api yang ado",,,negatif,,
Aplikasi ini skrg menyuru kito untuk ganti hp yg lebih tinggi speknyo.sehingga di hp kito yg android sblmnyo dak pacak dipakai LG..jgan lah bgitu men pembaharuan aplikasi yg wajar2 bae..GK semua kito punyo duit tuk ganti hp dgn spek yg tnggi.masak dhp kito yg 1 LG aplikasi kai acces dh GK bsa,negatif,,,,
"Akhir akhir ini aplikasi dak pacak di acces. Padahal lah di update versi terbaru dan dak ado gangguan pada sinyal. Yg nampak hanyo gambar hitam, dak pacak log in apalagi memesan tiket. Mohon bantuannyo agar supaya masalah ini cepet di atasi. Terima kasih",negatif,,,,
"aplikasi rusak, banyak bgt bugnyo. not rekomen buat booking",negatif,,,,
"pemesanan tiket timeout terus, dicoba terus dari 2 jam sebelum berangkat sampai 5 menit sebelum jadwal kereta berangkat, ini aplikasi lah siap apo belum sih sebenarnyo buat mempermudah pelayanan ?. kacau ni",,,negatif,,
"Apk lemot, saat pengisian saldo lama nian.",,,,negatif,
"aplikasi lelet, respon lambat, tiket susah muncul, berantakan, kacau balau",negatif,,negatif,,
"aplikasi eror melulu, pesan tiket, masuk antrian lama, setelah habis antrian, eror terus.. percuma top up",,,negatif,,
Maaf kasih bintang 2....aplikasinyo ini memang membatu tapi harus sering di update...klo ngg di update ngg ke buka aplikasinyo,,,,,konflik
"Aplikasinyo sampah nian🙏🏻sering error dan otp dak valid tolong di perbaiki yaaa, soalnyo salah satu masalah yang wong jadi malas naik kereta karena pemesanan tiketnyo bae ribet banyak kendala di aplikasinyo.",,,negatif,,negatif
"Hallo kak, ngapo aplikasi acces by kai, saat dibuka keluar sendiri, terimakasih minta solusinyo kak",negatif,,,,
"pacak pacak nyo baru update di playstore trus user dipaksa update, dikira semua hp pasti kompatibel samo app yang baru? sekarang malah gabisa dibuka. busuk nian",negatif,,,,
"Susah nian dapet tiket buat lebaran,loading terus",,,negatif,,
"Lemot di aplikasi. Petunjuk pelaksanaan pengisisian kai pay melalui atm mandiri jg salah. Sdh isi via mandiri jg tunggu 15menit, kalah samo pemabayran lain lgsg instan masuk. Gini men d men urusan samo aplikasi pemerintah, harus banyak2 sabar",,,,negatif,
nian sulit di gunajan minta ugrade gagal terus aplikasi apaan ini dak rekomen.,negatif,,,,
Selalu eror dan gagal terus pemesanan tiket saat lebaran... Aneh nian aplikasi nyo... Mohon Segera di rubah sistem nyo,,,negatif,,
"SLOW RESPON BGT KL DIMINTA TANGGUNG JAWAB. Waktu ngewar tiket cuman dikasih beberapa menit tiba-tiba timeout. Posisi lagi payment eh waktunyo abis. Alhasil duet masuk ke kai, tapi tiketnyo gaada. lah laporan beberapa kali dak ado balasan. dak ditindaklanjuti jugo. Customer Service dak ado yang melayani berhari-hari alasannyo banyak pesan masuk lah, banyak email masuk lah. Tolong kalian hati-hati guys, kai access susah dimintain tngg jwb👍",,,negatif,negatif,
Baru 2 minggu yg lalu upgrade sekarang sruh upgrade lagi...dan masalahnyo ngeblok aplikasi langsung men dak d upgrade....aplikasi paling sering maksa upgrade,negatif,,,,
Hanyo menunggu loading sajaa. nian nian susah untuk di operasikan denga cepet,negatif,,,,
"Sejak di perbaharui, ado fitur menunggu antrian. Bahkan saat lah isi data penumpang, nak melanjutkan, error terus sampai ga dapat tiket. Error timeout lah, error doctype.html (kode html) lah. Bikin sengsara wong bae aplikasi nyo. Developernyo amatir, sekelas BUMN gede aplikasinyo receh kaya gini.",,,negatif,,
Di update terus malah tambah gk jelas malah error terus.. nak booking tiket bae loadingnyo lama.. Masih bagusan aplikasi yang lama... Setelah di upgrade malah dak jelas... lah loadingnyo lama sering error.!! Padahal ado seat kosong tapi di pesen dak pacak.. Tolong di perbaiki lagi aplikasinyo jangan asal buat dan ambil keuntungan bae biar pengguna dak sering kecewakecewa Mending dak usah dibuat dari pada buat aplikasi Malah dak jelas cuman ngambil keuntungan bae yang buat aplikasi ini,,,negatif,,
"ga pacak login lagi..ngefrooze aplikasinyo notifnyo ""access by kai dak menanggapi"" di coba dari bulan januari 2025 gt trs smpe skrng",,,,,negatif
"Setelah update terakhir, malah dak pacak memilih kota, harus memilih stasiun, setiap memilih kota muncul peringatan maaf sedang maintenance, dan ini lah berlangsung 2 hari dan belum ado perbaikan, notifikasi yang muncul pun dak pacak di akses",,,negatif,,
"Eror parah, ngelag muluu, lemot, pokoknyo bikin ga nyaman bae",negatif,,,,
nak pesan tiket harus upgrade member basic .. Giliran nak daftar erorr mulu dak bisa2 pdahal data sdah benar.. Tolong dong di perbaiki biat makin gampang aksesnyo,,,,,negatif
jelek nian aplikasi nyo masa pas bagian nak keluar kga muncul tiketnyo mana sering eror,,,negatif,,
"pesan kereta lokal aku pilih byr via qris, ketika unduh qris selalu time out, dak hanyo nian, setiap minggu sy pesan ketika unduh qris selalu time out, alhasil setiap minggu dak pernah dpt tiket, tolong diperbaiki, thx",,,,negatif,
Masa tiap buka apk ini kudu update mulu jir. Bikin apk yg bener kek.,negatif,,,,
"Aplikasi samp*h, gini amat aplikasi buatan pemerintah, masa gangguan mulu kocak wkwkwk",negatif,,,,
"lah di update, bayar pake Qris.Kai Pay. something error . harus brp mandays untuk benerinnyo ya..?? Menurut aku, Superapss sekelas ini sebaiknyo cari vendor yang Ahli dibidangnyo, sering error terus. BAD SUPERAPPS 👎",,,,negatif,
"Aplikasi paling payah, kirim kode otp sj lemot dan gagal terus,kalah samo aplikasi pinjol",,,,,negatif
"Maintenance mulu, tp server masihh sering down. nak beli tiket buat plg, emergency jd ga pacak. Gmn sih",negatif,,negatif,,
"Lemot bgt, sinyal aman penyimpanan aman apk nyo lemot bgt aku lah punyo akun disini giliran di login ga pacak masuk, nyusahin bgt",negatif,,,,negatif
"Aplikasi dak jelas , pembayaran gagal terus , lah pakai wifi tapi ado peringatan dak ado jaringan , top up ke apk malah disuruh nunggu 15 mnt lah ditunggu dak masuk2 dananyo , tolong di perbaiki dengan baek sistem pelayanan nyo",,,,negatif,
"ribet gajelas banyak masalah banyak error ,bukannyo mempermudah malah mempersulit 👎",negatif,,,,
"nak beli tiket harus ngulang 7x input data, tgl, kursi, dan jam keberangkatan,.... Dibagian pendaftaran Shopee pay error terus. Loading ga mari mari. Sepertinyo server ado di Antartika sana dan ga ado sinyal... Sy pake koneksi internet up to 200 Mbps, yg lain lain sat se...",,,,,
Aplikasi rusak knapa ga di benerin?,negatif,,,,
"ado bae trouble nyo... Pesan tiket eror, next lah pacak ganti pembayaran nyo yang eror.. Top up tiba2 kepotong 3rb pdhl g ado info pemotonganNya brpa. lah di belain pesen malam dini hari trouble pacak g tidur 2 jam cuman klik g bisa2, intinyo tiap masuk aplikasi ini siap2 bae jadi dongkol terus",,,negatif,negatif,
"Jelek nian sengaja di uninstal karna muter"" trs aku nak beli tiket woosh, skrg di download ulang malah setiap kode di masukin ga pacak pacak cakmno si!!!",,,negatif,,
"Fitur scan di android nge bug dak pacak digunakan, pas nak pakai, selalu mental aplikasi nyo , aplikasi jelek!!! cakmno ini developer nyo woy",,,negatif,,
"tolong dong KAI untuk jadwal commuter line nyo diperbaiki khususnyo jam malam, pacak delay sampe setengah jam lebih gatau pas lagi ado acara jadi hancur deadline nyo",,,negatif,,
"Hiks kecewa nian, aplikasi baru diperbarui, dah bergadang buat tiket lebaran, error mulu untuk semua tanggal, nanti ujung² nyo habis semua, tahun lalh walaupun lagi war ga ado tu error, tapi oasti semua jadwal tertera dan pasti jelas untuk tiket habis nyo",,,negatif,,
"Pelayanan KAI yang nian baek terhapus oleh aplikasi sampah ini setelah di update versi terbaru Mei 2024. dak berniat ado improvement apps nyo kah PT.KAI ? Apps sering hang, dan history refund dak ado lagi hadeh, amatir nian developer apps BUMN ini.",negatif,,,negatif,
Aplikasi nyo lah di acces keluar masuk sendiri aneh,negatif,,,,
"Di update malah semakin buruk bae, masuk daftar antrian malah cm bolak balik waktu tunggu nyo, giliran masuk tiket lah dak ado,dak ado jadwal.parah parah,,, nian mengecewakan",,,negatif,,
"Kecewa berat. lah dipantengin smp begadang tp tiket gk muncul walaupun terus dipantau, sekalinyo muncul pasti lah habis akhirnyo harus milih jadwal lain. Milih jadwal lain ribet dipembayaran, pakek qris gk pacak, ado warning mulu apalah apalah. Dikit² update lg apknyo, iy kl makin baek, ini malah bikin kesel. Males bgt",negatif,,negatif,negatif,
setelah di update malah bad gateway terus,negatif,,,,
Coba min tolong update nyo yg jelas.. tadi2 masih sisa kursi nyo masih ado 2 atau 3 giliran aku pesan ko tiba2 habis.. mana lemot nian jaringan wifi aku oke.. data aku jugo oke.. hemmzz di perbaiki lagi lah min...,,,negatif,,
"Beli tiket ekonomi susah nian,padahal beli tengah malam,aku coba berulang kali tetap dak pacak.. Mohon perhatiannyo kai acces. Aplikasinyo di maintenance.",,,negatif,,
ngapo selalu diupgrade sedangkan login nyo dipersusah selalu troble apk nyo Saran ya kasih apk yang gampang diakses gk perlu uprage setiap minggu kasian orng yg lah tua blm tentu pacak semua,negatif,,,,negatif
"Bapak/ibu pengembang app ini!!! Tolong didengar men lah banyak yang mengeluh itu ya langsung di perbaiki apo yang menjadi keluhan terbanyak dari aplikasi ini. aku dak perlu menulis lagi apo yang jadi kendala aku terhadap app ini, karena kebanyakan kendala yang aku alami samo kaya teman-teman yang lah mengeluh dengan app ini. TOLONG SEGERA DITINDAKLANJUTI",negatif,negatif,negatif,negatif,negatif
Masa gagal terus nak aktivasi nyo..tolong lah di perbaiki lagi,,,,,negatif
"Apk sampah,ngupdate mulu yang diupdate ga berguna,infokan it nyo saha",negatif,,,,
"1)Perlu ditambahkan fitur pengaduan untuk memudahkan pengguna dalam menyampaikan keluhan dan rata2 aplikasi layanan lah memiliki fitur tersebut 2) melakukan beberapa perbaikan terhadap bugs yg ado dalam aplikasi cak pendaftaran mapclub, tampilan page tiket aku yg suka error, dll 3) menambahkan e wallet cak gopay, linkaja dll 4) menambahkan fitur maps kereta api dengan memanfaatkan gps jika memungkinkan sehingga user pacak memonitor posisi atau lokasi kereta api lah dimana",,negatif,negatif,negatif,
"aplikasinyo mantap. mohon diperhatikan untuk perbaikan: 1. saat pembayaran lama 2. saat KA delay, record boarding pass hilang",positif,,negatif,negatif,
"Aplikasi super lemot dikit-dikit error harus ulang dari awal lagi, itupun pencarian tiket yang tadinyo ado jadi dak ado",negatif,,negatif,,
Lebih simple kai yg lama hrusnyo klau lah update lebih baek tpi ini mengecewakan sering time out.. aps jugo gk lancar waktu pemesanan tiket.. Waktu pembayaran lewat m banking bae terlalu sedikit batas waktunyo jdi cpet kadaluwarsa.. isi saldo kaipay jugo lama masuknyo..,negatif,,negatif,negatif,
ini aplikasi ngapo kaga pacak masuk...aneh bgt. cuman info aplikasi macet 😤😤😤,negatif,,,,
Aplikasi sering error dan nge lag. Mana pake sistem antri2 an dan dah nunggu lama tiket malah habis. bikin wong kesel. Aplikasi pembelian tiket lain jd dibatasi akses nyo bahkan pacak tiket dak dijual disana. Jangan2 ado permainan wong dalem samo calo2. Sesekali butuh diaudit nih KAI biar gk pd KORUPSI,negatif,,negatif,,
Aplikasi taik dak becus dak bener nak mesen bae susahnyo minta ampun dak pacak pacak sampe berhari hari eror terus ntah apo bae errornyo dak usah buat aplikasi men dak pacak mending tidur,,,negatif,,
Ko aplikasinyo b*b* ya error sih setiap hari,negatif,,,,
"ketinggalan kereta gara"" servernyo bermasalah😮‍💨",negatif,,,,
gatau kenpa kesel bae gitu pke aplikasi nge stuck trus pdhal aku baru top up in sengaja di aplikasi biar lebih cepet dan praktis eh pas aku buka aplikasi lemot nyo minta ampun pdhal gada informasi maintenance yaa minimal men lagi ado maintenance tu infokan biar kitaa dari jauh jauh gabklan pesen tiket by aplikasi mnding of bae men gitu lwbih enak pake flez atau e-money dll,negatif,,,,
"Ini cakmno sih aplikasinyo, suruh upgrade giliran lah d upgrade ado notifikasi email& phone already exist 😪😪",,,,,negatif
"Grafis lah oke, tapi ngapo seriiingg nian update. Plis jangan kebanyakan update klo masih sering lemot dan error!",,positif,,,negatif
"Evaluasi aplikasinyo, semenjak di update access by kai, lebih sering error & loading nyo lama bangett. Sering muncul kode error. Apalagi men waktu war muncul dak pacak booking karna lah lebih dari 15 kali, padahal user bolak balik booking ya karna di halaman tertentu aplikasi stuck, shg user terpaksa membatalkan, setelah itu akun kito dak dpt dignkn beli tiket seharian, menyusahkan nian, padahal sistem yg error. Lalu sering jg tiket sukses dibayar dan duet terdebit, tapi tiket tdk mncul",negatif,,negatif,,
"aplikasi jelek, tiba2 reset sendiri, giliran di lupa password otp ga muncul, aplikasi katrok",negatif,,,,negatif
Koq jadi sedikit update... Padahal sebelumnyo ga ado masalah,konflik,,,,
"Saran aku KAI gausa gaya²an update kai access dah, banyak ngebug nyo sekarang jadwal sering kosong, loading lama, request time out mulu, stuck di halaman data penumpang terus, waktu lah pacak ke menu pilih kursi logout sendiri lol.. klo d website ga pacak ambil 2jam sebelum keberangkatan hhhh",negatif,,negatif,,
"Kok pacak aneh gini ya 🤦‍♂️ 🤦‍♂️ Tiba-tiba ado pemberitahuan bahwa akun anda telah kadaluwarsa kok pacak gitu?. Tolong pihak KAI accses yang menangani bagian aplikasi men bikin aplikasi tuh jangan yang ber tele-tele, pikirin kenyamanan konsumen. men memang dak NIAT Bikin Aplikasi mending dak USAH BUAT SEKALIAN ❗❗ kerjaannyo pembaruan, Dikit-dikit pembaruan malah amburadul. Situ niat dak Sih Bikin Aplikasi 😤 😤",negatif,,,,negatif
"Skarang minimal versi harus android 8,banyak lansia pake hp android d bawah itu susah ga pacak di akses, harusnyo apps penting bgini minimal android 5 lah itu paling rendah...... lah caro oembayaran Qris kadang2 erorr d waktu mepet",negatif,,,negatif,
"Aplikasi sebelumnyo baik2 bae dan aman2 bae, tapi setelah di update malah jadi dak pacak di buka aplikasinyo malah suruh pake perangkat hp yg lain..",negatif,,,,
"selalu ado masalah waktu pembayaran tiket, dan selalu eror, ayolah KAI, di maintenance lagi apk nyo pliss, jujur ini lah sering bngt kejadian , akhirnyo ujung2 nyo kehabisan tiket , Karne bolak balik log in",negatif,,,negatif,
"Aplikasi sering down, gk normal, dak jelas, PHP mulu, waiting list lama tp jadwal gk muncul muncul jugaaa, alhasil setelah repeat berulang dan jadwal muncul gk pacak pesen, error mulu nak loncat kebtahap pilih kursi, abis itu keluar kn yaa tp nak masuk lagi katanyo lah transakni berulang jadi gk pacak pesen lagii, woyyy waktu ku dipermainkan yaaa, belom jugo kelas pesen kok lah dianggep kessringan pesen, aplikasi ane bae yg gk jelas woyyy, Perbaiki donk, AKUN besar kok gini masian, kecewa ahhhh",negatif,,negatif,,
"Aplikasi jelek. Saat akan melakukan pembayaran, diharuskan pakai ewallet untuk kereta lokal, kemudian pop up muncul terjadi kesalahan. Saat cek tiket, menunggu pembayaran. Hanyo ado opsi batalkan pesanan atau kembali ke home. Akan lbh baek diberikan opsi bayar dengan transfer bank cak kereta antar kota untuk memudahkan costumer.",,,negatif,negatif,
"Sekarang kok aplikasinyo jadi gini ya? Sering keluar sendiri dan ketika masuk akun lamanyo minta ampun, selalu salah password dan ketika meminta kode OTP pun dak muncul², sayang nian padahal diawal² bagus nian aplikasi ini, tapi skrng malah kaya gini semoga secepatnyo diperbaiki ya🙌",negatif,,,,negatif
APLIKASINYA LEMOOOOOT. BUAT BAYAR PAKE E-WALLET SUSAH. men KAGA SIAP GA USAH NGIDE BIKIN APPS SENDIRI.,negatif,,,negatif,
"Aplikasi banyak bug dan aplikasi susah jaringan ampas, sekelas BUMN bikin data server bae jelek bgt lemot aplikasinyo dan butuh sinyal yang kuat sedangkan kebutuhan harus serba online beli tiketnyo. Menyulitkan bangsul",negatif,,,,
"balikin ke awal bae apk nyo sering update tp serig bug jugo lol, masa awal topup kai pay 40rb tp saldo yg masuk cmn 34rb giliran topup lagi saldo tetep ga masuk pdhl dah direfresh. trs saldo ygbaru topup ni masuk kemana??? mo bayar pake qris jg gabisa, barcodenyo ga keluar. anehhhhhhh!",negatif,,,negatif,
ngapo sekarang men buka apk harus login lagi sih ? Mana error² mulu men nak login 😌,,,,,negatif
"Merasa kehilangan... sampai berapa lama aplikasi ini dalam.perbaikan? lah pacak dibuka aplikasinyo, trimakasih...",netral,,,,
"Usaha lagi ya developer, malu tau buat aplikasi kok banyak ga pacak nyo, usaha dikit lah, ganti nomor telepon ga pacak, nomor telepon kai acces ga semua telkomsel, link bae harus pakai nkmor telkomsel, pinter dikit gitu lho, 6 bulan lalu pacak digunakan, saat pembayaran nomor telepon pacak diedit, kok sekarang enggak, malu lah maluuu, baca baca lagi kritikan wong wong, jangan nutup mata gitu lho! nian lagi buang duet untuk inovasi ga bernilai!",,,,,konflik
"[update] +2 ⭐ untuk pelayanan yang makin baek. Applikasi jangan sering2 update yang sepele. Terlalu sering update jugo cukup mengganggu saat nak pakai app. men pacak opsi update pacak ditunda, jadi dak harus langsung update",negatif,,,,
Servernyo lemottt bgt. nak reschedule bae susahhh dann lamaaa poll,,,negatif,,
"aplikasinyo eror, dak pacak pesan tiket lokal",,,negatif,,
"ngapo tiap pesen tiket selalu error?? men ga gitu, kadang engga muncul. jadinyo, suka telat dan kehabisan tiket. padahal uda begadang tengah malem buat war. sekarang jugo lagi error, ado tulisan 'kadaluarsa, tiket lah habis'. padahal tiketnyo buat satu minggu lagi, bukan yang besok bangett. kecewa sih jujur samo nih aplikasi",,,negatif,,
Pertama boking dak bisa² terus error pas balik ke aplikasi tiket lah habis kecewa nian,,,negatif,,
"Seharusnyo ini ap KAI Access jangan terlalu banyak update pembaruan dak semua pengguna Hp Android pakai hp terbaru masih banyak pake hp Android lama mentok di Internal Ram, dan banyak fitur ribet dan iklan ga jelas, mohon di rombak lagi cak dulu, jangan Menyusahkan",negatif,,,,
Coba tolong admin nyo lebih grecep lagi setiap ngak pernah di pake selalu muncul awal mulu men emang ngak pacak ngak usah pake aplikasi mempersulit bae,negatif,,,,
Knp sih setelah di update aplikasi access KIA dak pacak di buka aku unsintal nyoba di download lagi samo dak pacak di buka,negatif,,,,
Ini aplikasi cakmno malah eror dak pacak akses nyebelin bgt sih pemberitahuan jugo dak ado klo lg berkendala,negatif,,,,
"Akses untuk pesan muter² terua padahal lah daftar jadi akun basic tapi malah keluar sendiri, diulang² tetap dak pacak",,,negatif,,
"Mohon maaf aku kasih 2 bintang Soalnyo agak mengecewakan setiap aku nak pesen tikett kadang server eror terus dan bikin aku kehabisan tikett gara"" server eror dan troubel"" lainyo. Bahkan ngecek tiketpun kadang dak pacak dan akun sering logout"" sendirii. Mohon untuk pihak KAI untuk lebih meningkatkan lagi kualitasnyo demi kenyamanan pelanggan, terimakasih🙏",negatif,,negatif,,
"Setelah update aplikasinyo malah sering masalah, lah banyak komplenan masih bae samo kendalanyo, terus terus berulang, mending balikin bae ke versi yang lama, versi ini sulit login, pembayaran sering masalah, sering nian keluar sendiri, login google ilang, bayar harus pake waktu jawa, alah ribett",negatif,,,negatif,negatif
"Jelek nian, ngedown pas tinggal pilih kursi. men di apps tulisannyo nunggu 30 menit buat antri, padahal nunggu sejam lebih",,,negatif,,
"Harus antre, akses dibatasi oleh timer, sering notif error, notif timeout, notif sibuk, notif sesi habis, dan banyak lagi sampah lainnyo. Intinyo ini system yg nian menjengkelkan",,,negatif,,
"Pas buka aplikasinyo loading lama nian, pas nak bayar jugo lama nian. Parah ga pacak di pakai men lagi buru""",negatif,,,negatif,
"nak boking tiket eror mulu, sinyal oke, kuota full, herann",,,negatif,,
"nian susah pesan tiket, lah nunggu jam 00.00, giliran klik bayar loading lama dan akhirnyo time out. aku coba lagi beberapa kali cak itu, dan akhirnyo kursi habis",,,,negatif,
Makin dak jelass.. sering error sinyal.pesen tiket error muluuu 2 jam ngeklik dak pacak bisaa.. lah pesen tinggal pembayaran error mulu... ayolah KAI ... aku tahu kenyamanan di KAI itu enak.. tapi men masalah pemesanan tiket online keseringan error mulu.. wong pasti bakalan pilih transportasi umum lain yang lebih simple caro pemesanan nyo..,,,negatif,,
"Baru update, besoknyo update, tiap buka update _-",negatif,,,,
"Sekarang lemot kebanyak fitur, tolong dibikin simpel bae yg penting pacak sat set sat set",,negatif,,,
Pesan untuk admin KAI ACCES ! ini aplikasinyo kok gini ya min ! nak DAFTAR kek member basic tetep bae dak pacak ! Padahal lah sesuai ! Tolong di perbaiki lagi biar kito pacak menggunakan aplikasi ini ! Dan kadang sering eror ! Tolong di perbaiki lagi min !,negatif,,,,negatif
"Heran stand by beli tiket dari jam 12 malem sampe jam 3 loh keluar masuk antri doang. lah ngisi data penumpang selalu loading sampe timeout bolak balik antri, lah lancar malah tiket habis. Aplikasi dak jelas, tolong dong diperbaiki masa bolak balik antri berjam jam cuman sampe isi data penumpang doang dak loading sih",,,negatif,,
ngapo ya ini pemerintah cari server dak pernah bagus. bagusnyo dari mana coba. aku aplikasi ganti password login . dak pacak login2 masak nunggu 1 jam baru login. yok opo si niat open kereta api opo gmn. revisi lah aplikasi setidak e mbok penak tuku server. jangan di minimin anggaran untuk tiket onlinenyo,,,,,negatif
"dak pacak di upgrade, aplikasi dak kompatibel dengan perangkat aku, masa iya sih aku harus dipaksa beli hp baru demi pacak naik kereta, mohon kebijakan nyo, aku ini sering pakai kereta api men keluar kota, skrg jd terkendala ,,",negatif,,,,
