content,Performa,Tampilan,Tiket,Pembayaran,Akun,trans_jawa,trans_mix_jawa,trans_palembang,trans_mix_palembang
Mudah diakses setiap saatj,positif,,,,,Gampang dibukak saben saatj,Gampang diakses setiap saatj,Gampang diakses setiap saatj,gampang diakses setiap saatj
Lumayan banyak perubahan menjadi lebih mudah,,positif,,,,Lumayan akeh owahan dadi luwih gampang,Lumayan banyak perubahan menjadi lebih gampang,Lumayan banyak perubahan menjadi lebih gampang,Lumayan banyak perubahan menjadi lebih gampang
lebih cepat dan nyaman.,positif,,,,,luwih cepet lan penak.,lebih cepet dan nyaman.,lebih cepet dan nyaman.,lebih cepet dan nyaman.
Loading cepet. Simple cara pakainya. Mudah difahami. Tiket ny cukup scan barcode juga bisa.,positif,positif,positif,,,Muter cepet. Gampang cara nganggone. Gampang dimangerteni. Tiket ny cukup scan barcode uga bisa.,Loading cepet. Simple cara pakainya. Gampang difahami. Tiket ny cukup scan barcode uga bisa.,Loading cepet. Simple caro pakainyo. Gampang difahami. Tiket ny cukup scan barcode jugo pacak.,Loading cepet. Simple caro pakainyo. gampang difahami. Tiket ny cukup scan barcode jugo pacak.
"Update-nya memang bagus dalam segi tampilan, tapi mobilisasinya jadi melambat. Pembayaran via e-wallet lama loading. Baru-baru ini di halaman untuk booking tiket juga lama, kadang gagal dan harus keluar-masuk apps biar tiketnya bisa 'nyangkut'.",negatif,positif,negatif,negatif,,"Nganyari-nya bener-bener apik jero sisi tampilan, nanging lakune dadi alon. Pembayaran lewat e-wallet suwe muter. Anyar-anyar iki ing halaman kanggo pesen tiket uga suwe, kadhang gagal lan kudu metu-mlebu apps ben tiketnya bisa 'nyantol'.","Update-nya memang apik jero segi tampilan, nanging mobilisasinya jadi melambat. Pembayaran via e-wallet lama loading. Baru-baru ini di halaman untuk booking tiket uga lama, kadang gagal dan harus keluar-masuk apps biar tiketnya bisa 'nyangkut'.","Update-nyo memang bagus dalem segi tampilan, tapi mobilisasinyo jadi melambat. Pembayaran via e-wallet lama loading. Baru-baru ini di halaman untuk booking tiket jugo lama, kadang gagal dan harus keluar-masuk apps biar tiketnyo pacak 'nyangkut'.","Update-nyo memang bagus dalam segi tampilan, tapi mobilisasinyo jadi melambat. Pembayaran via e-wallet lama loading. Baru-baru ini di halaman untuk booking tiket jugo lama, kadang gagal dan harus keluar-masuk apps biar tiketnyo pacak 'nyangkut'."
"Aplikasi yang bagus, mudah di gunakan",positif,,,,,"Aplikasi sing apik, gampang ing enggo","Aplikasi yang apik, gampang di gunakan","Aplikasi yang bagus, gampang di gunakan","Aplikasi yang bagus, gampang di gunakan"
Mantap sekarang kita bisa melihat live tracking di aplikasi,,positif,,,,Mantap saiki kowe bisa ndeleng live tracking ing aplikasi,Mantap saiki kabeh bisa ndeleng live tracking di aplikasi,Mantap sekarang kito pacak menengok live tracking di aplikasi,Mantap sekarang kito pacak melihat live tracking di aplikasi
"Aplikasi ini mengalami perubahan semakin baik. Memudahkan dalam pencarian, lihat jadwal dan pesan tiket",,,positif,,,"Aplikasi iki ngalami owahan sansaya baik. Nggampangake jero pencarian, deleng jadwal lan pesen tiket","Aplikasi ini mengalami perubahan semakin apik. Memudahkan jero pencarian, deleng jadwal dan pesen tiket","Aplikasi ini mengalami perubahan semakin baek. Memudahkan dalem pencarian, tengok jadwal dan pesan tiket","Aplikasi ini mengalami perubahan semakin baek. Memudahkan dalam pencarian, lihat jadwal dan pesan tiket"
sangat lebih gampang dlm pemesan tiket ka👍👍👍💗,,,positif,,,banget luwih gampang ing sing pesen tiket ka👍👍👍💗,banget lebih gampang dlm pemesan tiket ka👍👍👍💗,nian lebih gampang dlm pemesan tiket ka👍👍👍💗,nian lebih gampang dlm pemesan tiket ka👍👍👍💗
"Untuk pesen tiket udah oke, cuma saya kecewanya topup saldo kaipay tapi ngga masuk masuk sudah 4 hari. Udah komplen lewat dm, email tapi belum jelas itu saldo kaipay juga belum bertambah. Tolong lah min di perbaiki lagi, dan untuk pembayaran e waletnya jga, jangan cuma 2 aja, mana dua duanya aplikasi yg ratingnya kurang bagus🤦🏼‍♀️ Saya perbaiki bintangnya kalo saldo yang saya topup udah berhasil kembali ke saldo kaipay.",negatif,,positif,negatif,,"Kanggo pesen tiket wis wis apik, mung aku kecewane topup saldo kaipay nanging ora mlebu mlebu wis 4 dina. Wis komplain lewat dm, email nanging durung cetha kuwi saldo kaipay uga durung nambah. Tulung yo min ing benerake maneh, lan kanggo pembayaran e walete uga, aja mung 2 aja, endi loro loro-lorone aplikasi yg rating kurang apik🤦🏼‍♀️ Aku benerake bintang yen saldo sing aku topup wis berhasil bali menyang saldo kaipay.","Untuk pesen tiket wis oke, mung aku kecewanya topup saldo kaipay nanging ora masuk masuk wis 4 hari. Wis komplen lewat dm, email nanging belum jelas itu saldo kaipay uga belum bertambah. Tolong lah min di perbaiki lagi, dan untuk pembayaran e waletnya jga, jangan mung 2 wae, mana dua duanya aplikasi yg ratingnya kurang apik🤦🏼‍♀️ Aku perbaiki bintangnya yen saldo yang aku topup wis berhasil kembali ke saldo kaipay.","Untuk pesen tiket lah oke, cuman aku kecewanyo topup saldo kaipay tapi dak masuk masuk lah 4 hari. Lah komplen lewat dm, email tapi belum jelas itu saldo kaipay jugo belum bertambah. Tolong lah min di perbaiki lagi, dan untuk pembayaran e waletnyo jga, jangan cuman 2 bae, mana dua duanyo aplikasi yg ratingnyo kurang bagus🤦🏼‍♀️ Aku perbaiki bintangnyo men saldo yang aku topup lah berhasil kembali ke saldo kaipay.","Untuk pesen tiket lah oke, cuman aku kecewanyo topup saldo kaipay tapi dak masuk masuk lah 4 hari. lah komplen lewat dm, email tapi belum jelas itu saldo kaipay jugo belum bertambah. Tolong lah min di perbaiki lagi, dan untuk pembayaran e waletnyo jga, jangan cuman 2 bae, mana dua duanyo aplikasi yg ratingnyo kurang bagus🤦🏼‍♀️ aku perbaiki bintangnyo men saldo yang aku topup lah berhasil kembali ke saldo kaipay."
Sangat puas dengan aplikasi KAI memudahkan pemesanan tiket alat tranformasi jadi LBH mdh & praktis dimanapun berada terima ksh access by KAI,positif,,positif,,,Banget puas karo aplikasi KAI nggampangake pesenan tiket alat transportasi dadi LUWIH gampang & praktis ing endi wae ana matur ksh access by KAI,Banget puas karo aplikasi KAI memudahkan pemesanan tiket alat tranformasi jadi LBH mdh & praktis dimanapun berada terima ksh access by KAI,Nian puas pake aplikasi KAI memudahkan pemesanan tiket alat tranformasi jadi LBH mdh & praktis dimanapun berada terima ksh access by KAI,nian puas dengan aplikasi KAI memudahkan pemesanan tiket alat tranformasi jadi LBH mdh & praktis dimanapun berada terima ksh access by KAI
"Gampang buat pembelian tiket,tidak harus mengantri",,,positif,,,"Gampang kanggo tumbas tiket,ora kudu ngantri","Gampang buat pembelian tiket,ora harus mengantri","Gampang buat pembelian tiket,dak harus mengantri","Gampang buat pembelian tiket,dak harus mengantri"
Access by KAI ini aplikasi yg sangat membantu saya dalam mobilitas pergi ke luar kota dengan kereta. Sangat mudah cara memesannya dan mudah cara pembayarannya.,,positif,,positif,,Access by KAI iki aplikasi yg banget mbantu aku jero mobilitas lunga menyang njaba kota karo sepur. Banget gampang cara pesene lan gampang cara pembayarane.,Access by KAI ini aplikasi yg banget membantu aku jero mobilitas pergi ke luar kota karo kereta. Banget gampang cara memesannya dan gampang cara pembayarannya.,Access by KAI ini aplikasi yg nian membantu aku dalem mobilitas pergi ke luar kota pake kereta. Nian gampang caro memesannyo dan gampang caro pembayarannyo.,Access by KAI ini aplikasi yg nian membantu aku dalam mobilitas pergi ke luar kota dengan kereta. nian gampang caro memesannyo dan gampang caro pembayarannyo.
Sangat membantu dalam pemesanan dan berbagi informasi.,,positif,,,,Banget mbantu jero pesenan lan berbagi informasi.,Banget membantu jero pemesanan dan berbagi informasi.,Nian membantu dalem pemesanan dan berbagi informasi.,nian membantu dalam pemesanan dan berbagi informasi.
"Booking susah... Setiap hari dibatasi untuk pembelian tiket... sudah nunggu sampe jam 12 malam loading lama... Ehh udah bisa ternyata JATAH hari ini udah penuh... Padahal baru jam 00:01....Sumpah capek"" Nunggu nggak ada hasil.... Mending nggak usah ada aplikasi deh... Nggak guna juga",negatif,,negatif,,,"Pesen susah... Saben dina diwatesi kanggo tumbas tiket... wis nunggu nganti jam 12 wengi muter suwe... Eh wis bisa kebeneran JATAH dina iki wis penuh... Padahal anyar jam 00:01....Sumpah sayah"" Nunggu ora ana asil.... Mending ora perlu ana aplikasi deh... Ora guna uga","Booking susah... Setiap hari dibatasi untuk pembelian tiket... wis nunggu sampe jam 12 malam loading lama... Ehh wis bisa ternyata JATAH hari ini wis penuh... Padahal baru jam 00:01....Sumpah capek"" Nunggu ora ana hasil.... Mending ora usah ana aplikasi deh... Ora guna uga","Booking susah... Setiap hari dibatasi untuk pembelian tiket... lah nunggu sampe jam 12 malam loading lama... Ehh lah pacak ternyata JATAH hari ini lah penuh... Padahal baru jam 00:01....Sumpah capek"" Nunggu dak ado hasil.... Mending dak usah ado aplikasi deh... Dak guna jugo","Booking susah... Setiap hari dibatasi untuk pembelian tiket... lah nunggu sampe jam 12 malam loading lama... Ehh lah pacak ternyata JATAH hari ini lah penuh... Padahal baru jam 00:01....Sumpah capek"" Nunggu dak ado hasil.... Mending dak usah ado aplikasi deh... dak guna jugo"
"Dear KAI, tolong lah di perbaiki kembali. Setelah permintaan upgrade bukannya lancar malah loading terus. Mau pake data atau WiFi sama aja loading terus alias lelet.",negatif,,,,,"Dear KAI, tulung yo ing benerake bali. Sawise jaluk upgrade nanging lancar malah muter terus. Arep nganggo data utawa Wifi padha aja muter terus alias alon.","Dear KAI, tolong lah di perbaiki kembali. Setelah permintaan upgrade bukannya lancar malah loading terus. Arep pake data atau WiFi karo wae loading terus alias alon.","Dear KAI, tolong lah di perbaiki kembali. Setelah permintaan upgrade bukannyo lancar malah loading terus. Nak pake data atau WiFi samo bae loading terus alias lelet.","Dear KAI, tolong lah di perbaiki kembali. Setelah permintaan upgrade bukannyo lancar malah loading terus. nak pake data atau WiFi samo bae loading terus alias lelet."
"penurunan kualitas aplikasi, kebanyakan mafia calo kah? udah ditahap mau pembayaran malah ngebleng layar putih, tau² waktu abis dan no seat",negatif,,,,,"mudhun kualitas aplikasi, kakehan mafia calo apa? wis ing tahap arep pembayaran malah blebeng layar putih, tau² wektu entek lan no seat","penurunan kualitas aplikasi, kebanyakan mafia calo kah? wis ditahap arep pembayaran malah ngebleng layar putih, tau² waktu abis dan no seat","penurunan kualitas aplikasi, kebanyakan mafia calo kah? lah ditahap nak pembayaran malah ngebleng layar putih, tau² waktu abis dan no seat","penurunan kualitas aplikasi, kebanyakan mafia calo kah? lah ditahap nak pembayaran malah ngebleng layar putih, tau² waktu abis dan no seat"
"Aku top up KAI paynya, pengiriman sukses tapi blm ada laporan masuknya di KAI. Saldonya masih nolll pdhal katanya tunggu 15mnit, udh sejam lebih😂. Apa duitnya hangus???🙂 Untung kgk banyak aku top up. Sarannya sih klo top up langsung set masuk, GK perlu nunggu 15mnit atau lebih, dan paling penting semoga kedepannya apknya kgk eror atau lemot😭",negatif,,,negatif,,"Aku top up KAI paynya, kiriman sukses nanging durung ana laporan mlebune ing KAI. Saldone isih nolll padahal jarene tunggu 15mnit, wis sejam luwih😂. Apa duwite hangus???🙂 Untung ora akeh aku top up. Sarane sih yen top up langsung set mlebu, ORA perlu nunggu 15mnit utawa luwih, lan paling penting muga-muga sesuk apk ora rusak utawa lemot😭","Aku top up KAI paynya, pengiriman sukses nanging blm ana laporan masuknya di KAI. Saldonya masih nolll pdhal katanya tunggu 15mnit, wis sejam lebih😂. Apa duitnya hangus???🙂 Untung kgk banyak aku top up. Sarannya sih klo top up langsung set masuk, GK perlu nunggu 15mnit atau lebih, dan paling penting semoga kedepannya apknya kgk eror atau lemot😭","Aku top up KAI paynyo, pengiriman sukses tapi blm ado laporan masuknyo di KAI. Saldonyo masih nolll pdhal katanyo tunggu 15mnit, lah sejam lebih😂. Apo duitnyo hangus???🙂 Untung kgk banyak aku top up. Sarannyo sih klo top up langsung set masuk, GK perlu nunggu 15mnit atau lebih, dan paling penting semoga kedepannyo apknyo kgk eror atau lemot😭","Aku top up KAI paynyo, pengiriman sukses tapi blm ado laporan masuknyo di KAI. Saldonyo masih nolll pdhal katanyo tunggu 15mnit, lah sejam lebih😂. apo duitnyo hangus???🙂 Untung kgk banyak aku top up. Sarannyo sih klo top up langsung set masuk, GK perlu nunggu 15mnit atau lebih, dan paling penting semoga kedepannyo apknyo kgk eror atau lemot😭"
Tolong dibenahi lagi dong aplikasinya tiap mau beli tiket error Mulu kalo ga gitu waktu nya abis terus pas Uda di tahap akhir ga bisa pakai metode debit/kredit padahal no kartu dan masa berlaku kartu Uda bener dan sesuai tapi tetap ga bisa. Bener2 aplikasi ribet,negatif,,negatif,negatif,,Tulung benerake maneh dong aplikasinya saben arep tumbas tiket error Terus yen ora gitu wektu nya entek terus pas Wis ing tahap pungkasan ora bisa nganggo cara debit/kredit padahal no kartu lan mangsa berlaku kartu Wis bener lan cocok nanging tetap ora bisa. Bener-bener aplikasi ribet,Tolong dibenahi lagi dong aplikasinya tiap arep beli tiket rusak Mulu yen ora gitu waktu nya abis terus pas Uda di tahap akhir ora bisa pakai metode debit/kredit padahal no kartu dan masa berlaku kartu Uda bener dan sesuai nanging tetap ora bisa. Bener2 aplikasi ribet,Tolong dibenahi lagi dong aplikasinyo tiap nak beli tiket error Mulu men dak gitu waktu nyo abis terus pas Uda di tahap akhir dak pacak pakai metode debit/kredit padahal no kartu dan masa berlaku kartu Uda bener dan sesuai tapi tetap dak pacak. Bener2 aplikasi ribet,Tolong dibenahi lagi dong aplikasinyo tiap nak beli tiket error Mulu men ga gitu waktu nyo abis terus pas Uda di tahap akhir ga pacak pakai metode debit/kredit padahal no kartu dan masa berlaku kartu Uda bener dan sesuai tapi tetap ga pacak. Bener2 aplikasi ribet
"Kenapa yah aplikasi Kai access sekarang ribet pake menunggu antrian lama, gak bisa langsung masuk pilihan kereta dan eror sistem juga waktu antrian bukanya berkurang malah nambah, mohon segera diperbaiki sistem aplikasinya,..",negatif,,negatif,,,"Kena apa ya aplikasi Kai access saiki ribet nganggo nunggu antrean suwe, ora bisa langsung mlebu pilihan sepur lan rusak sistem uga wektu antrean mbokmenawa murah malah nambah, nyuwun cepet benerake sistem aplikasinya,..","Kena apa yah aplikasi Kai access saiki ribet pake menunggu antrian lama, ora bisa langsung masuk pilihan kereta dan eror sistem uga waktu antrian bukanya berkurang malah nambah, mohon segera diperbaiki sistem aplikasinya,..","Ngapo yah aplikasi Kai access sekarang ribet pake menunggu antrian lama, dak pacak langsung masuk pilihan kereta dan eror sistem jugo waktu antrian bukanyo berkurang malah nambah, mohon segera diperbaiki sistem aplikasinyo,..","ngapo yah aplikasi Kai access sekarang ribet pake menunggu antrian lama, dak pacak langsung masuk pilihan kereta dan eror sistem jugo waktu antrian bukanyo berkurang malah nambah, mohon segera diperbaiki sistem aplikasinyo,.."
"Aplikasi ga berguna, kenapa setiap kali pesan tiket menjelang lebaran selalu susah ga bisa di akses padahal nunggunya antrin nya sampai satu jam lebih tapi ga bisa juga. Jadi males gue mau menggunakan aplikasi lagi...!!!",negatif,,negatif,,,"Aplikasi ora berguna, kena apa saben kali pesen tiket menjelang lebaran selalu susah ora bisa ing akses padahal nunggunya antrin nya sampai satu jam luwih nanging ora bisa uga. Dadi males gue arep menggunakan aplikasi maneh...!!!","Aplikasi ora berguna, kena apa setiap kali pesen tiket menjelang lebaran selalu susah ora bisa di akses padahal nunggunya antrin nya sampai satu jam lebih nanging ora bisa uga. Jadi males aku arep menggunakan aplikasi lagi...!!!","Aplikasi dak berguna, ngapo setiap kali pesan tiket menjelang lebaran selalu susah dak pacak di akses padahal nunggunyo antrin nyo sampai satu jam lebih tapi dak pacak jugo. Jadi males aku nak menggunakan aplikasi lagi...!!!","Aplikasi ga berguna, ngapo setiap kali pesan tiket menjelang lebaran selalu susah ga pacak di akses padahal nunggunyo antrin nyo sampai satu jam lebih tapi ga pacak jugo. Jadi males aku nak menggunakan aplikasi lagi...!!!"
"sedikit kecewa, tiket kereta api lokal sering kali error, tiket ke tujuan di tampilan awal habis tapi ketika pilih transit lalu di lanjutkan lagi tiketnya ada. Saya nggak akan komplain ketika nomor tempat duduk berbeda tpi ini tempat duduk dan gerbong sama di kereta yang sama (nomor kereta) dan tanggal keberangkatannya sama. Mohon untuk ditingkatkan lagi efektivitas aplikasinya. Terima kasih",,negatif,negatif,,,"sedikit kecewa, tiket sepur api lokal sering kali error, tiket menyang tujuan ing tampilan awal habis nanging ketika pilih transit lalu ing lanjutkan maneh tiketnya ana. Aku ora akan komplain ketika nomor tempat duduk berbeda tpi iki tempat duduk lan gerbong padha ing sepur sing padha (nomor sepur) lan tanggal keberangkatannya padha. Nyuwun kanggo ditingkatkan maneh efektivitas aplikasinya. Matur nuwun","sedikit kecewa, tiket kereta api lokal sering kali rusak, tiket ke tujuan di tampilan awal habis nanging ketika pilih transit lalu di lanjutkan lagi tiketnya ana. Aku ora akan komplain ketika nomor tempat duduk berbeda tpi ini tempat duduk dan gerbong karo di kereta yang karo (nomor kereta) dan tanggal keberangkatannya karo. Mohon untuk ditingkatkan lagi efektivitas aplikasinya. Terima kasih","sedikit kecewa, tiket kereta api lokal sering kali error, tiket ke tujuan di tampilan awal habis tapi ketika pilih transit lalu di lanjutkan lagi tiketnyo ado. Aku dak akan komplain ketika nomor tempat duduk berbeda tpi ini tempat duduk dan gerbong samo di kereta yang samo (nomor kereta) dan tanggal keberangkatannyo samo. Mohon untuk ditingkatkan lagi efektivitas aplikasinyo. Terima kasih","sedikit kecewa, tiket kereta api lokal sering kali error, tiket ke tujuan di tampilan awal habis tapi ketika pilih transit lalu di lanjutkan lagi tiketnyo ado. aku dak akan komplain ketika nomor tempat duduk berbeda tpi ini tempat duduk dan gerbong samo di kereta yang samo (nomor kereta) dan tanggal keberangkatannyo samo. Mohon untuk ditingkatkan lagi efektivitas aplikasinyo. Terima kasih"
Selalu minta update kalau enggak ya gak bisa akses aplikasinya,negatif,,,,,Selalu minta nganyari kalau enggak ya ora bisa akses aplikasinya,Selalu minta update yen enggak ya ora bisa akses aplikasinya,Selalu minta update men enggak ya dak pacak akses aplikasinyo,Selalu minta update men enggak ya dak pacak akses aplikasinyo
Sekarang jadi sulit banget pesan tiket pakek aplikasi nya harus upgrade terus dan gagal terus.. Padahal datanya dh sesuai semua. Aplikasi semakin error,negatif,,negatif,,,Saiki dadi sulit banget pesen tiket pakek aplikasi nya kudu upgrade terus lan gagal terus.. Padahal datanya dh cocok semua. Aplikasi sansaya error,Saiki jadi sulit banget pesen tiket pakek aplikasi nya harus upgrade terus dan gagal terus.. Padahal datanya dh sesuai kabeh. Aplikasi semakin rusak,Sekarang jadi sulit nian pesan tiket pakek aplikasi nyo harus upgrade terus dan gagal terus.. Padahal datanyo dh sesuai galo. Aplikasi semakin error,Sekarang jadi sulit nian pesan tiket pakek aplikasi nyo harus upgrade terus dan gagal terus.. Padahal datanyo dh sesuai semua. Aplikasi semakin error
"kenapa sekarang KAI jadi aplikasi sampah. pesen tiket selalu jadwal tdk ditemukan, giliran sdh ada jadwal setiap pembayaran selalu blank. sdh nyoba berkali² tetep blank!!!! kalau sdh blank cm ada pilihan batal pemesanan atau balik ke home!",negatif,,negatif,negatif,,"kena apa saiki KAI dadi aplikasi sampah. pesen tiket selalu jadwal tdk ditemukan, giliran sdh ana jadwal saben pembayaran selalu blank. sdh nyoba berkali² tetep blank!!!! kalau sdh blank cm ana pilihan batal pesenan utawa balik menyang home!","kena apa saiki KAI jadi aplikasi sampah. pesen tiket selalu jadwal tdk ditemukan, giliran sdh ana jadwal setiap pembayaran selalu blank. sdh nyoba berkali² tetep blank!!!! yen sdh blank cm ana pilihan batal pemesanan atau balik ke home!","ngapo sekarang KAI jadi aplikasi sampah. pesen tiket selalu jadwal dak ditemukan, giliran sdh ado jadwal setiap pembayaran selalu blank. sdh nyoba berkali² tetep blank!!!! men sdh blank cm ado pilihan batal pemesanan atau balik ke home!","ngapo sekarang KAI jadi aplikasi sampah. pesen tiket selalu jadwal tdk ditemukan, giliran sdh ado jadwal setiap pembayaran selalu blank. sdh nyoba berkali² tetep blank!!!! men sdh blank cm ado pilihan batal pemesanan atau balik ke home!"
"Halo,tolong jangan di update terus ya saya mau pesan tiket jadi susah karena memori yang tidak mencukupi untuk update.",,,,,,"Halo,tulung aja ing nganyari terus ya aku arep pesen tiket dadi susah karena memori sing ora mencukupi kanggo nganyari.","Halo,tolong jangan di update terus ya aku arep pesen tiket jadi susah karena memori yang ora mencukupi untuk update.","Halo,tolong jangan di update terus ya aku nak pesan tiket jadi susah karena memori yang dak mencukupi untuk update.","Halo,tolong jangan di update terus ya aku nak pesan tiket jadi susah karena memori yang dak mencukupi untuk update."
"KENAPA APLIKASINYA EROR DEHHH... VERIFIKASI MEMBER BASIC SULIT SEKALI, PADAHAL SEMUANYA SESUAI BAIK NOMOR TELPON DAN EMAIL.",negatif,,,,negatif,"KENA APA APLIKASINYA RUSAK DEHHH... VERIFIKASI MEMBER BASIC SULIT SEKALI, PADAHAL SEMUANYA COCOK BAIK NOMOR TELPON LAN EMAIL.","KENA APA APLIKASINYA EROR DEHHH... VERIFIKASI MEMBER BASIC SULIT PISAN, PADAHAL SEMUANYA SESUAI APIK NOMOR TELPON DAN EMAIL.","NGAPO APLIKASInyo EROR DEHHH... VERIFIKASI MEMBER BASIC SULIT NIAN, PADAHAL SEMUAnyo SESUAI BAEK NOMOR TELPON DAN EMAIL.","ngapo APLIKASINYA EROR DEHHH... VERIFIKASI MEMBER BASIC SULIT nian, PADAHAL SEMUANYA SESUAI baek NOMOR TELPON DAN EMAIL."
Aplikasi Sangat Buruk... Banyak sekali masalahnya mulai dari pengiriman Kode OTP dan Pemesanan tiket tidak berjalan Optimal sangat lambat dan tidak berhasil.,negatif,,negatif,,negatif,Aplikasi Banget Buruk... Akeh sekali masalahnya mulai dari kiriman Kode OTP lan Pesenan tiket ora berjalan Optimal banget lambat lan ora berhasil.,Aplikasi Banget Ala... Banyak pisan masalahnya mulai dari pengiriman Kode OTP dan Pemesanan tiket ora berjalan Optimal banget alon dan ora berhasil.,Aplikasi Nian Buruk... Banyak nian masalahnyo mulai dari pengiriman Kode OTP dan Pemesanan tiket dak berjalan Optimal nian lambat dan dak berhasil.,Aplikasi nian Buruk... Banyak nian masalahnyo mulai dari pengiriman Kode OTP dan Pemesanan tiket dak berjalan Optimal nian lambat dan dak berhasil.
"Ketika War tiket tengah malam kenapa malah aplikasi eror, kadang baru bisa jam setengah 1 atau jam 1, parahhhh",negatif,,negatif,,,"Ketika War tiket tengah wengi kena apa malah aplikasi rusak, kadhang anyar bisa jam setengah 1 utawa jam 1, parahhhh","Ketika War tiket tengah malam kena apa malah aplikasi eror, kadang baru bisa jam setengah 1 atau jam 1, parahhhh","Ketika War tiket tengah malam ngapo malah aplikasi eror, kadang baru pacak jam setengah 1 atau jam 1, parahhhh","Ketika War tiket tengah malam ngapo malah aplikasi eror, kadang baru pacak jam setengah 1 atau jam 1, parahhhh"
Keren ni apk udah war tiket 4malem hasil zonk setiap beres ngisi data diri terus tekan lanjutkan pasti selalu timeout padahal tahun tahun kemarin aman aman aja zzzz,negatif,,negatif,,,Keren ni apk wis war tiket 4malem asil zonk saben beres ngisi data diri terus tekan lanjutkan pasti selalu timeout padahal tahun tahun kemarin aman aman aja zzzz,Keren ni apk wis war tiket 4malem hasil zonk setiap beres ngisi data diri terus tekan lanjutkan pasti selalu timeout padahal tahun tahun kemarin aman aman wae zzzz,Keren ni apk lah war tiket 4malem hasil zonk setiap beres ngisi data diri terus tekan lanjutkan pasti selalu timeout padahal tahun tahun kemarin aman aman bae zzzz,Keren ni apk lah war tiket 4malem hasil zonk setiap beres ngisi data diri terus tekan lanjutkan pasti selalu timeout padahal tahun tahun kemarin aman aman bae zzzz
"Tolong lah ini bukan aplikasi kmaren sore,, ini termasuk app yg sdh lama.. Masa pengembangan nya sperti ga niat,, ga ada modal lah KAI? Koneksi internet oke, menu railfood dan tiket saya ga bisa dibuka.. Kocak KAI..",negatif,,negatif,,,"Tulung yo iki bukan aplikasi kmaren sore,, iki termasuk app yg sdh suwe.. Mangsa pengembangan nya sperti ora niat,, ora ana modal yo KAI? Koneksi internet wis apik, menu railfood lan tiket aku ora bisa dibuka.. Kocak KAI..","Tolong lah ini dudu aplikasi kmaren sore,, ini termasuk app yg sdh lama.. Masa pengembangan nya sperti ora niat,, ora ana modal lah KAI? Koneksi internet oke, menu railfood dan tiket aku ora bisa dibuka.. Kocak KAI..","Tolong lah ini bukan aplikasi kmaren sore,, ini termasuk app yg sdh lama.. Masa pengembangan nyo sperti dak niat,, dak ado modal lah KAI? Koneksi internet oke, menu railfood dan tiket aku dak pacak dibuka.. Kocak KAI..","Tolong lah ini bukan aplikasi kmaren sore,, ini termasuk app yg sdh lama.. Masa pengembangan nyo sperti ga niat,, ga ado modal lah KAI? Koneksi internet oke, menu railfood dan tiket aku ga pacak dibuka.. Kocak KAI.."
"Ga guna, berulang kali gangguan terus. Bener-bener di persulit org mau pulang. Pas udh berhasil war tiket tiba-tiba payment nya yg di persulit dan eror berulang kali, aplikasi pemerintah kok ancur gini",negatif,,,negatif,,"Ora guna, berulang kali gangguan terus. Bener-bener ing persulit org arep pulang. Pas wis berhasil war tiket tiba-tiba payment nya yg ing persulit lan rusak berulang kali, aplikasi pemerintah kok ancur gini","Ora guna, berulang kali gangguan terus. Bener-bener di persulit wong arep pulang. Pas wis berhasil war tiket tiba-tiba payment nya yg di persulit dan eror berulang kali, aplikasi pemerintah kok ancur gini","Dak guna, berulang kali gangguan terus. Bener-bener di persulit wong nak pulang. Pas lah berhasil war tiket tiba-tiba payment nyo yg di persulit dan eror berulang kali, aplikasi pemerintah kok ancur gini","Ga guna, berulang kali gangguan terus. Bener-bener di persulit org nak pulang. Pas lah berhasil war tiket tiba-tiba payment nyo yg di persulit dan eror berulang kali, aplikasi pemerintah kok ancur gini"
ga bisa pesen tiket sama sekali kalo belum update,negatif,,negatif,,,ora bisa pesen tiket padha sekali yen durung nganyari,ora bisa pesen tiket karo pisan yen belum update,dak pacak pesen tiket samo nian men belum update,ga pacak pesen tiket samo nian men belum update
"aplikasi nya makin kesini makin mengecewakan, untuk pemesanan tiket sulit server sering down padahal wifi dan kuota saya lancar. kadang di aplikasi tiket tersedia tapi saat ingin di pesan malah tidak bisa. Tolong diperbaiki lagi",negatif,,negatif,,,"aplikasi nya makin kesini makin mengecewakan, kanggo pesenan tiket sulit server sering down padahal wifi lan kuota aku lancar. kadhang ing aplikasi tiket tersedia nanging wektu ingin ing pesen malah ora bisa. Tulung benerake maneh","aplikasi nya makin kesini makin mengecewakan, untuk pemesanan tiket sulit server sering down padahal wifi dan kuota aku lancar. kadang di aplikasi tiket tersedia nanging saat ingin di pesen malah ora bisa. Tolong diperbaiki lagi","aplikasi nyo makin kesini makin mengecewakan, untuk pemesanan tiket sulit server sering down padahal wifi dan kuota aku lancar. kadang di aplikasi tiket tersedia tapi saat ingin di pesan malah dak pacak. Tolong diperbaiki lagi","aplikasi nyo makin kesini makin mengecewakan, untuk pemesanan tiket sulit server sering down padahal wifi dan kuota aku lancar. kadang di aplikasi tiket tersedia tapi saat ingin di pesan malah dak pacak. Tolong diperbaiki lagi"
"Makin Diupdate makin banyak Bug nya, parahh, mau masuk akun aja, failed request data terus, kocak"", sekarang plus 00.00 buat beli tiket ga muncul sampai 00.08 baru keluar tiba"" tiket udh habis, pliss lah niat ga sih bikin apk, fitur aja ditambah""i, tapi yg bener"" dibutuhin dan inti aplikasi malah ga berkerja dengan baik, minimal ngotak, pliss ini KAI Ascess gimana, mana udh 2 kali lagi udh bayar ternyata tiket ga keluar siall siall",negatif,,negatif,negatif,negatif,"Makin Diupdate makin akeh Bug nya, parahh, arep mlebu akun aja, failed request data terus, kocak"", saiki plus 00.00 kanggo tumbas tiket ora muncul sampai 00.08 anyar metu tiba"" tiket wis habis, pliss yo niat ora sih bikin apk, fitur aja ditambah""i, nanging yg bener"" dibutuhin lan inti aplikasi malah ora berkerja karo baik, minimal ngotak, pliss iki KAI Ascess gimana, endi wis 2 kali maneh wis bayar kebeneran tiket ora metu siall siall","Makin Diupdate makin banyak Bug nya, parahh, arep masuk akun wae, failed request data terus, kocak"", saiki plus 00.00 buat beli tiket ora muncul sampai 00.08 baru keluar tiba"" tiket wis habis, pliss lah niat ora sih bikin apk, fitur wae ditambah""i, nanging yg bener"" dibutuhin dan inti aplikasi malah ora berkerja karo apik, minimal ngotak, pliss ini KAI Ascess kepriye, mana wis 2 kali lagi wis bayar ternyata tiket ora keluar siall siall","Makin Diupdate makin banyak Bug nyo, parahh, nak masuk akun bae, failed request data terus, kocak"", sekarang plus 00.00 buat beli tiket dak muncul sampai 00.08 baru keluar tiba"" tiket lah habis, pliss lah niat dak sih bikin apk, fitur bae ditambah""i, tapi yg bener"" dibutuhin dan inti aplikasi malah dak berkerja pake baek, minimal ngotak, pliss ini KAI Ascess cakmno, mana lah 2 kali lagi lah bayar ternyata tiket dak keluar siall siall","Makin Diupdate makin banyak Bug nyo, parahh, nak masuk akun bae, failed request data terus, kocak"", sekarang plus 00.00 buat beli tiket ga muncul sampai 00.08 baru keluar tiba"" tiket lah habis, pliss lah niat ga sih bikin apk, fitur bae ditambah""i, tapi yg bener"" dibutuhin dan inti aplikasi malah ga berkerja dengan baek, minimal ngotak, pliss ini KAI Ascess cakmno, mana lah 2 kali lagi lah bayar ternyata tiket ga keluar siall siall"
"Tolong dong pihak KAI benerin server nya, setiap beli tiket lebaran susah di akses ini aplikasi. Buat bikin aplikasi mahal tapi bikin susah pengguna kereta api ketika mau pesan tiket kereta lebaran, giliran beli tiket di oknum tertentu tiket masih ada padahal diaplikasi KAI access tertera habis. Kenapa bisa begitu.",negatif,,negatif,,,"Tulung dong pihak KAI benerin server nya, saben tumbas tiket lebaran susah ing akses iki aplikasi. Kanggo bikin aplikasi mahal nanging bikin susah pengguna sepur api ketika arep pesen tiket sepur lebaran, giliran tumbas tiket ing oknum tertentu tiket isih ana padahal diaplikasi KAI access tertera habis. Kena apa bisa begitu.","Tolong dong pihak KAI benerin server nya, setiap beli tiket lebaran susah di akses ini aplikasi. Buat bikin aplikasi mahal nanging bikin susah pengguna kereta api ketika arep pesen tiket kereta lebaran, giliran beli tiket di oknum tertentu tiket masih ana padahal diaplikasi KAI access tertera habis. Kena apa bisa begitu.","Tolong dong pihak KAI benerin server nyo, setiap beli tiket lebaran susah di akses ini aplikasi. Buat bikin aplikasi mahal tapi bikin susah pengguna kereta api ketika nak pesan tiket kereta lebaran, giliran beli tiket di oknum tertentu tiket masih ado padahal diaplikasi KAI access tertera habis. Ngapo pacak begitu.","Tolong dong pihak KAI benerin server nyo, setiap beli tiket lebaran susah di akses ini aplikasi. Buat bikin aplikasi mahal tapi bikin susah pengguna kereta api ketika nak pesan tiket kereta lebaran, giliran beli tiket di oknum tertentu tiket masih ado padahal diaplikasi KAI access tertera habis. ngapo pacak begitu."
"Mau bayar g bisa, timeout terus, dipake nyari kereta aja lemot, ubah metode pembayaran malah balik ke halaman utama, liat tiket yang masih proses pembayaran gagal load terus, gapaham dah pake nama access tapi aksesnya susah",negatif,,negatif,negatif,,"Arep bayar g bisa, timeout terus, dipake nyari sepur aja lemot, ubah cara pembayaran malah balik menyang halaman utama, liat tiket sing isih proses pembayaran gagal load terus, gapaham dah nganggo nama access nanging aksesnya susah","Arep bayar g bisa, timeout terus, dipake nyari kereta wae lemot, ubah metode pembayaran malah balik ke halaman utama, deleng tiket yang masih proses pembayaran gagal load terus, gapaham dah pake nama access nanging aksesnya susah","Nak bayar g pacak, timeout terus, dipake nyari kereta bae lemot, ubah metode pembayaran malah balik ke halaman utama, tengok tiket yang masih proses pembayaran gagal load terus, gapaham dah pake nama access tapi aksesnyo susah","nak bayar g pacak, timeout terus, dipake nyari kereta bae lemot, ubah metode pembayaran malah balik ke halaman utama, liat tiket yang masih proses pembayaran gagal load terus, gapaham dah pake nama access tapi aksesnyo susah"
"Aplikasinya nyusahin bnged bro, mau pesen tiket sistemnya eror Mulu, jelek BNGED pelayanan aplikasi Muak bnged",negatif,,negatif,,,"Aplikasinya nyusahin bnged bro, arep pesen tiket sistemnya rusak Terus, jelek BNGED pelayanan aplikasi Muak bnged","Aplikasinya nyusahin bnged bro, arep pesen tiket sistemnya eror Mulu, jelek BNGED pelayanan aplikasi Muak bnged","Aplikasinyo nyusahin bnged bro, nak pesen tiket sistemnyo eror Mulu, jelek BNGED pelayanan aplikasi Muak bnged","Aplikasinyo nyusahin bnged bro, nak pesen tiket sistemnyo eror Mulu, jelek BNGED pelayanan aplikasi Muak bnged"
"Sumpah KAI access kek eek, masa iya akunku terkeluar sendiri padahal mau beli tiket, tolong ya ditingkatin lagi ini kualitas aplikasinya!!!!",negatif,,negatif,,,"Sumpah KAI access kek eek, mangsa iya akunku terkeluar sendiri padahal arep tumbas tiket, tulung ya ditingkatin maneh iki kualitas aplikasinya!!!!","Sumpah KAI access kek eek, masa iya akunku terkeluar dhewe padahal arep beli tiket, tolong ya ditingkatin lagi ini kualitas aplikasinya!!!!","Sumpah KAI access kek eek, masa iya akunku terkeluar dewek padahal nak beli tiket, tolong ya ditingkatin lagi ini kualitas aplikasinyo!!!!","Sumpah KAI access kek eek, masa iya akunku terkeluar sendiri padahal nak beli tiket, tolong ya ditingkatin lagi ini kualitas aplikasinyo!!!!"
"Setelah update bulan Desember, pembayaran lewat OVO menjadi tidak bisa (sebelumnya bisa). Sekarang jadi muncul ""Ups! Terjadi Kesalahan, tidak dapat menghubungkan, pengguna sudah terhubung"", gimana ini min? sebelum update OVO lancar. Tolong min secepatnya diperbaiki.. mau mudik ni..",negatif,,,negatif,,"Sawise nganyari bulan Desember, pembayaran lewat OVO dadi ora bisa (sebelumnya bisa). Saiki dadi muncul ""Ups! Terjadi Kesalahan, ora dapat menghubungkan, pengguna wis terhubung"", gimana iki min? sebelum nganyari OVO lancar. Tulung min secepatnya benerake.. arep mudik ni..","Setelah update bulan Desember, pembayaran lewat OVO menjadi ora bisa (sebelumnya bisa). Saiki jadi muncul ""Ups! Terjadi Kesalahan, ora dapat menghubungkan, pengguna wis terhubung"", kepriye ini min? sebelum update OVO lancar. Tolong min secepatnya diperbaiki.. arep mudik ni..","Setelah update bulan Desember, pembayaran lewat OVO menjadi dak pacak (sebelumnyo pacak). Sekarang jadi muncul ""Ups! Terjadi Kesalahan, dak dapat menghubungkan, pengguna lah terhubung"", cakmno ini min? sebelum update OVO lancar. Tolong min secepatnyo diperbaiki.. nak mudik ni..","Setelah update bulan Desember, pembayaran lewat OVO menjadi dak pacak (sebelumnyo pacak). Sekarang jadi muncul ""Ups! Terjadi Kesalahan, dak dapat menghubungkan, pengguna lah terhubung"", cakmno ini min? sebelum update OVO lancar. Tolong min secepatnyo diperbaiki.. nak mudik ni.."
"Tolong untuk software developer untuk di upgrade lagi server dan systemnya. Soalnya benar2 ngelag parah kadang ngebug kadang untuk update saldo kaipay maupun KMT itu susah banget. Tolong diperbaiki lagii untuk kelancaran konsumen. TOLONG DAN MOHON DIPERBAIKI SERVER, SYSTEM DAN JARINGANNYA.",negatif,,,negatif,,"Tulung kanggo software developer kanggo ing upgrade maneh server lan systemnya. Soalnya benar2 ngelag parah kadhang ngebug kadhang kanggo nganyari saldo kaipay maupun KMT kuwi susah banget. Tulung benerake lagii kanggo kelancaran konsumen. TULUNG LAN NYUWUN BENERAKE SERVER, SYSTEM LAN JARINGANNYA.","Tolong untuk software developer untuk di upgrade lagi server dan systemnya. Soalnya benar2 ngelag parah kadang ngebug kadang untuk update saldo kaipay maupun KMT itu susah banget. Tolong diperbaiki lagii untuk kelancaran konsumen. TOLONG DAN MOHON DIPERBAIKI SERVER, SYSTEM DAN JARINGANNYA.","Tolong untuk software developer untuk di upgrade lagi server dan systemnyo. Soalnyo benar2 ngelag parah kadang ngebug kadang untuk update saldo kaipay maupun KMT itu susah nian. Tolong diperbaiki lagii untuk kelancaran konsumen. TOLONG DAN MOHON DIPERBAIKI SERVER, SYSTEM DAN JARINGANnyo.","Tolong untuk software developer untuk di upgrade lagi server dan systemnyo. Soalnyo benar2 ngelag parah kadang ngebug kadang untuk update saldo kaipay maupun KMT itu susah nian. Tolong diperbaiki lagii untuk kelancaran konsumen. TOLONG DAN MOHON DIPERBAIKI SERVER, SYSTEM DAN JARINGANNYA."
"Kalau mau pembaruan sistem jangan di jam operasional susah untuk user mau beli tiket krl,dan juga kebiasaan log out sendiri emang paling taik bat ni aplkkasi busuk.",negatif,,negatif,,,"Kalau arep pembaruan sistem aja ing jam operasional susah kanggo user arep tumbas tiket krl,lan uga kebiasaan log out sendiri emang paling taik bat ni aplkkasi busuk.","Yen arep pembaruan sistem jangan di jam operasional susah untuk user arep beli tiket krl,dan uga kebiasaan log out dhewe emang paling taik bat ni aplkkasi busuk.","Men nak pembaruan sistem jangan di jam operasional susah untuk user nak beli tiket krl,dan jugo kebiasaan log out dewek emang paling taik bat ni aplkkasi busuk.","men nak pembaruan sistem jangan di jam operasional susah untuk user nak beli tiket krl,dan jugo kebiasaan log out sendiri emang paling taik bat ni aplkkasi busuk."
"1. Sistem antrian ga sesuai waktu yang tampil di aplikasi. 2. Antrian sudah selesai tiket tidak di temukan, 3. Antri masuk lagi sampai berkali-kali 4. Pembayaran sering gagal 5. Mau bayar, Tiba-tiba aplikasi mulai dari menu utama. 6. Ngabisin waktu, quota, tenaga, harapan.",negatif,,negatif,negatif,,"1. Sistem antrean ora cocok wektu sing tampil ing aplikasi. 2. Antrean wis selesai tiket ora ing temukan, 3. Antri mlebu maneh sampai berkali-kali 4. Pembayaran sering gagal 5. Arep bayar, Tiba-tiba aplikasi mulai dari menu utama. 6. Ngabisin wektu, quota, tenaga, harapan.","1. Sistem antrian ora sesuai waktu yang tampil di aplikasi. 2. Antrian wis selesai tiket ora di temukan, 3. Antri masuk lagi sampai berkali-kali 4. Pembayaran sering gagal 5. Arep bayar, Tiba-tiba aplikasi mulai dari menu utama. 6. Ngabisin waktu, quota, tenaga, harapan.","1. Sistem antrian dak sesuai waktu yang tampil di aplikasi. 2. Antrian lah selesai tiket dak di temukan, 3. Antri masuk lagi sampai berkali-kali 4. Pembayaran sering gagal 5. Nak bayar, Tiba-tiba aplikasi mulai dari menu utama. 6. Ngabisin waktu, quota, tenaga, harapan.","1. Sistem antrian ga sesuai waktu yang tampil di aplikasi. 2. Antrian lah selesai tiket dak di temukan, 3. Antri masuk lagi sampai berkali-kali 4. Pembayaran sering gagal 5. nak bayar, Tiba-tiba aplikasi mulai dari menu utama. 6. Ngabisin waktu, quota, tenaga, harapan."
"Untuk pemesanan tiket masih lumayan, tapi giliran pembatalan maupun ganti jadwal biaya yg dipotong lumayan banyak, giliran nunggu seminggu (menurut peraturan kai per juni 2024) klaim refound uang pembatalan yg seharusnya sudah di proses tiba2 balik lagi ke sedang pengajuan, apk nya error atau gimana ?",negatif,,konflik,,,"Kanggo pesenan tiket isih lumayan, nanging giliran pembatalan maupun ganti jadwal biaya yg dipotong lumayan akeh, giliran nunggu seminggu (menurut peraturan kai per juni 2024) klaim refound uang pembatalan yg seharusnya wis ing proses tiba2 balik maneh menyang sedang pengajuan, apk nya error utawa gimana ?","Untuk pemesanan tiket masih lumayan, nanging giliran pembatalan maupun ganti jadwal biaya yg dipotong lumayan banyak, giliran nunggu seminggu (menurut peraturan kai per juni 2024) klaim refound dhuwit pembatalan yg seharusnya wis di proses tiba2 balik lagi ke sedang pengajuan, apk nya rusak atau kepriye ?","Untuk pemesanan tiket masih lumayan, tapi giliran pembatalan maupun ganti jadwal biaya yg dipotong lumayan banyak, giliran nunggu seminggu (menurut peraturan kai per juni 2024) klaim refound duet pembatalan yg seharusnyo lah di proses tiba2 balik lagi ke sedang pengajuan, apk nyo error atau cakmno ?","Untuk pemesanan tiket masih lumayan, tapi giliran pembatalan maupun ganti jadwal biaya yg dipotong lumayan banyak, giliran nunggu seminggu (menurut peraturan kai per juni 2024) klaim refound duet pembatalan yg seharusnyo lah di proses tiba2 balik lagi ke sedang pengajuan, apk nyo error atau cakmno ?"
Pesen tiket lokal GK bisa.. sering eror tapi kalo pesen tiket antar kota yg harganya mahal langsung bisa.. 🤣🤣🤣🤣,negatif,,negatif,,,Pesen tiket lokal ORA bisa.. sering rusak nanging yen pesen tiket antar kota yg harganya mahal langsung bisa.. 🤣🤣🤣🤣,Pesen tiket lokal GK bisa.. sering eror nanging yen pesen tiket antar kota yg harganya mahal langsung bisa.. 🤣🤣🤣🤣,Pesen tiket lokal GK pacak.. sering eror tapi men pesen tiket antar kota yg harganyo mahal langsung pacak.. 🤣🤣🤣🤣,Pesen tiket lokal GK pacak.. sering eror tapi men pesen tiket antar kota yg harganyo mahal langsung pacak.. 🤣🤣🤣🤣
Plat merah aplikasinya kenapa sih ga pernah berguna,,,,,,Plat merah aplikasinya kena apa sih ora pernah berguna,Plat merah aplikasinya kena apa sih ora pernah berguna,Plat merah aplikasinyo ngapo sih dak pernah berguna,Plat merah aplikasinyo ngapo sih ga pernah berguna
Server tidak mendukung untuk pemesanan tiket yang mengakibatkan gagal melakukan pembayaran dan harus mengulang dari awal untuk pesan tiket. Aplikasi jadi lemot parah dan history tiket tidak keluar. Sekelas BUMN tapi server untuk aplikasi tidak diperbaiki. Parah,negatif,,negatif,negatif,,Server ora mendukung kanggo pesenan tiket sing mengakibatkan gagal melakukan pembayaran lan kudu mengulang dari awal kanggo pesen tiket. Aplikasi dadi lemot parah lan history tiket ora metu. Sekelas BUMN nanging server kanggo aplikasi ora benerake. Parah,Server ora mendukung untuk pemesanan tiket yang mengakibatkan gagal melakukan pembayaran dan harus mengulang dari awal untuk pesen tiket. Aplikasi jadi lemot parah dan history tiket ora keluar. Sekelas BUMN nanging server untuk aplikasi ora diperbaiki. Parah,Server dak mendukung untuk pemesanan tiket yang mengakibatkan gagal melakukan pembayaran dan harus mengulang dari awal untuk pesan tiket. Aplikasi jadi lemot parah dan history tiket dak keluar. Sekelas BUMN tapi server untuk aplikasi dak diperbaiki. Parah,Server dak mendukung untuk pemesanan tiket yang mengakibatkan gagal melakukan pembayaran dan harus mengulang dari awal untuk pesan tiket. Aplikasi jadi lemot parah dan history tiket dak keluar. Sekelas BUMN tapi server untuk aplikasi dak diperbaiki. Parah
"Setelah update malah banyak error ini, mau bayar biasa make ovo udh terhubung juga gk bisa",negatif,,,negatif,,"Sawise nganyari malah akeh error iki, arep bayar biasa make ovo wis terhubung uga ora bisa","Setelah update malah banyak rusak ini, arep bayar biasa make ovo wis terhubung uga gk bisa","Setelah update malah banyak error ini, nak bayar biasa make ovo lah terhubung jugo gk pacak","Setelah update malah banyak error ini, nak bayar biasa make ovo lah terhubung jugo gk pacak"
"Setelah di-update ,bukanya mlah gmpang, tpi mlah lemot data sudah lengkap tinggal klik pembayaran kenapa slalu kadaluarsa, tolong diperbaiki",negatif,,,negatif,,"Sawise ing-nganyari ,mbokmenawa mlah gmpang, tpi mlah lemot data wis lengkap tinggal klik pembayaran kena apa slalu kadaluarsa, tulung benerake","Setelah di-update ,bukanya mlah gmpang, tpi mlah lemot data wis lengkap tinggal klik pembayaran kena apa slalu kadaluarsa, tolong diperbaiki","Setelah di-update ,bukanyo mlah gmpang, tpi mlah lemot data lah lengkap tinggal klik pembayaran ngapo slalu kadaluarsa, tolong diperbaiki","Setelah di-update ,bukanyo mlah gmpang, tpi mlah lemot data lah lengkap tinggal klik pembayaran ngapo slalu kadaluarsa, tolong diperbaiki"
"Tolong diperbaiki aplikasinya sering auto logout, padahal udh top up udah masuk tiba tiba ilang saldonya, gimana tuh. Perbaiki",negatif,,,negatif,,"Tulung benerake aplikasinya sering auto logout, padahal wis top up wis mlebu tiba tiba ilang saldone, gimana tuh. Benerake","Tolong diperbaiki aplikasinya sering auto logout, padahal wis top up wis masuk tiba tiba ilang saldonya, kepriye tuh. Perbaiki","Tolong diperbaiki aplikasinyo sering auto logout, padahal lah top up lah masuk tiba tiba ilang saldonyo, cakmno tuh. Perbaiki","Tolong diperbaiki aplikasinyo sering auto logout, padahal lah top up lah masuk tiba tiba ilang saldonyo, cakmno tuh. Perbaiki"
sudah tau banyak yang akses pembelian tiket mudik. malah nggak di perbesar kapasitas server nya. jadinya susah di akses. sudah hampir 3 jam proses pemesanan tiket tapi nggak bisa-bisa.,negatif,,negatif,,,wis ngerti akeh sing akses tumbas tiket mudik. malah ora ing perbesar kapasitas server nya. jadinya susah ing akses. wis hampir 3 jam proses pesenan tiket nanging ora bisa-bisa.,wis tau banyak yang akses pembelian tiket mudik. malah ora di perbesar kapasitas server nya. jadinya susah di akses. wis hampir 3 jam proses pemesanan tiket nanging ora bisa-bisa.,lah tau banyak yang akses pembelian tiket mudik. malah dak di perbesar kapasitas server nyo. jadinyo susah di akses. lah hampir 3 jam proses pemesanan tiket tapi dak pacak-pacak.,lah tau banyak yang akses pembelian tiket mudik. malah dak di perbesar kapasitas server nyo. jadinyo susah di akses. lah hampir 3 jam proses pemesanan tiket tapi dak pacak-pacak.
"APLIKASI PAYAH! lelet, error², udah mau bayar tiba² gaada tanda bayar, waktu habis gitu² aja terus. mending gausah sosoan pake aplikasi²an dah",negatif,,,negatif,,"APLIKASI PAYAH! alon, error², wis arep bayar tiba² gaada tanda bayar, wektu habis gitu² aja terus. mending gausah sosoan nganggo aplikasi²an dah","APLIKASI PAYAH! alon, error², wis arep bayar tiba² gaada tanda bayar, waktu habis gitu² wae terus. mending gausah sosoan pake aplikasi²an dah","APLIKASI PAYAH! lelet, error², lah nak bayar tiba² gaada tanda bayar, waktu habis gitu² bae terus. mending gausah sosoan pake aplikasi²an dah","APLIKASI PAYAH! lelet, error², lah nak bayar tiba² gaada tanda bayar, waktu habis gitu² bae terus. mending gausah sosoan pake aplikasi²an dah"
"Belum kepake udah kepotong, terus mau pesen tiket krl aja ga bisa, sama kalo mau update kereta aja lemot banget",negatif,,negatif,negatif,,"Durung kepake wis kepotong, terus arep pesen tiket krl aja ora bisa, padha yen arep nganyari sepur aja lemot banget","Belum kepake wis kepotong, terus arep pesen tiket krl wae ora bisa, karo yen arep update kereta wae lemot banget","Belum kepake lah kepotong, terus nak pesen tiket krl bae dak pacak, samo men nak update kereta bae lemot nian","Belum kepake lah kepotong, terus nak pesen tiket krl bae ga pacak, samo men nak update kereta bae lemot nian"
"wkwk bagian schedulingnya molor, gak bisa bikin schedule harian sampe bulan depan, konyol sekelas aplikasi pemerintah",,,,,,"wkwk bagian schedulingnya molor, ora bisa bikin schedule harian nganti bulan depan, konyol sekelas aplikasi pemerintah","wkwk bagian schedulingnya molor, ora bisa bikin schedule harian sampe bulan depan, konyol sekelas aplikasi pemerintah","wkwk bagian schedulingnyo molor, dak pacak bikin schedule harian sampe bulan depan, konyol sekelas aplikasi pemerintah","wkwk bagian schedulingnyo molor, dak pacak bikin schedule harian sampe bulan depan, konyol sekelas aplikasi pemerintah"
"Sy sempat tertahan 1 jam ..gara"" tiket gate out tidak muncul...kalau maintenance server waktunya yg tepat gitu lo...jangan jam sibuk pesan tiket,malah eror..... LOLA",negatif,,negatif,,,"Sy sempat tertahan 1 jam ..gara"" tiket gate out ora muncul...kalau maintenance server wektune yg tepat gitu lo...aja jam sibuk pesen tiket,malah rusak..... LOLA","Sy sempat tertahan 1 jam ..gara"" tiket gate out ora muncul...yen maintenance server waktunya yg tepat gitu kowe...jangan jam sibuk pesen tiket,malah eror..... LOLA","Sy sempat tertahan 1 jam ..gara"" tiket gate out dak muncul...men maintenance server waktunyo yg tepat gitu kau...jangan jam sibuk pesan tiket,malah eror..... LOLA","Sy sempat tertahan 1 jam ..gara"" tiket gate out dak muncul...men maintenance server waktunyo yg tepat gitu kau...jangan jam sibuk pesan tiket,malah eror..... LOLA"
"Malah tambah ribet pakek aplikasi baru ini harus upgrade data segala dulu mudah data yang ada udah terdaftar langsung gak harus upgrade"" segala pas di upgrade malah gak masuk"" males pakek kai mending Naing bus aja langsung stop di pingging jln.....",negatif,,,,konflik,"Malah tambah ribet pakek aplikasi anyar iki kudu upgrade data segala dulu gampang data sing ana wis terdaftar langsung ora kudu upgrade"" segala pas ing upgrade malah ora mlebu"" males pakek kai mending Naing bus aja langsung stop ing pingging jln.....","Malah tambah ribet pakek aplikasi baru ini harus upgrade data segala dulu gampang data yang ana wis terdaftar langsung ora harus upgrade"" segala pas di upgrade malah ora masuk"" males pakek kai mending Naing bus wae langsung stop di pingging jln.....","Malah tambah ribet pakek aplikasi baru ini harus upgrade data segala dulu gampang data yang ado lah terdaftar langsung dak harus upgrade"" segala pas di upgrade malah dak masuk"" males pakek kai mending Naing bus bae langsung stop di pingging jln.....","Malah tambah ribet pakek aplikasi baru ini harus upgrade data segala dulu gampang data yang ado lah terdaftar langsung dak harus upgrade"" segala pas di upgrade malah dak masuk"" males pakek kai mending Naing bus bae langsung stop di pingging jln....."
"diupgrade bukannya makin bener, malah makin ngadii",,,,,,"diupgrade nanging makin bener, malah makin ngadii","diupgrade bukannya makin bener, malah makin ngadii","diupgrade bukannyo makin bener, malah makin ngadii","diupgrade bukannyo makin bener, malah makin ngadii"
aplikasi gajelas mau mesen kereta malah ngebag mulu susah mau di upgrade juga dan tolong aplikasi ini selalu ngebag,negatif,,,,,aplikasi gajelas arep mesen sepur malah ngebag terus susah arep ing upgrade uga lan tulung aplikasi iki selalu ngebag,aplikasi gajelas arep mesen kereta malah ngebag mulu susah arep di upgrade uga dan tolong aplikasi ini selalu ngebag,aplikasi gajelas nak mesen kereta malah ngebag mulu susah nak di upgrade jugo dan tolong aplikasi ini selalu ngebag,aplikasi gajelas nak mesen kereta malah ngebag mulu susah nak di upgrade jugo dan tolong aplikasi ini selalu ngebag
"Udah beli tiket, saldo kepotong eh gangguan gabisa di buka tiketnya loading terus padahal jaringan bagus, pake wifi juga tetep, mana belum di screenshot lagi. Benerin lah app nya meresahkan!! Terbukti aplikasinya tidak layak bintang 2,1 padahal ini aplikasi untuk masyarakat. Meresahkan!!",negatif,,negatif,negatif,,"Wis tumbas tiket, saldo kepotong eh gangguan gabisa ing buka tiketnya muter terus padahal jaringan apik, nganggo wifi uga tetep, endi durung ing screenshot maneh. Benerin yo app nya meresahkan!! Terbukti aplikasinya ora layak bintang 2,1 padahal iki aplikasi kanggo masyarakat. Meresahkan!!","Wis beli tiket, saldo kepotong eh gangguan gabisa di buka tiketnya loading terus padahal jaringan apik, pake wifi uga tetep, mana belum di screenshot lagi. Benerin lah app nya meresahkan!! Terbukti aplikasinya ora layak bintang 2,1 padahal ini aplikasi untuk masyarakat. Meresahkan!!","Lah beli tiket, saldo kepotong eh gangguan gabisa di buka tiketnyo loading terus padahal jaringan bagus, pake wifi jugo tetep, mana belum di screenshot lagi. Benerin lah app nyo meresahkan!! Terbukti aplikasinyo dak layak bintang 2,1 padahal ini aplikasi untuk masyarakat. Meresahkan!!","lah beli tiket, saldo kepotong eh gangguan gabisa di buka tiketnyo loading terus padahal jaringan bagus, pake wifi jugo tetep, mana belum di screenshot lagi. Benerin lah app nyo meresahkan!! Terbukti aplikasinyo dak layak bintang 2,1 padahal ini aplikasi untuk masyarakat. Meresahkan!!"
Aplikasi suka eror. Tiap mau pesan tiket ka lokal sering eror di tahap data penumpang. sy sampai unistall aplikasi tetep eror. Tolong segera perbaiki aplikasi,negatif,,negatif,,,Aplikasi suka rusak. Saben arep pesen tiket ka lokal sering rusak ing tahap data penumpang. sy sampai unistall aplikasi tetep rusak. Tulung cepet benerake aplikasi,Aplikasi suka eror. Tiap arep pesen tiket ka lokal sering eror di tahap data penumpang. sy sampai unistall aplikasi tetep eror. Tolong segera perbaiki aplikasi,Aplikasi suka eror. Tiap nak pesan tiket ka lokal sering eror di tahap data penumpang. sy sampai unistall aplikasi tetep eror. Tolong segera perbaiki aplikasi,Aplikasi suka eror. Tiap nak pesan tiket ka lokal sering eror di tahap data penumpang. sy sampai unistall aplikasi tetep eror. Tolong segera perbaiki aplikasi
"Saya klik untuk memilih jadwal boarding malah disuruh harus daftar member basic/premium. Setelah daftar ke salah satu member tsb, sudah isi lengkap identitas dg benar, tombol lanjutkan gabisa di klik dan gabisa pindah ke langkah selanjutnya. Applikasi yang mempersulit, kembalikan applikasi yang lama saja lebih mudah",,,negatif,,,"Aku klik kanggo memilih jadwal boarding malah disuruh kudu daftar member basic/premium. Sawise daftar menyang salah satu member tsb, wis isi lengkap identitas dg benar, tombol lanjutkan gabisa ing klik lan gabisa pindah menyang langkah selanjutnya. Applikasi sing mempersulit, kembalikan applikasi sing suwe saja luwih gampang","Aku klik untuk memilih jadwal boarding malah disuruh harus daftar member basic/premium. Setelah daftar ke salah satu member tsb, wis isi lengkap identitas dg bener, tombol lanjutkan gabisa di klik dan gabisa pindah ke langkah selanjutnya. Applikasi yang mempersulit, kembalikan applikasi yang lama wae lebih gampang","Aku klik untuk memilih jadwal boarding malah disuruh harus daftar member basic/premium. Setelah daftar ke salah satu member tsb, lah isi lengkap identitas dg bener, tombol lanjutkan gabisa di klik dan gabisa pindah ke langkah selanjutnyo. Applikasi yang mempersulit, kembalikan applikasi yang lama bae lebih gampang","aku klik untuk memilih jadwal boarding malah disuruh harus daftar member basic/premium. Setelah daftar ke salah satu member tsb, lah isi lengkap identitas dg benar, tombol lanjutkan gabisa di klik dan gabisa pindah ke langkah selanjutnyo. Applikasi yang mempersulit, kembalikan applikasi yang lama bae lebih gampang"
Bagus untuk pemesanan tiket. Tapi apk lambat merespon ketika pesan makanan. Metode bayar gak lengkap. Apk gagal merespon auto gagal pesan makanan. Pilihannya makanan juga terbatas dan mahal² Dicoba berkali2 pun gagal. Padahal koneksi internet sya lumayan bagus stabil buat jalanin apk lain lancar. Tlong perbaiki lagi,negatif,,positif,negatif,,Apik kanggo pesenan tiket. Nanging apk lambat merespon ketika pesen makanan. Cara bayar ora lengkap. Apk gagal merespon auto gagal pesen makanan. Pilihannya makanan uga terbatas lan mahal² Dicoba berkali2 pun gagal. Padahal koneksi internet sya lumayan apik stabil kanggo jalanin apk lain lancar. Tlong benerake maneh,Apik untuk pemesanan tiket. Nanging apk alon merespon ketika pesen makanan. Metode bayar ora lengkap. Apk gagal merespon auto gagal pesen makanan. Pilihannya makanan uga terbatas dan mahal² Dicoba berkali2 pun gagal. Padahal koneksi internet sya lumayan apik stabil buat jalanin apk lain lancar. Tlong perbaiki lagi,Bagus untuk pemesanan tiket. Tapi apk lambat merespon ketika pesan makanan. Metode bayar dak lengkap. Apk gagal merespon auto gagal pesan makanan. Pilihannyo makanan jugo terbatas dan mahal² Dicoba berkali2 pun gagal. Padahal koneksi internet sya lumayan bagus stabil buat jalanin apk lain lancar. Tlong perbaiki lagi,Bagus untuk pemesanan tiket. Tapi apk lambat merespon ketika pesan makanan. Metode bayar dak lengkap. Apk gagal merespon auto gagal pesan makanan. Pilihannyo makanan jugo terbatas dan mahal² Dicoba berkali2 pun gagal. Padahal koneksi internet sya lumayan bagus stabil buat jalanin apk lain lancar. Tlong perbaiki lagi
"Ini mau ganti tampilan aja, dipaksa update utk buka aplikasinya. Lah HP kita masih jadul, jd ga bs lagi buka aplikasi, bisa ngga sih develop aplikasi biar simpel tapi bagus Terpaksa orang beli lewat ecommerce, memperkaya ""calo"" versi digital (dimana harga lebih mahal)",negatif,,,,,"Iki arep ganti tampilan aja, dipaksa nganyari utk buka aplikasinya. Yo HP kowe isih jadul, jd ora bs maneh buka aplikasi, bisa ora sih develop aplikasi ben simpel nanging apik Terpaksa orang tumbas lewat ecommerce, memperkaya ""calo"" versi digital (dimana harga luwih mahal)","Ini arep ganti tampilan wae, dipaksa update utk buka aplikasinya. Lah HP kabeh masih jadul, jd ora bs lagi buka aplikasi, bisa ora sih develop aplikasi biar simpel nanging apik Terpaksa wong beli lewat ecommerce, memperkaya ""calo"" versi digital (dimana rega lebih mahal)","Ini nak ganti tampilan bae, dipaksa update utk buka aplikasinyo. Lah HP kito masih jadul, jd dak bs lagi buka aplikasi, pacak dak sih develop aplikasi biar simpel tapi bagus Terpaksa wong beli lewat ecommerce, memperkaya ""calo"" versi digital (dimana hargo lebih mahal)","Ini nak ganti tampilan bae, dipaksa update utk buka aplikasinyo. Lah HP kito masih jadul, jd ga bs lagi buka aplikasi, pacak dak sih develop aplikasi biar simpel tapi bagus Terpaksa wong beli lewat ecommerce, memperkaya ""calo"" versi digital (dimana hargo lebih mahal)"
"Bug, ga bisa pesan tiket pulang pergi sekaligus",negatif,,negatif,,,"Bug, ora bisa pesen tiket pulang lunga sekaligus","Bug, ora bisa pesen tiket pulang pergi sekaligus","Bug, dak pacak pesan tiket pulang pergi sekaligus","Bug, ga pacak pesan tiket pulang pergi sekaligus"
"sering time out, makin di update makin sampah",negatif,,,,,"sering time out, makin ing nganyari makin sampah","sering time out, makin di update makin sampah","sering time out, makin di update makin sampah","sering time out, makin di update makin sampah"
"Keluar aplikasi langsung mulai dari awal, daftar ulang akun kaya bot, harus email dan nomor tlpn tidak terdaftar malah sudah terdaftar",negatif,,,,negatif,"Metu aplikasi langsung mulai dari awal, daftar ulang akun kaya bot, kudu email lan nomor tlpn ora terdaftar malah wis terdaftar","Keluar aplikasi langsung mulai dari awal, daftar ulang akun kaya bot, harus email dan nomor tlpn ora terdaftar malah wis terdaftar","Keluar aplikasi langsung mulai dari awal, daftar ulang akun kaya bot, harus email dan nomor tlpn dak terdaftar malah lah terdaftar","Keluar aplikasi langsung mulai dari awal, daftar ulang akun kaya bot, harus email dan nomor tlpn dak terdaftar malah lah terdaftar"
"apk lemottt. apalahhhh setiap beli tiket KA selalu timeout berkali2 ada kali 30menit lebih, hadehhhh perbaiki lagi lah sistem nya",negatif,,negatif,,,"apk lemottt. apalahhhh saben tumbas tiket KA selalu timeout berkali2 ana kali 30menit luwih, hadehhhh benerake maneh yo sistem nya","apk lemottt. apalahhhh setiap beli tiket KA selalu timeout berkali2 ana kali 30menit lebih, hadehhhh perbaiki lagi lah sistem nya","apk lemottt. apalahhhh setiap beli tiket KA selalu timeout berkali2 ado kali 30menit lebih, hadehhhh perbaiki lagi lah sistem nyo","apk lemottt. apalahhhh setiap beli tiket KA selalu timeout berkali2 ado kali 30menit lebih, hadehhhh perbaiki lagi lah sistem nyo"
"untuk ka lokal kok jadi sering bugs,tidak ada jadwal padahal aslinya kereta nya tersedia Tolong perbaiki lagi min",negatif,,negatif,,,"kanggo ka lokal kok dadi sering bugs,ora ana jadwal padahal aslinya sepur nya tersedia Tulung benerake maneh min","untuk ka lokal kok jadi sering bugs,ora ana jadwal padahal aslinya kereta nya tersedia Tolong perbaiki lagi min","untuk ka lokal kok jadi sering bugs,dak ado jadwal padahal aslinyo kereta nyo tersedia Tolong perbaiki lagi min","untuk ka lokal kok jadi sering bugs,dak ado jadwal padahal aslinyo kereta nyo tersedia Tolong perbaiki lagi min"
Ini kenapa setelah di update.yang bisa di gunakan adalah kartu Axis.padahal sebelumnya enggak.mohon kepada admin agar di perbaiki,,,,,,Iki kena apa sawise ing nganyari.sing bisa ing enggo adalah kartu Axis.padahal sebelumnya enggak.nyuwun kepada admin agar ing benerake,Ini kena apa setelah di update.yang bisa di gunakan adalah kartu Axis.padahal sebelumnya enggak.mohon kepada admin agar di perbaiki,Ini ngapo setelah di update.yang pacak di gunakan adalah kartu Axis.padahal sebelumnyo enggak.mohon kepada admin agar di perbaiki,Ini ngapo setelah di update.yang pacak di gunakan adalah kartu Axis.padahal sebelumnyo enggak.mohon kepada admin agar di perbaiki
"disuruh update muluk. bingung dah... bulan lalu dh pernah updaye, sekarang suruh update lagi. ini lagi proses update, tp lemot. kesel gw",negatif,,,,,"disuruh nganyari muluk. bingung dah... bulan lalu dh pernah updaye, saiki suruh nganyari maneh. iki maneh proses nganyari, tp lemot. kesel gw","disuruh update muluk. bingung dah... bulan lalu dh pernah updaye, saiki suruh update lagi. ini lagi proses update, tp lemot. kesel aku","disuruh update muluk. bingung dah... bulan lalu dh pernah updaye, sekarang suruh update lagi. ini lagi proses update, tp lemot. kesel aku","disuruh update muluk. bingung dah... bulan lalu dh pernah updaye, sekarang suruh update lagi. ini lagi proses update, tp lemot. kesel aku"
"Habis update malah error, minta pasword mlulu, sdh dikasih , sdh ganti tetap gak bisa masuk.",negatif,,,,negatif,"Habis nganyari malah error, minta pasword mlulu, sdh dikasih , sdh ganti tetap ora bisa mlebu.","Habis update malah rusak, minta pasword mlulu, sdh dikasih , sdh ganti tetap ora bisa masuk.","Habis update malah error, minta pasword mlulu, sdh dikasih , sdh ganti tetap dak pacak masuk.","Habis update malah error, minta pasword mlulu, sdh dikasih , sdh ganti tetap dak pacak masuk."
"Apknya kurang bagus. Ini kenapa ya kalau top up masuk duitnya ke kainya lama banget, jelek aplikasinya. Di update bukannya jadi bagus jadi buluk, aplikasinya tolong ya diperbaikin, jangan diperbaikinnya malah jadi pebih buruk. Toling banget ya. Mohon pengertiannya.",negatif,,,negatif,,"Apk kurang apik. Iki kena apa ya kalau top up mlebu duwite menyang kainya suwe banget, jelek aplikasinya. Ing nganyari nanging dadi apik dadi buluk, aplikasinya tulung ya diperbaikin, aja diperbaikinnya malah dadi pebih buruk. Toling banget ya. Nyuwun pengertiannya.","Apknya kurang apik. Ini kena apa ya yen top up masuk duitnya ke kainya lama banget, jelek aplikasinya. Di update bukannya jadi apik jadi buluk, aplikasinya tolong ya diperbaikin, jangan diperbaikinnya malah jadi pebih ala. Toling banget ya. Mohon pengertiannya.","Apknyo kurang bagus. Ini ngapo ya men top up masuk duitnyo ke kainyo lama nian, jelek aplikasinyo. Di update bukannyo jadi bagus jadi buluk, aplikasinyo tolong ya diperbaikin, jangan diperbaikinnyo malah jadi pebih buruk. Toling nian ya. Mohon pengertiannyo.","Apknyo kurang bagus. Ini ngapo ya men top up masuk duitnyo ke kainyo lama nian, jelek aplikasinyo. Di update bukannyo jadi bagus jadi buluk, aplikasinyo tolong ya diperbaikin, jangan diperbaikinnyo malah jadi pebih buruk. Toling nian ya. Mohon pengertiannyo."
"hari ini mau login ke acces by kai tidak bisa, di anggap no hp tidak terdaftar dan email tdk terdaftar. padahal sudah kedaftar 4 tahun lebih. update sudah, restart sudah, clear charge sudah, install ulang sudah. harus gmna lagi y, apa hrs langsung ke cs di stasiun. layanan wa slow banget, email juga lama di bls.",,,,,negatif,"dina iki arep login menyang acces by kai ora bisa, ing anggap no hp ora terdaftar lan email tdk terdaftar. padahal wis kedaftar 4 tahun luwih. nganyari wis, restart wis, clear charge wis, install ulang wis. kudu gmna maneh y, apa hrs langsung menyang cs ing stasiun. layanan wa slow banget, email uga suwe ing bls.","hari ini arep login ke acces by kai ora bisa, di anggap no hp ora terdaftar dan email tdk terdaftar. padahal wis kedaftar 4 tahun lebih. update wis, restart wis, clear charge wis, install ulang wis. harus gmna lagi y, apa hrs langsung ke cs di stasiun. layanan wa slow banget, email uga lama di bls.","hari ini nak login ke acces by kai dak pacak, di anggap no hp dak terdaftar dan email dak terdaftar. padahal lah kedaftar 4 tahun lebih. update lah, restart lah, clear charge lah, install ulang lah. harus gmna lagi y, apo hrs langsung ke cs di stasiun. layanan wa slow nian, email jugo lama di bls.","hari ini nak login ke acces by kai dak pacak, di anggap no hp dak terdaftar dan email tdk terdaftar. padahal lah kedaftar 4 tahun lebih. update lah, restart lah, clear charge lah, install ulang lah. harus gmna lagi y, apo hrs langsung ke cs di stasiun. layanan wa slow nian, email jugo lama di bls."
"Makin update makin gakaruan sistemnya. Tampilan aja oke. Lbih bgusan tmpilan lama. Skrang lemot bgt, sering delay. Pembayaran ga valid padahl saldo kepotong. Minta return dana RUMIT POL. MAKIN GAJELAS",negatif,konflik,,negatif,,"Makin nganyari makin gakaruan sistemnya. Tampilan aja wis apik. Lbih bgusan tmpilan suwe. Skrang lemot bgt, sering delay. Pembayaran ora valid padahl saldo kepotong. Minta return dana RUMIT POL. MAKIN GAJELAS","Makin update makin gakaruan sistemnya. Tampilan wae oke. Lbih bgusan tmpilan lama. Skrang lemot banget, sering delay. Pembayaran ora valid padahl saldo kepotong. Minta return dana RUMIT POL. MAKIN GAJELAS","Makin update makin gakaruan sistemnyo. Tampilan bae oke. Lbih bgusan tmpilan lama. Skrang lemot nian, sering delay. Pembayaran dak valid padahl saldo kepotong. Minta return dana RUMIT POL. MAKIN GAJELAS","Makin update makin gakaruan sistemnyo. Tampilan bae oke. Lbih bgusan tmpilan lama. Skrang lemot bgt, sering delay. Pembayaran ga valid padahl saldo kepotong. Minta return dana RUMIT POL. MAKIN GAJELAS"
"Ini gimana sih udahh update kok malah makin error masa mau bayar tiket harus masukin metode pembayaran lagi,gilran udah di masukan alat pembayaran malah muncul tulisan sudah terhubung namun setiap mau bayar kok susah mulu sih aneh bangett tolong developer perbaiki lagi kasian banyak yang mau pakai apalagi yang gunain kereta sebagai alat transportasi untuk bekerjaa",negatif,,,negatif,,"Iki gimana sih udahh nganyari kok malah makin error mangsa arep bayar tiket kudu masukin cara pembayaran maneh,gilran wis ing masukan alat pembayaran malah muncul tulisan wis terhubung namun saben arep bayar kok susah terus sih aneh bangett tulung developer benerake maneh kasian akeh sing arep nganggo apalagi sing gunain sepur sebagai alat transportasi kanggo bekerjaa","Ini kepriye sih udahh update kok malah makin rusak masa arep bayar tiket harus masukin metode pembayaran lagi,gilran wis di masukan alat pembayaran malah muncul tulisan wis terhubung namun setiap arep bayar kok susah mulu sih aneh bangett tolong developer perbaiki lagi kasian banyak yang arep pakai apalagi yang gunain kereta sebagai alat transportasi untuk bekerjaa","Ini cakmno sih udahh update kok malah makin error masa nak bayar tiket harus masukin metode pembayaran lagi,gilran lah di masukan alat pembayaran malah muncul tulisan lah terhubung namun setiap nak bayar kok susah mulu sih aneh bangett tolong developer perbaiki lagi kasian banyak yang nak pakai apalagi yang gunain kereta sebagai alat transportasi untuk bekerjaa","Ini cakmno sih udahh update kok malah makin error masa nak bayar tiket harus masukin metode pembayaran lagi,gilran lah di masukan alat pembayaran malah muncul tulisan lah terhubung namun setiap nak bayar kok susah mulu sih aneh bangett tolong developer perbaiki lagi kasian banyak yang nak pakai apalagi yang gunain kereta sebagai alat transportasi untuk bekerjaa"
Ketika masuk masa antrian ditunggu tidak selesai-selesai. Justru tiba2 eror sendiri aplikasinya. Padahal sinyal tidak ada masalah. Tolong supaya performa aplikasi bisa lebih diperbaiki 🙏,negatif,,,,,Ketika mlebu mangsa antrean ditunggu ora selesai-selesai. Justru tiba2 rusak sendiri aplikasinya. Padahal sinyal ora ana masalah. Tulung supaya performa aplikasi bisa luwih benerake 🙏,Ketika masuk masa antrian ditunggu ora selesai-selesai. Justru tiba2 eror dhewe aplikasinya. Padahal sinyal ora ana masalah. Tolong supaya performa aplikasi bisa lebih diperbaiki 🙏,Ketika masuk masa antrian ditunggu dak selesai-selesai. Justru tiba2 eror dewek aplikasinyo. Padahal sinyal dak ado masalah. Tolong supaya performa aplikasi pacak lebih diperbaiki 🙏,Ketika masuk masa antrian ditunggu dak selesai-selesai. Justru tiba2 eror sendiri aplikasinyo. Padahal sinyal dak ado masalah. Tolong supaya performa aplikasi pacak lebih diperbaiki 🙏
"Aplikasi apaan sih ini, sering mental² sendiri padahal mau lihat kode Verifikasi, klo mau pesen harus jadi member basic, giliran mau verifikasi padahal cuma mau lihat kodenya apa malah mental balik ke halaman utama lagi. Aneh banget",negatif,,,,negatif,"Aplikasi apaan sih iki, sering mental² sendiri padahal arep deleng kode Verifikasi, yen arep pesen kudu dadi member basic, giliran arep verifikasi padahal mung arep deleng kodenya apa malah mental balik menyang halaman utama maneh. Aneh banget","Aplikasi apaan sih ini, sering mental² dhewe padahal arep deleng kode Verifikasi, klo arep pesen harus jadi member basic, giliran arep verifikasi padahal mung arep deleng kodenya apa malah mental balik ke halaman utama lagi. Aneh banget","Aplikasi apaan sih ini, sering mental² dewek padahal nak tengok kode Verifikasi, klo nak pesen harus jadi member basic, giliran nak verifikasi padahal cuman nak tengok kodenyo apo malah mental balik ke halaman utama lagi. Aneh nian","Aplikasi apaan sih ini, sering mental² sendiri padahal nak lihat kode Verifikasi, klo nak pesen harus jadi member basic, giliran nak verifikasi padahal cuman nak lihat kodenyo apo malah mental balik ke halaman utama lagi. Aneh nian"
Ini kenapa dah ada saldo jadi gak bisa dipake semanjak update padahal sebelumnya lancar lancar aja... Mau pesan tiket selalu loading terus sinyal bagus msh banyak bug,negatif,,negatif,konflik,,Iki kena apa dah ana saldo dadi ora bisa dipake semanjak nganyari padahal sebelumnya lancar lancar aja... Arep pesen tiket selalu muter terus sinyal apik msh akeh bug,Ini kena apa dah ana saldo jadi ora bisa dipake semanjak update padahal sebelumnya lancar lancar wae... Arep pesen tiket selalu loading terus sinyal apik msh banyak bug,Ini ngapo dah ado saldo jadi dak pacak dipake semanjak update padahal sebelumnyo lancar lancar bae... Nak pesan tiket selalu loading terus sinyal bagus msh banyak bug,Ini ngapo dah ado saldo jadi dak pacak dipake semanjak update padahal sebelumnyo lancar lancar bae... nak pesan tiket selalu loading terus sinyal bagus msh banyak bug
"Aplikasi gajelas, sering error masalah pembayaran, pembayaran gagal tapi saldo ke potong, pembayaran berhasil tapi pulsa tidak masuk. Sangat merugikan.",,,,negatif,,"Aplikasi gajelas, sering error masalah pembayaran, pembayaran gagal nanging saldo menyang potong, pembayaran berhasil nanging pulsa ora mlebu. Banget merugikan.","Aplikasi gajelas, sering rusak masalah pembayaran, pembayaran gagal nanging saldo ke potong, pembayaran berhasil nanging pulsa ora masuk. Banget merugikan.","Aplikasi gajelas, sering error masalah pembayaran, pembayaran gagal tapi saldo ke potong, pembayaran berhasil tapi pulsa dak masuk. Nian merugikan.","Aplikasi gajelas, sering error masalah pembayaran, pembayaran gagal tapi saldo ke potong, pembayaran berhasil tapi pulsa dak masuk. nian merugikan."
"Tiba -tiba ada notif perbaikan sistem sehingga tidak dapat melakukan pembelian tiket, ketika mengalami kendala, tidak bisa dihubungi, karena tidak ada layanan bantuan kami. Padahal saya adalah pengguna jasa kereta api sejak 20 thn yg lalu, walau bukan kategori aktif setiap minggu",negatif,,negatif,,,"Tiba -tiba ana notif perbaikan sistem sehingga ora dapat melakukan tumbas tiket, ketika ngalami kendala, ora bisa dihubungi, karena ora ana layanan bantuan kami. Padahal aku adalah pengguna jasa sepur api sejak 20 thn yg lalu, walau bukan kategori aktif saben minggu","Tiba -tiba ana notif perbaikan sistem sehingga ora dapat melakukan pembelian tiket, ketika mengalami kendala, ora bisa dihubungi, karena ora ana layanan bantuan kami. Padahal aku adalah pengguna jasa kereta api sejak 20 thn yg lalu, walau dudu kategori aktif setiap minggu","Tiba -tiba ado notif perbaikan sistem sehingga dak dapat melakukan pembelian tiket, ketika mengalami kendala, dak pacak dihubungi, karena dak ado layanan bantuan kami. Padahal aku adalah pengguna jasa kereta api sejak 20 thn yg lalu, walau bukan kategori aktif setiap minggu","Tiba -tiba ado notif perbaikan sistem sehingga dak dapat melakukan pembelian tiket, ketika mengalami kendala, dak pacak dihubungi, karena dak ado layanan bantuan kami. Padahal aku adalah pengguna jasa kereta api sejak 20 thn yg lalu, walau bukan kategori aktif setiap minggu"
"Sudah pesan tiket mau pembayaran aplikasi ke aplikasi close dan mau dilanjut bayar tiket yg sudah dipesan, saat mau bayar tidak ada menu lanjutan untuk pembayaran terpaksa harus dicancel dan pesan tiket dari awal lagi",,,negatif,negatif ,,"Wis pesen tiket arep pembayaran aplikasi menyang aplikasi close lan arep dilanjut bayar tiket yg wis dipesan, wektu arep bayar ora ana menu lanjutan kanggo pembayaran terpaksa kudu dicancel lan pesen tiket dari awal maneh","Wis pesen tiket arep pembayaran aplikasi ke aplikasi close dan arep dilanjut bayar tiket yg wis dipesan, saat arep bayar ora ana menu lanjutan untuk pembayaran terpaksa harus dicancel dan pesen tiket dari awal lagi","Lah pesan tiket nak pembayaran aplikasi ke aplikasi close dan nak dilanjut bayar tiket yg lah dipesan, saat nak bayar dak ado menu lanjutan untuk pembayaran terpaksa harus dicancel dan pesan tiket dari awal lagi","lah pesan tiket nak pembayaran aplikasi ke aplikasi close dan nak dilanjut bayar tiket yg lah dipesan, saat nak bayar dak ado menu lanjutan untuk pembayaran terpaksa harus dicancel dan pesan tiket dari awal lagi"
"PAS PESEN TIKET BUAT HARI RAYA NUNGGUI ANTRI, TAPI PAS DAPET KURSI PELAYANANAN DALAM APLIKASI TIBA² SERING ERROR. KECEWA BANGET SAYA SEBAGAI PENGGUNANYA",negatif,,negatif,,,"PAS PESEN TIKET KANGGO DINA RAYA NUNGGUI ANTRI, NANGING PAS DAPET KURSI PELAYANANAN JERO APLIKASI TIBA² SERING ERROR. KECEWA BANGET AKU SEBAGAI PENGGUNANYA","PAS PESEN TIKET BUAT HARI RAYA NUNGGUI ANTRI, NANGING PAS DAPET KURSI PELAYANANAN JERO APLIKASI TIBA² SERING RUSAK. KECEWA BANGET AKU SEBAGAI PENGGUNANYA","PAS PESEN TIKET BUAT HARI RAYA NUNGGUI ANTRI, TAPI PAS DAPET KURSI PELAYANANAN DALEM APLIKASI TIBA² SERING ERROR. KECEWA NIAN AKU SEBAGAI PENGGUNAnyo","PAS PESEN TIKET BUAT HARI RAYA NUNGGUI ANTRI, TAPI PAS DAPET KURSI PELAYANANAN DALAM APLIKASI TIBA² SERING ERROR. KECEWA nian aku SEBAGAI PENGGUNANYA"
"Aplikasinya lemot banget, pembayaran selalu gagal, minta hubungkan e wallet, setelah mencoba gagal terus, tolong koneksi aplikasi di perbaiki",negatif,,,negatif,,"Aplikasinya lemot banget, pembayaran selalu gagal, minta hubungkan e wallet, sawise mencoba gagal terus, tulung koneksi aplikasi ing benerake","Aplikasinya lemot banget, pembayaran selalu gagal, minta hubungkan e wallet, setelah mencoba gagal terus, tolong koneksi aplikasi di perbaiki","Aplikasinyo lemot nian, pembayaran selalu gagal, minta hubungkan e wallet, setelah mencoba gagal terus, tolong koneksi aplikasi di perbaiki","Aplikasinyo lemot nian, pembayaran selalu gagal, minta hubungkan e wallet, setelah mencoba gagal terus, tolong koneksi aplikasi di perbaiki"
"Update dgn. aplikasi versi terbatu malah tidak responsif, masih bagus aplikasi versi yang dulu",negatif,,,,,"Nganyari dgn. aplikasi versi terbatu malah ora responsif, isih apik aplikasi versi sing dulu","Update dgn. aplikasi versi terbatu malah ora responsif, masih apik aplikasi versi yang dulu","Update dgn. aplikasi versi terbatu malah dak responsif, masih bagus aplikasi versi yang dulu","Update dgn. aplikasi versi terbatu malah dak responsif, masih bagus aplikasi versi yang dulu"
"Tiap kali berburu tiket lebaran ga pernah dapat sudah ngantri dr jam 00 kurang dan Alhamdulillah bisa masuk, dan sudah dapat kereta tapi mentok ga bisa bayar errorlah, time limit lah, tolong di perbaiki 🙏🙏🙏",negatif,,negatif,negatif,,"Saben kali berburu tiket lebaran ora pernah dapat wis ngantri dr jam 00 kurang lan Alhamdulillah bisa mlebu, lan wis dapat sepur nanging mentok ora bisa bayar errorlah, time limit yo, tulung ing benerake 🙏🙏🙏","Tiap kali berburu tiket lebaran ora pernah dapat wis ngantri dr jam 00 kurang dan Alhamdulillah bisa masuk, dan wis dapat kereta nanging mentok ora bisa bayar errorlah, time limit lah, tolong di perbaiki 🙏🙏🙏","Tiap kali berburu tiket lebaran dak pernah dapat lah ngantri dr jam 00 kurang dan Alhamdulillah pacak masuk, dan lah dapat kereta tapi mentok dak pacak bayar errorlah, time limit lah, tolong di perbaiki 🙏🙏🙏","Tiap kali berburu tiket lebaran ga pernah dapat lah ngantri dr jam 00 kurang dan Alhamdulillah pacak masuk, dan lah dapat kereta tapi mentok ga pacak bayar errorlah, time limit lah, tolong di perbaiki 🙏🙏🙏"
Pesan tiket lama sekali untuk buka jadwal dan saat bayar juga lama. Sudah bayar mau bording barcodenya juga muncul lama. Mohon segera diperbaiki untuk aplikasinya. Karena sy menggunakan kereta commuter setiap hari untuk berangkat bekerja 🙏,negatif,,negatif,negatif,,Pesen tiket suwe sekali kanggo buka jadwal lan wektu bayar uga suwe. Wis bayar arep bording barcodenya uga muncul suwe. Nyuwun cepet benerake kanggo aplikasinya. Karena sy menggunakan sepur commuter saben dina kanggo berangkat bekerja 🙏,Pesen tiket lama pisan untuk buka jadwal dan saat bayar uga lama. Wis bayar arep bording barcodenya uga muncul lama. Mohon segera diperbaiki untuk aplikasinya. Karena sy menggunakan kereta commuter setiap hari untuk berangkat bekerja 🙏,Pesan tiket lama nian untuk buka jadwal dan saat bayar jugo lama. Lah bayar nak bording barcodenyo jugo muncul lama. Mohon segera diperbaiki untuk aplikasinyo. Karena sy menggunakan kereta commuter setiap hari untuk berangkat bekerja 🙏,Pesan tiket lama nian untuk buka jadwal dan saat bayar jugo lama. lah bayar nak bording barcodenyo jugo muncul lama. Mohon segera diperbaiki untuk aplikasinyo. Karena sy menggunakan kereta commuter setiap hari untuk berangkat bekerja 🙏
aplikasi terlemot yg saya punya. tapi butuh. gimana lagi. payah sih tinggal pilih kursi aja susah minta ampun. Tinggal bayar juga susah.,negatif,,negatif,negatif,,aplikasi terlemot yg aku punya. nanging butuh. gimana maneh. payah sih tinggal pilih kursi aja susah minta ampun. Tinggal bayar uga susah.,aplikasi terlemot yg aku punya. nanging butuh. kepriye lagi. payah sih tinggal pilih kursi wae susah minta ampun. Tinggal bayar uga susah.,aplikasi terlemot yg aku punyo. tapi butuh. cakmno lagi. payah sih tinggal pilih kursi bae susah minta ampun. Tinggal bayar jugo susah.,aplikasi terlemot yg aku punyo. tapi butuh. cakmno lagi. payah sih tinggal pilih kursi bae susah minta ampun. Tinggal bayar jugo susah.
Setelah update jdi gak bisa beli railfood. Tolong diperbaiki ya,negatif,,,,,Sawise nganyari jdi ora bisa tumbas railfood. Tulung benerake ya,Setelah update jdi ora bisa beli railfood. Tolong diperbaiki ya,Setelah update jdi dak pacak beli railfood. Tolong diperbaiki ya,Setelah update jdi dak pacak beli railfood. Tolong diperbaiki ya
Aplikasi menyebalkan untuk proses pembayarannya terlalu ribet dan banyak bug,negatif,,,negatif,,Aplikasi menyebalkan kanggo proses pembayarane terlalu ribet lan akeh bug,Aplikasi menyebalkan untuk proses pembayarannya terlalu ribet dan banyak bug,Aplikasi menyebalkan untuk proses pembayarannyo terlalu ribet dan banyak bug,Aplikasi menyebalkan untuk proses pembayarannyo terlalu ribet dan banyak bug
Aplikasi buruk saya sudah nunggu dan dapat tiket tapi servernya selaluu lag kecewa:(,negatif,,,,,Aplikasi buruk aku wis nunggu lan dapat tiket nanging servernya selaluu lag kecewa:(,Aplikasi ala aku wis nunggu dan dapat tiket nanging servernya selaluu lag kecewa:(,Aplikasi buruk aku lah nunggu dan dapat tiket tapi servernyo selaluu lag kecewa:(,Aplikasi buruk aku lah nunggu dan dapat tiket tapi servernyo selaluu lag kecewa:(
"Woyyy, ini aplikasi pemerintah kok jelek bgt yah pemeliharaan nya sering error ga jelas, gamuncul keretanya, ini sekarang mah war ticket malah tiba tiba logout terus gabisa login lagi, gabisa pulang gara gara ini, cepet perbaiki lah gimana",negatif,,negatif,,,"Woyyy, iki aplikasi pemerintah kok jelek bgt ya pemeliharaan nya sering error ora cetha, gamuncul keretanya, iki saiki mah war ticket malah tiba tiba logout terus gabisa login maneh, gabisa pulang gara gara iki, cepet benerake yo gimana","Woyyy, ini aplikasi pemerintah kok jelek banget yah pemeliharaan nya sering rusak ora jelas, gamuncul keretanya, ini saiki mah war ticket malah tiba tiba logout terus gabisa login lagi, gabisa pulang gara gara ini, cepet perbaiki lah kepriye","Woyyy, ini aplikasi pemerintah kok jelek nian yah pemeliharaan nyo sering error dak jelas, gamuncul keretanyo, ini sekarang mah war ticket malah tiba tiba logout terus gabisa login lagi, gabisa pulang gara gara ini, cepet perbaiki lah cakmno","Woyyy, ini aplikasi pemerintah kok jelek bgt yah pemeliharaan nyo sering error ga jelas, gamuncul keretanyo, ini sekarang mah war ticket malah tiba tiba logout terus gabisa login lagi, gabisa pulang gara gara ini, cepet perbaiki lah cakmno"
"Apknya gak jelas,, jelekk pokoknya!!!!",,,,,,"Apk ora cetha,, jelekk pokoknya!!!!","Apknya ora jelas,, jelekk pokoknya!!!!","Apknyo dak jelas,, jelekk pokoknyo!!!!","Apknyo dak jelas,, jelekk pokoknyo!!!!"
UX buruk. Pesan tiket medan-binjai dan sebaliknya masa lewat menu kereta bandara,,negatif,negatif,,,UX buruk. Pesen tiket medan-binjai lan sebaliknya mangsa lewat menu sepur bandara,UX ala. Pesen tiket medan-binjai dan sebaliknya masa lewat menu kereta bandara,UX buruk. Pesan tiket medan-binjai dan sebaliknyo masa lewat menu kereta bandara,UX buruk. Pesan tiket medan-binjai dan sebaliknyo masa lewat menu kereta bandara
"Untuk KAI ni ya kalo bikin aplikasi itu tolong beri kemajuan dan kemudahan serta data update detik itu juga. Masa isi saldo Kaspro malam masuk baru keesokan hari. Belum lagi cara pembayaran tiket kereta gk semudah aplikasi yg dulu. Bisa fleksibel di supermarket bisa, m banking bisa, trus e wallet link juga bisa. Lah sekarang apkndi perbarui tampilan bagus tapi dalam.nya SANGAT TIDAK MUMPUNI. Malah menghambat pembelian tiket kereta edisi mudik lebaran. Ni apk makin kedepan makin gak jelas",,,,konflik,,"Kanggo KAI ni ya yen bikin aplikasi kuwi tulung beri kemajuan lan kemudahan serta data nganyari detik kuwi uga. Mangsa isi saldo Kaspro wengi mlebu anyar keesokan dina. Durung maneh cara pembayaran tiket sepur ora semudah aplikasi yg dulu. Bisa fleksibel ing supermarket bisa, m banking bisa, trus e wallet link uga bisa. Yo saiki apkndi perbarui tampilan apik nanging jero.nya BANGET ORA MUMPUNI. Malah menghambat tumbas tiket sepur edisi mudik lebaran. Ni apk makin kedepan makin ora cetha","Untuk KAI ni ya yen bikin aplikasi itu tolong beri kemajuan dan kemudahan serta data update detik itu uga. Masa isi saldo Kaspro malam masuk baru keesokan hari. Belum lagi cara pembayaran tiket kereta gk semudah aplikasi yg dulu. Bisa fleksibel di supermarket bisa, m banking bisa, trus e wallet link uga bisa. Lah saiki apkndi perbarui tampilan apik nanging jero.nya BANGET ORA MUMPUNI. Malah menghambat pembelian tiket kereta edisi mudik lebaran. Ni apk makin kedepan makin ora jelas","Untuk KAI ni ya men bikin aplikasi itu tolong beri kemajuan dan kemudahan serta data update detik itu jugo. Masa isi saldo Kaspro malam masuk baru keesokan hari. Belum lagi caro pembayaran tiket kereta gk semudah aplikasi yg dulu. Pacak fleksibel di supermarket pacak, m banking pacak, trus e wallet link jugo pacak. Lah sekarang apkndi perbarui tampilan bagus tapi dalem.nyo NIAN DAK MUMPUNI. Malah menghambat pembelian tiket kereta edisi mudik lebaran. Ni apk makin kedepan makin dak jelas","Untuk KAI ni ya men bikin aplikasi itu tolong beri kemajuan dan kemudahan serta data update detik itu jugo. Masa isi saldo Kaspro malam masuk baru keesokan hari. Belum lagi caro pembayaran tiket kereta gk semudah aplikasi yg dulu. pacak fleksibel di supermarket pacak, m banking pacak, trus e wallet link jugo pacak. Lah sekarang apkndi perbarui tampilan bagus tapi dalam.nyo nian dak MUMPUNI. Malah menghambat pembelian tiket kereta edisi mudik lebaran. Ni apk makin kedepan makin dak jelas"
"Bingung milih tiket karena untuk pembelian ekonomi, tidak ada keterangan ekonomi premium dan tidak, mungkin bisa diberi keterangan pada laman pembelian tiket agar kami tidak salah pilih dan berharap mendapat gerbong ekonomi premium. Sama tampilan untuk pembayaran melui ewalet mungkin juga bisa di upgrade. Selain kendala itu sudah oke sih",positif,negatif,negatif,negatif,positif,"Bingung milih tiket karena kanggo tumbas ekonomi, ora ana keterangan ekonomi premium lan ora, mungkin bisa diberi keterangan pada laman tumbas tiket agar kami ora salah pilih lan berharap mendapat gerbong ekonomi premium. Padha tampilan kanggo pembayaran melui ewalet mungkin uga bisa ing upgrade. Selain kendala kuwi wis wis apik sih","Bingung milih tiket karena untuk pembelian ekonomi, ora ana keterangan ekonomi premium dan ora, mungkin bisa diberi keterangan pada laman pembelian tiket agar kami ora salah pilih dan berharap mendapat gerbong ekonomi premium. Karo tampilan untuk pembayaran melui ewalet mungkin uga bisa di upgrade. Selain kendala itu wis oke sih","Bingung milih tiket karena untuk pembelian ekonomi, dak ado keterangan ekonomi premium dan dak, mungkin pacak diberi keterangan pada laman pembelian tiket agar kami dak salah pilih dan berharap mendapat gerbong ekonomi premium. Samo tampilan untuk pembayaran melui ewalet mungkin jugo pacak di upgrade. Selain kendala itu lah oke sih","Bingung milih tiket karena untuk pembelian ekonomi, dak ado keterangan ekonomi premium dan dak, mungkin pacak diberi keterangan pada laman pembelian tiket agar kami dak salah pilih dan berharap mendapat gerbong ekonomi premium. samo tampilan untuk pembayaran melui ewalet mungkin jugo pacak di upgrade. Selain kendala itu lah oke sih"
"Aplikasinya ampas. Login kadang nggak bisa padahal koneksi internet stabil. Bikin akun baru, kode OTP yang dikasih error terus. Ini tim IT KAI isinya anak magang semua ya? Buat sekarang bintang 1 dulu karena emang banyak bug di sana sini. Padahal dulu aplikasinya nggak ada masalah meski desain UI-nya nggak sebagus sekarang. Utamain fungsi, bukan tampilan. Ini aplikasi pelayanan, bukan aplikasi galeri seni.",negatif,konflik,,,negatif,"Aplikasinya ampas. Login kadhang ora bisa padahal koneksi internet stabil. Bikin akun anyar, kode OTP sing dikasih error terus. Iki tim IT KAI isinya anak magang semua ya? Kanggo saiki bintang 1 dulu karena emang akeh bug ing sana sini. Padahal dulu aplikasinya ora ana masalah meski desain UI-nya ora sebagus saiki. Utamain fungsi, bukan tampilan. Iki aplikasi pelayanan, bukan aplikasi galeri seni.","Aplikasinya ampas. Login kadang ora bisa padahal koneksi internet stabil. Bikin akun baru, kode OTP yang dikasih rusak terus. Ini tim IT KAI isinya anak magang kabeh ya? Buat saiki bintang 1 dulu karena emang banyak bug di sana sini. Padahal dulu aplikasinya ora ana masalah meski desain UI-nya ora sebagus saiki. Utamain fungsi, dudu tampilan. Ini aplikasi pelayanan, dudu aplikasi galeri seni.","Aplikasinyo ampas. Login kadang dak pacak padahal koneksi internet stabil. Bikin akun baru, kode OTP yang dikasih error terus. Ini tim IT KAI isinyo anak magang galo ya? Buat sekarang bintang 1 dulu karena emang banyak bug di sana sini. Padahal dulu aplikasinyo dak ado masalah meski desain UI-nyo dak sebagus sekarang. Utamain fungsi, bukan tampilan. Ini aplikasi pelayanan, bukan aplikasi galeri seni.","Aplikasinyo ampas. Login kadang dak pacak padahal koneksi internet stabil. Bikin akun baru, kode OTP yang dikasih error terus. Ini tim IT KAI isinyo anak magang semua ya? Buat sekarang bintang 1 dulu karena emang banyak bug di sana sini. Padahal dulu aplikasinyo dak ado masalah meski desain UI-nyo dak sebagus sekarang. Utamain fungsi, bukan tampilan. Ini aplikasi pelayanan, bukan aplikasi galeri seni."
"pelayanannya jadi tambah kurang efektif, tampilannya aja lengkap tapi hasilnya meribetkan pengguna.. tiket kereta gabisa dibatalkan lewat aplikasi padahal sudah sesuai dengan ketentuan dan sudah lunas.",,konflik,negatif,,,"pelayanannya dadi tambah kurang efektif, tampilannya aja lengkap nanging hasilnya meribetkan pengguna.. tiket sepur gabisa dibatalkan lewat aplikasi padahal wis cocok karo ketentuan lan wis lunas.","pelayanannya jadi tambah kurang efektif, tampilannya wae lengkap nanging hasilnya meribetkan pengguna.. tiket kereta gabisa dibatalkan lewat aplikasi padahal wis sesuai karo ketentuan dan wis lunas.","pelayanannyo jadi tambah kurang efektif, tampilannyo bae lengkap tapi hasilnyo meribetkan pengguna.. tiket kereta gabisa dibatalkan lewat aplikasi padahal lah sesuai pake ketentuan dan lah lunas.","pelayanannyo jadi tambah kurang efektif, tampilannyo bae lengkap tapi hasilnyo meribetkan pengguna.. tiket kereta gabisa dibatalkan lewat aplikasi padahal lah sesuai dengan ketentuan dan lah lunas."
Udah bayar pake BCA trs berhasil knp tiket ga muncul heyyy... Di dm ga respon,,,negatif,negatif,,Wis bayar nganggo BCA trs berhasil knp tiket ora muncul heyyy... Ing dm ora respon,Wis bayar pake BCA trs berhasil knp tiket ora muncul heyyy... Di dm ora respon,Lah bayar pake BCA trs berhasil knp tiket dak muncul heyyy... Di dm dak respon,lah bayar pake BCA trs berhasil knp tiket ga muncul heyyy... Di dm ga respon
"Ubah jadwal harus member basic, tapi pada saat mau upgrade ke basic, ga bisa - bisa, ini apk banyak erornya, bukanya memudahkan malah bikin ribet apk nya",negatif,,negatif,,negatif,"Ubah jadwal kudu member basic, nanging pada wektu arep upgrade menyang basic, ora bisa - bisa, iki apk akeh erornya, mbokmenawa nggampangake malah bikin ribet apk nya","Ubah jadwal harus member basic, nanging pada saat arep upgrade ke basic, ora bisa - bisa, ini apk banyak erornya, bukanya memudahkan malah bikin ribet apk nya","Ubah jadwal harus member basic, tapi pada saat nak upgrade ke basic, dak pacak - pacak, ini apk banyak erornyo, bukanyo memudahkan malah bikin ribet apk nyo","Ubah jadwal harus member basic, tapi pada saat nak upgrade ke basic, ga pacak - pacak, ini apk banyak erornyo, bukanyo memudahkan malah bikin ribet apk nyo"
"Makin di update bukannya makin bagus dan lancar, malah makin sering errornya. Sering bgt pas mau pesen tiket, servernya selalu ""maaf server kami bekerja terlalu keras, mohon coba lain kali"" .... lah, orang perlunya pesen tiketnya saat itu juga malah disuruh lain kali, payah 😑",negatif,,negatif,,,"Makin ing nganyari nanging makin apik lan lancar, malah makin sering errornya. Sering bgt pas arep pesen tiket, servernya selalu ""maaf server kami bekerja terlalu keras, nyuwun coba lain kali"" .... yo, orang perlunya pesen tiketnya wektu kuwi uga malah disuruh lain kali, payah 😑","Makin di update bukannya makin apik dan lancar, malah makin sering errornya. Sering banget pas arep pesen tiket, servernya selalu ""maaf server kami bekerja terlalu keras, mohon coba lain kali"" .... lah, wong perlunya pesen tiketnya saat itu uga malah disuruh lain kali, payah 😑","Makin di update bukannyo makin bagus dan lancar, malah makin sering errornyo. Sering nian pas nak pesen tiket, servernyo selalu ""maaf server kami bekerja terlalu keras, mohon coba lain kali"" .... lah, wong perlunyo pesen tiketnyo saat itu jugo malah disuruh lain kali, payah 😑","Makin di update bukannyo makin bagus dan lancar, malah makin sering errornyo. Sering bgt pas nak pesen tiket, servernyo selalu ""maaf server kami bekerja terlalu keras, mohon coba lain kali"" .... lah, wong perlunyo pesen tiketnyo saat itu jugo malah disuruh lain kali, payah 😑"
Pesen tiket udah ditungguin dri jam 23.59 pas 00.00 malah udah habis + gabisa buat pembayaran.,,,negatif,negatif,,Pesen tiket wis ditungguin dri jam 23.59 pas 00.00 malah wis habis + gabisa kanggo pembayaran.,Pesen tiket wis ditungguin dri jam 23.59 pas 00.00 malah wis habis + gabisa buat pembayaran.,Pesen tiket lah ditungguin dri jam 23.59 pas 00.00 malah lah habis + gabisa buat pembayaran.,Pesen tiket lah ditungguin dri jam 23.59 pas 00.00 malah lah habis + gabisa buat pembayaran.
"Baru menggunakan apk ini ,dan ada kejadian tak mengenakan ,entah ini pihak kai atau masinisnya, suamivsaya jadwal kereta dari angke sudah terlambat dan sampai cikarang sudah telat .dari jadwal tiket, dan tiket sudah hangus harus pesan lagi baru untuk jam selanjutnya, pertanyaan tiket awal lan tidak terpkai apakah bisa refund ke uang ,disini no about money tapi tanggung jawab pihak kai nya y tlong tanggapannya",,,,,,"Anyar menggunakan apk iki ,lan ana kejadian tak mengenakan ,entah iki pihak kai utawa masinisnya, suamivsaya jadwal sepur dari angke wis terlambat lan sampai cikarang wis telat .dari jadwal tiket, lan tiket wis hangus kudu pesen maneh anyar kanggo jam selanjutnya, pertanyaan tiket awal lan ora terpkai apakah bisa refund menyang uang ,disini no about money nanging tanggung jawab pihak kai nya y tlong tanggapannya","Baru menggunakan apk ini ,dan ana kejadian tak mengenakan ,entah ini pihak kai atau masinisnya, suamivsaya jadwal kereta dari angke wis terlambat dan sampai cikarang wis telat .dari jadwal tiket, dan tiket wis hangus harus pesen lagi baru untuk jam selanjutnya, pertanyaan tiket awal lan ora terpkai apakah bisa refund ke dhuwit ,disini no about money nanging tanggung jawab pihak kai nya y tlong tanggapannya","Baru menggunakan apk ini ,dan ado kejadian tak mengenakan ,entah ini pihak kai atau masinisnyo, suamivsaya jadwal kereta dari angke lah terlambat dan sampai cikarang lah telat .dari jadwal tiket, dan tiket lah hangus harus pesan lagi baru untuk jam selanjutnyo, pertanyaan tiket awal lan dak terpkai apakah pacak refund ke duet ,disini no about money tapi tanggung jawab pihak kai nyo y tlong tanggapannyo","Baru menggunakan apk ini ,dan ado kejadian tak mengenakan ,entah ini pihak kai atau masinisnyo, suamivsaya jadwal kereta dari angke lah terlambat dan sampai cikarang lah telat .dari jadwal tiket, dan tiket lah hangus harus pesan lagi baru untuk jam selanjutnyo, pertanyaan tiket awal lan dak terpkai apakah pacak refund ke duet ,disini no about money tapi tanggung jawab pihak kai nyo y tlong tanggapannyo"
"2 kali saya pesan tiket, pembayaran lewat qris, pembayaran sudah berhasil, tapi dicek ditiket saya, tiket tidak ada, babi",,,negatif,,,"2 kali aku pesen tiket, pembayaran lewat qris, pembayaran wis berhasil, nanging dicek ditiket aku, tiket ora ana, babi","2 kali aku pesen tiket, pembayaran lewat qris, pembayaran wis berhasil, nanging dicek ditiket aku, tiket ora ana, babi","2 kali aku pesan tiket, pembayaran lewat qris, pembayaran lah berhasil, tapi dicek ditiket aku, tiket dak ado, babi","2 kali aku pesan tiket, pembayaran lewat qris, pembayaran lah berhasil, tapi dicek ditiket aku, tiket dak ado, babi"
"Tolong servernya diperbaiki lagi, masa setiap saya pesan terutama kereta lokal harus loading terus bahkan muncul ""jadwal tidak ditemukan"" Disaat pembayaran juga begitu selalu saja gagal sampai tiket pesanan saya terdahului yang lain. Kalau memang tidak niat jangan buka jasa transportasi!",negatif,,negatif,negatif,,"Tulung servernya benerake maneh, mangsa saben aku pesen terutama sepur lokal kudu muter terus bahkan muncul ""jadwal ora ditemukan"" Disaat pembayaran uga begitu selalu saja gagal sampai tiket pesanan aku terdahului sing lain. Kalau bener-bener ora niat aja buka jasa transportasi!","Tolong servernya diperbaiki lagi, masa setiap aku pesen terutama kereta lokal harus loading terus bahkan muncul ""jadwal ora ditemukan"" Disaat pembayaran uga begitu selalu wae gagal sampai tiket pesanan aku terdahului yang lain. Yen memang ora niat jangan buka jasa transportasi!","Tolong servernyo diperbaiki lagi, masa setiap aku pesan terutama kereta lokal harus loading terus bahkan muncul ""jadwal dak ditemukan"" Disaat pembayaran jugo begitu selalu bae gagal sampai tiket pesanan aku terdahului yang lain. Men memang dak niat jangan buka jasa transportasi!","Tolong servernyo diperbaiki lagi, masa setiap aku pesan terutama kereta lokal harus loading terus bahkan muncul ""jadwal dak ditemukan"" Disaat pembayaran jugo begitu selalu bae gagal sampai tiket pesanan aku terdahului yang lain. men memang dak niat jangan buka jasa transportasi!"
Pembatalan tiket kereta pengembalian saldonya lama bgt ribet,,,negatif,,,Pembatalan tiket sepur pengembalian saldone suwe bgt ribet,Pembatalan tiket kereta pengembalian saldonya lama banget ribet,Pembatalan tiket kereta pengembalian saldonyo lama nian ribet,Pembatalan tiket kereta pengembalian saldonyo lama bgt ribet
"Bintang satu dulu nanti kalau sudah bagus bintang lima, sampai saat ini masih sering susah sekali untuk transaksi pembelian tiket. Tolong diperbaiki lagi aplikasinya untuk pelayanan lebih optimal.",,,negatif,,,"Bintang satu dulu nanti kalau wis apik bintang lima, sampai wektu iki isih sering susah sekali kanggo transaksi tumbas tiket. Tulung benerake maneh aplikasinya kanggo pelayanan luwih optimal.","Bintang satu dulu nanti yen wis apik bintang lima, sampai saat ini masih sering susah pisan untuk transaksi pembelian tiket. Tolong diperbaiki lagi aplikasinya untuk pelayanan lebih optimal.","Bintang satu dulu nanti men lah bagus bintang lima, sampai saat ini masih sering susah nian untuk transaksi pembelian tiket. Tolong diperbaiki lagi aplikasinyo untuk pelayanan lebih optimal.","Bintang satu dulu nanti men lah bagus bintang lima, sampai saat ini masih sering susah nian untuk transaksi pembelian tiket. Tolong diperbaiki lagi aplikasinyo untuk pelayanan lebih optimal."
"Setiap order, belom selesai pesan sudah waktu anda habis.udah di cepetin ketik dan berkali-kali, udah lanjut, keterangan waktu anda habis coba beberapa saat lagi. Sering banget begitu. Lalu ngapain ada pesan online kalo dikit-dikit waktu habis dan ujungnya pesen ke stasiun langsung. 😅",negatif,,,,,"Saben order, belom selesai pesen wis wektu anda habis.wis ing cepetin ketik lan berkali-kali, wis lanjut, keterangan wektu anda habis coba beberapa wektu maneh. Sering banget begitu. Lalu ngapain ana pesen online yen dikit-dikit wektu habis lan ujungnya pesen menyang stasiun langsung. 😅","Setiap order, belom selesai pesen wis waktu anda habis.wis di cepetin ketik dan berkali-kali, wis lanjut, keterangan waktu anda habis coba beberapa saat lagi. Sering banget begitu. Lalu ngapain ana pesen online yen dikit-dikit waktu habis dan ujungnya pesen ke stasiun langsung. 😅","Setiap order, belom selesai pesan lah waktu anda habis.lah di cepetin ketik dan berkali-kali, lah lanjut, keterangan waktu anda habis coba beberapa saat lagi. Sering nian begitu. Lalu ngapain ado pesan online men dikit-dikit waktu habis dan ujungnyo pesen ke stasiun langsung. 😅","Setiap order, belom selesai pesan lah waktu anda habis.lah di cepetin ketik dan berkali-kali, lah lanjut, keterangan waktu anda habis coba beberapa saat lagi. Sering nian begitu. Lalu ngapain ado pesan online men dikit-dikit waktu habis dan ujungnyo pesen ke stasiun langsung. 😅"
Aplikasi tolol .. pesen tiket 1 jam lebih gak mau masuk ke pembayaran.. giliran tiket sold out apk normal . Nyesel pake apk ini,,,negatif,negatif,,Aplikasi tolol .. pesen tiket 1 jam luwih ora arep mlebu menyang pembayaran.. giliran tiket sold out apk normal . Nyesel nganggo apk iki,Aplikasi tolol .. pesen tiket 1 jam lebih ora arep masuk ke pembayaran.. giliran tiket sold out apk normal . Nyesel pake apk ini,Aplikasi tolol .. pesen tiket 1 jam lebih dak nak masuk ke pembayaran.. giliran tiket sold out apk normal . Nyesel pake apk ini,Aplikasi tolol .. pesen tiket 1 jam lebih dak nak masuk ke pembayaran.. giliran tiket sold out apk normal . Nyesel pake apk ini
"Saran aja buat yg baru pake kai access buat metode pembayaran jangan topup kaipay krn masuknya lama keburu hangus pemesanan tiketnya, trus ada biaya adminnya 2900 lebih baik pake metode pembayaran lainnya. Diusahakan pemesanan tiket jangan batal karena refundnya lama banget 30-45 hari, keburu lupaaa 🤦. Baru kejadian refund emoney selama ini, yg lain biasanya langsung balik saat itu juga",negatif,,,negatif,,"Saran aja kanggo yg anyar nganggo kai access kanggo cara pembayaran aja topup kaipay krn mlebune suwe keburu hangus pesenan tiketnya, trus ana biaya adminnya 2900 luwih baik nganggo cara pembayaran lainnya. Diusahakan pesenan tiket aja batal karena refundnya suwe banget 30-45 dina, keburu lupaaa 🤦. Anyar kejadian refund emoney selama iki, yg lain biasanya langsung balik wektu kuwi uga","Saran wae buat yg baru pake kai access buat metode pembayaran jangan topup kaipay krn masuknya lama keburu hangus pemesanan tiketnya, trus ana biaya adminnya 2900 lebih apik pake metode pembayaran lainnya. Diusahakan pemesanan tiket jangan batal karena refundnya lama banget 30-45 hari, keburu lupaaa 🤦. Baru kejadian refund emoney selama ini, yg lain biasanya langsung balik saat itu uga","Saran bae buat yg baru pake kai access buat metode pembayaran jangan topup kaipay krn masuknyo lama keburu hangus pemesanan tiketnyo, trus ado biaya adminnyo 2900 lebih baek pake metode pembayaran lainnyo. Diusahakan pemesanan tiket jangan batal karena refundnyo lama nian 30-45 hari, keburu lupaaa 🤦. Baru kejadian refund emoney selama ini, yg lain biasanyo langsung balik saat itu jugo","Saran bae buat yg baru pake kai access buat metode pembayaran jangan topup kaipay krn masuknyo lama keburu hangus pemesanan tiketnyo, trus ado biaya adminnyo 2900 lebih baek pake metode pembayaran lainnyo. Diusahakan pemesanan tiket jangan batal karena refundnyo lama nian 30-45 hari, keburu lupaaa 🤦. Baru kejadian refund emoney selama ini, yg lain biasanyo langsung balik saat itu jugo"
Dalam antrian. Banyak pengguna. Sesi habis. Enakan tahun kemarin..huuuuuu,negatif,,,,,Jero antrean. Akeh pengguna. Sesi habis. Enakan tahun kemarin..huuuuuu,Jero antrian. Banyak pengguna. Sesi habis. Enakan tahun kemarin..huuuuuu,Dalem antrian. Banyak pengguna. Sesi habis. Enakan tahun kemarin..huuuuuu,Dalam antrian. Banyak pengguna. Sesi habis. Enakan tahun kemarin..huuuuuu
"kpntol penipuan udah beli tiket kereta udah boking dan udah bayar, di waktu siap berangkat perjalanan, buka aplikasi mau scan buat masuk stasiun eh aplikasi barkot malah error aplikasi gk jelas , ini sampe gk bisa di buka gk bisa masuk saya , ati ati ya",negatif,,negatif,,,"kpntol penipuan wis tumbas tiket sepur wis boking lan wis bayar, ing wektu siap berangkat perjalanan, buka aplikasi arep scan kanggo mlebu stasiun eh aplikasi barkot malah error aplikasi ora cetha , iki nganti ora bisa ing buka ora bisa mlebu aku , ati ati ya","kpntol penipuan wis beli tiket kereta wis boking dan wis bayar, di waktu siap berangkat perjalanan, buka aplikasi arep scan buat masuk stasiun eh aplikasi barkot malah rusak aplikasi gk jelas , ini sampe gk bisa di buka gk bisa masuk aku , ati ati ya","kpntol penipuan lah beli tiket kereta lah boking dan lah bayar, di waktu siap berangkat perjalanan, buka aplikasi nak scan buat masuk stasiun eh aplikasi barkot malah error aplikasi gk jelas , ini sampe gk pacak di buka gk pacak masuk aku , ati ati ya","kpntol penipuan lah beli tiket kereta lah boking dan lah bayar, di waktu siap berangkat perjalanan, buka aplikasi nak scan buat masuk stasiun eh aplikasi barkot malah error aplikasi gk jelas , ini sampe gk pacak di buka gk pacak masuk aku , ati ati ya"
"Sori bintang 1, aplikasi error terus. Saat mau pilih kursi, muncul kadaluarsa.. Padahal sy klik langsung satset pada saat isi data. Bukannya memudahkan malah merepotkan",negatif,,negatif,,,"Sori bintang 1, aplikasi error terus. Wektu arep pilih kursi, muncul kadaluarsa.. Padahal sy klik langsung satset pada wektu isi data. Nanging nggampangake malah merepotkan","Sori bintang 1, aplikasi rusak terus. Saat arep pilih kursi, muncul kadaluarsa.. Padahal sy klik langsung satset pada saat isi data. Bukannya memudahkan malah merepotkan","Sori bintang 1, aplikasi error terus. Saat nak pilih kursi, muncul kadaluarsa.. Padahal sy klik langsung satset pada saat isi data. Bukannyo memudahkan malah merepotkan","Sori bintang 1, aplikasi error terus. Saat nak pilih kursi, muncul kadaluarsa.. Padahal sy klik langsung satset pada saat isi data. Bukannyo memudahkan malah merepotkan"
"Ada apa dengan kai access? Tiap kali mau pesen tiket selalu eror jadwal g ditemukan,bahkan tiap kali mau bayar selalu saja eror.tolong dong diperbaiki.udah bela""in tengah malam g tidur nunggu buat beli tiket malah si app nya eror berkali"" dibiarin gitu aja.😒",negatif,,negatif,,,"Ana apa karo kai access? Saben kali arep pesen tiket selalu rusak jadwal g ditemukan,bahkan saben kali arep bayar selalu saja rusak.tulung dong benerake.wis bela""in tengah wengi g tidur nunggu kanggo tumbas tiket malah si app nya rusak berkali"" dibiarin gitu aja.😒","Ana apa karo kai access? Tiap kali arep pesen tiket selalu eror jadwal g ditemukan,bahkan tiap kali arep bayar selalu wae eror.tolong dong diperbaiki.wis bela""in tengah malam g tidur nunggu buat beli tiket malah si app nya eror berkali"" dibiarin gitu wae.😒","Ado apo pake kai access? Tiap kali nak pesen tiket selalu eror jadwal g ditemukan,bahkan tiap kali nak bayar selalu bae eror.tolong dong diperbaiki.lah bela""in tengah malam g tidur nunggu buat beli tiket malah si app nyo eror berkali"" dibiarin gitu bae.😒","ado apo dengan kai access? Tiap kali nak pesen tiket selalu eror jadwal g ditemukan,bahkan tiap kali nak bayar selalu bae eror.tolong dong diperbaiki.lah bela""in tengah malam g tidur nunggu buat beli tiket malah si app nyo eror berkali"" dibiarin gitu bae.😒"
Ini kenapa setiap mau pesen tiket pas pilih bangku slalu kluar sndri dengan laporan waktu kadaluarsa. Abis update kok malah ga jelas sih? Gimana ini mau beli tiket bukan membantu tapi malah menyusahkan. Semoga segera di perbaiki.,negatif,,negatif,,,Iki kena apa saben arep pesen tiket pas pilih bangku slalu kluar sndri karo laporan wektu kadaluarsa. Entek nganyari kok malah ora cetha sih? Gimana iki arep tumbas tiket bukan mbantu nanging malah menyusahkan. Muga-muga cepet ing benerake.,Ini kena apa setiap arep pesen tiket pas pilih bangku slalu kluar sndri karo laporan waktu kadaluarsa. Abis update kok malah ora jelas sih? Kepriye ini arep beli tiket dudu membantu nanging malah menyusahkan. Semoga segera di perbaiki.,Ini ngapo setiap nak pesen tiket pas pilih bangku slalu kluar sndri pake laporan waktu kadaluarsa. Abis update kok malah dak jelas sih? Cakmno ini nak beli tiket bukan membantu tapi malah menyusahkan. Semoga segera di perbaiki.,Ini ngapo setiap nak pesen tiket pas pilih bangku slalu kluar sndri dengan laporan waktu kadaluarsa. Abis update kok malah ga jelas sih? cakmno ini nak beli tiket bukan membantu tapi malah menyusahkan. Semoga segera di perbaiki.
"Dulu pelayanan KAI sangat baik melalui aplikasi, mudah dan cepat, setelah diupgrade justru pemesanan tiket lewat aplikasi jadi sangat susah, penurunan kualitas ya, berharap KAI bisa fast respon dan diperbaiki.",konflik,,,,,"Dulu pelayanan KAI banget baik melalui aplikasi, gampang lan cepet, sawise diupgrade justru pesenan tiket lewat aplikasi dadi banget susah, mudhun kualitas ya, berharap KAI bisa fast respon lan benerake.","Dulu pelayanan KAI banget apik melalui aplikasi, gampang dan cepet, setelah diupgrade justru pemesanan tiket lewat aplikasi jadi banget susah, penurunan kualitas ya, berharap KAI bisa fast respon dan diperbaiki.","Dulu pelayanan KAI nian baek melalui aplikasi, gampang dan cepet, setelah diupgrade justru pemesanan tiket lewat aplikasi jadi nian susah, penurunan kualitas ya, berharap KAI pacak fast respon dan diperbaiki.","Dulu pelayanan KAI nian baek melalui aplikasi, gampang dan cepet, setelah diupgrade justru pemesanan tiket lewat aplikasi jadi nian susah, penurunan kualitas ya, berharap KAI pacak fast respon dan diperbaiki."
"Aplikasi buatan PLAT MERAH KENAPA SELALU DONGO? Taun kemaren mending walau loding ga ada antri"" ga jelas!!! Sekarang antri makin susah buat dapet tiket!!, kirain klo antri bisa lbh pasti eh malah makin wadidaw gobsnya",konflik,,,,,"Aplikasi buatan PLAT MERAH KENA APA SELALU DONGO? Taun kemaren mending walau loding ora ana antri"" ora cetha!!! Saiki antri makin susah kanggo dapet tiket!!, kirain yen antri bisa luwih pasti eh malah makin wadidaw gobsnya","Aplikasi buatan PLAT MERAH KENA APA SELALU DONGO? Taun kemaren mending walau loding ora ana antri"" ora jelas!!! Saiki antri makin susah buat dapet tiket!!, kirain klo antri bisa lbh pasti eh malah makin wadidaw gobsnya","Aplikasi buatan PLAT MERAH NGAPO SELALU DONGO? Taun kemaren mending walau loding dak ado antri"" dak jelas!!! Sekarang antri makin susah buat dapet tiket!!, kirain klo antri pacak lbh pasti eh malah makin wadidaw gobsnyo","Aplikasi buatan PLAT MERAH ngapo SELALU DONGO? Taun kemaren mending walau loding ga ado antri"" ga jelas!!! Sekarang antri makin susah buat dapet tiket!!, kirain klo antri pacak lbh pasti eh malah makin wadidaw gobsnyo"
"tolong kembalikan sistem tahun-tahun sebelumnya.siapa cepat dia dapat.sistem antrian ini bikin buang-buang waktu,mana kadang makin lama,sisa antrian 6 menit tiba² jadi nambah 25 menit.tolong di hapus sistem antriannya!!!",,,negatif,,,"tulung kembalikan sistem tahun-tahun sebelumnya.siapa cepet dia dapat.sistem antrean iki bikin buang-buang wektu,endi kadhang makin suwe,sisa antrean 6 menit tiba² dadi nambah 25 menit.tulung ing hapus sistem antriannya!!!","tolong kembalikan sistem tahun-tahun sebelumnya.siapa cepet dia dapat.sistem antrian ini bikin buang-buang waktu,mana kadang makin lama,sisa antrian 6 menit tiba² jadi nambah 25 menit.tolong di hapus sistem antriannya!!!","tolong kembalikan sistem tahun-tahun sebelumnyo.siapa cepet dia dapat.sistem antrian ini bikin buang-buang waktu,mana kadang makin lama,sisa antrian 6 menit tiba² jadi nambah 25 menit.tolong di hapus sistem antriannyo!!!","tolong kembalikan sistem tahun-tahun sebelumnyo.siapa cepet dia dapat.sistem antrian ini bikin buang-buang waktu,mana kadang makin lama,sisa antrian 6 menit tiba² jadi nambah 25 menit.tolong di hapus sistem antriannyo!!!"
"Sangat mengecewakan!! Sudah di belain antrean tiket ga bisa di beli dengan alasan ''tensi pembayaran tinggi'' time out lah sesi habis, tiga kali antrean tiket habis! apakah ada oknum !!! Mohon penjelasan",negatif,,negatif,,,"Banget mengecewakan!! Wis ing belain antrean tiket ora bisa ing tumbas karo alasan ''tensi pembayaran tinggi'' time out yo sesi habis, tiga kali antrean tiket habis! apakah ana oknum !!! Nyuwun penjelasan","Banget mengecewakan!! Wis di belain antrean tiket ora bisa di beli karo alasan ''tensi pembayaran tinggi'' time out lah sesi habis, tiga kali antrean tiket habis! apakah ana oknum !!! Mohon penjelasan","Nian mengecewakan!! Lah di belain antrean tiket dak pacak di beli pake alasan ''tensi pembayaran tinggi'' time out lah sesi habis, tiga kali antrean tiket habis! apakah ado oknum !!! Mohon penjelasan","nian mengecewakan!! lah di belain antrean tiket ga pacak di beli dengan alasan ''tensi pembayaran tinggi'' time out lah sesi habis, tiga kali antrean tiket habis! apakah ado oknum !!! Mohon penjelasan"
Kenapa sekarang sulit untuk pemesanan tiket selalu tidak tersedia tiket tolong dong di perbaiki untuk aplikasi ini kok sulit bgt,,,negatif,,,Kena apa saiki sulit kanggo pesenan tiket selalu ora tersedia tiket tulung dong ing benerake kanggo aplikasi iki kok sulit bgt,Kena apa saiki sulit untuk pemesanan tiket selalu ora tersedia tiket tolong dong di perbaiki untuk aplikasi ini kok sulit banget,Ngapo sekarang sulit untuk pemesanan tiket selalu dak tersedia tiket tolong dong di perbaiki untuk aplikasi ini kok sulit nian,ngapo sekarang sulit untuk pemesanan tiket selalu dak tersedia tiket tolong dong di perbaiki untuk aplikasi ini kok sulit bgt
"kenapa ya aplikasi sekelas BUMN seperti aplikasi murahan, tiap minggu bisa 3x maintenance tapi sangat payah sekali hasilnya, mending serahkan ke swasta aja pengelolaan aplikasi tiketnya, lebih kompeten dan dapat di andalkan",negatif,,,,,"kena apa ya aplikasi sekelas BUMN seperti aplikasi murahan, saben minggu bisa 3x maintenance nanging banget payah sekali hasilnya, mending serahkan menyang swasta aja pengelolaan aplikasi tiketnya, luwih kompeten lan dapat ing andalkan","kena apa ya aplikasi sekelas BUMN kaya aplikasi murahan, tiap minggu bisa 3x maintenance nanging banget payah pisan hasilnya, mending serahkan ke swasta wae pengelolaan aplikasi tiketnya, lebih kompeten dan dapat di andalkan","ngapo ya aplikasi sekelas BUMN cak aplikasi murahan, tiap minggu pacak 3x maintenance tapi nian payah nian hasilnyo, mending serahkan ke swasta bae pengelolaan aplikasi tiketnyo, lebih kompeten dan dapat di andalkan","ngapo ya aplikasi sekelas BUMN cak aplikasi murahan, tiap minggu pacak 3x maintenance tapi nian payah nian hasilnyo, mending serahkan ke swasta bae pengelolaan aplikasi tiketnyo, lebih kompeten dan dapat di andalkan"
"Lebih baik seperti dulu sistem siapa cepat dia dapat, sistem antrian tidak jelas kapan masuknya gini ga jelas banget",,,netral,,,"Luwih baik seperti dulu sistem siapa cepet dia dapat, sistem antrean ora cetha kapan mlebune gini ora cetha banget","Lebih apik kaya dulu sistem siapa cepet dia dapat, sistem antrian ora jelas kapan masuknya gini ora jelas banget","Lebih baek cak dulu sistem siapa cepet dia dapat, sistem antrian dak jelas kapan masuknyo gini dak jelas nian","Lebih baek cak dulu sistem siapa cepet dia dapat, sistem antrian dak jelas kapan masuknyo gini ga jelas nian"
"aplikasinya aneh bgt disuruh upgrade ke basic, udh ngsi data diri udh kirim kode otp sampe selesai, malah ngga ke update akunnya disuruh upgrade lagi, gitu terusss, pesan tiket ots kehabisan terus, disuruh pesan online malah dipersulit gini hadeh 🙃👎🏼",,,,,negatif,"aplikasinya aneh bgt disuruh upgrade menyang basic, wis ngsi data diri wis kirim kode otp nganti selesai, malah ora menyang nganyari akunnya disuruh upgrade maneh, gitu terusss, pesen tiket ots kehabisan terus, disuruh pesen online malah dipersulit gini hadeh 🙃👎🏼","aplikasinya aneh banget disuruh upgrade ke basic, wis ngsi data diri wis kirim kode otp sampe selesai, malah ora ke update akunnya disuruh upgrade lagi, gitu terusss, pesen tiket ots kehabisan terus, disuruh pesen online malah dipersulit gini hadeh 🙃👎🏼","aplikasinyo aneh nian disuruh upgrade ke basic, lah ngsi data diri lah kirim kode otp sampe selesai, malah dak ke update akunnyo disuruh upgrade lagi, gitu terusss, pesan tiket ots kehabisan terus, disuruh pesan online malah dipersulit gini hadeh 🙃👎🏼","aplikasinyo aneh bgt disuruh upgrade ke basic, lah ngsi data diri lah kirim kode otp sampe selesai, malah dak ke update akunnyo disuruh upgrade lagi, gitu terusss, pesan tiket ots kehabisan terus, disuruh pesan online malah dipersulit gini hadeh 🙃👎🏼"
"Aplikasi tidak profesional. Masa sekelas KAI punya BUMN kaya gini aplikasinya.. Kalah sama aplikasi PLN Mobile. Buat beli tiket saja sulitnya minta ampun untuk masuk ke aplikasinya.. TIME OUT, Kalau gak server berkerja keras sampai habis tiket nya.",negatif,,,,,"Aplikasi ora profesional. Mangsa sekelas KAI punya BUMN kaya gini aplikasinya.. Kalah padha aplikasi PLN Mobile. Kanggo tumbas tiket saja sulitnya minta ampun kanggo mlebu menyang aplikasinya.. TIME OUT, Kalau ora server berkerja keras sampai habis tiket nya.","Aplikasi ora profesional. Masa sekelas KAI punya BUMN kaya gini aplikasinya.. Kalah karo aplikasi PLN Mobile. Buat beli tiket wae sulitnya minta ampun untuk masuk ke aplikasinya.. TIME OUT, Yen ora server berkerja keras sampai habis tiket nya.","Aplikasi dak profesional. Masa sekelas KAI punyo BUMN kaya gini aplikasinyo.. Kalah samo aplikasi PLN Mobile. Buat beli tiket bae sulitnyo minta ampun untuk masuk ke aplikasinyo.. TIME OUT, Men dak server berkerja keras sampai habis tiket nyo.","Aplikasi dak profesional. Masa sekelas KAI punyo BUMN kaya gini aplikasinyo.. Kalah samo aplikasi PLN Mobile. Buat beli tiket bae sulitnyo minta ampun untuk masuk ke aplikasinyo.. TIME OUT, men dak server berkerja keras sampai habis tiket nyo."
"Saya sudah tunggu sampai gk tidur supaya bisa dapet tiket kereta api untuk keberangkatan tanggal 7 April, setelah jam 12 saya buka ada notif antrian, di tunggu gak sampek 7 menit tiket sudah habis, kecewa banget sama aplikasi ini, mau beli di locket langsung gk bisa, suruh ke aplikasi, setelah di aplikasi di suruh antri dan akhirnya gk dapat tiket",,,negatif,,,"Aku wis tunggu sampai ora tidur supaya bisa dapet tiket sepur api kanggo keberangkatan tanggal 7 April, sawise jam 12 aku buka ana notif antrean, ing tunggu ora sampek 7 menit tiket wis habis, kecewa banget padha aplikasi iki, arep tumbas ing locket langsung ora bisa, suruh menyang aplikasi, sawise ing aplikasi ing suruh antri lan akhirnya ora dapat tiket","Aku wis tunggu sampai gk tidur supaya bisa dapet tiket kereta api untuk keberangkatan tanggal 7 April, setelah jam 12 aku buka ana notif antrian, di tunggu ora sampek 7 menit tiket wis habis, kecewa banget karo aplikasi ini, arep beli di locket langsung gk bisa, suruh ke aplikasi, setelah di aplikasi di suruh antri dan akhirnya gk dapat tiket","Aku lah tunggu sampai gk tidur supaya pacak dapet tiket kereta api untuk keberangkatan tanggal 7 April, setelah jam 12 aku buka ado notif antrian, di tunggu dak sampek 7 menit tiket lah habis, kecewa nian samo aplikasi ini, nak beli di locket langsung gk pacak, suruh ke aplikasi, setelah di aplikasi di suruh antri dan akhirnyo gk dapat tiket","aku lah tunggu sampai gk tidur supaya pacak dapet tiket kereta api untuk keberangkatan tanggal 7 April, setelah jam 12 aku buka ado notif antrian, di tunggu dak sampek 7 menit tiket lah habis, kecewa nian samo aplikasi ini, nak beli di locket langsung gk pacak, suruh ke aplikasi, setelah di aplikasi di suruh antri dan akhirnyo gk dapat tiket"
Makin gak oke kalo lebaran. Ribet. Pembayaran jgn sejam doank. Maximal pas hari H gtu. Apa kurang seminggu.,,,,negatif,,Makin ora wis apik yen lebaran. Ribet. Pembayaran jgn sejam doank. Maximal pas dina H gtu. Apa kurang seminggu.,Makin ora oke yen lebaran. Ribet. Pembayaran jgn sejam doank. Maximal pas hari H gtu. Apa kurang seminggu.,Makin dak oke men lebaran. Ribet. Pembayaran jgn sejam doank. Maximal pas hari H gtu. Apo kurang seminggu.,Makin dak oke men lebaran. Ribet. Pembayaran jgn sejam doank. Maximal pas hari H gtu. apo kurang seminggu.
"aplikasi bodoh.. antri tiket dari jam 23:59 dapet waktu tunggu 10 menit, nambah jadi 50 menit pas di masuk malah habis.. udah 5 hari begini terus, balikin ke sistem dulu cepet cepetan gausah pake antrian..",,,negatif,,,"aplikasi bodoh.. antri tiket dari jam 23:59 dapet wektu tunggu 10 menit, nambah dadi 50 menit pas ing mlebu malah habis.. wis 5 dina begini terus, balikin menyang sistem dulu cepet cepetan gausah nganggo antrean..","aplikasi bodoh.. antri tiket dari jam 23:59 dapet waktu tunggu 10 menit, nambah jadi 50 menit pas di masuk malah habis.. wis 5 hari begini terus, balikin ke sistem dulu cepet cepetan gausah pake antrian..","aplikasi bodoh.. antri tiket dari jam 23:59 dapet waktu tunggu 10 menit, nambah jadi 50 menit pas di masuk malah habis.. lah 5 hari begini terus, balikin ke sistem dulu cepet cepetan gausah pake antrian..","aplikasi bodoh.. antri tiket dari jam 23:59 dapet waktu tunggu 10 menit, nambah jadi 50 menit pas di masuk malah habis.. lah 5 hari begini terus, balikin ke sistem dulu cepet cepetan gausah pake antrian.."
Pemilihan kursi tidak tersedia dan eror pada saat tanggal 1 Febuari 2025 pada saat penggantian Gapeka 2025 yang baru.mohon diperbaiki karena saya biasa pesan 5 hari sebelum keberangkatan,negatif,,negatif,,,Pemilihan kursi ora tersedia lan rusak pada wektu tanggal 1 Febuari 2025 pada wektu penggantian Gapeka 2025 sing anyar.nyuwun benerake karena aku biasa pesen 5 dina sebelum keberangkatan,Pemilihan kursi ora tersedia dan eror pada saat tanggal 1 Febuari 2025 pada saat penggantian Gapeka 2025 yang baru.mohon diperbaiki karena aku biasa pesen 5 hari sebelum keberangkatan,Pemilihan kursi dak tersedia dan eror pada saat tanggal 1 Febuari 2025 pada saat penggantian Gapeka 2025 yang baru.mohon diperbaiki karena aku biasa pesan 5 hari sebelum keberangkatan,Pemilihan kursi dak tersedia dan eror pada saat tanggal 1 Febuari 2025 pada saat penggantian Gapeka 2025 yang baru.mohon diperbaiki karena aku biasa pesan 5 hari sebelum keberangkatan
"1. Setiap kali war tiket sering sekali muncul jadwal tersedia, sehingga sering kehabisan tiket. 2. Sudah beli tiket dan bayar lewat qris, padahal saldo di mbanking sudah berkurang tetapi tiket yang sudah dibeli tidak ada. Mohon diperbaiki lagi aplikasinya.",,,negatif,negatif,,"1. Saben kali war tiket sering sekali muncul jadwal tersedia, sehingga sering kehabisan tiket. 2. Wis tumbas tiket lan bayar lewat qris, padahal saldo ing mbanking wis murah tetapi tiket sing wis dibeli ora ana. Nyuwun benerake maneh aplikasinya.","1. Setiap kali war tiket sering pisan muncul jadwal tersedia, sehingga sering kehabisan tiket. 2. Wis beli tiket dan bayar lewat qris, padahal saldo di mbanking wis berkurang tetapi tiket yang wis dibeli ora ana. Mohon diperbaiki lagi aplikasinya.","1. Setiap kali war tiket sering nian muncul jadwal tersedia, sehingga sering kehabisan tiket. 2. Lah beli tiket dan bayar lewat qris, padahal saldo di mbanking lah berkurang tetapi tiket yang lah dibeli dak ado. Mohon diperbaiki lagi aplikasinyo.","1. Setiap kali war tiket sering nian muncul jadwal tersedia, sehingga sering kehabisan tiket. 2. lah beli tiket dan bayar lewat qris, padahal saldo di mbanking lah berkurang tetapi tiket yang lah dibeli dak ado. Mohon diperbaiki lagi aplikasinyo."
"Di upgrade malah tidak pesan tiket, dari tadi mau pesen tiket selalu waktu habis padahal baru milih jam jadi nggak bisa sampe selesai. Bagus aplikasi yg dulu",,,negatif,,,"Ing upgrade malah ora pesen tiket, dari tadi arep pesen tiket selalu wektu habis padahal anyar milih jam dadi ora bisa nganti selesai. Apik aplikasi yg dulu","Di upgrade malah ora pesen tiket, dari tadi arep pesen tiket selalu waktu habis padahal baru milih jam jadi ora bisa sampe selesai. Apik aplikasi yg dulu","Di upgrade malah dak pesan tiket, dari tadi nak pesen tiket selalu waktu habis padahal baru milih jam jadi dak pacak sampe selesai. Bagus aplikasi yg dulu","Di upgrade malah dak pesan tiket, dari tadi nak pesen tiket selalu waktu habis padahal baru milih jam jadi dak pacak sampe selesai. Bagus aplikasi yg dulu"
"Untuk war tiket bengawan gmn y caranya? Jam 00.00 sampai degan jam 01.00 g ada yg dijual (bukan habis terjual ya memang g ada yg dijual), tapi jam 5 pagi statusnya semua terjual. Piye kuiii IT nya?? Kalo memang ada logic khusus buat beli kA bengawan dijelasin dong aturan mainnya. Yok fair dong.",,,negatif,,,"Kanggo war tiket bengawan gmn y caranya? Jam 00.00 sampai degan jam 01.00 g ana yg dijual (bukan habis terjual ya bener-bener g ana yg dijual), nanging jam 5 pagi statusnya semua terjual. Piye kuiii IT nya?? Yen bener-bener ana logic khusus kanggo tumbas ka bengawan dijelasin dong aturan mainnya. Yok fair dong.","Untuk war tiket bengawan gmn y caranya? Jam 00.00 sampai degan jam 01.00 g ana yg dijual (dudu habis terjual ya memang g ana yg dijual), nanging jam 5 pagi statusnya kabeh terjual. Piye kuiii IT nya?? Yen memang ana logic khusus buat beli kA bengawan dijelasin dong aturan mainnya. Yok fair dong.","Untuk war tiket bengawan gmn y caranyo? Jam 00.00 sampai degan jam 01.00 g ado yg dijual (bukan habis terjual ya memang g ado yg dijual), tapi jam 5 pagi statusnyo galo terjual. Piye kuiii IT nyo?? Men memang ado logic khusus buat beli kA bengawan dijelasin dong aturan mainnyo. Yok fair dong.","Untuk war tiket bengawan gmn y caranyo? Jam 00.00 sampai degan jam 01.00 g ado yg dijual (bukan habis terjual ya memang g ado yg dijual), tapi jam 5 pagi statusnyo semua terjual. Piye kuiii IT nyo?? men memang ado logic khusus buat beli kA bengawan dijelasin dong aturan mainnyo. Yok fair dong."
"Lumayan lah,tapi tolong pembatalan tiket atau merubah kereta bisa di kasih fasilitas di aplikasi ini,percuma dong upgrade ke premium tapi hanya gini² doang,dan mau aktifin kaipay gak bisa eror mulu.Tolong buat kai bisa memperbaiki lagi sistem aplikasi di KAI Acces.",negatif,,netral,negatif,,"Lumayan yo,nanging tulung pembatalan tiket utawa merubah sepur bisa ing nuwun fasilitas ing aplikasi iki,percuma dong upgrade menyang premium nanging hanya gini² doang,lan arep aktifin kaipay ora bisa rusak terus.Tulung kanggo kai bisa memperbaiki maneh sistem aplikasi ing KAI Acces.","Lumayan lah,nanging tolong pembatalan tiket atau merubah kereta bisa di kasih fasilitas di aplikasi ini,percuma dong upgrade ke premium nanging hanya gini² doang,dan arep aktifin kaipay ora bisa eror mulu.Tolong buat kai bisa memperbaiki lagi sistem aplikasi di KAI Acces.","Lumayan lah,tapi tolong pembatalan tiket atau merubah kereta pacak di kasih fasilitas di aplikasi ini,percuma dong upgrade ke premium tapi hanyo gini² doang,dan nak aktifin kaipay dak pacak eror mulu.Tolong buat kai pacak memperbaiki lagi sistem aplikasi di KAI Acces.","Lumayan lah,tapi tolong pembatalan tiket atau merubah kereta pacak di kasih fasilitas di aplikasi ini,percuma dong upgrade ke premium tapi hanyo gini² doang,dan nak aktifin kaipay dak pacak eror mulu.Tolong buat kai pacak memperbaiki lagi sistem aplikasi di KAI Acces."
"Kai access skrng kenapa sih, beli tiket satu doang, bikin emosi, pembayaran sedang diproses, pdhal duit udah terkuras, diulang terus byrnya duit terkuras lagi. Satu tiket doang kyk beli 5 tiket. udh dpt malah tiket nya error, sampe stasiun ga bisa kepake, terpaksa beli tiket lagi distasiun. Kata Petugas nya nnti duit nya kembali sendiri, kembali ap? Gdk tu",,,negatif,negatif,,"Kai access skrng kena apa sih, tumbas tiket satu doang, bikin emosi, pembayaran sedang diproses, padahal duit wis terkuras, diulang terus byrnya duit terkuras maneh. Satu tiket doang kyk tumbas 5 tiket. wis dpt malah tiket nya error, nganti stasiun ora bisa kepake, terpaksa tumbas tiket maneh distasiun. Kata Petugas nya nnti duit nya bali sendiri, bali ap? Gdk tu","Kai access skrng kena apa sih, beli tiket satu doang, bikin emosi, pembayaran sedang diproses, pdhal duit wis terkuras, diulang terus byrnya duit terkuras lagi. Satu tiket doang kyk beli 5 tiket. wis dpt malah tiket nya rusak, sampe stasiun ora bisa kepake, terpaksa beli tiket lagi distasiun. Kata Petugas nya nnti duit nya kembali dhewe, kembali ap? Gdk tu","Kai access skrng ngapo sih, beli tiket satu doang, bikin emosi, pembayaran sedang diproses, pdhal duit lah terkuras, diulang terus byrnyo duit terkuras lagi. Satu tiket doang kyk beli 5 tiket. lah dpt malah tiket nyo error, sampe stasiun dak pacak kepake, terpaksa beli tiket lagi distasiun. Kata Petugas nyo nnti duit nyo kembali dewek, kembali ap? Gdk tu","Kai access skrng ngapo sih, beli tiket satu doang, bikin emosi, pembayaran sedang diproses, pdhal duit lah terkuras, diulang terus byrnyo duit terkuras lagi. Satu tiket doang kyk beli 5 tiket. lah dpt malah tiket nyo error, sampe stasiun ga pacak kepake, terpaksa beli tiket lagi distasiun. Kata Petugas nyo nnti duit nyo kembali sendiri, kembali ap? Gdk tu"
"Error mulu ya waktu pemesanan tiket akhirnya nunggu + dicoba terus sampe lama tapi endingnya tetep ga dapet tiket, kecewa bangett sih padahal temen yang ikut kena error bisa dapet tiketnya. Waktu bisa dapet tiket malah unveiled padahal udah buat pesanan udah milih tempat duduk tinggal bayar. Sampai kapan begini terus? Masa iya ngga ada pembenahan aplikasi??",negatif,,negatif,,,"Error terus ya wektu pesenan tiket akhirnya nunggu + dicoba terus nganti suwe nanging endingnya tetep ora dapet tiket, kecewa bangett sih padahal temen sing ikut kena error bisa dapet tiketnya. Wektu bisa dapet tiket malah unveiled padahal wis kanggo pesanan wis milih tempat duduk tinggal bayar. Sampai kapan begini terus? Mangsa iya ora ana pembenahan aplikasi??","Rusak mulu ya waktu pemesanan tiket akhirnya nunggu + dicoba terus sampe lama nanging endingnya tetep ora dapet tiket, kecewa bangett sih padahal temen yang ikut kena rusak bisa dapet tiketnya. Waktu bisa dapet tiket malah unveiled padahal wis buat pesanan wis milih tempat duduk tinggal bayar. Sampai kapan begini terus? Masa iya ora ana pembenahan aplikasi??","Error mulu ya waktu pemesanan tiket akhirnyo nunggu + dicoba terus sampe lama tapi endingnyo tetep dak dapet tiket, kecewa bangett sih padahal temen yang ikut kena error pacak dapet tiketnyo. Waktu pacak dapet tiket malah unveiled padahal lah buat pesanan lah milih tempat duduk tinggal bayar. Sampai kapan begini terus? Masa iya dak ado pembenahan aplikasi??","Error mulu ya waktu pemesanan tiket akhirnyo nunggu + dicoba terus sampe lama tapi endingnyo tetep ga dapet tiket, kecewa bangett sih padahal temen yang ikut kena error pacak dapet tiketnyo. Waktu pacak dapet tiket malah unveiled padahal lah buat pesanan lah milih tempat duduk tinggal bayar. Sampai kapan begini terus? Masa iya dak ado pembenahan aplikasi??"
"Pembatalan tiket sudah berhasil tapi dana tidak di kembalikan,? Kok gitu?",,,positif,negatif,,"Pembatalan tiket wis berhasil nanging dana ora ing kembalikan,? Kok gitu?","Pembatalan tiket wis berhasil nanging dana ora di kembalikan,? Kok gitu?","Pembatalan tiket lah berhasil tapi dana dak di kembalikan,? Kok gitu?","Pembatalan tiket lah berhasil tapi dana dak di kembalikan,? Kok gitu?"
"Berburu tiket lebaran pagi ini, sudah masuk (ngantri lama) pilih kursi, sudah klik simpan. Ga nyangkut nyangkut ke menu pembayaran. Transaksi tinggi. Akhirnya ""Sesi Anda berakhir"". Ngantri lagi.",,,negatif,negatif,,"Berburu tiket lebaran pagi iki, wis mlebu (ngantri suwe) pilih kursi, wis klik simpan. Ora nyantol nyantol menyang menu pembayaran. Transaksi tinggi. Akhirnya ""Sesi Anda berakhir"". Ngantri maneh.","Berburu tiket lebaran pagi ini, wis masuk (ngantri lama) pilih kursi, wis klik simpan. Ora nyangkut nyangkut ke menu pembayaran. Transaksi tinggi. Akhirnya ""Sesi Anda berakhir"". Ngantri lagi.","Berburu tiket lebaran pagi ini, lah masuk (ngantri lama) pilih kursi, lah klik simpan. Dak nyangkut nyangkut ke menu pembayaran. Transaksi tinggi. Akhirnyo ""Sesi Anda berakhir"". Ngantri lagi.","Berburu tiket lebaran pagi ini, lah masuk (ngantri lama) pilih kursi, lah klik simpan. Ga nyangkut nyangkut ke menu pembayaran. Transaksi tinggi. Akhirnyo ""Sesi Anda berakhir"". Ngantri lagi."
"Parah....sudah tarif reduksi per 29.Maret 2024 lenyap, ticket war juga kalah terus. Klo sdh kayak gini, fitur2 pelengkap rasanya gak perlu ada selain fitur pokok jualan tiket aja. Biar loading masuk ke aplikasi.lbh cepat. Gak kayak keong yg berulang setiap tahun jelang puasa n lebaran. Sdh banyak yg kasih rating dn ulasan. Dan sy kira itu base on the fact",negatif,,negatif,,,"Parah....wis tarif reduksi per 29.Maret 2024 lenyap, ticket war uga kalah terus. Yen sdh kayak gini, fitur2 pelengkap rasanya ora perlu ana selain fitur pokok jualan tiket aja. Ben muter mlebu menyang aplikasi.luwih cepet. Ora kayak keong yg berulang saben tahun jelang puasa n lebaran. Sdh akeh yg nuwun rating dn ulasan. Lan sy kira kuwi base on the fact","Parah....wis tarif reduksi per 29.Maret 2024 lenyap, ticket war uga kalah terus. Klo sdh kayak gini, fitur2 pelengkap rasanya ora perlu ana selain fitur pokok jualan tiket wae. Biar loading masuk ke aplikasi.lbh cepet. Ora kayak keong yg berulang setiap tahun jelang puasa n lebaran. Sdh banyak yg kasih rating dn ulasan. Dan sy kira itu base on the fact","Parah....lah tarif reduksi per 29.Maret 2024 lenyap, ticket war jugo kalah terus. Klo sdh kayak gini, fitur2 pelengkap rasanyo dak perlu ado selain fitur pokok jualan tiket bae. Biar loading masuk ke aplikasi.lbh cepet. Dak kayak keong yg berulang setiap tahun jelang puasa n lebaran. Sdh banyak yg kasih rating dn ulasan. Dan sy kira itu base on the fact","Parah....lah tarif reduksi per 29.Maret 2024 lenyap, ticket war jugo kalah terus. Klo sdh kayak gini, fitur2 pelengkap rasanyo dak perlu ado selain fitur pokok jualan tiket bae. Biar loading masuk ke aplikasi.lbh cepet. dak kayak keong yg berulang setiap tahun jelang puasa n lebaran. Sdh banyak yg kasih rating dn ulasan. Dan sy kira itu base on the fact"
Mohon maaf untuk sekarang saya kasih rating bintang 1 nanti jika diperbaiki saya naikan. Tolong dong servernya di benerin masa ngedown servernya yang bener ajah saya mau berangkat pagi server ngedown kayak gitu gimana ya jangankan untuk liat tiket saya untuk mesan tiket saja tidak bisa. Tolong kembalikan ke yang dulu. User di suruh update tapi peningkatannya justru kayak gini ya buat apa,negatif,,negatif,,,Nyuwun maaf kanggo saiki aku nuwun rating bintang 1 nanti jika benerake aku naikan. Tulung dong servernya ing benerin mangsa ngedown servernya sing bener ajah aku arep berangkat pagi server ngedown kayak gitu gimana ya jangankan kanggo liat tiket aku kanggo mesan tiket saja ora bisa. Tulung kembalikan menyang sing dulu. User ing suruh nganyari nanging peningkatannya justru kayak gini ya kanggo apa,Mohon maaf untuk saiki aku kasih rating bintang 1 nanti jika diperbaiki aku naikan. Tolong dong servernya di benerin masa ngedown servernya yang bener ajah aku arep berangkat pagi server ngedown kayak gitu kepriye ya jangankan untuk deleng tiket aku untuk mesan tiket wae ora bisa. Tolong kembalikan ke yang dulu. User di suruh update nanging peningkatannya justru kayak gini ya buat apa,Mohon maaf untuk sekarang aku kasih rating bintang 1 nanti jika diperbaiki aku naikan. Tolong dong servernyo di benerin masa ngedown servernyo yang bener ajah aku nak berangkat pagi server ngedown kayak gitu cakmno ya jangankan untuk tengok tiket aku untuk mesan tiket bae dak pacak. Tolong kembalikan ke yang dulu. User di suruh update tapi peningkatannyo justru kayak gini ya buat apo,Mohon maaf untuk sekarang aku kasih rating bintang 1 nanti jika diperbaiki aku naikan. Tolong dong servernyo di benerin masa ngedown servernyo yang bener ajah aku nak berangkat pagi server ngedown kayak gitu cakmno ya jangankan untuk liat tiket aku untuk mesan tiket bae dak pacak. Tolong kembalikan ke yang dulu. User di suruh update tapi peningkatannyo justru kayak gini ya buat apo
"Tujuan buat aplikasi ini gimana sih? Mau daftar aja kok gak bisa, mau pesan tiket harus isi data diri.. oke diisi .. tapi setelah itu tidak bisa dilanjutkan kek mana KAI, perasaan dulu gak ribet gini deh.. perbaiki lagi, kalo sudah baik baru aku update ulasannya makasih",,,negatif,,negatif,"Tujuan kanggo aplikasi iki gimana sih? Arep daftar aja kok ora bisa, arep pesen tiket kudu isi data diri.. wis apik diisi .. nanging sawise kuwi ora bisa dilanjutkan kek endi KAI, perasaan dulu ora ribet gini deh.. benerake maneh, yen wis baik anyar aku nganyari ulasannya makasih","Tujuan buat aplikasi ini kepriye sih? Arep daftar wae kok ora bisa, arep pesen tiket harus isi data diri.. oke diisi .. nanging setelah itu ora bisa dilanjutkan kek mana KAI, perasaan dulu ora ribet gini deh.. perbaiki lagi, yen wis apik baru aku update ulasannya makasih","Tujuan buat aplikasi ini cakmno sih? Nak daftar bae kok dak pacak, nak pesan tiket harus isi data diri.. oke diisi .. tapi setelah itu dak pacak dilanjutkan kek mana KAI, perasaan dulu dak ribet gini deh.. perbaiki lagi, men lah baek baru aku update ulasannyo makasih","Tujuan buat aplikasi ini cakmno sih? nak daftar bae kok dak pacak, nak pesan tiket harus isi data diri.. oke diisi .. tapi setelah itu dak pacak dilanjutkan kek mana KAI, perasaan dulu dak ribet gini deh.. perbaiki lagi, men lah baek baru aku update ulasannyo makasih"
"Halo kai, kenapa setiap kali mencoba memesan selalu timeout dan pemesanan kadaluarsa?? Pemesanan saya lakukan dengan cepat namun keterangan selelu seperti itu. Sangat tidak membantu. Tolong aplikasinya di benahi kembali ya, FYI saya sudah update aplikasi nya juga",negatif,,negatif,,,"Halo kai, kena apa saben kali mencoba memesan selalu timeout lan pesenan kadaluarsa?? Pesenan aku lakukan karo cepet namun keterangan selelu seperti kuwi. Banget ora mbantu. Tulung aplikasinya ing benahi bali ya, FYI aku wis nganyari aplikasi nya uga","Halo kai, kena apa setiap kali mencoba memesan selalu timeout dan pemesanan kadaluarsa?? Pemesanan aku lakukan karo cepet namun keterangan selelu kaya itu. Banget ora membantu. Tolong aplikasinya di benahi kembali ya, FYI aku wis update aplikasi nya uga","Halo kai, ngapo setiap kali mencoba memesan selalu timeout dan pemesanan kadaluarsa?? Pemesanan aku lakukan pake cepet namun keterangan selelu cak itu. Nian dak membantu. Tolong aplikasinyo di benahi kembali ya, FYI aku lah update aplikasi nyo jugo","Halo kai, ngapo setiap kali mencoba memesan selalu timeout dan pemesanan kadaluarsa?? Pemesanan aku lakukan dengan cepet namun keterangan selelu cak itu. nian dak membantu. Tolong aplikasinyo di benahi kembali ya, FYI aku lah update aplikasi nyo jugo"
"Kualitas aplikasi semakin menurun terutama saat weekend server sering error, servernya perlu diperbaharui, pada saat pemesanan tiket waktu pembayaran tidak bisa dilanjutkan",negatif,,negatif,,,"Kualitas aplikasi sansaya menurun terutama wektu weekend server sering error, servernya perlu diperbaharui, pada wektu pesenan tiket wektu pembayaran ora bisa dilanjutkan","Kualitas aplikasi semakin menurun terutama saat weekend server sering rusak, servernya perlu diperbaharui, pada saat pemesanan tiket waktu pembayaran ora bisa dilanjutkan","Kualitas aplikasi semakin menurun terutama saat weekend server sering error, servernyo perlu diperbaharui, pada saat pemesanan tiket waktu pembayaran dak pacak dilanjutkan","Kualitas aplikasi semakin menurun terutama saat weekend server sering error, servernyo perlu diperbaharui, pada saat pemesanan tiket waktu pembayaran dak pacak dilanjutkan"
"makin kesini makin menyedihkan sekali utk pemesanan tiket onlinenya. sering down server, sangat susah utk dapat kursi padahal pemesanan udh di lakukan H-7 pukul 00:00 tepat. sekalinya dapet kursi, utk pembayaran trouble terus karna down server. alhasil di batalin ga bisa, di bayar juga ga bisa, kadang di bayar bisa tapi tiketnya ga dapet karna waiting timenya udh habis. padahal saldo udah kepotong. di komplain kek sampah uangnya ga balik. makin sampah ini aplikasi juga pelayanannya.",negatif,,negatif,negatif,,"makin kesini makin menyedihkan sekali utk pesenan tiket onlinenya. sering down server, banget susah utk dapat kursi padahal pesenan wis ing lakukan H-7 pukul 00:00 tepat. sekalinya dapet kursi, utk pembayaran trouble terus karna down server. alhasil ing batalin ora bisa, ing bayar uga ora bisa, kadhang ing bayar bisa nanging tiketnya ora dapet karna waiting timenya wis habis. padahal saldo wis kepotong. ing komplain kek sampah uangnya ora balik. makin sampah iki aplikasi uga pelayanannya.","makin kesini makin menyedihkan pisan utk pemesanan tiket onlinenya. sering down server, banget susah utk dapat kursi padahal pemesanan wis di lakukan H-7 pukul 00:00 tepat. sekalinya dapet kursi, utk pembayaran trouble terus karna down server. alhasil di batalin ora bisa, di bayar uga ora bisa, kadang di bayar bisa nanging tiketnya ora dapet karna waiting timenya wis habis. padahal saldo wis kepotong. di komplain kek sampah uangnya ora balik. makin sampah ini aplikasi uga pelayanannya.","makin kesini makin menyedihkan nian utk pemesanan tiket onlinenyo. sering down server, nian susah utk dapat kursi padahal pemesanan lah di lakukan H-7 pukul 00:00 tepat. sekalinyo dapet kursi, utk pembayaran trouble terus karna down server. alhasil di batalin dak pacak, di bayar jugo dak pacak, kadang di bayar pacak tapi tiketnyo dak dapet karna waiting timenyo lah habis. padahal saldo lah kepotong. di komplain kek sampah uangnyo dak balik. makin sampah ini aplikasi jugo pelayanannyo.","makin kesini makin menyedihkan nian utk pemesanan tiket onlinenyo. sering down server, nian susah utk dapat kursi padahal pemesanan lah di lakukan H-7 pukul 00:00 tepat. sekalinyo dapet kursi, utk pembayaran trouble terus karna down server. alhasil di batalin ga pacak, di bayar jugo ga pacak, kadang di bayar pacak tapi tiketnyo ga dapet karna waiting timenyo lah habis. padahal saldo lah kepotong. di komplain kek sampah uangnyo ga balik. makin sampah ini aplikasi jugo pelayanannyo."
"Beli tiket lewat qriss, di qriss nya berhasil tpi tiketnya gaada?, dan uangnya hangus for nothing",,,negatif,negatif,,"Tumbas tiket lewat qriss, ing qriss nya berhasil tpi tiketnya gaada?, lan uangnya hangus for nothing","Beli tiket lewat qriss, di qriss nya berhasil tpi tiketnya gaada?, dan uangnya hangus for nothing","Beli tiket lewat qriss, di qriss nyo berhasil tpi tiketnyo gaada?, dan uangnyo hangus for nothing","Beli tiket lewat qriss, di qriss nyo berhasil tpi tiketnyo gaada?, dan uangnyo hangus for nothing"
kecewa buka jam 00:00 suruh antri pas masuk seat not avaible maunya gmna,,,negatif,,,kecewa buka jam 00:00 suruh antri pas mlebu seat not avaible maunya gmna,kecewa buka jam 00:00 suruh antri pas masuk seat not avaible maunya gmna,kecewa buka jam 00:00 suruh antri pas masuk seat not avaible maunyo gmna,kecewa buka jam 00:00 suruh antri pas masuk seat not avaible maunyo gmna
Tiap lebaran susah amat nyari tiket Sumpah apk norak,,,negatif,,,Saben lebaran susah amat nyari tiket Sumpah apk norak,Tiap lebaran susah amat nyari tiket Sumpah apk norak,Tiap lebaran susah amat nyari tiket Sumpah apk norak,Tiap lebaran susah amat nyari tiket Sumpah apk norak
"Potongan nya bisa jelasin nggak sih. Top Up 50 rb, buat bayar tiket nya 48 rb. Giliran mau cekout saldo nya malah berkurang. Aku tambah lagi top up nya 10 rb. Total yg sdh di top up kan jadi 60 rb. Aku payment yg 48 rb. Setelah done lha koq sisa saldo malah 6.200. Harusnya kn masih ada sisa 12.000. Tambahin lah buat sistem bayar nya : via OVO, SHOPEPAY, LINK atau yg lain yg. Biar ga kena potong",,,,negatif,,"Potongan nya bisa jelasin ora sih. Top Up 50 rb, kanggo bayar tiket nya 48 rb. Giliran arep cekout saldo nya malah murah. Aku tambah maneh top up nya 10 rb. Total yg sdh ing top up kan dadi 60 rb. Aku payment yg 48 rb. Sawise done lha koq sisa saldo malah 6.200. Harusnya kn isih ana sisa 12.000. Tambahin yo kanggo sistem bayar nya : lewat OVO, SHOPEPAY, LINK utawa yg lain yg. Ben ora kena potong","Potongan nya bisa jelasin ora sih. Top Up 50 rb, buat bayar tiket nya 48 rb. Giliran arep cekout saldo nya malah berkurang. Aku tambah lagi top up nya 10 rb. Total yg sdh di top up kan jadi 60 rb. Aku payment yg 48 rb. Setelah done lha koq sisa saldo malah 6.200. Harusnya kn masih ana sisa 12.000. Tambahin lah buat sistem bayar nya : via OVO, SHOPEPAY, LINK atau yg lain yg. Biar ora kena potong","Potongan nyo pacak jelasin dak sih. Top Up 50 rb, buat bayar tiket nyo 48 rb. Giliran nak cekout saldo nyo malah berkurang. Aku tambah lagi top up nyo 10 rb. Total yg sdh di top up kan jadi 60 rb. Aku payment yg 48 rb. Setelah done lha koq sisa saldo malah 6.200. Harusnyo kn masih ado sisa 12.000. Tambahin lah buat sistem bayar nyo : via OVO, SHOPEPAY, LINK atau yg lain yg. Biar dak kena potong","Potongan nyo pacak jelasin dak sih. Top Up 50 rb, buat bayar tiket nyo 48 rb. Giliran nak cekout saldo nyo malah berkurang. Aku tambah lagi top up nyo 10 rb. Total yg sdh di top up kan jadi 60 rb. Aku payment yg 48 rb. Setelah done lha koq sisa saldo malah 6.200. Harusnyo kn masih ado sisa 12.000. Tambahin lah buat sistem bayar nyo : via OVO, SHOPEPAY, LINK atau yg lain yg. Biar ga kena potong"
Aplikasi tidak mudah digunakan. Mau pesan tiket harus upgrade. Udah 10 kali isi data tetep g bisa. Solusinya gmna kai,negatif,negatif,,,,Aplikasi ora gampang digunakan. Arep pesen tiket kudu upgrade. Wis 10 kali isi data tetep g bisa. Solusinya gmna kai,Aplikasi ora gampang digunakan. Arep pesen tiket harus upgrade. Wis 10 kali isi data tetep g bisa. Solusinya gmna kai,Aplikasi dak gampang digunakan. Nak pesan tiket harus upgrade. Lah 10 kali isi data tetep g pacak. Solusinyo gmna kai,Aplikasi dak gampang digunakan. nak pesan tiket harus upgrade. lah 10 kali isi data tetep g pacak. Solusinyo gmna kai
"Aplikasi taun kmrn malah lebih bagus di banding skrng. Taun skrng dapetin tiket susah, gak jelas Masa waktu antrian bukannya makin dikit malah makin nambah. 4 hari kmrn Udah begadang dari jam 12 sampe pagi gak dapet dapet. Jelek",,,negatif,,,"Aplikasi taun kmrn malah luwih apik ing banding skrng. Taun skrng dapetin tiket susah, ora cetha Mangsa wektu antrean nanging makin dikit malah makin nambah. 4 dina kmrn Wis begadang dari jam 12 nganti pagi ora dapet dapet. Jelek","Aplikasi taun kmrn malah lebih apik di banding skrng. Taun skrng dapetin tiket susah, ora jelas Masa waktu antrian bukannya makin dikit malah makin nambah. 4 hari kmrn Wis begadang dari jam 12 sampe pagi ora dapet dapet. Jelek","Aplikasi taun kmrn malah lebih bagus di banding skrng. Taun skrng dapetin tiket susah, dak jelas Masa waktu antrian bukannyo makin dikit malah makin nambah. 4 hari kmrn Lah begadang dari jam 12 sampe pagi dak dapet dapet. Jelek","Aplikasi taun kmrn malah lebih bagus di banding skrng. Taun skrng dapetin tiket susah, dak jelas Masa waktu antrian bukannyo makin dikit malah makin nambah. 4 hari kmrn lah begadang dari jam 12 sampe pagi dak dapet dapet. Jelek"
"Cek jadwal kereta muter2 aja, udh nunggu lama gda pilihan tujuannya blank",,,negatif,,,"Cek jadwal sepur muter2 aja, wis nunggu suwe gda pilihan tujuannya blank","Cek jadwal kereta muter2 wae, wis nunggu lama gda pilihan tujuannya blank","Cek jadwal kereta muter2 bae, lah nunggu lama gda pilihan tujuannyo blank","Cek jadwal kereta muter2 bae, lah nunggu lama gda pilihan tujuannyo blank"
"Bro, gw mau upgrade ke member basic ko gabisa mulu ya, padahal udah ada tulisannya sudah berhasil tapi waktu cek profil ttp sama aja tampilannya belum terdaftar, udh 10 kali gw daftar ulang tetep sama aje, terpaksa beli tiket lewat website kai gw, yah sehat-sehat lah buat yang bikin apk, moga segera diperbaiki",,,,,negatif,"Bro, gw arep upgrade menyang member basic ko gabisa terus ya, padahal wis ana tulisannya wis berhasil nanging wektu cek profil ttp padha aja tampilannya durung terdaftar, wis 10 kali gw daftar ulang tetep padha aje, terpaksa tumbas tiket lewat website kai gw, ya sehat-sehat yo kanggo sing bikin apk, moga cepet benerake","Bro, aku arep upgrade ke member basic ko gabisa mulu ya, padahal wis ana tulisannya wis berhasil nanging waktu cek profil ttp karo wae tampilannya belum terdaftar, wis 10 kali aku daftar ulang tetep karo aje, terpaksa beli tiket lewat website kai aku, yah sehat-sehat lah buat yang bikin apk, moga segera diperbaiki","Bro, aku nak upgrade ke member basic ko gabisa mulu ya, padahal lah ado tulisannyo lah berhasil tapi waktu cek profil ttp samo bae tampilannyo belum terdaftar, lah 10 kali aku daftar ulang tetep samo aje, terpaksa beli tiket lewat website kai aku, yah sehat-sehat lah buat yang bikin apk, moga segera diperbaiki","Bro, aku nak upgrade ke member basic ko gabisa mulu ya, padahal lah ado tulisannyo lah berhasil tapi waktu cek profil ttp samo bae tampilannyo belum terdaftar, lah 10 kali aku daftar ulang tetep samo aje, terpaksa beli tiket lewat website kai aku, yah sehat-sehat lah buat yang bikin apk, moga segera diperbaiki"
"Aplikasi jadi lemot,nunggu antrian nggak sesuai waktunya... Tulisan tinggal 10 menit nunggunya sampe satu jam...hadeuhhhh",negatif,,negatif,,,"Aplikasi dadi lemot,nunggu antrean ora cocok wektune... Tulisan tinggal 10 menit nunggunya nganti satu jam...hadeuhhhh","Aplikasi jadi lemot,nunggu antrian ora sesuai waktunya... Tulisan tinggal 10 menit nunggunya sampe satu jam...hadeuhhhh","Aplikasi jadi lemot,nunggu antrian dak sesuai waktunyo... Tulisan tinggal 10 menit nunggunyo sampe satu jam...hadeuhhhh","Aplikasi jadi lemot,nunggu antrian dak sesuai waktunyo... Tulisan tinggal 10 menit nunggunyo sampe satu jam...hadeuhhhh"
Knapa saya kasih 2star. 1apk sering keluar sendiri 2 apk sering minta upgrade padahal sudah premium 3 saya sudah bayar tiket lokal pake pembayaran qris sukses knapa tidak tersedia di tiket saya 4.saya harus mengulang pesan tiket dan bayar lagi .. padahal ini BUMN seharusnya pro rakyat,negatif,,negatif,negatif,,Knapa aku nuwun 2star. 1apk sering metu sendiri 2 apk sering minta upgrade padahal wis premium 3 aku wis bayar tiket lokal nganggo pembayaran qris sukses knapa ora tersedia ing tiket aku 4.aku kudu mengulang pesen tiket lan bayar maneh .. padahal iki BUMN seharusnya pro rakyat,Knapa aku kasih 2star. 1apk sering keluar dhewe 2 apk sering minta upgrade padahal wis premium 3 aku wis bayar tiket lokal pake pembayaran qris sukses knapa ora tersedia di tiket aku 4.aku harus mengulang pesen tiket dan bayar lagi .. padahal ini BUMN seharusnya pro rakyat,Knapa aku kasih 2star. 1apk sering keluar dewek 2 apk sering minta upgrade padahal lah premium 3 aku lah bayar tiket lokal pake pembayaran qris sukses knapa dak tersedia di tiket aku 4.aku harus mengulang pesan tiket dan bayar lagi .. padahal ini BUMN seharusnyo pro rakyat,Knapa aku kasih 2star. 1apk sering keluar sendiri 2 apk sering minta upgrade padahal lah premium 3 aku lah bayar tiket lokal pake pembayaran qris sukses knapa dak tersedia di tiket aku 4.aku harus mengulang pesan tiket dan bayar lagi .. padahal ini BUMN seharusnyo pro rakyat
"settingan operator untuk kreta2 yg ekonomi jurusan luar kotai,dia lebih memilih tidak untuk di naiki untuk menjaga perawatan kreta ,contoh request untuk 3 kursi dengan akun yg sering di gunakan akan tidak muncul tetapi dengan akun lain muncul,dan cermati baik2 untuk jurusan kreta ekonomi,hanya perbaikan sedikitnya saja,dari yg terdahulu dari tekstur kreta alias kreta butut,coba anda cermati dengan yg sy sudah praktekkan,ini BUMN yg tidak layak di gunakan di masa mendatang,wajib di swasta kan sj.",,,negatif,,,"settingan operator kanggo kreta2 yg ekonomi jurusan njaba kotai,dia luwih memilih ora kanggo ing naiki kanggo menjaga perawatan kreta ,contoh request kanggo 3 kursi karo akun yg sering ing enggo akan ora muncul tetapi karo akun lain muncul,lan cermati baik2 kanggo jurusan kreta ekonomi,hanya perbaikan sedikitnya saja,dari yg terdahulu dari tekstur kreta alias kreta butut,coba anda cermati karo yg sy wis praktekkan,iki BUMN yg ora layak ing enggo ing mangsa mendatang,wajib ing swasta kan sj.","settingan operator untuk kreta2 yg ekonomi jurusan luar kotai,dia lebih memilih ora untuk di naiki untuk menjaga perawatan kreta ,contoh request untuk 3 kursi karo akun yg sering di gunakan akan ora muncul tetapi karo akun lain muncul,dan cermati baik2 untuk jurusan kreta ekonomi,hanya perbaikan sedikitnya wae,dari yg terdahulu dari tekstur kreta alias kreta butut,coba anda cermati karo yg sy wis praktekkan,ini BUMN yg ora layak di gunakan di masa mendatang,wajib di swasta kan sj.","settingan operator untuk kreta2 yg ekonomi jurusan luar kotai,dia lebih memilih dak untuk di naiki untuk menjaga perawatan kreta ,contoh request untuk 3 kursi pake akun yg sering di gunakan akan dak muncul tetapi pake akun lain muncul,dan cermati baik2 untuk jurusan kreta ekonomi,hanyo perbaikan sedikitnyo bae,dari yg terdahulu dari tekstur kreta alias kreta butut,coba anda cermati pake yg sy lah praktekkan,ini BUMN yg dak layak di gunakan di masa mendatang,wajib di swasta kan sj.","settingan operator untuk kreta2 yg ekonomi jurusan luar kotai,dia lebih memilih dak untuk di naiki untuk menjaga perawatan kreta ,contoh request untuk 3 kursi dengan akun yg sering di gunakan akan dak muncul tetapi dengan akun lain muncul,dan cermati baik2 untuk jurusan kreta ekonomi,hanyo perbaikan sedikitnyo bae,dari yg terdahulu dari tekstur kreta alias kreta butut,coba anda cermati dengan yg sy lah praktekkan,ini BUMN yg dak layak di gunakan di masa mendatang,wajib di swasta kan sj."
"Kesel banget, udah loading lama banget, trus top up lama, direfresh berkali-kali masih aja ga muncul saldonya, dan yang paling gong adalah aku beli tiket saldoku udah kepotong tapi tiketnya gak muncul. Rugi guaaaa",negatif,,negatif,negatif,,"Kesel banget, wis muter suwe banget, trus top up suwe, direfresh berkali-kali isih aja ora muncul saldone, lan sing paling gong adalah aku tumbas tiket saldoku wis kepotong nanging tiketnya ora muncul. Rugi guaaaa","Kesel banget, wis loading lama banget, trus top up lama, direfresh berkali-kali masih wae ora muncul saldonya, dan yang paling gong adalah aku beli tiket saldoku wis kepotong nanging tiketnya ora muncul. Rugi guaaaa","Kesel nian, lah loading lama nian, trus top up lama, direfresh berkali-kali masih bae dak muncul saldonyo, dan yang paling gong adalah aku beli tiket saldoku lah kepotong tapi tiketnyo dak muncul. Rugi guaaaa","Kesel nian, lah loading lama nian, trus top up lama, direfresh berkali-kali masih bae ga muncul saldonyo, dan yang paling gong adalah aku beli tiket saldoku lah kepotong tapi tiketnyo dak muncul. Rugi guaaaa"
"Kenapa kok makin sulit setelah di update, bukannya makin lebih baik makin buang waktu. Waktu antrian molor lagi. Mau nya gimana sih!",negatif,,negatif,,,"Kena apa kok makin sulit sawise ing nganyari, nanging makin luwih baik makin buang wektu. Wektu antrean molor maneh. Arep nya gimana sih!","Kena apa kok makin sulit setelah di update, bukannya makin lebih apik makin buang waktu. Waktu antrian molor lagi. Arep nya kepriye sih!","Ngapo kok makin sulit setelah di update, bukannyo makin lebih baek makin buang waktu. Waktu antrian molor lagi. Nak nyo cakmno sih!","ngapo kok makin sulit setelah di update, bukannyo makin lebih baek makin buang waktu. Waktu antrian molor lagi. nak nyo cakmno sih!"
Fungsi antrian buat apa tujuannya buat memperlancar tapi malah g bisa2 beli2 juga sampai sesi habis harusnya kalo dah masuk antrian proses pembelian gampang,,,negatif,,,Fungsi antrean kanggo apa tujuannya kanggo memperlancar nanging malah g bisa2 beli2 uga sampai sesi habis harusnya yen dah mlebu antrean proses tumbas gampang,Fungsi antrian buat apa tujuannya buat memperlancar nanging malah g bisa2 beli2 uga sampai sesi habis harusnya yen dah masuk antrian proses pembelian gampang,Fungsi antrian buat apo tujuannyo buat memperlancar tapi malah g bisa2 beli2 jugo sampai sesi habis harusnyo men dah masuk antrian proses pembelian gampang,Fungsi antrian buat apo tujuannyo buat memperlancar tapi malah g bisa2 beli2 jugo sampai sesi habis harusnyo men dah masuk antrian proses pembelian gampang
"Aplikasj sering error, udh bayar tp tiket ga masuk, udah bayar tapi yang masuk aplikasi malah tiket yang bukan saya pesan, padahal sudah bayar dan berkurang saldonya",negatif,,negatif,negatif,,"Aplikasj sering error, wis bayar tp tiket ora mlebu, wis bayar nanging sing mlebu aplikasi malah tiket sing bukan aku pesen, padahal wis bayar lan murah saldone","Aplikasj sering rusak, wis bayar tp tiket ora masuk, wis bayar nanging yang masuk aplikasi malah tiket yang dudu aku pesen, padahal wis bayar dan berkurang saldonya","Aplikasj sering error, lah bayar tp tiket dak masuk, lah bayar tapi yang masuk aplikasi malah tiket yang bukan aku pesan, padahal lah bayar dan berkurang saldonyo","Aplikasj sering error, lah bayar tp tiket ga masuk, lah bayar tapi yang masuk aplikasi malah tiket yang bukan aku pesan, padahal lah bayar dan berkurang saldonyo"
Aplikasi jelek minta updat udah updat g bisa login lapor cs bolak balek jawaban sama aja .. mending pakek traveloka aman.. mana udah boking tiba minta updat abisbupdate log out sendiri mau login reques failed data trus.. udah lapor cs kai bolak balik teteo g bisa..akhir nya hanug deh beli lagi tiketnya.. Untung g top uang dana di aplikasi vuat pembayaran.. Kalau tiket lokal murah sih gpp ini mah tiket le jakarta gues 500 rebun,negatif,,negatif,,negatif,Aplikasi jelek minta updat wis updat g bisa login lapor cs bolak balek jawaban padha aja .. mending pakek traveloka aman.. endi wis boking tiba minta updat abisbupdate log out sendiri arep login reques failed data trus.. wis lapor cs kai bolak balik teteo g bisa..pungkasan nya hanug deh tumbas maneh tiketnya.. Untung g top uang dana ing aplikasi vuat pembayaran.. Kalau tiket lokal murah sih gpp iki mah tiket le jakarta gues 500 rebun,Aplikasi jelek minta updat wis updat g bisa login lapor cs bolak balek jawaban karo wae .. mending pakek traveloka aman.. mana wis boking tiba minta updat abisbupdate log out dhewe arep login reques failed data trus.. wis lapor cs kai bolak balik teteo g bisa..akhir nya hanug deh beli lagi tiketnya.. Untung g top dhuwit dana di aplikasi vuat pembayaran.. Yen tiket lokal murah sih gpp ini mah tiket le jakarta gues 500 rebun,Aplikasi jelek minta updat lah updat g pacak login lapor cs bolak balek jawaban samo bae .. mending pakek traveloka aman.. mana lah boking tiba minta updat abisbupdate log out dewek nak login reques failed data trus.. lah lapor cs kai bolak balik teteo g pacak..akhir nyo hanug deh beli lagi tiketnyo.. Untung g top duet dana di aplikasi vuat pembayaran.. Men tiket lokal murah sih gpp ini mah tiket le jakarta gues 500 rebun,Aplikasi jelek minta updat lah updat g pacak login lapor cs bolak balek jawaban samo bae .. mending pakek traveloka aman.. mana lah boking tiba minta updat abisbupdate log out sendiri nak login reques failed data trus.. lah lapor cs kai bolak balik teteo g pacak..akhir nyo hanug deh beli lagi tiketnyo.. Untung g top duet dana di aplikasi vuat pembayaran.. men tiket lokal murah sih gpp ini mah tiket le jakarta gues 500 rebun
"Apknya simple si enak di pemakaiannya. Cuma 1 yg masih kurang, kalau lg war tiket pas udh masuk ke menu pembayaran itu selalu susah banget. Berkali kali coba dan akhirnya time out. Dan antri lagi",negatif,positif,,negatif,,"Apk gampang si enak ing pemakaiannya. Mung 1 yg isih kurang, kalau lg war tiket pas wis mlebu menyang menu pembayaran kuwi selalu susah banget. Berkali kali coba lan akhirnya time out. Lan antri maneh","Apknya simple si enak di pemakaiannya. Mung 1 yg masih kurang, yen lg war tiket pas wis masuk ke menu pembayaran itu selalu susah banget. Berkali kali coba dan akhirnya time out. Dan antri lagi","Apknyo simple si enak di pemakaiannyo. Cuman 1 yg masih kurang, men lg war tiket pas lah masuk ke menu pembayaran itu selalu susah nian. Berkali kali coba dan akhirnyo time out. Dan antri lagi","Apknyo simple si enak di pemakaiannyo. cuman 1 yg masih kurang, men lg war tiket pas lah masuk ke menu pembayaran itu selalu susah nian. Berkali kali coba dan akhirnyo time out. Dan antri lagi"
"""Waktu pemesenan anda telah habis, silahkan lakukan pemesanan ulang"" semenjak diperbarui malah gini terus tulisannya. Padal pesennya uda cepet bgt ngekliknya. Dulu sebelum di upgrade malah enak2 aja tuh. Skrng malah susah. Pake qrisnya pun juga aneh menurutku. Padal kan sebenernya klo di aplnya uda ada saldonya harusnya makin cpt dong. Ini malah mau apa2 susah. Trs yah misal ada yg buru2 ngekliknya gadiliat dlu gitu kan klo ada salah gabisa jg klo mo refund klo lokal. Mohon diperbaiki lg yah kai",negatif,,negatif,negatif,,"""Wektu pemesenan anda telah habis, silahkan lakukan pesenan ulang"" semenjak diperbarui malah gini terus tulisannya. Padal pesennya wis cepet bgt ngekliknya. Dulu sebelum ing upgrade malah enak2 aja tuh. Skrng malah susah. Nganggo qrisnya pun uga aneh menurutku. Padal kan sebenernya yen ing aplnya wis ana saldone harusnya makin cpt dong. Iki malah arep apa2 susah. Trs ya misal ana yg buru2 ngekliknya gadiliat dlu gitu kan yen ana salah gabisa jg yen mo refund yen lokal. Nyuwun benerake lg ya kai","""Waktu pemesenan anda telah habis, silahkan lakukan pemesanan ulang"" semenjak diperbarui malah gini terus tulisannya. Padal pesennya uda cepet banget ngekliknya. Dulu sebelum di upgrade malah enak2 wae tuh. Skrng malah susah. Pake qrisnya pun uga aneh menurutku. Padal kan sebenernya klo di aplnya uda ana saldonya harusnya makin cpt dong. Ini malah arep apa2 susah. Trs yah misal ana yg buru2 ngekliknya gadiliat dlu gitu kan klo ana salah gabisa jg klo mo refund klo lokal. Mohon diperbaiki lg yah kai","""Waktu pemesenan anda telah habis, silahkan lakukan pemesanan ulang"" semenjak diperbarui malah gini terus tulisannyo. Padal pesennyo uda cepet nian ngekliknyo. Dulu sebelum di upgrade malah enak2 bae tuh. Skrng malah susah. Pake qrisnyo pun jugo aneh menurutku. Padal kan sebenernyo klo di aplnyo uda ado saldonyo harusnyo makin cpt dong. Ini malah nak apa2 susah. Trs yah misal ado yg buru2 ngekliknyo gadiliat dlu gitu kan klo ado salah gabisa jg klo mo refund klo lokal. Mohon diperbaiki lg yah kai","""Waktu pemesenan anda telah habis, silahkan lakukan pemesanan ulang"" semenjak diperbarui malah gini terus tulisannyo. Padal pesennyo uda cepet bgt ngekliknyo. Dulu sebelum di upgrade malah enak2 bae tuh. Skrng malah susah. Pake qrisnyo pun jugo aneh menurutku. Padal kan sebenernyo klo di aplnyo uda ado saldonyo harusnyo makin cpt dong. Ini malah nak apa2 susah. Trs yah misal ado yg buru2 ngekliknyo gadiliat dlu gitu kan klo ado salah gabisa jg klo mo refund klo lokal. Mohon diperbaiki lg yah kai"
"Lambat, tiap top up harus nunggu lama dulu baru saldo masuk.",negatif,,,negatif,,"Lambat, saben top up kudu nunggu suwe dulu anyar saldo mlebu.","Alon, tiap top up harus nunggu lama dulu baru saldo masuk.","Lambat, tiap top up harus nunggu lama dulu baru saldo masuk.","Lambat, tiap top up harus nunggu lama dulu baru saldo masuk."
"Kebanyakan update malah gal guna,,,saya beli tiket smpai 2kali atas nama yang sama pembayaran gagal mlah gak kembali uangnya,,,makin lama makin ta1",negatif,,negatif,negatif,,"Kakehan nganyari malah gal guna,,,aku tumbas tiket smpai 2kali atas nama sing padha pembayaran gagal mlah ora bali uangnya,,,makin suwe makin ta1","Kebanyakan update malah gal guna,,,aku beli tiket smpai 2kali atas nama yang karo pembayaran gagal mlah ora kembali uangnya,,,makin lama makin ta1","Kebanyakan update malah gal guna,,,aku beli tiket smpai 2kali atas nama yang samo pembayaran gagal mlah dak kembali uangnyo,,,makin lama makin ta1","Kebanyakan update malah gal guna,,,aku beli tiket smpai 2kali atas nama yang samo pembayaran gagal mlah dak kembali uangnyo,,,makin lama makin ta1"
"Pembayaran susah banget pake KAI pay, loading nya sangat lambat, udah lebih 30 menit tinggal pembayaran malah ga muncul apa apa ini tolong dong benerinn. Sudah TF saldo masa harus nunggu 15 menit!",negatif,,,negatif,,"Pembayaran susah banget nganggo KAI pay, muter nya banget lambat, wis luwih 30 menit tinggal pembayaran malah ora muncul apa apa iki tulung dong benerinn. Wis TF saldo mangsa kudu nunggu 15 menit!","Pembayaran susah banget pake KAI pay, loading nya banget alon, wis lebih 30 menit tinggal pembayaran malah ora muncul apa apa ini tolong dong benerinn. Wis TF saldo masa harus nunggu 15 menit!","Pembayaran susah nian pake KAI pay, loading nyo nian lambat, lah lebih 30 menit tinggal pembayaran malah dak muncul apo apo ini tolong dong benerinn. Lah TF saldo masa harus nunggu 15 menit!","Pembayaran susah nian pake KAI pay, loading nyo nian lambat, lah lebih 30 menit tinggal pembayaran malah ga muncul apo apo ini tolong dong benerinn. lah TF saldo masa harus nunggu 15 menit!"
"Saya tidak bisa top up saldo. Minta di upgrade tp email dan no HP already exist, mau coba pakai email lain minta otp sy skip bentat ke email buat copy kode otp saat balik lagi ke aplikasi malah balik ke tampilan awal. Bagaimana saya mau ketik OTPnya kalau bgtu. Tolong diperbaiki sistemnya.",,,,negatif,negatif,"Aku ora bisa top up saldo. Minta ing upgrade tp email lan no HP already exist, arep coba nganggo email lain minta otp sy skip bentat menyang email kanggo copy kode otp wektu balik maneh menyang aplikasi malah balik menyang tampilan awal. Bagaimana aku arep ketik OTPnya kalau bgtu. Tulung benerake sistemnya.","Aku ora bisa top up saldo. Minta di upgrade tp email dan no HP already exist, arep coba pakai email lain minta otp sy skip bentat ke email buat copy kode otp saat balik lagi ke aplikasi malah balik ke tampilan awal. Kepriye aku arep ketik OTPnya yen bgtu. Tolong diperbaiki sistemnya.","Aku dak pacak top up saldo. Minta di upgrade tp email dan no HP already exist, nak coba pakai email lain minta otp sy skip bentat ke email buat copy kode otp saat balik lagi ke aplikasi malah balik ke tampilan awal. Cakmno aku nak ketik OTPnyo men bgtu. Tolong diperbaiki sistemnyo.","aku dak pacak top up saldo. Minta di upgrade tp email dan no HP already exist, nak coba pakai email lain minta otp sy skip bentat ke email buat copy kode otp saat balik lagi ke aplikasi malah balik ke tampilan awal. cakmno aku nak ketik OTPnyo men bgtu. Tolong diperbaiki sistemnyo."
beli tiket kereta bandara jogja ke airport pp saldo terpotong tapi tapi status pembayaran gagal uang hilang tidak dapat tiket,,,negatif,negatif,,tumbas tiket sepur bandara jogja menyang airport pp saldo terpotong nanging nanging status pembayaran gagal uang hilang ora dapat tiket,beli tiket kereta bandara jogja ke airport pp saldo terpotong nanging nanging status pembayaran gagal dhuwit hilang ora dapat tiket,beli tiket kereta bandara jogja ke airport pp saldo terpotong tapi tapi status pembayaran gagal duet hilang dak dapat tiket,beli tiket kereta bandara jogja ke airport pp saldo terpotong tapi tapi status pembayaran gagal duet hilang dak dapat tiket
"Udah ke pemesanan tiket terus pas bayar ga bisa, saya coba bayar pake OVO kok tulisannya pembayaran belum tersedia. Ini gimana sih? Wes kalo gini terus hapus aja aplikasinya, bayar nya di stasiun aja😡😡😡😡😡😡😡",,,,negatif,,"Wis menyang pesenan tiket terus pas bayar ora bisa, aku coba bayar nganggo OVO kok tulisannya pembayaran durung tersedia. Iki gimana sih? Wes yen gini terus hapus aja aplikasinya, bayar nya ing stasiun aja😡😡😡😡😡😡😡","Wis ke pemesanan tiket terus pas bayar ora bisa, aku coba bayar pake OVO kok tulisannya pembayaran belum tersedia. Ini kepriye sih? Wes yen gini terus hapus wae aplikasinya, bayar nya di stasiun wae😡😡😡😡😡😡😡","Lah ke pemesanan tiket terus pas bayar dak pacak, aku coba bayar pake OVO kok tulisannyo pembayaran belum tersedia. Ini cakmno sih? Wes men gini terus hapus bae aplikasinyo, bayar nyo di stasiun bae😡😡😡😡😡😡😡","lah ke pemesanan tiket terus pas bayar ga pacak, aku coba bayar pake OVO kok tulisannyo pembayaran belum tersedia. Ini cakmno sih? Wes men gini terus hapus bae aplikasinyo, bayar nyo di stasiun bae😡😡😡😡😡😡😡"
Gw topup katanya nunggu 15 menit saldo baru masuk Tapi sudah 1x24 jam tidak ada masuk. Gmn jih apl gajelas,,,,negatif,,Gw topup jarene nunggu 15 menit saldo anyar mlebu Nanging wis 1x24 jam ora ana mlebu. Gmn jih apl gajelas,Aku topup katanya nunggu 15 menit saldo baru masuk Nanging wis 1x24 jam ora ana masuk. Gmn jih apl gajelas,Aku topup katanyo nunggu 15 menit saldo baru masuk Tapi lah 1x24 jam dak ado masuk. Gmn jih apl gajelas,aku topup katanyo nunggu 15 menit saldo baru masuk Tapi lah 1x24 jam dak ado masuk. Gmn jih apl gajelas
Gajelas saldo udh kepotong tapi qr code ga muncul + gada riwayat transaksi padahal jelas abis bayar,,,,negatif,,Gajelas saldo wis kepotong nanging qr code ora muncul + gada riwayat transaksi padahal cetha entek bayar,Gajelas saldo wis kepotong nanging qr code ora muncul + gada riwayat transaksi padahal jelas abis bayar,Gajelas saldo lah kepotong tapi qr code dak muncul + gada riwayat transaksi padahal jelas abis bayar,Gajelas saldo lah kepotong tapi qr code ga muncul + gada riwayat transaksi padahal jelas abis bayar
Semakin update semakin susah dan ribet untuk pembelian lewat aplikasi,,negatif,,,,Sansaya nganyari sansaya susah lan ribet kanggo tumbas lewat aplikasi,Semakin update semakin susah dan ribet untuk pembelian lewat aplikasi,Semakin update semakin susah dan ribet untuk pembelian lewat aplikasi,Semakin update semakin susah dan ribet untuk pembelian lewat aplikasi
"Kalo udah pake sistem antrian harus nya gk ada crita oberload pas bayar , kan udah antri lama ada 20 mnt an dan udah di batasi pengguna , masa udh antri lama2 udah masuk isi nama/NIK udh tinggal cek out loading terus , yg time out , yg eror , yg no seat lah ,yg ini lah itu lah , harusnya gk ada kjdian timeout kan krn dah di batasin dan udah antri d awal? Giliram dah dpt kursi pembayaranya yg gagal terus , sesusah itu war tiket lebaran , tolong d perbaiki min. Jgn d persulit tolong🙏🏻",negatif,,negatif,negatif,,"Yen wis nganggo sistem antrean kudu nya ora ana crita oberload pas bayar , kan wis antri suwe ana 20 mnt an lan wis ing batasi pengguna , mangsa wis antri lama2 wis mlebu isi nama/NIK wis tinggal cek out muter terus , yg time out , yg rusak , yg no seat yo ,yg iki yo kuwi yo , harusnya ora ana kjdian timeout kan krn dah ing batasin lan wis antri d awal? Giliram dah dpt kursi pembayaranya yg gagal terus , sesusah kuwi war tiket lebaran , tulung d benerake min. Jgn d persulit tulung🙏🏻","Yen wis pake sistem antrian harus nya gk ana crita oberload pas bayar , kan wis antri lama ana 20 mnt an dan wis di batasi pengguna , masa wis antri lama2 wis masuk isi nama/NIK wis tinggal cek out loading terus , yg time out , yg eror , yg no seat lah ,yg ini lah itu lah , harusnya gk ana kjdian timeout kan krn dah di batasin dan wis antri d awal? Giliram dah dpt kursi pembayaranya yg gagal terus , sesusah itu war tiket lebaran , tolong d perbaiki min. Jgn d persulit tolong🙏🏻","Men lah pake sistem antrian harus nyo gk ado crita oberload pas bayar , kan lah antri lama ado 20 mnt an dan lah di batasi pengguna , masa lah antri lama2 lah masuk isi nama/NIK lah tinggal cek out loading terus , yg time out , yg eror , yg no seat lah ,yg ini lah itu lah , harusnyo gk ado kjdian timeout kan krn dah di batasin dan lah antri d awal? Giliram dah dpt kursi pembayaranyo yg gagal terus , sesusah itu war tiket lebaran , tolong d perbaiki min. Jgn d persulit tolong🙏🏻","men lah pake sistem antrian harus nyo gk ado crita oberload pas bayar , kan lah antri lama ado 20 mnt an dan lah di batasi pengguna , masa lah antri lama2 lah masuk isi nama/NIK lah tinggal cek out loading terus , yg time out , yg eror , yg no seat lah ,yg ini lah itu lah , harusnyo gk ado kjdian timeout kan krn dah di batasin dan lah antri d awal? Giliram dah dpt kursi pembayaranyo yg gagal terus , sesusah itu war tiket lebaran , tolong d perbaiki min. Jgn d persulit tolong🙏🏻"
"Aplikasi khusus pesan tiket saja jangan pesan yang lain. Saya beli token pembayaran sudah sukses tapi di riwayat transaksi ga ada, di komplen ke cs cuma suruh tunggu udh dan ga ada kabar lagi",,,negatif,,,"Aplikasi khusus pesen tiket saja aja pesen sing lain. Aku tumbas token pembayaran wis sukses nanging ing riwayat transaksi ora ana, ing komplain menyang cs mung suruh tunggu wis lan ora ana kabar maneh","Aplikasi khusus pesen tiket wae jangan pesen yang lain. Aku beli token pembayaran wis sukses nanging di riwayat transaksi ora ana, di komplen ke cs mung suruh tunggu wis dan ora ana kabar lagi","Aplikasi khusus pesan tiket bae jangan pesan yang lain. Aku beli token pembayaran lah sukses tapi di riwayat transaksi dak ado, di komplen ke cs cuman suruh tunggu lah dan dak ado kabar lagi","Aplikasi khusus pesan tiket bae jangan pesan yang lain. aku beli token pembayaran lah sukses tapi di riwayat transaksi ga ado, di komplen ke cs cuman suruh tunggu lah dan ga ado kabar lagi"
"Aplikasi ini sangat amat perlu diperbaiki, makin kesini aplikasi harus selalu diupdate. Dan tiap mau war tiket server down, timeout, kesulitan dalam pembayaran dan seringnya jadwal tidak tersedia.",negatif,,negatif,negatif,,"Aplikasi iki banget amat perlu benerake, makin kesini aplikasi kudu selalu diupdate. Lan saben arep war tiket server down, timeout, kesulitan jero pembayaran lan seringnya jadwal ora tersedia.","Aplikasi ini banget amat perlu diperbaiki, makin kesini aplikasi harus selalu diupdate. Dan tiap arep war tiket server down, timeout, kesulitan jero pembayaran dan seringnya jadwal ora tersedia.","Aplikasi ini nian amat perlu diperbaiki, makin kesini aplikasi harus selalu diupdate. Dan tiap nak war tiket server down, timeout, kesulitan dalem pembayaran dan seringnyo jadwal dak tersedia.","Aplikasi ini nian amat perlu diperbaiki, makin kesini aplikasi harus selalu diupdate. Dan tiap nak war tiket server down, timeout, kesulitan dalam pembayaran dan seringnyo jadwal dak tersedia."
"Min ini gimana si... Saya sudah bayar tiket lewat q rish... Habis tu di email dari bank juga udah berhasil melakukan pembayaran, dan udah kurang memang di saldo.... Eh pas buka apk ini masih tertulis ""menunggu pembayaran""... Mohon bantuannya min... Gini banget punya aplikasi...",,,,negatif,,"Min iki gimana si... Aku wis bayar tiket lewat q rish... Habis tu ing email dari bank uga wis berhasil melakukan pembayaran, lan wis kurang bener-bener ing saldo.... Eh pas buka apk iki isih tertulis ""nunggu pembayaran""... Nyuwun bantuannya min... Gini banget punya aplikasi...","Min ini kepriye si... Aku wis bayar tiket lewat q rish... Habis tu di email dari bank uga wis berhasil melakukan pembayaran, dan wis kurang memang di saldo.... Eh pas buka apk ini masih tertulis ""menunggu pembayaran""... Mohon bantuannya min... Gini banget punya aplikasi...","Min ini cakmno si... Aku lah bayar tiket lewat q rish... Habis tu di email dari bank jugo lah berhasil melakukan pembayaran, dan lah kurang memang di saldo.... Eh pas buka apk ini masih tertulis ""menunggu pembayaran""... Mohon bantuannyo min... Gini nian punyo aplikasi...","Min ini cakmno si... aku lah bayar tiket lewat q rish... Habis tu di email dari bank jugo lah berhasil melakukan pembayaran, dan lah kurang memang di saldo.... Eh pas buka apk ini masih tertulis ""menunggu pembayaran""... Mohon bantuannyo min... Gini nian punyo aplikasi..."
"Ga jelas ni yg KAI Pay nya.. udah kalu top up lamanya minta ampun. Udah bayar admin, masih juga ada potongan.. mending pake kartu sekalian.. jadi males pakenya. Makin ga jelas..",,,,negatif,,"Ora cetha ni yg KAI Pay nya.. wis kalu top up lamanya minta ampun. Wis bayar admin, isih uga ana potongan.. mending nganggo kartu sekalian.. dadi males pakenya. Makin ora cetha..","Ora jelas ni yg KAI Pay nya.. wis kalu top up lamanya minta ampun. Wis bayar admin, masih uga ana potongan.. mending pake kartu sekalian.. jadi males pakenya. Makin ora jelas..","Dak jelas ni yg KAI Pay nyo.. lah kalu top up lamanyo minta ampun. Lah bayar admin, masih jugo ado potongan.. mending pake kartu sekalian.. jadi males pakenyo. Makin dak jelas..","Ga jelas ni yg KAI Pay nyo.. lah kalu top up lamanyo minta ampun. lah bayar admin, masih jugo ado potongan.. mending pake kartu sekalian.. jadi males pakenyo. Makin ga jelas.."
"Kenapa ya kok KAI suka sering update. Hmmmn hari ini aku beli 2 tiket saldo udah berkurang tapi tiket ga ada. Kemudian nyoba beli lagi 2 tiket & 1, ada tulisannya tiket butuh waktu pelunasan padahal saldo udah kepotong. Saldo menipis terhitung pas sampe waktu gajian. Butuh tiket mau cekout lagi takut gagal dan saldo terus berkurang. (Ternyata saldo balik setelah 2-3 hari)",,,negatif,negatif,,"Kena apa ya kok KAI suka sering nganyari. Hmmmn dina iki aku tumbas 2 tiket saldo wis murah nanging tiket ora ana. Kemudian nyoba tumbas maneh 2 tiket & 1, ana tulisannya tiket butuh wektu pelunasan padahal saldo wis kepotong. Saldo menipis terhitung pas nganti wektu gajian. Butuh tiket arep cekout maneh takut gagal lan saldo terus murah. (Kebeneran saldo balik sawise 2-3 dina)","Kena apa ya kok KAI suka sering update. Hmmmn hari ini aku beli 2 tiket saldo wis berkurang nanging tiket ora ana. Kemudian nyoba beli lagi 2 tiket & 1, ana tulisannya tiket butuh waktu pelunasan padahal saldo wis kepotong. Saldo menipis terhitung pas sampe waktu gajian. Butuh tiket arep cekout lagi takut gagal dan saldo terus berkurang. (Ternyata saldo balik setelah 2-3 hari)","Ngapo ya kok KAI suka sering update. Hmmmn hari ini aku beli 2 tiket saldo lah berkurang tapi tiket dak ado. Kemudian nyoba beli lagi 2 tiket & 1, ado tulisannyo tiket butuh waktu pelunasan padahal saldo lah kepotong. Saldo menipis terhitung pas sampe waktu gajian. Butuh tiket nak cekout lagi takut gagal dan saldo terus berkurang. (Ternyata saldo balik setelah 2-3 hari)","ngapo ya kok KAI suka sering update. Hmmmn hari ini aku beli 2 tiket saldo lah berkurang tapi tiket ga ado. Kemudian nyoba beli lagi 2 tiket & 1, ado tulisannyo tiket butuh waktu pelunasan padahal saldo lah kepotong. Saldo menipis terhitung pas sampe waktu gajian. Butuh tiket nak cekout lagi takut gagal dan saldo terus berkurang. (Ternyata saldo balik setelah 2-3 hari)"
Makin susah setelah di-update. Susah pas mau pembayaran. Loading terus,negatif,,,negatif,,Makin susah sawise ing-nganyari. Susah pas arep pembayaran. Muter terus,Makin susah setelah di-update. Susah pas arep pembayaran. Loading terus,Makin susah setelah di-update. Susah pas nak pembayaran. Loading terus,Makin susah setelah di-update. Susah pas nak pembayaran. Loading terus
"Tolong di perbaiki lagi dong aplikasinya, saya udah sering saldo kai berkurang karena pemesanan tiket yang udah di bayar tapi tiket Kreta api nya tidak ada pemesanan padahal udh di lakukan pembayaran dan memasukan pin pembayaran, saldo tidak kembali di cek riwayat pembayaran tidak ada , , teruma ka lokal cicalengka padalarang , perbaiki lagi tolong",,,negatif,negatif,,"Tulung ing benerake maneh dong aplikasinya, aku wis sering saldo kai murah karena pesenan tiket sing wis ing bayar nanging tiket Kreta api nya ora ana pesenan padahal wis ing lakukan pembayaran lan memasukan pin pembayaran, saldo ora bali ing cek riwayat pembayaran ora ana , , teruma ka lokal cicalengka padalarang , benerake maneh tulung","Tolong di perbaiki lagi dong aplikasinya, aku wis sering saldo kai berkurang karena pemesanan tiket yang wis di bayar nanging tiket Kreta api nya ora ana pemesanan padahal wis di lakukan pembayaran dan memasukan pin pembayaran, saldo ora kembali di cek riwayat pembayaran ora ana , , teruma ka lokal cicalengka padalarang , perbaiki lagi tolong","Tolong di perbaiki lagi dong aplikasinyo, aku lah sering saldo kai berkurang karena pemesanan tiket yang lah di bayar tapi tiket Kreta api nyo dak ado pemesanan padahal lah di lakukan pembayaran dan memasukan pin pembayaran, saldo dak kembali di cek riwayat pembayaran dak ado , , teruma ka lokal cicalengka padalarang , perbaiki lagi tolong","Tolong di perbaiki lagi dong aplikasinyo, aku lah sering saldo kai berkurang karena pemesanan tiket yang lah di bayar tapi tiket Kreta api nyo dak ado pemesanan padahal lah di lakukan pembayaran dan memasukan pin pembayaran, saldo dak kembali di cek riwayat pembayaran dak ado , , teruma ka lokal cicalengka padalarang , perbaiki lagi tolong"
"Aplikasi sangat berguna banget buat yg bikin aplnya, buat nyedot dana yg di saldo, saldo gadipakai aja bisa raib, dan sangat mengecewakan, sudah dibeli tiketnya dan saldo Kpay terpotong namun tidak bisa digunakan tidak keluar barcodenya, dan sia² hangus begitu saja, akhirnya beli tiket lagi, kalo ga siap dengan aplikasi ga usah dibuatlah nyusahin aja.😇🤦 Mau bikin mudah apa malah bikin susah ? tolong diperbaiki kalo niat mempermudah. Tks",,,negatif,negatif,,"Aplikasi banget berguna banget kanggo yg bikin aplnya, kanggo nyedot dana yg ing saldo, saldo gadipakai aja bisa raib, lan banget mengecewakan, wis dibeli tiketnya lan saldo Kpay terpotong namun ora bisa digunakan ora metu barcodenya, lan sia² hangus begitu saja, akhirnya tumbas tiket maneh, yen ora siap karo aplikasi ora perlu dibuatlah nyusahin aja.😇🤦 Arep bikin gampang apa malah bikin susah ? tulung benerake yen niat mempermudah. Tks","Aplikasi banget berguna banget buat yg bikin aplnya, buat nyedot dana yg di saldo, saldo gadipakai wae bisa raib, dan banget mengecewakan, wis dibeli tiketnya dan saldo Kpay terpotong namun ora bisa digunakan ora keluar barcodenya, dan sia² hangus begitu wae, akhirnya beli tiket lagi, yen ora siap karo aplikasi ora usah dibuatlah nyusahin wae.😇🤦 Arep bikin gampang apa malah bikin susah ? tolong diperbaiki yen niat mempermudah. Tks","Aplikasi nian berguna nian buat yg bikin aplnyo, buat nyedot dana yg di saldo, saldo gadipakai bae pacak raib, dan nian mengecewakan, lah dibeli tiketnyo dan saldo Kpay terpotong namun dak pacak digunakan dak keluar barcodenyo, dan sia² hangus begitu bae, akhirnyo beli tiket lagi, men dak siap pake aplikasi dak usah dibuatlah nyusahin bae.😇🤦 Nak bikin gampang apo malah bikin susah ? tolong diperbaiki men niat mempermudah. Tks","Aplikasi nian berguna nian buat yg bikin aplnyo, buat nyedot dana yg di saldo, saldo gadipakai bae pacak raib, dan nian mengecewakan, lah dibeli tiketnyo dan saldo Kpay terpotong namun dak pacak digunakan dak keluar barcodenyo, dan sia² hangus begitu bae, akhirnyo beli tiket lagi, men ga siap dengan aplikasi ga usah dibuatlah nyusahin bae.😇🤦 nak bikin gampang apo malah bikin susah ? tolong diperbaiki men niat mempermudah. Tks"
"kacau, pembayaran via e-wallet berhasil, akan tetapi tiket yang telah dibayar tidak muncul. Tolong perbaiki",,,negatif,,,"kacau, pembayaran lewat e-wallet berhasil, akan tetapi tiket sing telah dibayar ora muncul. Tulung benerake","kacau, pembayaran via e-wallet berhasil, akan tetapi tiket yang telah dibayar ora muncul. Tolong perbaiki","kacau, pembayaran via e-wallet berhasil, akan tetapi tiket yang telah dibayar dak muncul. Tolong perbaiki","kacau, pembayaran via e-wallet berhasil, akan tetapi tiket yang telah dibayar dak muncul. Tolong perbaiki"
kalau bisa beri komentar tanpa bintang sudah saya komentar kan ini aplikasi Layanan tida jelas seperti: Sudah melakukan transaksi pembayaran trtapi status di tiket saya masih menunggu pembayaran Hal ini membuat saya kecewa akan aplikasi ini sehingga saya harus menghubungi pihak KAI untuk meminta tanggapannya sehingga uang yag telah saya transaksikan dapat kembali secepatnya Saran: pesan lah tiket melalui aplikasi Traveloka karena layanannya mudah dan cepat tidak seperti aplikasi buruk ini.,,,negatif,,,kalau bisa beri komentar tanpa bintang wis aku komentar kan iki aplikasi Layanan tida cetha seperti: Wis melakukan transaksi pembayaran trtapi status ing tiket aku isih nunggu pembayaran Hal iki membuat aku kecewa akan aplikasi iki sehingga aku kudu menghubungi pihak KAI kanggo meminta tanggapannya sehingga uang yag telah aku transaksikan dapat bali secepatnya Saran: pesen yo tiket melalui aplikasi Traveloka karena layanannya gampang lan cepet ora seperti aplikasi buruk iki.,yen bisa beri komentar tanpa bintang wis aku komentar kan ini aplikasi Layanan tida jelas kaya: Wis melakukan transaksi pembayaran trtapi status di tiket aku masih menunggu pembayaran Hal ini membuat aku kecewa akan aplikasi ini sehingga aku harus menghubungi pihak KAI untuk meminta tanggapannya sehingga dhuwit yag telah aku transaksikan dapat kembali secepatnya Saran: pesen lah tiket melalui aplikasi Traveloka karena layanannya gampang dan cepet ora kaya aplikasi ala ini.,men pacak beri komentar tanpa bintang lah aku komentar kan ini aplikasi Layanan tida jelas cak: Lah melakukan transaksi pembayaran trtapi status di tiket aku masih menunggu pembayaran Hal ini membuat aku kecewa akan aplikasi ini sehingga aku harus menghubungi pihak KAI untuk meminta tanggapannyo sehingga duet yag telah aku transaksikan dapat kembali secepatnyo Saran: pesan lah tiket melalui aplikasi Traveloka karena layanannyo gampang dan cepet dak cak aplikasi buruk ini.,men pacak beri komentar tanpa bintang lah aku komentar kan ini aplikasi Layanan tida jelas cak: lah melakukan transaksi pembayaran trtapi status di tiket aku masih menunggu pembayaran Hal ini membuat aku kecewa akan aplikasi ini sehingga aku harus menghubungi pihak KAI untuk meminta tanggapannyo sehingga duet yag telah aku transaksikan dapat kembali secepatnyo Saran: pesan lah tiket melalui aplikasi Traveloka karena layanannyo gampang dan cepet dak cak aplikasi buruk ini.
"Aplikasi dongo, sinyal full, pas mau bayar gak bisa milih payment, giliran dah habis ngulang lagi sampe kena limit",,,,negatif,,"Aplikasi dongo, sinyal full, pas arep bayar ora bisa milih payment, giliran dah habis ngulang maneh nganti kena limit","Aplikasi dongo, sinyal full, pas arep bayar ora bisa milih payment, giliran dah habis ngulang lagi sampe kena limit","Aplikasi dongo, sinyal full, pas nak bayar dak pacak milih payment, giliran dah habis ngulang lagi sampe kena limit","Aplikasi dongo, sinyal full, pas nak bayar dak pacak milih payment, giliran dah habis ngulang lagi sampe kena limit"
"Tim kai, tolong aplikasinya itu di lebih canggih, untuk top up ajah harus nunggu lama gk masuk².",,,,negatif,,"Tim kai, tulung aplikasinya kuwi ing luwih canggih, kanggo top up ajah kudu nunggu suwe ora masuk².","Tim kai, tolong aplikasinya itu di lebih canggih, untuk top up ajah harus nunggu lama gk masuk².","Tim kai, tolong aplikasinyo itu di lebih canggih, untuk top up ajah harus nunggu lama gk masuk².","Tim kai, tolong aplikasinyo itu di lebih canggih, untuk top up ajah harus nunggu lama gk masuk²."
Please lah ini baru aja isi saldo kenapa tiba² log out sendiri pas mau masuk ga bisa² pas coba ganti sandi berhasil eh pas mu masuk lagi gagal lagi. Balikin duit gua kalo masih ga bisa di buka!!!,negatif,,,negatif,negatif,Please yo iki anyar aja isi saldo kena apa tiba² log out sendiri pas arep mlebu ora bisa² pas coba ganti sandi berhasil eh pas mu mlebu maneh gagal maneh. Balikin duit gua yen isih ora bisa ing buka!!!,Please lah ini baru wae isi saldo kena apa tiba² log out dhewe pas arep masuk ora bisa² pas coba ganti sandi berhasil eh pas mu masuk lagi gagal lagi. Balikin duit gua yen masih ora bisa di buka!!!,Please lah ini baru bae isi saldo ngapo tiba² log out dewek pas nak masuk dak bisa² pas coba ganti sandi berhasil eh pas mu masuk lagi gagal lagi. Balikin duit gua men masih dak pacak di buka!!!,Please lah ini baru bae isi saldo ngapo tiba² log out sendiri pas nak masuk ga bisa² pas coba ganti sandi berhasil eh pas mu masuk lagi gagal lagi. Balikin duit gua men masih ga pacak di buka!!!
Saya sangat kecewa saya beli pulsa tgl 18 januari gagal tidak masuk keterangan saldo kembali tapi sampai sekarang Kirim email berkali2 whatsap telpon oprator sama saja tidak ada hasilnya,,,,negatif,,Aku banget kecewa aku tumbas pulsa tgl 18 januari gagal ora mlebu keterangan saldo bali nanging sampai saiki Kirim email berkali2 whatsap telpon oprator padha saja ora ana hasilnya,Aku banget kecewa aku beli pulsa tgl 18 januari gagal ora masuk keterangan saldo kembali nanging sampai saiki Kirim email berkali2 whatsap telpon oprator karo wae ora ana hasilnya,Aku nian kecewa aku beli pulsa tgl 18 januari gagal dak masuk keterangan saldo kembali tapi sampai sekarang Kirim email berkali2 whatsap telpon oprator samo bae dak ado hasilnyo,aku nian kecewa aku beli pulsa tgl 18 januari gagal dak masuk keterangan saldo kembali tapi sampai sekarang Kirim email berkali2 whatsap telpon oprator samo bae dak ado hasilnyo
"jelek anjir aplikasinya pembayaran ga bisa di bayar, ga bisa lihat draf pembayaran jelek pokoknya",,,,negatif,,"jelek anjir aplikasinya pembayaran ora bisa ing bayar, ora bisa deleng draf pembayaran jelek pokoknya","jelek anjir aplikasinya pembayaran ora bisa di bayar, ora bisa deleng draf pembayaran jelek pokoknya","jelek anjir aplikasinyo pembayaran dak pacak di bayar, dak pacak tengok draf pembayaran jelek pokoknyo","jelek anjir aplikasinyo pembayaran ga pacak di bayar, ga pacak lihat draf pembayaran jelek pokoknyo"
"Buruuuukk,... Terlalu lama saat proses top up KAI PAY, sudah lebih dari 1jam tapi saldo masih belum masuk. Dan saat pembayaran pun sering gagal, padahal jaringan internet stabil",,,,negatif,,"Buruuuukk,... Terlalu suwe wektu proses top up KAI PAY, wis luwih dari 1jam nanging saldo isih durung mlebu. Lan wektu pembayaran pun sering gagal, padahal jaringan internet stabil","Buruuuukk,... Terlalu lama saat proses top up KAI PAY, wis lebih dari 1jam nanging saldo masih belum masuk. Dan saat pembayaran pun sering gagal, padahal jaringan internet stabil","Buruuuukk,... Terlalu lama saat proses top up KAI PAY, lah lebih dari 1jam tapi saldo masih belum masuk. Dan saat pembayaran pun sering gagal, padahal jaringan internet stabil","Buruuuukk,... Terlalu lama saat proses top up KAI PAY, lah lebih dari 1jam tapi saldo masih belum masuk. Dan saat pembayaran pun sering gagal, padahal jaringan internet stabil"
error mulu tiap mau war tiket. udah terlanjur ngisi saldo KAIPay malah timeout mulu. tolong diperbaiki lagi sistemnya,negatif,,,,,error terus saben arep war tiket. wis terlanjur ngisi saldo Kaipay malah timeout terus. tulung benerake maneh sistemnya,rusak mulu tiap arep war tiket. wis terlanjur ngisi saldo KAIPay malah timeout mulu. tolong diperbaiki lagi sistemnya,error mulu tiap nak war tiket. lah terlanjur ngisi saldo KAIPay malah timeout mulu. tolong diperbaiki lagi sistemnyo,error mulu tiap nak war tiket. lah terlanjur ngisi saldo KAIPay malah timeout mulu. tolong diperbaiki lagi sistemnyo
Makin lucu sekali aplikasi ini..sampe beli tiket 2x ..uda payment qries 2x uda kepotong saldo malah g uptde di kai..alhasil duit ilang..tiket ga dapet..kokyo jan lucu ne niat ngambil duit orang perlahan2 tp pasti..mana duit g balik lagi,,,negatif,negatif,,Makin lucu sekali aplikasi iki..nganti tumbas tiket 2x ..wis payment qries 2x wis kepotong saldo malah g uptde ing kai..alhasil duit ilang..tiket ora dapet..kokyo jan lucu ne niat ngambil duit orang perlahan2 tp pasti..endi duit g balik maneh,Makin lucu pisan aplikasi ini..sampe beli tiket 2x ..uda payment qries 2x uda kepotong saldo malah g uptde di kai..alhasil duit ilang..tiket ora dapet..kokyo jan lucu ne niat ngambil duit wong perlahan2 tp pasti..mana duit g balik lagi,Makin lucu nian aplikasi ini..sampe beli tiket 2x ..uda payment qries 2x uda kepotong saldo malah g uptde di kai..alhasil duit ilang..tiket dak dapet..kokyo jan lucu ne niat ngambil duit wong perlahan2 tp pasti..mana duit g balik lagi,Makin lucu nian aplikasi ini..sampe beli tiket 2x ..uda payment qries 2x uda kepotong saldo malah g uptde di kai..alhasil duit ilang..tiket ga dapet..kokyo jan lucu ne niat ngambil duit wong perlahan2 tp pasti..mana duit g balik lagi
"Tolong management PT KAI.. kalau nyari tim IT yang bener aje.. Top Up selama itu terupdatenya.. Aplikasinya terasa responsif Walaupun inovasi dengan fitur trip planer cukup oke.. Tapi rasa keselnya lebih kesel karena hal2 yang esensial kaya top up lama, aplikasi tidak responsif, engga konsisten sama estimasi antrian yg di apk dg realtime waktu tunggu.. tolonglah kepala IT KAI nya.. Buat nyelesain hal2 ini!",konflik,positif,negatif,negatif,,"Tulung management PT KAI.. kalau nyari tim IT sing bener aje.. Top Up selama kuwi terupdatenya.. Aplikasinya terasa responsif Walaupun inovasi karo fitur trip planer cukup wis apik.. Nanging rasa keselnya luwih kesel karena hal2 sing esensial kaya top up suwe, aplikasi ora responsif, engga konsisten padha estimasi antrean yg ing apk dg realtime wektu tunggu.. tolonglah kepala IT KAI nya.. Kanggo nyelesain hal2 iki!","Tolong management PT KAI.. yen nyari tim IT yang bener aje.. Top Up selama itu terupdatenya.. Aplikasinya terasa responsif Walaupun inovasi karo fitur trip planer cukup oke.. Nanging rasa keselnya lebih kesel karena hal2 yang esensial kaya top up lama, aplikasi ora responsif, engga konsisten karo estimasi antrian yg di apk dg realtime waktu tunggu.. tolonglah kepala IT KAI nya.. Buat nyelesain hal2 ini!","Tolong management PT KAI.. men nyari tim IT yang bener aje.. Top Up selama itu terupdatenyo.. Aplikasinyo terasa responsif Walaupun inovasi pake fitur trip planer cukup oke.. Tapi rasa keselnyo lebih kesel karena hal2 yang esensial kaya top up lama, aplikasi dak responsif, engga konsisten samo estimasi antrian yg di apk dg realtime waktu tunggu.. tolonglah kepala IT KAI nyo.. Buat nyelesain hal2 ini!","Tolong management PT KAI.. men nyari tim IT yang bener aje.. Top Up selama itu terupdatenyo.. Aplikasinyo terasa responsif Walaupun inovasi dengan fitur trip planer cukup oke.. Tapi rasa keselnyo lebih kesel karena hal2 yang esensial kaya top up lama, aplikasi dak responsif, engga konsisten samo estimasi antrian yg di apk dg realtime waktu tunggu.. tolonglah kepala IT KAI nyo.. Buat nyelesain hal2 ini!"
Saya sudah deposit di akun nya tapi malah gak bisa pakai saldo Di masukin pin salah Gua minta lupa pin gak bisa-bisa Miris banget aplikasi nya Tolong bantu jawab cs saya supaya saya bisa perbaikin bintang ini!!!!,,,,negatif,,Aku wis deposit ing akun nya nanging malah ora bisa nganggo saldo Ing masukin pin salah Gua minta lupa pin ora bisa-bisa Miris banget aplikasi nya Tulung bantu jawab cs aku supaya aku bisa perbaikin bintang iki!!!!,Aku wis deposit di akun nya nanging malah ora bisa pakai saldo Di masukin pin salah Gua minta lupa pin ora bisa-bisa Miris banget aplikasi nya Tolong bantu jawab cs aku supaya aku bisa perbaikin bintang ini!!!!,Aku lah deposit di akun nyo tapi malah dak pacak pakai saldo Di masukin pin salah Gua minta lupa pin dak pacak-pacak Miris nian aplikasi nyo Tolong bantu jawab cs aku supaya aku pacak perbaikin bintang ini!!!!,aku lah deposit di akun nyo tapi malah dak pacak pakai saldo Di masukin pin salah Gua minta lupa pin dak pacak-pacak Miris nian aplikasi nyo Tolong bantu jawab cs aku supaya aku pacak perbaikin bintang ini!!!!
"Aplikasi ga jelas udah habis 100rb cuma buat bolak balik beli ka lokal 15 rb an tapi ga dapet tiket, korupsi. Mana gadibalikin uangnya",,,negatif,negatif,,"Aplikasi ora cetha wis habis 100rb mung kanggo bolak balik tumbas ka lokal 15 rb an nanging ora dapet tiket, korupsi. Endi gadibalikin uangnya","Aplikasi ora jelas wis habis 100rb mung buat bolak balik beli ka lokal 15 rb an nanging ora dapet tiket, korupsi. Mana gadibalikin uangnya","Aplikasi dak jelas lah habis 100rb cuman buat bolak balik beli ka lokal 15 rb an tapi dak dapet tiket, korupsi. Mana gadibalikin uangnyo","Aplikasi ga jelas lah habis 100rb cuman buat bolak balik beli ka lokal 15 rb an tapi ga dapet tiket, korupsi. Mana gadibalikin uangnyo"
"Min tolong benerin, saya mau daftar metode pembayaran lama banget, metode pembayaran kartu debit/kredit nya jga dri tadi tulisan nya""upss terjadi kesalahan"", padahal sinyal saya bagus, habis tu tdi juga mau membatalkan pemesanan yg pake e wallet nya ga bsa",,,negatif,negatif,,"Min tulung benerin, aku arep daftar cara pembayaran suwe banget, cara pembayaran kartu debit/kredit nya uga dri tadi tulisan nya""upss terjadi kesalahan"", padahal sinyal aku apik, habis tu tdi uga arep membatalkan pesenan yg nganggo e wallet nya ora bsa","Min tolong benerin, aku arep daftar metode pembayaran lama banget, metode pembayaran kartu debit/kredit nya jga dri tadi tulisan nya""upss terjadi kesalahan"", padahal sinyal aku apik, habis tu tdi uga arep membatalkan pemesanan yg pake e wallet nya ora bsa","Min tolong benerin, aku nak daftar metode pembayaran lama nian, metode pembayaran kartu debit/kredit nyo jga dri tadi tulisan nyo""upss terjadi kesalahan"", padahal sinyal aku bagus, habis tu tdi jugo nak membatalkan pemesanan yg pake e wallet nyo dak bsa","Min tolong benerin, aku nak daftar metode pembayaran lama nian, metode pembayaran kartu debit/kredit nyo jga dri tadi tulisan nyo""upss terjadi kesalahan"", padahal sinyal aku bagus, habis tu tdi jugo nak membatalkan pemesanan yg pake e wallet nyo ga bsa"
"Setiap Top Up Saldo, bukan Bertambah Tp Malah Berkurang, Bukan Hanya Sekali... Setiap Top Up Saldo Ga Pernah Sesuai dengan Yang Kita Top Up... Kacau Sih",,,,negatif,,"Saben Top Up Saldo, bukan Nambah Tp Malah Murah, Bukan Hanya Sekali... Saben Top Up Saldo Ora Pernah Cocok karo Sing Kowe Top Up... Kacau Sih","Setiap Top Up Saldo, dudu Bertambah Tp Malah Berkurang, Dudu Hanya Pisan... Setiap Top Up Saldo Ora Pernah Sesuai karo Yang Kabeh Top Up... Kacau Sih","Setiap Top Up Saldo, bukan Bertambah Tp Malah Berkurang, Bukan Hanyo Nian... Setiap Top Up Saldo Dak Pernah Sesuai pake Yang Kito Top Up... Kacau Sih","Setiap Top Up Saldo, bukan Bertambah Tp Malah Berkurang, Bukan Hanyo nian... Setiap Top Up Saldo Ga Pernah Sesuai dengan Yang kito Top Up... Kacau Sih"
"Aplikasi Sudah bagus nih, tetapi pas udah saya simpan total penumpang, tanggal, kursi + tujuan dan nominal yg dibayar udah muncul. Kenapa saat pembayaran menggunakan Qris selalu RTO? Akhirnya ga jadi dapat tiket. Kejadian sudah berkali-kali",,,konflik,negatif,,"Aplikasi Wis apik nih, tetapi pas wis aku simpan total penumpang, tanggal, kursi + tujuan lan nominal yg dibayar wis muncul. Kena apa wektu pembayaran menggunakan Qris selalu RTO? Akhirnya ora dadi dapat tiket. Kejadian wis berkali-kali","Aplikasi Wis apik nih, tetapi pas wis aku simpan total penumpang, tanggal, kursi + tujuan dan nominal yg dibayar wis muncul. Kena apa saat pembayaran menggunakan Qris selalu RTO? Akhirnya ora jadi dapat tiket. Kejadian wis berkali-kali","Aplikasi Lah bagus nih, tetapi pas lah aku simpan total penumpang, tanggal, kursi + tujuan dan nominal yg dibayar lah muncul. Ngapo saat pembayaran menggunakan Qris selalu RTO? Akhirnyo dak jadi dapat tiket. Kejadian lah berkali-kali","Aplikasi lah bagus nih, tetapi pas lah aku simpan total penumpang, tanggal, kursi + tujuan dan nominal yg dibayar lah muncul. ngapo saat pembayaran menggunakan Qris selalu RTO? Akhirnyo ga jadi dapat tiket. Kejadian lah berkali-kali"
Aplikasi aneh nih sudah booking menunggu pembayaran pas sudah bayar kursi tiba-tiba hilang mana saldo berkurang....😎 Mohon kai untuk meningkatkan pelayanan jangan mau uangnya saja,,,negatif,negatif,,Aplikasi aneh nih wis pesen nunggu pembayaran pas wis bayar kursi tiba-tiba hilang endi saldo murah....😎 Nyuwun kai kanggo meningkatkan pelayanan aja arep uangnya saja,Aplikasi aneh nih wis booking menunggu pembayaran pas wis bayar kursi tiba-tiba hilang mana saldo berkurang....😎 Mohon kai untuk meningkatkan pelayanan jangan arep uangnya wae,Aplikasi aneh nih lah booking menunggu pembayaran pas lah bayar kursi tiba-tiba hilang mana saldo berkurang....😎 Mohon kai untuk meningkatkan pelayanan jangan nak uangnyo bae,Aplikasi aneh nih lah booking menunggu pembayaran pas lah bayar kursi tiba-tiba hilang mana saldo berkurang....😎 Mohon kai untuk meningkatkan pelayanan jangan nak uangnyo bae
"Maaf ulasan saya kali ini saya rating bintang satu sebab pembayaran via QRIS ada problem cukup menyebalkan, setiap kali memilih pembayaran QRIS saya tidak bisa mengunduh barcode nya... Otomatis saya harus membatalkan pesanan serta kursi yang sudah mau saya pesan.",,,netral,negatif,,"Maaf ulasan aku kali iki aku rating bintang satu sebab pembayaran lewat QRIS ana problem cukup menyebalkan, saben kali memilih pembayaran QRIS aku ora bisa mengunduh barcode nya... Otomatis aku kudu membatalkan pesanan serta kursi sing wis arep aku pesen.","Maaf ulasan aku kali ini aku rating bintang satu sebab pembayaran via QRIS ana problem cukup menyebalkan, setiap kali memilih pembayaran QRIS aku ora bisa mengunduh barcode nya... Otomatis aku harus membatalkan pesanan serta kursi yang wis arep aku pesen.","Maaf ulasan aku kali ini aku rating bintang satu sebab pembayaran via QRIS ado problem cukup menyebalkan, setiap kali memilih pembayaran QRIS aku dak pacak mengunduh barcode nyo... Otomatis aku harus membatalkan pesanan serta kursi yang lah nak aku pesan.","Maaf ulasan aku kali ini aku rating bintang satu sebab pembayaran via QRIS ado problem cukup menyebalkan, setiap kali memilih pembayaran QRIS aku dak pacak mengunduh barcode nyo... Otomatis aku harus membatalkan pesanan serta kursi yang lah nak aku pesan."
"Ribet banget setiap mau bayar tiket pake e-wallet selalu gagal padahal jaringan bagus dan gaada masalah, loadingnya lama pula karena kaya gitu jadi sering ketinggalan kereta sangan tidak efisien, pernah juga gagal transaksi tapi saldo tetap terpotong",,,,negatif,,"Ribet banget saben arep bayar tiket nganggo e-wallet selalu gagal padahal jaringan apik lan gaada masalah, loadingnya suwe pula karena kaya gitu dadi sering ketinggalan sepur sangan ora efisien, pernah uga gagal transaksi nanging saldo tetap terpotong","Ribet banget setiap arep bayar tiket pake e-wallet selalu gagal padahal jaringan apik dan gaada masalah, loadingnya lama pula karena kaya gitu jadi sering ketinggalan kereta sangan ora efisien, pernah uga gagal transaksi nanging saldo tetap terpotong","Ribet nian setiap nak bayar tiket pake e-wallet selalu gagal padahal jaringan bagus dan gaada masalah, loadingnyo lama pula karena kaya gitu jadi sering ketinggalan kereta sangan dak efisien, pernah jugo gagal transaksi tapi saldo tetap terpotong","Ribet nian setiap nak bayar tiket pake e-wallet selalu gagal padahal jaringan bagus dan gaada masalah, loadingnyo lama pula karena kaya gitu jadi sering ketinggalan kereta sangan dak efisien, pernah jugo gagal transaksi tapi saldo tetap terpotong"
"Kenapa susah sekali utk pesan tiket. Jam 00.00 sudah standby, mau proses pembayaran selalu gagal. Tau2 tiketnya habis. Malah ada info dr teman kalo ada permainan calo. Sangat Indonesia sekali. Konsumen dibuat susah lalu dimanfaatkan.",,,,negatif,,"Kena apa susah sekali utk pesen tiket. Jam 00.00 wis standby, arep proses pembayaran selalu gagal. Tau2 tiketnya habis. Malah ana info dr teman yen ana permainan calo. Banget Indonesia sekali. Konsumen dibuat susah lalu dimanfaatkan.","Kena apa susah pisan utk pesen tiket. Jam 00.00 wis standby, arep proses pembayaran selalu gagal. Tau2 tiketnya habis. Malah ana info dr teman yen ana permainan calo. Banget Indonesia pisan. Konsumen dibuat susah lalu dimanfaatkan.","Ngapo susah nian utk pesan tiket. Jam 00.00 lah standby, nak proses pembayaran selalu gagal. Tau2 tiketnyo habis. Malah ado info dr teman men ado permainan calo. Nian Indonesia nian. Konsumen dibuat susah lalu dimanfaatkan.","ngapo susah nian utk pesan tiket. Jam 00.00 lah standby, nak proses pembayaran selalu gagal. Tau2 tiketnyo habis. Malah ado info dr teman men ado permainan calo. nian Indonesia nian. Konsumen dibuat susah lalu dimanfaatkan."
Tolong ditingkatlan lagi aplikasinya.. aplikasinya sangat lelet... saya melakukan pembelian tiket KA bandara 2 kali time out terus padahal saldo audah kepotong juga 2 kali.. mengubungi CS menyertakan bukti2 nggak d respon2,negatif,,negatif,negatif,,Tulung ditingkatlan maneh aplikasinya.. aplikasinya banget alon... aku melakukan tumbas tiket KA bandara 2 kali time out terus padahal saldo audah kepotong uga 2 kali.. mengubungi CS menyertakan bukti2 ora d respon2,Tolong ditingkatlan lagi aplikasinya.. aplikasinya banget alon... aku melakukan pembelian tiket KA bandara 2 kali time out terus padahal saldo audah kepotong uga 2 kali.. mengubungi CS menyertakan bukti2 ora d respon2,Tolong ditingkatlan lagi aplikasinyo.. aplikasinyo nian lelet... aku melakukan pembelian tiket KA bandara 2 kali time out terus padahal saldo audah kepotong jugo 2 kali.. mengubungi CS menyertakan bukti2 dak d respon2,Tolong ditingkatlan lagi aplikasinyo.. aplikasinyo nian lelet... aku melakukan pembelian tiket KA bandara 2 kali time out terus padahal saldo audah kepotong jugo 2 kali.. mengubungi CS menyertakan bukti2 dak d respon2
"Sudah pesan, waktu klik bayar malah proses gagal, lalu diberi waktu 15 menit utk menyelesaikan pembayaran. Padahal tadi saldo kaspro sudah kepotong. Stelah 15 menit tiket gagal, saldo tidak kembali. Merugikan sekali.",,,,negatif,,"Wis pesen, wektu klik bayar malah proses gagal, lalu diberi wektu 15 menit utk menyelesaikan pembayaran. Padahal tadi saldo kaspro wis kepotong. Stelah 15 menit tiket gagal, saldo ora bali. Merugikan sekali.","Wis pesen, waktu klik bayar malah proses gagal, lalu diberi waktu 15 menit utk menyelesaikan pembayaran. Padahal tadi saldo kaspro wis kepotong. Stelah 15 menit tiket gagal, saldo ora kembali. Merugikan pisan.","Lah pesan, waktu klik bayar malah proses gagal, lalu diberi waktu 15 menit utk menyelesaikan pembayaran. Padahal tadi saldo kaspro lah kepotong. Stelah 15 menit tiket gagal, saldo dak kembali. Merugikan nian.","lah pesan, waktu klik bayar malah proses gagal, lalu diberi waktu 15 menit utk menyelesaikan pembayaran. Padahal tadi saldo kaspro lah kepotong. Stelah 15 menit tiket gagal, saldo dak kembali. Merugikan nian."
Aplikasi BUMN. tapi kinerjanya bikin kecewa sering makan saldo banyak orang termasuk saya yg tidak dikembalikan. Layanan cs tuli buta dan lumpuh. Yang tidak mau berbenah dr tahun ketahun sama aja pelayananya.,,,,negatif,,Aplikasi BUMN. nanging kinerjanya bikin kecewa sering makan saldo akeh orang termasuk aku yg ora dikembalikan. Layanan cs tuli buta lan lumpuh. Sing ora arep berbenah dr tahun ketahun padha aja pelayananya.,Aplikasi BUMN. nanging kinerjanya bikin kecewa sering makan saldo banyak wong termasuk aku yg ora dikembalikan. Layanan cs tuli buta dan lumpuh. Yang ora arep berbenah dr tahun ketahun karo wae pelayananya.,Aplikasi BUMN. tapi kinerjanyo bikin kecewa sering makan saldo banyak wong termasuk aku yg dak dikembalikan. Layanan cs tuli buta dan lumpuh. Yang dak nak berbenah dr tahun ketahun samo bae pelayananyo.,Aplikasi BUMN. tapi kinerjanyo bikin kecewa sering makan saldo banyak wong termasuk aku yg dak dikembalikan. Layanan cs tuli buta dan lumpuh. Yang dak nak berbenah dr tahun ketahun samo bae pelayananyo.
"Aplikasi ga guna, pembatalan tiket ga jelas, verifikasi bank penerima ga bisa, pake e wallet ga bisa verifikasi juga. Uninstal",,,negatif,negatif,,"Aplikasi ora guna, pembatalan tiket ora cetha, verifikasi bank penerima ora bisa, nganggo e wallet ora bisa verifikasi uga. Uninstal","Aplikasi ora guna, pembatalan tiket ora jelas, verifikasi bank penerima ora bisa, pake e wallet ora bisa verifikasi uga. Uninstal","Aplikasi dak guna, pembatalan tiket dak jelas, verifikasi bank penerima dak pacak, pake e wallet dak pacak verifikasi jugo. Uninstal","Aplikasi ga guna, pembatalan tiket ga jelas, verifikasi bank penerima ga pacak, pake e wallet ga pacak verifikasi jugo. Uninstal"
"Sangat buruk. Saya sudah mengalami 2x transaksi gagal pesan padahal saldo kaspro berkurang. Dan sampai skrg tidak ada refund pengembalian. Saya tanya ke cs di stasiun dsuruh tunggu paling lama seminggu. Tp hasil tetap nihil. Saldo saya berkurang tapi di riwayat transaksi tidak ada pemotongan, kan sangat aneh, Semoga segera di perbaiki, jangan buat aplikasi gagal gini. Sangat merugikan rakyat.",,,,negatif,,"Banget buruk. Aku wis ngalami 2x transaksi gagal pesen padahal saldo kaspro murah. Lan sampai skrg ora ana refund pengembalian. Aku tanya menyang cs ing stasiun dsuruh tunggu paling suwe seminggu. Tp asil tetap nihil. Saldo aku murah nanging ing riwayat transaksi ora ana pemotongan, kan banget aneh, Muga-muga cepet ing benerake, aja kanggo aplikasi gagal gini. Banget merugikan rakyat.","Banget ala. Aku wis mengalami 2x transaksi gagal pesen padahal saldo kaspro berkurang. Dan sampai skrg ora ana refund pengembalian. Aku tanya ke cs di stasiun dsuruh tunggu paling lama seminggu. Tp hasil tetap nihil. Saldo aku berkurang nanging di riwayat transaksi ora ana pemotongan, kan banget aneh, Semoga segera di perbaiki, jangan buat aplikasi gagal gini. Banget merugikan rakyat.","Nian buruk. Aku lah mengalami 2x transaksi gagal pesan padahal saldo kaspro berkurang. Dan sampai skrg dak ado refund pengembalian. Aku tanyo ke cs di stasiun dsuruh tunggu paling lama seminggu. Tp hasil tetap nihil. Saldo aku berkurang tapi di riwayat transaksi dak ado pemotongan, kan nian aneh, Semoga segera di perbaiki, jangan buat aplikasi gagal gini. Nian merugikan rakyat.","nian buruk. aku lah mengalami 2x transaksi gagal pesan padahal saldo kaspro berkurang. Dan sampai skrg dak ado refund pengembalian. aku tanyo ke cs di stasiun dsuruh tunggu paling lama seminggu. Tp hasil tetap nihil. Saldo aku berkurang tapi di riwayat transaksi dak ado pemotongan, kan nian aneh, Semoga segera di perbaiki, jangan buat aplikasi gagal gini. nian merugikan rakyat."
"sangat buruk, setelah top up, semua transaksi menjadi gagal, potongan top up juga 10 persen, alhasil saldo gak bisa di apa apa in",,,,negatif,,"banget buruk, sawise top up, semua transaksi dadi gagal, potongan top up uga 10 persen, alhasil saldo ora bisa ing apa apa in","banget ala, setelah top up, kabeh transaksi menjadi gagal, potongan top up uga 10 persen, alhasil saldo ora bisa di apa apa in","nian buruk, setelah top up, galo transaksi menjadi gagal, potongan top up jugo 10 persen, alhasil saldo dak pacak di apo apo in","nian buruk, setelah top up, semua transaksi menjadi gagal, potongan top up jugo 10 persen, alhasil saldo dak pacak di apo apo in"
"Sering error, beli tiket saldo rekening berkurang namun tiket dinyatakan gagal. Parahnya lagi hal ini sering terjadi. Perusahaan BUMN kok seperti ini. Mohon diperbaiki sistemnya !!",negatif,,negatif,negatif,,"Sering error, tumbas tiket saldo rekening murah namun tiket dinyatakan gagal. Parahnya maneh hal iki sering terjadi. Perusahaan BUMN kok seperti iki. Nyuwun benerake sistemnya !!","Sering rusak, beli tiket saldo rekening berkurang namun tiket dinyatakan gagal. Parahnya lagi hal ini sering terjadi. Perusahaan BUMN kok kaya ini. Mohon diperbaiki sistemnya !!","Sering error, beli tiket saldo rekening berkurang namun tiket dinyatakan gagal. Parahnyo lagi hal ini sering terjadi. Perusahaan BUMN kok cak ini. Mohon diperbaiki sistemnyo !!","Sering error, beli tiket saldo rekening berkurang namun tiket dinyatakan gagal. Parahnyo lagi hal ini sering terjadi. Perusahaan BUMN kok cak ini. Mohon diperbaiki sistemnyo !!"
"Pertama kali coba cari tiket solo wonogiri sulit, pembayaran belibet(kurang praktis) gagal terus. Jaringan sibuk padahal pesanya jam 00.00 WIB - 00.30 WIB gagal. Mohon bisa di perbaiki lagi",negatif,,negatif,negatif,,"Pertama kali coba cari tiket solo wonogiri sulit, pembayaran belibet(kurang praktis) gagal terus. Jaringan sibuk padahal pesanya jam 00.00 WIB - 00.30 WIB gagal. Nyuwun bisa ing benerake maneh","Pertama kali coba cari tiket solo wonogiri sulit, pembayaran belibet(kurang praktis) gagal terus. Jaringan sibuk padahal pesanya jam 00.00 WIB - 00.30 WIB gagal. Mohon bisa di perbaiki lagi","Pertama kali coba cari tiket solo wonogiri sulit, pembayaran belibet(kurang praktis) gagal terus. Jaringan sibuk padahal pesanyo jam 00.00 WIB - 00.30 WIB gagal. Mohon pacak di perbaiki lagi","Pertama kali coba cari tiket solo wonogiri sulit, pembayaran belibet(kurang praktis) gagal terus. Jaringan sibuk padahal pesanyo jam 00.00 WIB - 00.30 WIB gagal. Mohon pacak di perbaiki lagi"
"Mau pesen makanan sama minuman gak bisa, lama lama gak jelas ini apk, padahal tinggal bayar tp error. Tolong diperbaiki bos berikan kenyamanan yang baik. apk BUMN tapi sering error gak jelas!",negatif,,,negatif,,"Arep pesen makanan padha minuman ora bisa, suwe suwe ora cetha iki apk, padahal tinggal bayar tp error. Tulung benerake bos berikan kenyamanan sing baik. apk BUMN nanging sering error ora cetha!","Arep pesen makanan karo minuman ora bisa, lama lama ora jelas ini apk, padahal tinggal bayar tp rusak. Tolong diperbaiki bos berikan kenyamanan yang apik. apk BUMN nanging sering rusak ora jelas!","Nak pesen makanan samo minuman dak pacak, lama lama dak jelas ini apk, padahal tinggal bayar tp error. Tolong diperbaiki bos berikan kenyamanan yang baek. apk BUMN tapi sering error dak jelas!","nak pesen makanan samo minuman dak pacak, lama lama dak jelas ini apk, padahal tinggal bayar tp error. Tolong diperbaiki bos berikan kenyamanan yang baek. apk BUMN tapi sering error dak jelas!"
"Aplikasi keseringan error gajelas. Udah harus war tiket, error pula. Udah di payment eh tiket gagal pembayarannya. Padahal saldo udah kepotong!!!!",negatif,,negatif,negatif,,"Aplikasi keseringan error gajelas. Wis kudu war tiket, error pula. Wis ing payment eh tiket gagal pembayarane. Padahal saldo wis kepotong!!!!","Aplikasi keseringan rusak gajelas. Wis harus war tiket, rusak pula. Wis di payment eh tiket gagal pembayarannya. Padahal saldo wis kepotong!!!!","Aplikasi keseringan error gajelas. Lah harus war tiket, error pula. Lah di payment eh tiket gagal pembayarannyo. Padahal saldo lah kepotong!!!!","Aplikasi keseringan error gajelas. lah harus war tiket, error pula. lah di payment eh tiket gagal pembayarannyo. Padahal saldo lah kepotong!!!!"
Sudah bayar tiket lewat QRIS tapi status di aplikasi belum terbayar,,,negatif,negatif,,Wis bayar tiket lewat QRIS nanging status ing aplikasi durung terbayar,Wis bayar tiket lewat QRIS nanging status di aplikasi belum terbayar,Lah bayar tiket lewat QRIS tapi status di aplikasi belum terbayar,lah bayar tiket lewat QRIS tapi status di aplikasi belum terbayar
"APLIKASI GAK GUNA ORANG MAU BELI TIKET GAK BISA KLIK PEMBAYARAN, GILIRAN HARGA TERENDAH HABIS BARU BISA",,,negatif,negatif,,"APLIKASI ORA GUNA ORANG AREP TUMBAS TIKET ORA BISA KLIK PEMBAYARAN, GILIRAN HARGA TERENDAH HABIS ANYAR BISA","APLIKASI ORA GUNA WONG AREP BELI TIKET ORA BISA KLIK PEMBAYARAN, GILIRAN REGA TERENDAH HABIS BARU BISA","APLIKASI DAK GUNA WONG NAK BELI TIKET DAK PACAK KLIK PEMBAYARAN, GILIRAN HARGO TERENDAH HABIS BARU PACAK","APLIKASI dak GUNA wong nak BELI TIKET dak pacak KLIK PEMBAYARAN, GILIRAN hargo TERENDAH HABIS BARU pacak"
Makin sni makin susah beli ticket lebaran.. Available seat tpi ga bisa dibayar.. Aplikasi apa ini banyak penipuan informasi ga valid,,,negatif,negatif,,Makin sni makin susah tumbas ticket lebaran.. Available seat tpi ora bisa dibayar.. Aplikasi apa iki akeh penipuan informasi ora valid,Makin sni makin susah beli ticket lebaran.. Available seat tpi ora bisa dibayar.. Aplikasi apa ini banyak penipuan informasi ora valid,Makin sni makin susah beli ticket lebaran.. Available seat tpi dak pacak dibayar.. Aplikasi apo ini banyak penipuan informasi dak valid,Makin sni makin susah beli ticket lebaran.. Available seat tpi ga pacak dibayar.. Aplikasi apo ini banyak penipuan informasi ga valid
"Parah ini aplikasi aku dah refound dana dari 2023 sampai 2024 belum masuk🤣, waktu itu aku tanya pas awal baru refound katanya nunggu 30-45 hari (untuk refound saja lama) dan aku lupa baru ingat 4 bulan setelahnya eh dana juga belum di TF entah kemana itu aplikasi scamm penipuan, kalo bisa kirim foto refoundnya aku kirim deh disini biar kalian percaya intinya jangan sampai salah pesan tiket soalnya kalo refound udah pasti ga di balikin🤣😂",,,,negatif,,"Parah iki aplikasi aku dah refound dana dari 2023 sampai 2024 durung mlebu🤣, wektu kuwi aku tanya pas awal anyar refound jarene nunggu 30-45 dina (kanggo refound saja suwe) lan aku lupa anyar ingat 4 bulan setelahnya eh dana uga durung ing TF entah kemana kuwi aplikasi scamm penipuan, yen bisa kirim foto refoundnya aku kirim deh disini ben kalian percaya intinya aja sampai salah pesen tiket soalnya yen refound wis pasti ora ing balikin🤣😂","Parah ini aplikasi aku dah refound dana dari 2023 sampai 2024 belum masuk🤣, waktu itu aku tanya pas awal baru refound katanya nunggu 30-45 hari (untuk refound wae lama) dan aku lupa baru ingat 4 bulan setelahnya eh dana uga belum di TF entah kemana itu aplikasi scamm penipuan, yen bisa kirim foto refoundnya aku kirim deh disini biar kalian percaya intinya jangan sampai salah pesen tiket soalnya yen refound wis pasti ora di balikin🤣😂","Parah ini aplikasi aku dah refound dana dari 2023 sampai 2024 belum masuk🤣, waktu itu aku tanyo pas awal baru refound katanyo nunggu 30-45 hari (untuk refound bae lama) dan aku lupa baru ingat 4 bulan setelahnyo eh dana jugo belum di TF entah kemana itu aplikasi scamm penipuan, men pacak kirim foto refoundnyo aku kirim deh disini biar kalian percaya intinyo jangan sampai salah pesan tiket soalnyo men refound lah pasti dak di balikin🤣😂","Parah ini aplikasi aku dah refound dana dari 2023 sampai 2024 belum masuk🤣, waktu itu aku tanyo pas awal baru refound katanyo nunggu 30-45 hari (untuk refound bae lama) dan aku lupa baru ingat 4 bulan setelahnyo eh dana jugo belum di TF entah kemana itu aplikasi scamm penipuan, men pacak kirim foto refoundnyo aku kirim deh disini biar kalian percaya intinyo jangan sampai salah pesan tiket soalnyo men refound lah pasti ga di balikin🤣😂"
"Saya kasih bintang dua dulu ya, karena saya sudah top up kai pay, tpi dananya tidak masuk ke kai pay, jadi saya harus double pembayaran menggunakan qris, tolong segera diperbaiki ya",,,,negatif,,"Aku nuwun bintang loro dulu ya, karena aku wis top up kai pay, tpi dananya ora mlebu menyang kai pay, dadi aku kudu double pembayaran menggunakan qris, tulung cepet benerake ya","Aku kasih bintang dua dulu ya, karena aku wis top up kai pay, tpi dananya ora masuk ke kai pay, jadi aku harus double pembayaran menggunakan qris, tolong segera diperbaiki ya","Aku kasih bintang dua dulu ya, karena aku lah top up kai pay, tpi dananyo dak masuk ke kai pay, jadi aku harus double pembayaran menggunakan qris, tolong segera diperbaiki ya","aku kasih bintang dua dulu ya, karena aku lah top up kai pay, tpi dananyo dak masuk ke kai pay, jadi aku harus double pembayaran menggunakan qris, tolong segera diperbaiki ya"
"Tolong lahhh, jangan mempersulit orang, Saya sudah top up saldo di aplikasi KAInya gak masuk"" ini... Saya butuh cepet... Udah banyak yg komplein rwting di playstore jelek ttp aja gak ada perubahan...",,,,negatif,,"Tulung lahhh, aja mempersulit orang, Aku wis top up saldo ing aplikasi KAInya ora mlebu"" iki... Aku butuh cepet... Wis akeh yg komplein rwting ing playstore jelek ttp aja ora ana owahan...","Tolong lahhh, jangan mempersulit wong, Aku wis top up saldo di aplikasi KAInya ora masuk"" ini... Aku butuh cepet... Wis banyak yg komplein rwting di playstore jelek ttp wae ora ana perubahan...","Tolong lahhh, jangan mempersulit wong, Aku lah top up saldo di aplikasi KAInyo dak masuk"" ini... Aku butuh cepet... Lah banyak yg komplein rwting di playstore jelek ttp bae dak ado perubahan...","Tolong lahhh, jangan mempersulit wong, aku lah top up saldo di aplikasi KAInyo dak masuk"" ini... aku butuh cepet... lah banyak yg komplein rwting di playstore jelek ttp bae dak ado perubahan..."
"Rating 0 sih, bukan 1 !!! Bayar pakai KAIPAY (KASPRO) Saldo Sudah Terpotong. Tapi Tiket tidak adaaaa. Sudah komplain lewat Email, gak ada tanggapan, gak di Refund. Gimana siiih? 😌",,,negatif,negatif,,"Rating 0 sih, bukan 1 !!! Bayar nganggo KAIPAY (KASPRO) Saldo Wis Terpotong. Nanging Tiket ora adaaaa. Wis komplain lewat Email, ora ana tanggapan, ora ing Refund. Gimana siiih? 😌","Rating 0 sih, dudu 1 !!! Bayar pakai KAIPAY (KASPRO) Saldo Wis Terpotong. Nanging Tiket ora adaaaa. Wis komplain lewat Email, ora ana tanggapan, ora di Refund. Kepriye siiih? 😌","Rating 0 sih, bukan 1 !!! Bayar pakai KAIPAY (KASPRO) Saldo Lah Terpotong. Tapi Tiket dak adaaaa. Lah komplain lewat Email, dak ado tanggapan, dak di Refund. Cakmno siiih? 😌","Rating 0 sih, bukan 1 !!! Bayar pakai KAIPAY (KASPRO) Saldo lah Terpotong. Tapi Tiket dak adaaaa. lah komplain lewat Email, dak ado tanggapan, dak di Refund. cakmno siiih? 😌"
"susah aplikasinya ,pesen lewat 1 menit ludes,giliran dapet ga bisa dapet qris ,gagal terus ,top up kai lelet g masuk ,saldo keptong g balik ,hadeerrh perbaiki lah aplikasinya",negatif,,negatif,negatif,,"susah aplikasinya ,pesen lewat 1 menit ludes,giliran dapet ora bisa dapet qris ,gagal terus ,top up kai alon g mlebu ,saldo keptong g balik ,hadeerrh benerake yo aplikasinya","susah aplikasinya ,pesen lewat 1 menit ludes,giliran dapet ora bisa dapet qris ,gagal terus ,top up kai alon g masuk ,saldo keptong g balik ,hadeerrh perbaiki lah aplikasinya","susah aplikasinyo ,pesen lewat 1 menit ludes,giliran dapet dak pacak dapet qris ,gagal terus ,top up kai lelet g masuk ,saldo keptong g balik ,hadeerrh perbaiki lah aplikasinyo","susah aplikasinyo ,pesen lewat 1 menit ludes,giliran dapet ga pacak dapet qris ,gagal terus ,top up kai lelet g masuk ,saldo keptong g balik ,hadeerrh perbaiki lah aplikasinyo"
"Kurang satu fitur penting yaitu: lanjutkan pembayaran. Yang sekarang ini begitu keluar dari halaman pembayaran, sudah tidak ada cara lagi untuk membayar padahal waktu tenggat pembayaran masih ada banyak. Ini diperparah dengan kebijakan kalau dicancel, tidak bisa memesan ulang seat yang sama.",,negatif,,negatif,,"Kurang satu fitur penting yaitu: lanjutkan pembayaran. Sing saiki iki begitu metu dari halaman pembayaran, wis ora ana cara maneh kanggo membayar padahal wektu tenggat pembayaran isih ana akeh. Iki diperparah karo kebijakan kalau dicancel, ora bisa memesan ulang seat sing padha.","Kurang satu fitur penting yaitu: lanjutkan pembayaran. Yang saiki ini begitu keluar dari halaman pembayaran, wis ora ana cara lagi untuk membayar padahal waktu tenggat pembayaran masih ana banyak. Ini diperparah karo kebijakan yen dicancel, ora bisa memesan ulang seat yang karo.","Kurang satu fitur penting yaitu: lanjutkan pembayaran. Yang sekarang ini begitu keluar dari halaman pembayaran, lah dak ado caro lagi untuk membayar padahal waktu tenggat pembayaran masih ado banyak. Ini diperparah pake kebijakan men dicancel, dak pacak memesan ulang seat yang samo.","Kurang satu fitur penting yaitu: lanjutkan pembayaran. Yang sekarang ini begitu keluar dari halaman pembayaran, lah dak ado caro lagi untuk membayar padahal waktu tenggat pembayaran masih ado banyak. Ini diperparah dengan kebijakan men dicancel, dak pacak memesan ulang seat yang samo."
"Setelah di update apliaksinya tambah buruk, saya sudah pesan tiket di jam 00.05 sudah melakukan pembayaran tapi beberapa menit kemudian muncul notif pembayaran gagal dan saldo saya tetap berkurang, lalu saya pesan tiket lagi dan melakukan pembayaran lagi sekarang malah ga ada notif apa², saya sudah rugi 48 ribu. Tolong dong KAI di perbaiki lagi aplikasinya dan kembalikan saldo saya klo kaya gini kan merugikan masyarakat juga",,,negatif,negatif,,"Sawise ing nganyari apliaksinya tambah buruk, aku wis pesen tiket ing jam 00.05 wis melakukan pembayaran nanging beberapa menit kemudian muncul notif pembayaran gagal lan saldo aku tetap murah, lalu aku pesen tiket maneh lan melakukan pembayaran maneh saiki malah ora ana notif apa², aku wis rugi 48 ribu. Tulung dong KAI ing benerake maneh aplikasinya lan kembalikan saldo aku yen kaya gini kan merugikan masyarakat uga","Setelah di update apliaksinya tambah ala, aku wis pesen tiket di jam 00.05 wis melakukan pembayaran nanging beberapa menit kemudian muncul notif pembayaran gagal dan saldo aku tetap berkurang, lalu aku pesen tiket lagi dan melakukan pembayaran lagi saiki malah ora ana notif apa², aku wis rugi 48 ribu. Tolong dong KAI di perbaiki lagi aplikasinya dan kembalikan saldo aku klo kaya gini kan merugikan masyarakat uga","Setelah di update apliaksinyo tambah buruk, aku lah pesan tiket di jam 00.05 lah melakukan pembayaran tapi beberapa menit kemudian muncul notif pembayaran gagal dan saldo aku tetap berkurang, lalu aku pesan tiket lagi dan melakukan pembayaran lagi sekarang malah dak ado notif apa², aku lah rugi 48 ribu. Tolong dong KAI di perbaiki lagi aplikasinyo dan kembalikan saldo aku klo kaya gini kan merugikan masyarakat jugo","Setelah di update apliaksinyo tambah buruk, aku lah pesan tiket di jam 00.05 lah melakukan pembayaran tapi beberapa menit kemudian muncul notif pembayaran gagal dan saldo aku tetap berkurang, lalu aku pesan tiket lagi dan melakukan pembayaran lagi sekarang malah ga ado notif apa², aku lah rugi 48 ribu. Tolong dong KAI di perbaiki lagi aplikasinyo dan kembalikan saldo aku klo kaya gini kan merugikan masyarakat jugo"
"First try coba aplikasi Access tapi malah kecewa sudah install. Login via Gmail malah forced close terus harus balik ulang lagi, padahal koneksi nggak ada masalah. Ketika melengkapi data dan tinggal klik terakhir juga lemot, nggak masuk-masuk. Akhirnya ngulang dari awal sampai capek. Kirim kode OTP pun harus berulang-ulang baru terkirim, harus tunggu lama. Ujung-ujung keki karena tiketnya keburu habis duluan sebelum bisa diproses. Tolong diperbaiki agar customer bisa menikmati layanan dgn baik.",negatif,,,,negatif,"First try coba aplikasi Access nanging malah kecewa wis install. Login lewat Gmail malah forced close terus kudu balik ulang maneh, padahal koneksi ora ana masalah. Ketika melengkapi data lan tinggal klik terakhir uga lemot, ora mlebu-mlebu. Akhirnya ngulang dari awal sampai sayah. Kirim kode OTP pun kudu berulang-ulang anyar terkirim, kudu tunggu suwe. Ujung-ujung keki karena tiketnya keburu habis duluan sebelum bisa diproses. Tulung benerake agar customer bisa menikmati layanan dgn baik.","First try coba aplikasi Access nanging malah kecewa wis install. Login via Gmail malah forced close terus harus balik ulang lagi, padahal koneksi ora ana masalah. Ketika melengkapi data dan tinggal klik terakhir uga lemot, ora masuk-masuk. Akhirnya ngulang dari awal sampai capek. Kirim kode OTP pun harus berulang-ulang baru terkirim, harus tunggu lama. Ujung-ujung keki karena tiketnya keburu habis duluan sebelum bisa diproses. Tolong diperbaiki agar customer bisa menikmati layanan dgn apik.","First try coba aplikasi Access tapi malah kecewa lah install. Login via Gmail malah forced close terus harus balik ulang lagi, padahal koneksi dak ado masalah. Ketika melengkapi data dan tinggal klik terakhir jugo lemot, dak masuk-masuk. Akhirnyo ngulang dari awal sampai capek. Kirim kode OTP pun harus berulang-ulang baru terkirim, harus tunggu lama. Ujung-ujung keki karena tiketnyo keburu habis duluan sebelum pacak diproses. Tolong diperbaiki agar customer pacak menikmati layanan dgn baek.","First try coba aplikasi Access tapi malah kecewa lah install. Login via Gmail malah forced close terus harus balik ulang lagi, padahal koneksi dak ado masalah. Ketika melengkapi data dan tinggal klik terakhir jugo lemot, dak masuk-masuk. Akhirnyo ngulang dari awal sampai capek. Kirim kode OTP pun harus berulang-ulang baru terkirim, harus tunggu lama. Ujung-ujung keki karena tiketnyo keburu habis duluan sebelum pacak diproses. Tolong diperbaiki agar customer pacak menikmati layanan dgn baek."
Yang bener dong bikin aplikasi.. Kalo log in setelah salah password jangan dibikin satu jam nunggu dong.. Terus kalo ada orang buru-buru gimana?? Ini lagi ga ada tiketnya yang dikirim ke email.. Terus nanti gimana caranya boarding pass??,negatif,,,,negatif,Sing bener dong bikin aplikasi.. Yen log in sawise salah password aja dibikin satu jam nunggu dong.. Terus yen ana orang buru-buru gimana?? Iki maneh ora ana tiketnya sing dikirim menyang email.. Terus nanti gimana caranya boarding pass??,Yang bener dong bikin aplikasi.. Yen log in setelah salah password jangan dibikin satu jam nunggu dong.. Terus yen ana wong buru-buru kepriye?? Ini lagi ora ana tiketnya yang dikirim ke email.. Terus nanti kepriye caranya boarding pass??,Yang bener dong bikin aplikasi.. Men log in setelah salah password jangan dibikin satu jam nunggu dong.. Terus men ado wong buru-buru cakmno?? Ini lagi dak ado tiketnyo yang dikirim ke email.. Terus nanti cakmno caranyo boarding pass??,Yang bener dong bikin aplikasi.. men log in setelah salah password jangan dibikin satu jam nunggu dong.. Terus men ado wong buru-buru cakmno?? Ini lagi ga ado tiketnyo yang dikirim ke email.. Terus nanti cakmno caranyo boarding pass??
"makin update aplikasi bukannya mudah malah di persulittt hadehhh gimana inii🥺, ribett harus buat akun lagi, ganti nomer lagii",,,,,negatif,"makin nganyari aplikasi nanging gampang malah ing persulittt hadehhh gimana inii🥺, ribett kudu kanggo akun maneh, ganti nomer lagii","makin update aplikasi bukannya gampang malah di persulittt hadehhh kepriye inii🥺, ribett harus buat akun lagi, ganti nomer lagii","makin update aplikasi bukannyo gampang malah di persulittt hadehhh cakmno inii🥺, ribett harus buat akun lagi, ganti nomer lagii","makin update aplikasi bukannyo gampang malah di persulittt hadehhh cakmno inii🥺, ribett harus buat akun lagi, ganti nomer lagii"
"Aplikasi teraneh dan terburuk, abis update log in saldo 66.200 langsung hilang jadi 0. Parrrah",,,,negatif,,"Aplikasi teraneh lan terburuk, entek nganyari log in saldo 66.200 langsung hilang dadi 0. Parrrah","Aplikasi teraneh dan terburuk, abis update log in saldo 66.200 langsung hilang jadi 0. Parrrah","Aplikasi teraneh dan terburuk, abis update log in saldo 66.200 langsung hilang jadi 0. Parrrah","Aplikasi teraneh dan terburuk, abis update log in saldo 66.200 langsung hilang jadi 0. Parrrah"
"Yaaah... Baru download gara2 penasaran liat iklan pas di KA, udah bermasalah saja... Saya selalu dapet notif ""akun Anda belum diaktifkan, silakan cek email"" tapi emailnya entah dimana. Kontak CS sepertinya nggk 24 jam.. Duh! 😤",,,,,negatif,"Yaaah... Anyar download gara2 penasaran liat iklan pas ing KA, wis bermasalah saja... Aku selalu dapet notif ""akun Anda durung diaktifkan, silakan cek email"" nanging emailnya entah dimana. Kontak CS sepertinya nggk 24 jam.. Duh! 😤","Yaaah... Baru download gara2 penasaran deleng iklan pas di KA, wis bermasalah wae... Aku selalu dapet notif ""akun Anda belum diaktifkan, silakan cek email"" nanging emailnya entah dimana. Kontak CS sepertinya nggk 24 jam.. Duh! 😤","Yaaah... Baru download gara2 penasaran tengok iklan pas di KA, lah bermasalah bae... Aku selalu dapet notif ""akun Anda belum diaktifkan, silakan cek email"" tapi emailnyo entah dimana. Kontak CS sepertinyo nggk 24 jam.. Duh! 😤","Yaaah... Baru download gara2 penasaran liat iklan pas di KA, lah bermasalah bae... aku selalu dapet notif ""akun Anda belum diaktifkan, silakan cek email"" tapi emailnyo entah dimana. Kontak CS sepertinyo nggk 24 jam.. Duh! 😤"
Mengapa saya mau login kai acces tidak menerima otp padahal jaringan bagus,,,,,negatif,Mengapa aku arep login kai acces ora menerima otp padahal jaringan apik,Mengapa aku arep login kai acces ora menerima otp padahal jaringan apik,Mengapa aku nak login kai acces dak menerima otp padahal jaringan bagus,Mengapa aku nak login kai acces dak menerima otp padahal jaringan bagus
"Isi data akun aja susah amat, ada aja masalah nya. Di pencet gabisa bisa",,,,,negatif,"Isi data akun aja susah amat, ana aja masalah nya. Ing pencet gabisa bisa","Isi data akun wae susah amat, ana wae masalah nya. Di pencet gabisa bisa","Isi data akun bae susah amat, ado bae masalah nyo. Di pencet gabisa pacak","Isi data akun bae susah amat, ado bae masalah nyo. Di pencet gabisa pacak"
"Gw coba daftar member basic di kai acces,udh masukin nomor telepon (yg sebelumnya belum pernah gw masukin) tapi kenapa kok tulisannya telepon sudah pernah dicantumkan. Gimana sih payah bgt aplikasi KAI ACCES nya Terus gw coba lagi pakai nomor telepon lain, pas udh masuk di verifikasi otp malah keluar sendiri dan ga bisa masuk lagi pakai nomor telepon yang baru dengan alasan Nomor telepon telah dipakai. MOHON DIPERBAIKI LAGI APLIKASINYA",,,,,negatif,"Gw coba daftar member basic ing kai acces,wis masukin nomor telepon (yg sebelumnya durung pernah gw masukin) nanging kena apa kok tulisannya telepon wis pernah dicantumkan. Gimana sih payah bgt aplikasi KAI ACCES nya Terus gw coba maneh nganggo nomor telepon lain, pas wis mlebu ing verifikasi otp malah metu sendiri lan ora bisa mlebu maneh nganggo nomor telepon sing anyar karo alasan Nomor telepon telah dipakai. NYUWUN BENERAKE MANEH APLIKASINYA","Aku coba daftar member basic di kai acces,wis masukin nomor telepon (yg sebelumnya belum pernah aku masukin) nanging kena apa kok tulisannya telepon wis pernah dicantumkan. Kepriye sih payah banget aplikasi KAI ACCES nya Terus aku coba lagi pakai nomor telepon lain, pas wis masuk di verifikasi otp malah keluar dhewe dan ora bisa masuk lagi pakai nomor telepon yang baru karo alasan Nomor telepon telah dipakai. MOHON DIPERBAIKI LAGI APLIKASINYA","Aku coba daftar member basic di kai acces,lah masukin nomor telepon (yg sebelumnyo belum pernah aku masukin) tapi ngapo kok tulisannyo telepon lah pernah dicantumkan. Cakmno sih payah nian aplikasi KAI ACCES nyo Terus aku coba lagi pakai nomor telepon lain, pas lah masuk di verifikasi otp malah keluar dewek dan dak pacak masuk lagi pakai nomor telepon yang baru pake alasan Nomor telepon telah dipakai. MOHON DIPERBAIKI LAGI APLIKASInyo","aku coba daftar member basic di kai acces,lah masukin nomor telepon (yg sebelumnyo belum pernah aku masukin) tapi ngapo kok tulisannyo telepon lah pernah dicantumkan. cakmno sih payah bgt aplikasi KAI ACCES nyo Terus aku coba lagi pakai nomor telepon lain, pas lah masuk di verifikasi otp malah keluar sendiri dan ga pacak masuk lagi pakai nomor telepon yang baru dengan alasan Nomor telepon telah dipakai. MOHON DIPERBAIKI LAGI APLIKASINYA"
"Aplikasinya error, gabisa ngisi data diri, kepental mulu ke menu login 👎",negatif,,,,negatif,"Aplikasinya error, gabisa ngisi data diri, kepental terus menyang menu login 👎","Aplikasinya rusak, gabisa ngisi data diri, kepental mulu ke menu login 👎","Aplikasinyo error, gabisa ngisi data diri, kepental mulu ke menu login 👎","Aplikasinyo error, gabisa ngisi data diri, kepental mulu ke menu login 👎"
"seharusnya aplikasi ini membantu untuk booking tiket, tapi saat saya mau booking lewat aplikasi harus upgrade member basic dulu, setelah saya isi data dan kirim kode otp dan ada notif juga sudah upgrade member basic, saat saya coba untuk booking lagi malah disuruh upgrade member basic lagi dan akhirnya saya tidak bisa booking lewat aplikasi. Tolong mohon diperbaiki lagi agar lebih memudahkan para penumpang🙏",,,negatif,,negatif,"seharusnya aplikasi iki mbantu kanggo pesen tiket, nanging wektu aku arep pesen lewat aplikasi kudu upgrade member basic dulu, sawise aku isi data lan kirim kode otp lan ana notif uga wis upgrade member basic, wektu aku coba kanggo pesen maneh malah disuruh upgrade member basic maneh lan akhirnya aku ora bisa pesen lewat aplikasi. Tulung nyuwun benerake maneh agar luwih nggampangake para penumpang🙏","seharusnya aplikasi ini membantu untuk booking tiket, nanging saat aku arep booking lewat aplikasi harus upgrade member basic dulu, setelah aku isi data dan kirim kode otp dan ana notif uga wis upgrade member basic, saat aku coba untuk booking lagi malah disuruh upgrade member basic lagi dan akhirnya aku ora bisa booking lewat aplikasi. Tolong mohon diperbaiki lagi agar lebih memudahkan para penumpang🙏","seharusnyo aplikasi ini membantu untuk booking tiket, tapi saat aku nak booking lewat aplikasi harus upgrade member basic dulu, setelah aku isi data dan kirim kode otp dan ado notif jugo lah upgrade member basic, saat aku coba untuk booking lagi malah disuruh upgrade member basic lagi dan akhirnyo aku dak pacak booking lewat aplikasi. Tolong mohon diperbaiki lagi agar lebih memudahkan para penumpang🙏","seharusnyo aplikasi ini membantu untuk booking tiket, tapi saat aku nak booking lewat aplikasi harus upgrade member basic dulu, setelah aku isi data dan kirim kode otp dan ado notif jugo lah upgrade member basic, saat aku coba untuk booking lagi malah disuruh upgrade member basic lagi dan akhirnyo aku dak pacak booking lewat aplikasi. Tolong mohon diperbaiki lagi agar lebih memudahkan para penumpang🙏"
"Cara ini memudahkan kapan diperlukan, tetapi yg paling repot klo lupa password dan nomor, sementara ordernya mungkin hanys setahun sekali dan customer nya sudah manula",,konflik,,,,"Cara iki nggampangake kapan diperlukan, tetapi yg paling repot yen lupa password lan nomor, sementara ordernya mungkin hanys setahun sekali lan customer nya wis manula","Cara ini memudahkan kapan diperlukan, tetapi yg paling repot klo lupa password dan nomor, sementara ordernya mungkin hanys setahun pisan dan customer nya wis manula","Caro ini memudahkan kapan diperlukan, tetapi yg paling repot klo lupa password dan nomor, sementara ordernyo mungkin hanys setahun nian dan customer nyo lah manula","caro ini memudahkan kapan diperlukan, tetapi yg paling repot klo lupa password dan nomor, sementara ordernyo mungkin hanys setahun nian dan customer nyo lah manula"
"saya kecewa terhadap aplikasi kai yg terbaru saat ini, seringkali error dan saya tidak bisa masuk akun saya dengan keterangan data tidak valid. padahal sudah benar. saya un instal berulang kali tetap dengan problem yg sama. semoga segera diperbaiki ya untuk kinerja aplikasinya, supaya memberikan kemudahan untuk penumpang lainnya.",negatif,,,,negatif,"aku kecewa terhadap aplikasi kai yg terbaru wektu iki, seringkali error lan aku ora bisa mlebu akun aku karo keterangan data ora valid. padahal wis benar. aku un instal berulang kali tetap karo problem yg padha. muga-muga cepet benerake ya kanggo kinerja aplikasinya, supaya memberikan kemudahan kanggo penumpang lainnya.","aku kecewa terhadap aplikasi kai yg terbaru saat ini, seringkali rusak dan aku ora bisa masuk akun aku karo keterangan data ora valid. padahal wis bener. aku un instal berulang kali tetap karo problem yg karo. semoga segera diperbaiki ya untuk kinerja aplikasinya, supaya memberikan kemudahan untuk penumpang lainnya.","aku kecewa terhadap aplikasi kai yg terbaru saat ini, seringkali error dan aku dak pacak masuk akun aku pake keterangan data dak valid. padahal lah bener. aku un instal berulang kali tetap pake problem yg samo. semoga segera diperbaiki ya untuk kinerja aplikasinyo, supaya memberikan kemudahan untuk penumpang lainnyo.","aku kecewa terhadap aplikasi kai yg terbaru saat ini, seringkali error dan aku dak pacak masuk akun aku dengan keterangan data dak valid. padahal lah benar. aku un instal berulang kali tetap dengan problem yg samo. semoga segera diperbaiki ya untuk kinerja aplikasinyo, supaya memberikan kemudahan untuk penumpang lainnyo."
"Setelah update kenapa gabisa login pake email dan nomor hp (failed request data)? Padahal udah terdaftar, gimana nihh.. mana ada tiket keberangkatan",,,,,negatif,"Sawise nganyari kena apa gabisa login nganggo email lan nomor hp (failed request data)? Padahal wis terdaftar, gimana nihh.. endi ana tiket keberangkatan","Setelah update kena apa gabisa login pake email dan nomor hp (failed request data)? Padahal wis terdaftar, kepriye nihh.. mana ana tiket keberangkatan","Setelah update ngapo gabisa login pake email dan nomor hp (failed request data)? Padahal lah terdaftar, cakmno nihh.. mana ado tiket keberangkatan","Setelah update ngapo gabisa login pake email dan nomor hp (failed request data)? Padahal lah terdaftar, cakmno nihh.. mana ado tiket keberangkatan"
"Mau pesen tiket hrus dftr member basic dulu. Trus di persulit lgi ga bisa2. Pdhl smpe ganti nomer baru pun tetap ga bisa. Ni apk gimn ya, bingung dah. Di perbarui bukannya mempermudah malah mempersulit😭🙏🏻",,,,,negatif,"Arep pesen tiket hrus dftr member basic dulu. Trus ing persulit lgi ora bisa2. Pdhl smpe ganti nomer anyar pun tetap ora bisa. Ni apk gimn ya, bingung dah. Ing perbarui nanging mempermudah malah mempersulit😭🙏🏻","Arep pesen tiket hrus dftr member basic dulu. Trus di persulit lgi ora bisa2. Pdhl smpe ganti nomer baru pun tetap ora bisa. Ni apk gimn ya, bingung dah. Di perbarui bukannya mempermudah malah mempersulit😭🙏🏻","Nak pesen tiket hrus dftr member basic dulu. Trus di persulit lgi dak bisa2. Pdhl smpe ganti nomer baru pun tetap dak pacak. Ni apk gimn ya, bingung dah. Di perbarui bukannyo mempermudah malah mempersulit😭🙏🏻","nak pesen tiket hrus dftr member basic dulu. Trus di persulit lgi ga bisa2. Pdhl smpe ganti nomer baru pun tetap ga pacak. Ni apk gimn ya, bingung dah. Di perbarui bukannyo mempermudah malah mempersulit😭🙏🏻"
Aplikasi lawak di download malah gak bisa register. Klik pusat bantuan malah gk ada pilihan apa2,,,,,negatif,Aplikasi lawak ing download malah ora bisa register. Klik pusat bantuan malah ora ana pilihan apa2,Aplikasi lawak di download malah ora bisa register. Klik pusat bantuan malah gk ana pilihan apa2,Aplikasi lawak di download malah dak pacak register. Klik pusat bantuan malah gk ado pilihan apa2,Aplikasi lawak di download malah dak pacak register. Klik pusat bantuan malah gk ado pilihan apa2
"Buruk sekali kualitas aplikasi KAU ini, request kode OTP berkali-kali buat ganti sandi, tapi OTPnya tidak pernah masuk😂😂 belum lagi masalah2 yang lain, kalo bisa kasih rating 0 kasih 0 deh",,,,,negatif,"Buruk sekali kualitas aplikasi KAU iki, request kode OTP berkali-kali kanggo ganti sandi, nanging OTPnya ora pernah mlebu😂😂 durung maneh masalah2 sing lain, yen bisa nuwun rating 0 nuwun 0 deh","Ala pisan kualitas aplikasi KAU ini, request kode OTP berkali-kali buat ganti sandi, nanging OTPnya ora pernah masuk😂😂 belum lagi masalah2 yang lain, yen bisa kasih rating 0 kasih 0 deh","Buruk nian kualitas aplikasi KAU ini, request kode OTP berkali-kali buat ganti sandi, tapi OTPnyo dak pernah masuk😂😂 belum lagi masalah2 yang lain, men pacak kasih rating 0 kasih 0 deh","Buruk nian kualitas aplikasi KAU ini, request kode OTP berkali-kali buat ganti sandi, tapi OTPnyo dak pernah masuk😂😂 belum lagi masalah2 yang lain, men pacak kasih rating 0 kasih 0 deh"
"bolak balik ganti versi lalu ketika saya gk mempergunakan aplikasi tiba"" keluar sendiri giliran di masukkan sandi selalu salah suka bingung jgv",,,,,negatif,"bolak balik ganti versi lalu ketika aku ora mempergunakan aplikasi tiba"" metu sendiri giliran ing masukkan sandi selalu salah suka bingung jgv","bolak balik ganti versi lalu ketika aku gk mempergunakan aplikasi tiba"" keluar dhewe giliran di masukkan sandi selalu salah suka bingung jgv","bolak balik ganti versi lalu ketika aku gk mempergunakan aplikasi tiba"" keluar dewek giliran di masukkan sandi selalu salah suka bingung jgv","bolak balik ganti versi lalu ketika aku gk mempergunakan aplikasi tiba"" keluar sendiri giliran di masukkan sandi selalu salah suka bingung jgv"
"Setelah update.. disuruh upgrade ke member basic, padahal sebelumnya udah terdaftar. Makin ribet aja. Masa iya harus ganti nomor HP sama @mail baru.. Kan kocak..",,,,,negatif,"Sawise nganyari.. disuruh upgrade menyang member basic, padahal sebelumnya wis terdaftar. Makin ribet aja. Mangsa iya kudu ganti nomor HP padha @mail anyar.. Kan kocak..","Setelah update.. disuruh upgrade ke member basic, padahal sebelumnya wis terdaftar. Makin ribet wae. Masa iya harus ganti nomor HP karo @mail baru.. Kan kocak..","Setelah update.. disuruh upgrade ke member basic, padahal sebelumnyo lah terdaftar. Makin ribet bae. Masa iya harus ganti nomor HP samo @mail baru.. Kan kocak..","Setelah update.. disuruh upgrade ke member basic, padahal sebelumnyo lah terdaftar. Makin ribet bae. Masa iya harus ganti nomor HP samo @mail baru.. Kan kocak.."
"Lupa sandi gagal. Lemot API sms nya. Padahal enak pake API email lebih mudah dan cepat. Sekalian login pakai email aja, jangan nomer. Selalu lemot kode sms itu.",,,,,konflik,"Lupa sandi gagal. Lemot API sms nya. Padahal enak nganggo API email luwih gampang lan cepet. Sekalian login nganggo email aja, aja nomer. Selalu lemot kode sms kuwi.","Lupa sandi gagal. Lemot API sms nya. Padahal enak pake API email lebih gampang dan cepet. Sekalian login pakai email wae, jangan nomer. Selalu lemot kode sms itu.","Lupa sandi gagal. Lemot API sms nyo. Padahal enak pake API email lebih gampang dan cepet. Sekalian login pakai email bae, jangan nomer. Selalu lemot kode sms itu.","Lupa sandi gagal. Lemot API sms nyo. Padahal enak pake API email lebih gampang dan cepet. Sekalian login pakai email bae, jangan nomer. Selalu lemot kode sms itu."
"Hari² bermasalah mulu. Ga bisa log in, dftar akun baru jg ga bisa. Boro² mau pesen tiket. Hadehhh",,,,,negatif,"Hari² bermasalah terus. Ora bisa log in, dftar akun anyar jg ora bisa. Boro² arep pesen tiket. Hadehhh","Hari² bermasalah mulu. Ora bisa log in, dftar akun baru jg ora bisa. Boro² arep pesen tiket. Hadehhh","Hari² bermasalah mulu. Dak pacak log in, dftar akun baru jg dak pacak. Boro² nak pesen tiket. Hadehhh","Hari² bermasalah mulu. Ga pacak log in, dftar akun baru jg ga pacak. Boro² nak pesen tiket. Hadehhh"
"dancok keluar sendiri, mau login lagi gak bisa, Super lemot, ada udang dibalik batu",,,,,negatif,"dancok metu sendiri, arep login maneh ora bisa, Super lemot, ana udang dibalik batu","dancok keluar dhewe, arep login lagi ora bisa, Super lemot, ana udang dibalik batu","dancok keluar dewek, nak login lagi dak pacak, Super lemot, ado udang dibalik batu","dancok keluar sendiri, nak login lagi dak pacak, Super lemot, ado udang dibalik batu"
Kenapa aplikasi ini sekarang tidak bisa login,,,,,negatif,Kena apa aplikasi iki saiki ora bisa login,Kena apa aplikasi ini saiki ora bisa login,Ngapo aplikasi ini sekarang dak pacak login,ngapo aplikasi ini sekarang dak pacak login
Akun lama ga bsa dbuka..mnta sandi sya lupa sandi nya cba msuk pke lupa sandi gagal trs...daftar baru pke email.jga g bsa gmna ini,,,,,negatif,Akun suwe ora bsa dbuka..mnta sandi sya lupa sandi nya cba msuk pke lupa sandi gagal trs...daftar anyar pke email.uga g bsa gmna iki,Akun lama ora bsa dbuka..mnta sandi sya lupa sandi nya cba msuk pke lupa sandi gagal trs...daftar baru pke email.jga g bsa gmna ini,Akun lama dak bsa dbuka..mnta sandi sya lupa sandi nyo cba msuk pke lupa sandi gagal trs...daftar baru pke email.jga g bsa gmna ini,Akun lama ga bsa dbuka..mnta sandi sya lupa sandi nyo cba msuk pke lupa sandi gagal trs...daftar baru pke email.jga g bsa gmna ini
Memasukkan kode otp keterangan not valid padahal sudah benar saat daftar jadi pengguna basic. APLIKASI SAMPAH!!!,,,,,negatif,Memasukkan kode otp keterangan not valid padahal wis benar wektu daftar dadi pengguna basic. APLIKASI SAMPAH!!!,Memasukkan kode otp keterangan not valid padahal wis bener saat daftar jadi pengguna basic. APLIKASI SAMPAH!!!,Memasukkan kode otp keterangan not valid padahal lah bener saat daftar jadi pengguna basic. APLIKASI SAMPAH!!!,Memasukkan kode otp keterangan not valid padahal lah benar saat daftar jadi pengguna basic. APLIKASI SAMPAH!!!
"Maaf, ini apa gak ada pembaruan yg lebih nyaman ya,,, masak aplikasi gak jelas kayak gini ,,, Hapus akun gak bisa, daftar akun baru sulit...... Ini gimna kelanjutannya... Tolong lah lebih di perhatikan ... Agar pengguna jga Nyaman akses.nya MOHON BAGI PETUGAS APLIKASI LEKAS DI PERBAIKI,,, ATAU SAYA LANGSUNG TEGUR DI KEPALA ATASAN ANDA 🙏🙏🙏 TRIMKASIH",,,,,negatif,"Maaf, iki apa ora ana pembaruan yg luwih penak ya,,, masak aplikasi ora cetha kayak gini ,,, Hapus akun ora bisa, daftar akun anyar sulit...... Iki gimna kelanjutannya... Tulung yo luwih ing perhatikan ... Agar pengguna uga Penak akses.nya NYUWUN BAGI PETUGAS APLIKASI LEKAS ING BENERAKE,,, UTAWA AKU LANGSUNG TEGUR ING KEPALA ATASAN ANDA 🙏🙏🙏 TRIMKASIH","Maaf, ini apa ora ana pembaruan yg lebih nyaman ya,,, masak aplikasi ora jelas kayak gini ,,, Hapus akun ora bisa, daftar akun baru sulit...... Ini gimna kelanjutannya... Tolong lah lebih di perhatikan ... Agar pengguna jga Nyaman akses.nya MOHON BAGI PETUGAS APLIKASI LEKAS DI PERBAIKI,,, ATAU AKU LANGSUNG TEGUR DI KEPALA ATASAN ANDA 🙏🙏🙏 TRIMKASIH","Maaf, ini apo dak ado pembaruan yg lebih nyaman ya,,, masak aplikasi dak jelas kayak gini ,,, Hapus akun dak pacak, daftar akun baru sulit...... Ini gimna kelanjutannyo... Tolong lah lebih di perhatikan ... Agar pengguna jga Nyaman akses.nyo MOHON BAGI PETUGAS APLIKASI LEKAS DI PERBAIKI,,, ATAU AKU LANGSUNG TEGUR DI KEPALA ATASAN ANDA 🙏🙏🙏 TRIMKASIH","Maaf, ini apo dak ado pembaruan yg lebih nyaman ya,,, masak aplikasi dak jelas kayak gini ,,, Hapus akun dak pacak, daftar akun baru sulit...... Ini gimna kelanjutannyo... Tolong lah lebih di perhatikan ... Agar pengguna jga Nyaman akses.nyo MOHON BAGI PETUGAS APLIKASI LEKAS DI PERBAIKI,,, ATAU aku LANGSUNG TEGUR DI KEPALA ATASAN ANDA 🙏🙏🙏 TRIMKASIH"
Kalau apk tidak di buka lama kenapa akun bisa keluar sendiri.,,,,,netral,Kalau apk ora ing buka suwe kena apa akun bisa metu sendiri.,Yen apk ora di buka lama kena apa akun bisa keluar dhewe.,Men apk dak di buka lama ngapo akun pacak keluar dewek.,men apk dak di buka lama ngapo akun pacak keluar sendiri.
"Aplikasi ga jelas. Daftar pakai e-mail, disuruh upgrade ke basic biar bisa pesan tiket. Harus input nomor hp untuk dapat kode OTP. Tapi ga bisa daftar juga. Udh berapa nomor hp yg di input hasilnya tetep sama. Bukan bikin mudah malah nambahin ribet.",,,,,negatif,"Aplikasi ora cetha. Daftar nganggo e-mail, disuruh upgrade menyang basic ben bisa pesen tiket. Kudu input nomor hp kanggo dapat kode OTP. Nanging ora bisa daftar uga. Wis berapa nomor hp yg ing input hasilnya tetep padha. Bukan bikin gampang malah nambahin ribet.","Aplikasi ora jelas. Daftar pakai e-mail, disuruh upgrade ke basic biar bisa pesen tiket. Harus input nomor hp untuk dapat kode OTP. Nanging ora bisa daftar uga. Wis berapa nomor hp yg di input hasilnya tetep karo. Dudu bikin gampang malah nambahin ribet.","Aplikasi dak jelas. Daftar pakai e-mail, disuruh upgrade ke basic biar pacak pesan tiket. Harus input nomor hp untuk dapat kode OTP. Tapi dak pacak daftar jugo. Lah berapa nomor hp yg di input hasilnyo tetep samo. Bukan bikin gampang malah nambahin ribet.","Aplikasi ga jelas. Daftar pakai e-mail, disuruh upgrade ke basic biar pacak pesan tiket. Harus input nomor hp untuk dapat kode OTP. Tapi ga pacak daftar jugo. lah berapa nomor hp yg di input hasilnyo tetep samo. Bukan bikin gampang malah nambahin ribet."
ribet minta aktivasi terus dituruti update berulang ulang ga bisa lanjut mu topup harus aktifasi lagi padahal sudah,,,,negatif,negatif,ribet minta aktivasi terus dituruti nganyari berulang ulang ora bisa lanjut mu topup kudu aktifasi maneh padahal wis,ribet minta aktivasi terus dituruti update berulang ulang ora bisa lanjut mu topup harus aktifasi lagi padahal wis,ribet minta aktivasi terus dituruti update berulang ulang dak pacak lanjut mu topup harus aktifasi lagi padahal lah,ribet minta aktivasi terus dituruti update berulang ulang ga pacak lanjut mu topup harus aktifasi lagi padahal lah
"bayar pakai kaipay lemot dan akhirnya pin terblokir, padahal sudah topup saldo banyak Bayar pakai shopeepay gak bisa menyambungkan terus",,,,negatif,,"bayar nganggo kaipay lemot lan akhirnya pin terblokir, padahal wis topup saldo akeh Bayar nganggo shopeepay ora bisa menyambungkan terus","bayar pakai kaipay lemot dan akhirnya pin terblokir, padahal wis topup saldo banyak Bayar pakai shopeepay ora bisa menyambungkan terus","bayar pakai kaipay lemot dan akhirnyo pin terblokir, padahal lah topup saldo banyak Bayar pakai shopeepay dak pacak menyambungkan terus","bayar pakai kaipay lemot dan akhirnyo pin terblokir, padahal lah topup saldo banyak Bayar pakai shopeepay dak pacak menyambungkan terus"
"Setiap mau login selalu muncul tulisan aplikasi tidak menanggapi. Padahal sinyal bagus, buka aplikasi lain juga lancar. Sudah berhari-hari ditunggu, dan dicoba terus, tapi tetep aja gabisa",,,,,negatif,"Saben arep login selalu muncul tulisan aplikasi ora menanggapi. Padahal sinyal apik, buka aplikasi lain uga lancar. Wis berhari-dina ditunggu, lan dicoba terus, nanging tetep aja gabisa","Setiap arep login selalu muncul tulisan aplikasi ora menanggapi. Padahal sinyal apik, buka aplikasi lain uga lancar. Wis berhari-hari ditunggu, dan dicoba terus, nanging tetep wae gabisa","Setiap nak login selalu muncul tulisan aplikasi dak menanggapi. Padahal sinyal bagus, buka aplikasi lain jugo lancar. Lah berhari-hari ditunggu, dan dicoba terus, tapi tetep bae gabisa","Setiap nak login selalu muncul tulisan aplikasi dak menanggapi. Padahal sinyal bagus, buka aplikasi lain jugo lancar. lah berhari-hari ditunggu, dan dicoba terus, tapi tetep bae gabisa"
"Kenapa saya berulang ulang diminta upgrade member basic padahal sudah pernah daftar, dan bahkan ada tulisannya email dan no hp sudah terdaftar. Lha terus proses dftar member basic saya yg sblmnya gimana? Namanya maju kena mundur kena",,,,,,"Kena apa aku berulang ulang diminta upgrade member basic padahal wis pernah daftar, lan bahkan ana tulisannya email lan no hp wis terdaftar. Lha terus proses dftar member basic aku yg sblmnya gimana? Namanya maju kena mundur kena","Kena apa aku berulang ulang diminta upgrade member basic padahal wis pernah daftar, dan bahkan ana tulisannya email dan no hp wis terdaftar. Lha terus proses dftar member basic aku yg sblmnya kepriye? Namanya maju kena mundur kena","Ngapo aku berulang ulang diminta upgrade member basic padahal lah pernah daftar, dan bahkan ado tulisannyo email dan no hp lah terdaftar. Lha terus proses dftar member basic aku yg sblmnyo cakmno? Namanyo maju kena mundur kena","ngapo aku berulang ulang diminta upgrade member basic padahal lah pernah daftar, dan bahkan ado tulisannyo email dan no hp lah terdaftar. Lha terus proses dftar member basic aku yg sblmnyo cakmno? Namanyo maju kena mundur kena"
"Saya naikan jadi 3 bintang ya, pembayaran mandiri direct debit bermasalah, sudah tunggu tapi OTP via SMSnya masih belum muncul padahal ada pulsanya.",,,,negatif,,"Aku naikan dadi 3 bintang ya, pembayaran mandiri direct debit bermasalah, wis tunggu nanging OTP lewat SMSnya isih durung muncul padahal ana pulsanya.","Aku naikan jadi 3 bintang ya, pembayaran mandiri direct debit bermasalah, wis tunggu nanging OTP via SMSnya masih belum muncul padahal ana pulsanya.","Aku naikan jadi 3 bintang ya, pembayaran mandiri direct debit bermasalah, lah tunggu tapi OTP via SMSnyo masih belum muncul padahal ado pulsanyo.","aku naikan jadi 3 bintang ya, pembayaran mandiri direct debit bermasalah, lah tunggu tapi OTP via SMSnyo masih belum muncul padahal ado pulsanyo."
Gimana cara mengatasi proses pengaturan ulang kata sandi? Kog gagal terus waktu klik lupa kata sandi,,,,,negatif,Gimana cara mengatasi proses pengaturan ulang kata sandi? Kog gagal terus wektu klik lupa kata sandi,Kepriye cara mengatasi proses pengaturan ulang kata sandi? Kog gagal terus waktu klik lupa kata sandi,Cakmno caro mengatasi proses pengaturan ulang kata sandi? Kog gagal terus waktu klik lupa kata sandi,cakmno caro mengatasi proses pengaturan ulang kata sandi? Kog gagal terus waktu klik lupa kata sandi
"Aplikasi negtodd. Lama bet verifikasi OTP, bikin darah tinggi aja. Mending aku pesan dari stasiun sendiri, seperti tahun 2000an. Tapi gw gak bisa karena aku harus pesan lewat apk sampah ini!!! ASU NGENTODD!!",,,,,negatif,"Aplikasi negtodd. Suwe bet verifikasi OTP, bikin darah tinggi aja. Mending aku pesen dari stasiun sendiri, seperti tahun 2000an. Nanging gw ora bisa karena aku kudu pesen lewat apk sampah iki!!! ASU NGENTODD!!","Aplikasi negtodd. Lama bet verifikasi OTP, bikin darah tinggi wae. Mending aku pesen dari stasiun dhewe, kaya tahun 2000an. Nanging aku ora bisa karena aku harus pesen lewat apk sampah ini!!! ASU NGENTODD!!","Aplikasi negtodd. Lama bet verifikasi OTP, bikin darah tinggi bae. Mending aku pesan dari stasiun dewek, cak tahun 2000an. Tapi aku dak pacak karena aku harus pesan lewat apk sampah ini!!! ASU NGENTODD!!","Aplikasi negtodd. Lama bet verifikasi OTP, bikin darah tinggi bae. Mending aku pesan dari stasiun sendiri, cak tahun 2000an. Tapi aku dak pacak karena aku harus pesan lewat apk sampah ini!!! ASU NGENTODD!!"
"Kenapa sekarang jadi susah sekali mau pesen tiket,masuk member basic dulu sudah daftar gk bisa masuk2 ,tolong donk diperbaiki saya sering kali pke kai klo kemana2 tpi sekarang pesen tiketnya susah minta ampun...sebel dech....",,,,,negatif,"Kena apa saiki dadi susah sekali arep pesen tiket,mlebu member basic dulu wis daftar ora bisa masuk2 ,tulung donk benerake aku sering kali pke kai yen kemana2 tpi saiki pesen tiketnya susah minta ampun...sebel dech....","Kena apa saiki jadi susah pisan arep pesen tiket,masuk member basic dulu wis daftar gk bisa masuk2 ,tolong donk diperbaiki aku sering kali pke kai klo kemana2 tpi saiki pesen tiketnya susah minta ampun...sebel dech....","Ngapo sekarang jadi susah nian nak pesen tiket,masuk member basic dulu lah daftar gk pacak masuk2 ,tolong donk diperbaiki aku sering kali pke kai klo kemana2 tpi sekarang pesen tiketnyo susah minta ampun...sebel dech....","ngapo sekarang jadi susah nian nak pesen tiket,masuk member basic dulu lah daftar gk pacak masuk2 ,tolong donk diperbaiki aku sering kali pke kai klo kemana2 tpi sekarang pesen tiketnyo susah minta ampun...sebel dech...."
Ticket saya ada diaplikasi...ini gmana disuruh masuk pasword terus padahal udah selesai..kereta udah mau berangkat,,,negatif,,negatif,Ticket aku ana diaplikasi...iki gmana disuruh mlebu pasword terus padahal wis selesai..sepur wis arep berangkat,Ticket aku ana diaplikasi...ini gmana disuruh masuk pasword terus padahal wis selesai..kereta wis arep berangkat,Ticket aku ado diaplikasi...ini gmana disuruh masuk pasword terus padahal lah selesai..kereta lah nak berangkat,Ticket aku ado diaplikasi...ini gmana disuruh masuk pasword terus padahal lah selesai..kereta lah nak berangkat
"selalu update selalu ke log out sendiri mana tiketku buat besok asem asem, terus piye iki aku login semua saya cek gaada tiket saya, login lewat nomor hp kodenya ga kekirim kirim berkali kali dicoba",,,negatif,,negatif,"selalu nganyari selalu menyang log out sendiri endi tiketku kanggo besok asem asem, terus piye iki aku login semua aku cek gaada tiket aku, login lewat nomor hp kodenya ora kekirim kirim berkali kali dicoba","selalu update selalu ke log out dhewe mana tiketku buat besok asem asem, terus piye iki aku login kabeh aku cek gaada tiket aku, login lewat nomor hp kodenya ora kekirim kirim berkali kali dicoba","selalu update selalu ke log out dewek mana tiketku buat besok asem asem, terus piye iki aku login galo aku cek gaada tiket aku, login lewat nomor hp kodenyo dak kekirim kirim berkali kali dicoba","selalu update selalu ke log out sendiri mana tiketku buat besok asem asem, terus piye iki aku login semua aku cek gaada tiket aku, login lewat nomor hp kodenyo ga kekirim kirim berkali kali dicoba"
Kenapa kode otp untuk upgrade akun ga muncul2 lewat sms? Sudah saya coba berkali2 tapi tidak mau muncul.,,,,,negatif,Kena apa kode otp kanggo upgrade akun ora muncul2 lewat sms? Wis aku coba berkali2 nanging ora arep muncul.,Kena apa kode otp untuk upgrade akun ora muncul2 lewat sms? Wis aku coba berkali2 nanging ora arep muncul.,Ngapo kode otp untuk upgrade akun dak muncul2 lewat sms? Lah aku coba berkali2 tapi dak nak muncul.,ngapo kode otp untuk upgrade akun ga muncul2 lewat sms? lah aku coba berkali2 tapi dak nak muncul.
"ribett, mau dftar akun member besic susah sekali, gatau dah knapa ini klo bisa secepatnya diperbaiki biar kami lebih mudah ngga kaya duluu huhu jdi sedih sih')",,,,,negatif,"ribett, arep dftar akun member besic susah sekali, gatau dah knapa iki yen bisa secepatnya benerake ben kami luwih gampang ora kaya duluu huhu jdi sedih sih')","ribett, arep dftar akun member besic susah pisan, gatau dah knapa ini klo bisa secepatnya diperbaiki biar kami lebih gampang ora kaya duluu huhu jdi sedih sih')","ribett, nak dftar akun member besic susah nian, gatau dah knapa ini klo pacak secepatnyo diperbaiki biar kami lebih gampang dak kaya duluu huhu jdi sedih sih')","ribett, nak dftar akun member besic susah nian, gatau dah knapa ini klo pacak secepatnyo diperbaiki biar kami lebih gampang dak kaya duluu huhu jdi sedih sih')"
aplikasi tidak stabil. sering gangguan. dikit2 ke logout akun nya. dana pemeliharaan software pasti di korupsi👎,,,,,negatif,aplikasi ora stabil. sering gangguan. dikit2 menyang logout akun nya. dana pemeliharaan software pasti ing korupsi👎,aplikasi ora stabil. sering gangguan. dikit2 ke logout akun nya. dana pemeliharaan software pasti di korupsi👎,aplikasi dak stabil. sering gangguan. dikit2 ke logout akun nyo. dana pemeliharaan software pasti di korupsi👎,aplikasi dak stabil. sering gangguan. dikit2 ke logout akun nyo. dana pemeliharaan software pasti di korupsi👎
"Hari H jadwal kereta berangkat malah tiket yang udah dibeli sebelumnya nggak muncul. Tulisan yang tertera katanya jaringannya jelek, udah saya ganti pakai data seluler masih nggak bisa, saya coba logout login berkali-kali tetap nggak bisa, saya coba install ulang tetap nggak bisa, saya coba lihat kode booking di web malah nggak muncul, pdhl jelas-jelas masih ada riwayat pemesanannya di APK.",,,negatif,,,"Dina H jadwal sepur berangkat malah tiket sing wis dibeli sebelumnya ora muncul. Tulisan sing tertera jarene jaringannya jelek, wis aku ganti nganggo data seluler isih ora bisa, aku coba logout login berkali-kali tetap ora bisa, aku coba install ulang tetap ora bisa, aku coba deleng kode pesen ing web malah ora muncul, pdhl cetha-cetha isih ana riwayat pemesanannya ing APK.","Hari H jadwal kereta berangkat malah tiket yang wis dibeli sebelumnya ora muncul. Tulisan yang tertera katanya jaringannya jelek, wis aku ganti pakai data seluler masih ora bisa, aku coba logout login berkali-kali tetap ora bisa, aku coba install ulang tetap ora bisa, aku coba deleng kode booking di web malah ora muncul, pdhl jelas-jelas masih ana riwayat pemesanannya di APK.","Hari H jadwal kereta berangkat malah tiket yang lah dibeli sebelumnyo dak muncul. Tulisan yang tertera katanyo jaringannyo jelek, lah aku ganti pakai data seluler masih dak pacak, aku coba logout login berkali-kali tetap dak pacak, aku coba install ulang tetap dak pacak, aku coba tengok kode booking di web malah dak muncul, pdhl jelas-jelas masih ado riwayat pemesanannyo di APK.","Hari H jadwal kereta berangkat malah tiket yang lah dibeli sebelumnyo dak muncul. Tulisan yang tertera katanyo jaringannyo jelek, lah aku ganti pakai data seluler masih dak pacak, aku coba logout login berkali-kali tetap dak pacak, aku coba install ulang tetap dak pacak, aku coba lihat kode booking di web malah dak muncul, pdhl jelas-jelas masih ado riwayat pemesanannyo di APK."
"Woiillaahh.. saya gk bsa login, password sdh benar tp sllu fail. Nanya di ig jg gk di respond. Mau reschedule jd susah, percuma ada aplikasi klw aplikasinya gk bsa dipake !!",,,negatif,,negatif,"Woiillaahh.. aku ora bsa login, password sdh benar tp sllu fail. Nanya ing ig jg ora ing respond. Arep reschedule jd susah, percuma ana aplikasi klw aplikasinya ora bsa dipake !!","Woiillaahh.. aku gk bsa login, password sdh bener tp sllu fail. Nanya di ig jg gk di respond. Arep reschedule jd susah, percuma ana aplikasi klw aplikasinya gk bsa dipake !!","Woiillaahh.. aku gk bsa login, password sdh bener tp sllu fail. Nanyo di ig jg gk di respond. Nak reschedule jd susah, percuma ado aplikasi klw aplikasinyo gk bsa dipake !!","Woiillaahh.. aku gk bsa login, password sdh benar tp sllu fail. Nanyo di ig jg gk di respond. nak reschedule jd susah, percuma ado aplikasi klw aplikasinyo gk bsa dipake !!"
"Saya kecewa, saat sudah diupgrade tiba-tiba saya ga bisa masuk, alhasil saya harus bikin akun baru. Lalu saat memilih metode pembayaran selalu error, tidak mau terhubung. Ini kenapa yah? tolong diperbaiki secepatnya. Kalo bisa jangan utamakan tampilan dulu, udh tau sekarang beli tiket gabisa langsung di stasiunnya malah dipersulit dengan adanya apk yg gaguna kek gini. Saya mau ada acara penting lohhh, benar-benar merugikan orang. jangan update² lagi pusing log out sendiri mulu",,,,negatif,negatif,"Aku kecewa, wektu wis diupgrade tiba-tiba aku ora bisa mlebu, alhasil aku kudu bikin akun anyar. Lalu wektu memilih cara pembayaran selalu error, ora arep terhubung. Iki kena apa ya? tulung benerake secepatnya. Yen bisa aja utamakan tampilan dulu, wis ngerti saiki tumbas tiket gabisa langsung ing stasiunnya malah dipersulit karo adanya apk yg gaguna kek gini. Aku arep ana acara penting lohhh, benar-benar merugikan orang. aja update² maneh pusing log out sendiri terus","Aku kecewa, saat wis diupgrade tiba-tiba aku ora bisa masuk, alhasil aku harus bikin akun baru. Lalu saat memilih metode pembayaran selalu rusak, ora arep terhubung. Ini kena apa yah? tolong diperbaiki secepatnya. Yen bisa jangan utamakan tampilan dulu, wis tau saiki beli tiket gabisa langsung di stasiunnya malah dipersulit karo adanya apk yg gaguna kek gini. Aku arep ana acara penting lohhh, bener-bener merugikan wong. jangan update² lagi pusing log out dhewe mulu","Aku kecewa, saat lah diupgrade tiba-tiba aku dak pacak masuk, alhasil aku harus bikin akun baru. Lalu saat memilih metode pembayaran selalu error, dak nak terhubung. Ini ngapo yah? tolong diperbaiki secepatnyo. Men pacak jangan utamakan tampilan dulu, lah tau sekarang beli tiket gabisa langsung di stasiunnyo malah dipersulit pake adanyo apk yg gaguna kek gini. Aku nak ado acara penting lohhh, bener-bener merugikan wong. jangan update² lagi pusing log out dewek mulu","aku kecewa, saat lah diupgrade tiba-tiba aku ga pacak masuk, alhasil aku harus bikin akun baru. Lalu saat memilih metode pembayaran selalu error, dak nak terhubung. Ini ngapo yah? tolong diperbaiki secepatnyo. men pacak jangan utamakan tampilan dulu, lah tau sekarang beli tiket gabisa langsung di stasiunnyo malah dipersulit dengan adanyo apk yg gaguna kek gini. aku nak ado acara penting lohhh, benar-benar merugikan wong. jangan update² lagi pusing log out sendiri mulu"
Katanya sistem online kenapa ada waktu tunggu antrian di aplikasi? Ini kenapa habis update malah logout sendiri,,,negatif,,negatif,Jarene sistem online kena apa ana wektu tunggu antrean ing aplikasi? Iki kena apa habis nganyari malah logout sendiri,Katanya sistem online kena apa ana waktu tunggu antrian di aplikasi? Ini kena apa habis update malah logout dhewe,Katanyo sistem online ngapo ado waktu tunggu antrian di aplikasi? Ini ngapo habis update malah logout dewek,Katanyo sistem online ngapo ado waktu tunggu antrian di aplikasi? Ini ngapo habis update malah logout sendiri
"Ini kita di minta upgrade ke basic ,isi data sudah lengkap .ujung ujung nya ngak bisa juga . Hemmm tolong lah kai",,,,,negatif,"Iki kowe ing minta upgrade menyang basic ,isi data wis lengkap .ujung ujung nya ngak bisa uga . Hemmm tulung yo kai","Ini kabeh di minta upgrade ke basic ,isi data wis lengkap .ujung ujung nya ngak bisa uga . Hemmm tolong lah kai","Ini kito di minta upgrade ke basic ,isi data lah lengkap .ujung ujung nyo ngak pacak jugo . Hemmm tolong lah kai","Ini kito di minta upgrade ke basic ,isi data lah lengkap .ujung ujung nyo ngak pacak jugo . Hemmm tolong lah kai"
"aplikasi ter SAMPAH yang pernah gw download, masak akun keluar sendiri trus, ketika mau pesen buru, malah makin ribet anjir, sangat sangat sangat kecewa, benci aplikasi ini, mending pesen tiket di aplikasi laen atau yg lebih gampang,🤬 uninstall!!",,,,,negatif,"aplikasi ter SAMPAH sing pernah gw download, masak akun metu sendiri trus, ketika arep pesen buru, malah makin ribet anjir, banget banget banget kecewa, benci aplikasi iki, mending pesen tiket ing aplikasi laen utawa yg luwih gampang,🤬 uninstall!!","aplikasi ter SAMPAH yang pernah aku download, masak akun keluar dhewe trus, ketika arep pesen buru, malah makin ribet anjir, banget banget banget kecewa, benci aplikasi ini, mending pesen tiket di aplikasi laen atau yg lebih gampang,🤬 uninstall!!","aplikasi ter SAMPAH yang pernah aku download, masak akun keluar dewek trus, ketika nak pesen buru, malah makin ribet anjir, nian nian nian kecewa, benci aplikasi ini, mending pesen tiket di aplikasi laen atau yg lebih gampang,🤬 uninstall!!","aplikasi ter SAMPAH yang pernah aku download, masak akun keluar sendiri trus, ketika nak pesen buru, malah makin ribet anjir, nian nian nian kecewa, benci aplikasi ini, mending pesen tiket di aplikasi laen atau yg lebih gampang,🤬 uninstall!!"
"Aplikasi ngisin ngisini. Punya pemerintah kok aplikasinya ruwet. Padahal sudah update, sudah terdaftar tapi kok ya disuruh jadi member basic. Diperbarui datanya, email dan telepon sudah terdaftar. Lah truss aku kudu piye jal... 1 lagi klo topup by KAI itu mbok ya gercep gitu loh ga perlu tunggu 15 menit.",,,,negatif,negatif,"Aplikasi ngisin ngisini. Punya pemerintah kok aplikasinya ruwet. Padahal wis nganyari, wis terdaftar nanging kok ya disuruh dadi member basic. Diperbarui datanya, email lan telepon wis terdaftar. Yo truss aku kudu piye jal... 1 maneh yen topup by KAI kuwi mbok ya gercep gitu loh ora perlu tunggu 15 menit.","Aplikasi ngisin ngisini. Punya pemerintah kok aplikasinya ruwet. Padahal wis update, wis terdaftar nanging kok ya disuruh jadi member basic. Diperbarui datanya, email dan telepon wis terdaftar. Lah truss aku kudu piye jal... 1 lagi klo topup by KAI itu mbok ya gercep gitu loh ora perlu tunggu 15 menit.","Aplikasi ngisin ngisini. Punyo pemerintah kok aplikasinyo ruwet. Padahal lah update, lah terdaftar tapi kok ya disuruh jadi member basic. Diperbarui datanyo, email dan telepon lah terdaftar. Lah truss aku kudu piye jal... 1 lagi klo topup by KAI itu mbok ya gercep gitu loh dak perlu tunggu 15 menit.","Aplikasi ngisin ngisini. Punyo pemerintah kok aplikasinyo ruwet. Padahal lah update, lah terdaftar tapi kok ya disuruh jadi member basic. Diperbarui datanyo, email dan telepon lah terdaftar. Lah truss aku kudu piye jal... 1 lagi klo topup by KAI itu mbok ya gercep gitu loh ga perlu tunggu 15 menit."
"Aplikasi yang ribet,, minta upgrade menjadi member basic tapi malah no dan telp yg terdaftar sudah ada,, ya jelas sudah ada,,, kan mau upgrade,, klo belum ada ya apanya yang di upgrade",,,,,negatif,"Aplikasi sing ribet,, minta upgrade dadi member basic nanging malah no lan telp yg terdaftar wis ana,, ya cetha wis ana,,, kan arep upgrade,, yen durung ana ya apanya sing ing upgrade","Aplikasi yang ribet,, minta upgrade menjadi member basic nanging malah no dan telp yg terdaftar wis ana,, ya jelas wis ana,,, kan arep upgrade,, klo belum ana ya apanya yang di upgrade","Aplikasi yang ribet,, minta upgrade menjadi member basic tapi malah no dan telp yg terdaftar lah ado,, ya jelas lah ado,,, kan nak upgrade,, klo belum ado ya apanyo yang di upgrade","Aplikasi yang ribet,, minta upgrade menjadi member basic tapi malah no dan telp yg terdaftar lah ado,, ya jelas lah ado,,, kan nak upgrade,, klo belum ado ya apanyo yang di upgrade"
"aplikasinya banyak masalah mau daftar aja gak bisa masuk , padahal jaringan bagus pakek wifi tetap gak bisa juga, tolong di perbaiki!!!!!",,,,,negatif,"aplikasinya akeh masalah arep daftar aja ora bisa mlebu , padahal jaringan apik pakek wifi tetap ora bisa uga, tulung ing benerake!!!!!","aplikasinya banyak masalah arep daftar wae ora bisa masuk , padahal jaringan apik pakek wifi tetap ora bisa uga, tolong di perbaiki!!!!!","aplikasinyo banyak masalah nak daftar bae dak pacak masuk , padahal jaringan bagus pakek wifi tetap dak pacak jugo, tolong di perbaiki!!!!!","aplikasinyo banyak masalah nak daftar bae dak pacak masuk , padahal jaringan bagus pakek wifi tetap dak pacak jugo, tolong di perbaiki!!!!!"
"Kode OTP ga valid mulu, padahal udah sesuai sama yg di sms, tolong bantuan dari kai Access nya dong gimna ini",,,,,negatif,"Kode OTP ora valid terus, padahal wis cocok padha yg ing sms, tulung bantuan dari kai Access nya dong gimna iki","Kode OTP ora valid mulu, padahal wis sesuai karo yg di sms, tolong bantuan dari kai Access nya dong gimna ini","Kode OTP dak valid mulu, padahal lah sesuai samo yg di sms, tolong bantuan dari kai Access nyo dong gimna ini","Kode OTP ga valid mulu, padahal lah sesuai samo yg di sms, tolong bantuan dari kai Access nyo dong gimna ini"
"Aplikasi ribet, punya pemerintah tapi ribet amat pas daftar, dah lah, punya pemerintah kok gini amat",,,,,negatif,"Aplikasi ribet, punya pemerintah nanging ribet amat pas daftar, dah yo, punya pemerintah kok gini amat","Aplikasi ribet, punya pemerintah nanging ribet amat pas daftar, dah lah, punya pemerintah kok gini amat","Aplikasi ribet, punyo pemerintah tapi ribet amat pas daftar, dah lah, punyo pemerintah kok gini amat","Aplikasi ribet, punyo pemerintah tapi ribet amat pas daftar, dah lah, punyo pemerintah kok gini amat"
"Udah buang kuota,pas mau daftar gak bisa2,kocak",,,,,negatif,"Wis buang kuota,pas arep daftar ora bisa2,kocak","Wis buang kuota,pas arep daftar ora bisa2,kocak","Lah buang kuota,pas nak daftar dak bisa2,kocak","lah buang kuota,pas nak daftar dak bisa2,kocak"
"Apalah ini gak bisa Upgrade akunnya. Tiap verifikasi otp selalu ""otp not valid"" Padahal otp yang di dikirim via SMS jelas2 itu kodenya🥴🥴",,,,,negatif,"Apalah iki ora bisa Upgrade akunnya. Saben verifikasi otp selalu ""otp not valid"" Padahal otp sing ing dikirim lewat SMS jelas2 kuwi kodenya🥴🥴","Apalah ini ora bisa Upgrade akunnya. Tiap verifikasi otp selalu ""otp not valid"" Padahal otp yang di dikirim via SMS jelas2 itu kodenya🥴🥴","Apalah ini dak pacak Upgrade akunnyo. Tiap verifikasi otp selalu ""otp not valid"" Padahal otp yang di dikirim via SMS jelas2 itu kodenyo🥴🥴","Apalah ini dak pacak Upgrade akunnyo. Tiap verifikasi otp selalu ""otp not valid"" Padahal otp yang di dikirim via SMS jelas2 itu kodenyo🥴🥴"
"Daftar Akun Basic aja susah banget. sudah percobaan 3 kali. Gagal terus. Sudah masukin keden Verifikasi melalui SMS, gagal. Padahal kode udah di masukin, Tombol dipencet, gak respon. Kalau emang HP saya yang trobel, masak iya, sampek 13 kali. Dan disisi yg lain, pake aplikasi lain, pake metode kode OTP buat Verifikasi, bisa semua. Cuma Aplikasi KAI Access ini yang kayak begini. Tolong diperbaiki donk. Merugikan, mau pesen tike gak bisa. Terlambat kehabisan tiket terus gara"" Error gini.",,,,,negatif,"Daftar Akun Basic aja susah banget. wis percobaan 3 kali. Gagal terus. Wis masukin keden Verifikasi melalui SMS, gagal. Padahal kode wis ing masukin, Tombol dipencet, ora respon. Kalau emang HP aku sing trobel, masak iya, sampek 13 kali. Lan disisi yg lain, nganggo aplikasi lain, nganggo cara kode OTP kanggo Verifikasi, bisa semua. Mung Aplikasi KAI Access iki sing kayak begini. Tulung benerake donk. Merugikan, arep pesen tike ora bisa. Terlambat kehabisan tiket terus gara"" Error gini.","Daftar Akun Basic wae susah banget. wis percobaan 3 kali. Gagal terus. Wis masukin keden Verifikasi melalui SMS, gagal. Padahal kode wis di masukin, Tombol dipencet, ora respon. Yen emang HP aku yang trobel, masak iya, sampek 13 kali. Dan disisi yg lain, pake aplikasi lain, pake metode kode OTP buat Verifikasi, bisa kabeh. Mung Aplikasi KAI Access ini yang kayak begini. Tolong diperbaiki donk. Merugikan, arep pesen tike ora bisa. Terlambat kehabisan tiket terus gara"" Rusak gini.","Daftar Akun Basic bae susah nian. lah percobaan 3 kali. Gagal terus. Lah masukin keden Verifikasi melalui SMS, gagal. Padahal kode lah di masukin, Tombol dipencet, dak respon. Men emang HP aku yang trobel, masak iya, sampek 13 kali. Dan disisi yg lain, pake aplikasi lain, pake metode kode OTP buat Verifikasi, pacak galo. Cuman Aplikasi KAI Access ini yang kayak begini. Tolong diperbaiki donk. Merugikan, nak pesen tike dak pacak. Terlambat kehabisan tiket terus gara"" Error gini.","Daftar Akun Basic bae susah nian. lah percobaan 3 kali. Gagal terus. lah masukin keden Verifikasi melalui SMS, gagal. Padahal kode lah di masukin, Tombol dipencet, dak respon. men emang HP aku yang trobel, masak iya, sampek 13 kali. Dan disisi yg lain, pake aplikasi lain, pake metode kode OTP buat Verifikasi, pacak semua. cuman Aplikasi KAI Access ini yang kayak begini. Tolong diperbaiki donk. Merugikan, nak pesen tike dak pacak. Terlambat kehabisan tiket terus gara"" Error gini."
"Pembayaran melalui e-Wallet awalnya bisa (ovo) stelah di update mau bayar pake e-wallet tp gak dapet mulu kode otv nya dah mau sebulan di ulang terus tetap aja gak ada kode otp. Klo top up ke kai access langsung potongan nya berubah² makin gede top up makin gede potongannya, gimana sih ini?",,,,negatif,,"Pembayaran melalui e-Wallet awalnya bisa (ovo) stelah ing nganyari arep bayar nganggo e-wallet tp ora dapet terus kode otv nya dah arep sebulan ing ulang terus tetap aja ora ana kode otp. Yen top up menyang kai access langsung potongan nya berubah² makin gede top up makin gede potongannya, gimana sih iki?","Pembayaran melalui e-Wallet awalnya bisa (ovo) stelah di update arep bayar pake e-wallet tp ora dapet mulu kode otv nya dah arep sebulan di ulang terus tetap wae ora ana kode otp. Klo top up ke kai access langsung potongan nya berubah² makin gede top up makin gede potongannya, kepriye sih ini?","Pembayaran melalui e-Wallet awalnyo pacak (ovo) stelah di update nak bayar pake e-wallet tp dak dapet mulu kode otv nyo dah nak sebulan di ulang terus tetap bae dak ado kode otp. Klo top up ke kai access langsung potongan nyo berubah² makin gede top up makin gede potongannyo, cakmno sih ini?","Pembayaran melalui e-Wallet awalnyo pacak (ovo) stelah di update nak bayar pake e-wallet tp dak dapet mulu kode otv nyo dah nak sebulan di ulang terus tetap bae dak ado kode otp. Klo top up ke kai access langsung potongan nyo berubah² makin gede top up makin gede potongannyo, cakmno sih ini?"
"Aplikasi payah,Tidak bisa masuk setelah download edb detected trus dn close , padahal sudah di apus download beberapa kali",,,,,negatif,"Aplikasi payah,Ora bisa mlebu sawise download edb detected trus dn close , padahal wis ing apus download beberapa kali","Aplikasi payah,Ora bisa masuk setelah download edb detected trus dn close , padahal wis di apus download beberapa kali","Aplikasi payah,Dak pacak masuk setelah download edb detected trus dn close , padahal lah di apus download beberapa kali","Aplikasi payah,dak pacak masuk setelah download edb detected trus dn close , padahal lah di apus download beberapa kali"
Apk nya jelek bgt sumpah.. tiba² logout sendiri ga bisa akses lagi.. udh ganti pw tapi tetep tidak terdaftar.. udh segala cara tetep aja ga bisa.. aneh bgt sihh.. tolonglah perbaikin kali apknya.. jelek bgt sumpah... udh diupdate bukannya bagus malah makin ngadi²..,,,,,negatif,Apk nya jelek bgt sumpah.. tiba² logout sendiri ora bisa akses maneh.. wis ganti pw nanging tetep ora terdaftar.. wis segala cara tetep aja ora bisa.. aneh bgt sihh.. tolonglah perbaikin kali apk.. jelek bgt sumpah... wis diupdate nanging apik malah makin ngadi²..,Apk nya jelek banget sumpah.. tiba² logout dhewe ora bisa akses lagi.. wis ganti pw nanging tetep ora terdaftar.. wis segala cara tetep wae ora bisa.. aneh banget sihh.. tolonglah perbaikin kali apknya.. jelek banget sumpah... wis diupdate bukannya apik malah makin ngadi²..,Apk nyo jelek nian sumpah.. tiba² logout dewek dak pacak akses lagi.. lah ganti pw tapi tetep dak terdaftar.. lah segala caro tetep bae dak pacak.. aneh nian sihh.. tolonglah perbaikin kali apknyo.. jelek nian sumpah... lah diupdate bukannyo bagus malah makin ngadi²..,Apk nyo jelek bgt sumpah.. tiba² logout sendiri ga pacak akses lagi.. lah ganti pw tapi tetep dak terdaftar.. lah segala caro tetep bae ga pacak.. aneh bgt sihh.. tolonglah perbaikin kali apknyo.. jelek bgt sumpah... lah diupdate bukannyo bagus malah makin ngadi²..
"Daftar akun basic kok ga bisa yaa, padahal email dan nomer telpon sudah benar dan masih aktif, Sudah menghubungi customer service udah telpon kok tiba-tiba telpon nya matii??? Ini gimna KAI ??? jgn diem aja tolong cariin solusi nya",,,,,negatif,"Daftar akun basic kok ora bisa yaa, padahal email lan nomer telpon wis benar lan isih aktif, Wis menghubungi customer service wis telpon kok tiba-tiba telpon nya matii??? Iki gimna KAI ??? jgn diem aja tulung cariin solusi nya","Daftar akun basic kok ora bisa yaa, padahal email dan nomer telpon wis bener dan masih aktif, Wis menghubungi customer service wis telpon kok tiba-tiba telpon nya matii??? Ini gimna KAI ??? jgn diem wae tolong cariin solusi nya","Daftar akun basic kok dak pacak yaa, padahal email dan nomer telpon lah bener dan masih aktif, Lah menghubungi customer service lah telpon kok tiba-tiba telpon nyo matii??? Ini gimna KAI ??? jgn diem bae tolong cariin solusi nyo","Daftar akun basic kok ga pacak yaa, padahal email dan nomer telpon lah benar dan masih aktif, lah menghubungi customer service lah telpon kok tiba-tiba telpon nyo matii??? Ini gimna KAI ??? jgn diem bae tolong cariin solusi nyo"
Susah masuk nya tiket tersedia tidak bisa di beli gimana min,,,negatif,,negatif,Susah mlebu nya tiket tersedia ora bisa ing tumbas gimana min,Susah masuk nya tiket tersedia ora bisa di beli kepriye min,Susah masuk nyo tiket tersedia dak pacak di beli cakmno min,Susah masuk nyo tiket tersedia dak pacak di beli cakmno min
"Nyebelin banget aplikasinya yang sekarang. Sering error padahal dulu nggak begini. Mau pesen tiket dari malem sampai pagi ndak bisa. Alasannya time out, dicoba lagi alasannya servernya sibuk, dicoba lagi malah tulisannya ups jadwal tidak ditemukan. Ujug²nanti kehabisan tiket. Tolong segera diperbaikiiii🙏🏽🙏🏽🙏🏽",negatif,,,,,"Nyebelin banget aplikasinya sing saiki. Sering error padahal dulu ora begini. Arep pesen tiket dari malem sampai pagi ndak bisa. Alasannya time out, dicoba maneh alasannya servernya sibuk, dicoba maneh malah tulisannya ups jadwal ora ditemukan. Ujug²nanti kehabisan tiket. Tulung cepet diperbaikiiii🙏🏽🙏🏽🙏🏽","Nyebelin banget aplikasinya yang saiki. Sering rusak padahal dulu ora begini. Arep pesen tiket dari malem sampai pagi ndak bisa. Alasannya time out, dicoba lagi alasannya servernya sibuk, dicoba lagi malah tulisannya ups jadwal ora ditemukan. Ujug²nanti kehabisan tiket. Tolong segera diperbaikiiii🙏🏽🙏🏽🙏🏽","Nyebelin nian aplikasinyo yang sekarang. Sering error padahal dulu dak begini. Nak pesen tiket dari malem sampai pagi ndak pacak. Alasannyo time out, dicoba lagi alasannyo servernyo sibuk, dicoba lagi malah tulisannyo ups jadwal dak ditemukan. Ujug²nanti kehabisan tiket. Tolong segera diperbaikiiii🙏🏽🙏🏽🙏🏽","Nyebelin nian aplikasinyo yang sekarang. Sering error padahal dulu dak begini. nak pesen tiket dari malem sampai pagi ndak pacak. Alasannyo time out, dicoba lagi alasannyo servernyo sibuk, dicoba lagi malah tulisannyo ups jadwal dak ditemukan. Ujug²nanti kehabisan tiket. Tolong segera diperbaikiiii🙏🏽🙏🏽🙏🏽"
"Aplikasi error.. Sudah dibayar pakai e-wallet, malah statusnya masih menunggu pembayaran.. Ujung-ujungnya ke cs stasiun dan pesan manual.. Tolong diperbaiki aplikasinya min..",,,,negatif,,"Aplikasi error.. Wis dibayar nganggo e-wallet, malah statusnya isih nunggu pembayaran.. Ujung-ujungnya menyang cs stasiun lan pesen manual.. Tulung benerake aplikasinya min..","Aplikasi rusak.. Wis dibayar pakai e-wallet, malah statusnya masih menunggu pembayaran.. Ujung-ujungnya ke cs stasiun dan pesen manual.. Tolong diperbaiki aplikasinya min..","Aplikasi error.. Lah dibayar pakai e-wallet, malah statusnyo masih menunggu pembayaran.. Ujung-ujungnyo ke cs stasiun dan pesan manual.. Tolong diperbaiki aplikasinyo min..","Aplikasi error.. lah dibayar pakai e-wallet, malah statusnyo masih menunggu pembayaran.. Ujung-ujungnyo ke cs stasiun dan pesan manual.. Tolong diperbaiki aplikasinyo min.."
"Harus update aplikasi terus, storage hp kepenuhan gara-gara aplikasi ini",negatif,,,,,"Kudu nganyari aplikasi terus, storage hp kepenuhan gara-gara aplikasi iki","Harus update aplikasi terus, storage hp kepenuhan gara-gara aplikasi ini","Harus update aplikasi terus, storage hp kepenuhan gara-gara aplikasi ini","Harus update aplikasi terus, storage hp kepenuhan gara-gara aplikasi ini"
"Kayak gk niat bikin aplikasi, aplikasi belum siap sudah d rilis, pesen tiket udah kayak war tiket konser blackpink, selalu crash system padahal dah masuk proses munculin kode pembayaran, mending balik lagi aja pesen offline",,,,negatif,,"Kayak ora niat bikin aplikasi, aplikasi durung siap wis d rilis, pesen tiket wis kayak war tiket konser blackpink, selalu crash system padahal dah mlebu proses munculin kode pembayaran, mending balik maneh aja pesen offline","Kayak gk niat bikin aplikasi, aplikasi belum siap wis d rilis, pesen tiket wis kayak war tiket konser blackpink, selalu crash system padahal dah masuk proses munculin kode pembayaran, mending balik lagi wae pesen offline","Kayak gk niat bikin aplikasi, aplikasi belum siap lah d rilis, pesen tiket lah kayak war tiket konser blackpink, selalu crash system padahal dah masuk proses munculin kode pembayaran, mending balik lagi bae pesen offline","Kayak gk niat bikin aplikasi, aplikasi belum siap lah d rilis, pesen tiket lah kayak war tiket konser blackpink, selalu crash system padahal dah masuk proses munculin kode pembayaran, mending balik lagi bae pesen offline"
"makin ga jelas fiturnya, harus ngantri dulu 30 menit setelah di update. itupun ga langsung bisa booking tiketnya",,,negatif,,,"makin ora cetha fiturnya, kudu ngantri dulu 30 menit sawise ing nganyari. itupun ora langsung bisa pesen tiketnya","makin ora jelas fiturnya, harus ngantri dulu 30 menit setelah di update. itupun ora langsung bisa booking tiketnya","makin dak jelas fiturnyo, harus ngantri dulu 30 menit setelah di update. itupun dak langsung pacak booking tiketnyo","makin ga jelas fiturnyo, harus ngantri dulu 30 menit setelah di update. itupun ga langsung pacak booking tiketnyo"
Ini sebenarnya aplikasi bisa di buat beli tiket apa enggak sih..setiap beli tiket yang timeout yang severnya bekerja terlalu keras.udah di bela²in gak tidur dari jam 00.00 sekalinya dapet pembayarannya sulit yang unduh barcord lama banget.mohon untuk di perbaiki untuk apliksanya,negatif,,,negatif,,Iki sebenarnya aplikasi bisa ing kanggo tumbas tiket apa enggak sih..saben tumbas tiket sing timeout sing severnya bekerja terlalu keras.wis ing bela²in ora tidur dari jam 00.00 sekalinya dapet pembayarane sulit sing unduh barcord suwe banget.nyuwun kanggo ing benerake kanggo apliksanya,Ini sebenarnya aplikasi bisa di buat beli tiket apa enggak sih..setiap beli tiket yang timeout yang severnya bekerja terlalu keras.wis di bela²in ora tidur dari jam 00.00 sekalinya dapet pembayarannya sulit yang unduh barcord lama banget.mohon untuk di perbaiki untuk apliksanya,Ini sebenarnyo aplikasi pacak di buat beli tiket apo enggak sih..setiap beli tiket yang timeout yang severnyo bekerja terlalu keras.lah di bela²in dak tidur dari jam 00.00 sekalinyo dapet pembayarannyo sulit yang unduh barcord lama nian.mohon untuk di perbaiki untuk apliksanyo,Ini sebenarnyo aplikasi pacak di buat beli tiket apo enggak sih..setiap beli tiket yang timeout yang severnyo bekerja terlalu keras.lah di bela²in dak tidur dari jam 00.00 sekalinyo dapet pembayarannyo sulit yang unduh barcord lama nian.mohon untuk di perbaiki untuk apliksanyo
"Sering error trs, haduh bagusan Apps yg lama WKWKWKW",negatif,,,,,"Sering error trs, haduh bagusan Apps yg suwe WKWKWKW","Sering rusak trs, haduh bagusan Apps yg lama WKWKWKW","Sering error trs, haduh bagusan Apps yg lama WKWKWKW","Sering error trs, haduh bagusan Apps yg lama WKWKWKW"
"Loading lama betul, mana berat gitu lagi buat ngaksesnya. Oh iya untuk pembayaran e-wallet makin sedikit ya, tadi niatnya pembayaran mau pake e-wallet tapi gk bisa bisa. Pdahal jaringan bagus. Dan satu lagiiii kenapa data tiket keretanya updatenya lama kalah sama aplikasi sebelah. Sangat mengganggu apalagi kalo pas mau pemesanan 😠😠",negatif,,negatif,negatif,,"Muter suwe betul, endi berat gitu maneh kanggo ngaksesnya. Oh iya kanggo pembayaran e-wallet makin sedikit ya, tadi niatnya pembayaran arep nganggo e-wallet nanging ora bisa bisa. Pdahal jaringan apik. Lan satu lagiiii kena apa data tiket keretanya updatenya suwe kalah padha aplikasi sebelah. Banget mengganggu apalagi yen pas arep pesenan 😠😠","Loading lama bener, mana berat gitu lagi buat ngaksesnya. Oh iya untuk pembayaran e-wallet makin sedikit ya, tadi niatnya pembayaran arep pake e-wallet nanging gk bisa bisa. Pdahal jaringan apik. Dan satu lagiiii kena apa data tiket keretanya updatenya lama kalah karo aplikasi sebelah. Banget mengganggu apalagi yen pas arep pemesanan 😠😠","Loading lama betol, mana berat gitu lagi buat ngaksesnyo. Oh iya untuk pembayaran e-wallet makin sedikit ya, tadi niatnyo pembayaran nak pake e-wallet tapi gk pacak pacak. Pdahal jaringan bagus. Dan satu lagiiii ngapo data tiket keretanyo updatenyo lama kalah samo aplikasi sebelah. Nian mengganggu apalagi men pas nak pemesanan 😠😠","Loading lama betul, mana berat gitu lagi buat ngaksesnyo. Oh iya untuk pembayaran e-wallet makin sedikit ya, tadi niatnyo pembayaran nak pake e-wallet tapi gk pacak pacak. Pdahal jaringan bagus. Dan satu lagiiii ngapo data tiket keretanyo updatenyo lama kalah samo aplikasi sebelah. nian mengganggu apalagi men pas nak pemesanan 😠😠"
"Saya sudah isi KAI PAY / KASPRO tapi gak bisa buat bayar,padahal pin sudah bener,tapi malah keluar katanya pin salah,sampek tak ganti pin baru,berhasil ganti pin baru,giliran bayar pakek KAY PAY salah di pin lagi,padahal udah sesuai,akhirnya bayar pakai bank BCA,lgsg bisa,trus saldo KAY PAY saya apakah bisa di kembalikan atau di cairkan?,harusnya aplikasi ini memudahkan,tapi malah menyulitkan.. parah banget..",,,,negatif,,"Aku wis isi KAI PAY / KASPRO nanging ora bisa kanggo bayar,padahal pin wis bener,nanging malah metu jarene pin salah,sampek tak ganti pin anyar,berhasil ganti pin anyar,giliran bayar pakek KAY PAY salah ing pin maneh,padahal wis cocok,akhirnya bayar nganggo bank BCA,lgsg bisa,trus saldo KAY PAY aku apakah bisa ing kembalikan utawa ing cairkan?,harusnya aplikasi iki nggampangake,nanging malah menyulitkan.. parah banget..","Aku wis isi KAI PAY / KASPRO nanging ora bisa buat bayar,padahal pin wis bener,nanging malah keluar katanya pin salah,sampek tak ganti pin baru,berhasil ganti pin baru,giliran bayar pakek KAY PAY salah di pin lagi,padahal wis sesuai,akhirnya bayar pakai bank BCA,lgsg bisa,trus saldo KAY PAY aku apakah bisa di kembalikan atau di cairkan?,harusnya aplikasi ini memudahkan,nanging malah menyulitkan.. parah banget..","Aku lah isi KAI PAY / KASPRO tapi dak pacak buat bayar,padahal pin lah bener,tapi malah keluar katanyo pin salah,sampek tak ganti pin baru,berhasil ganti pin baru,giliran bayar pakek KAY PAY salah di pin lagi,padahal lah sesuai,akhirnyo bayar pakai bank BCA,lgsg pacak,trus saldo KAY PAY aku apakah pacak di kembalikan atau di cairkan?,harusnyo aplikasi ini memudahkan,tapi malah menyulitkan.. parah nian..","aku lah isi KAI PAY / KASPRO tapi dak pacak buat bayar,padahal pin lah bener,tapi malah keluar katanyo pin salah,sampek tak ganti pin baru,berhasil ganti pin baru,giliran bayar pakek KAY PAY salah di pin lagi,padahal lah sesuai,akhirnyo bayar pakai bank BCA,lgsg pacak,trus saldo KAY PAY aku apakah pacak di kembalikan atau di cairkan?,harusnyo aplikasi ini memudahkan,tapi malah menyulitkan.. parah nian.."
"Apk burik gajelas sering error, cari tiket dari jam 1 sape hampir jam 3 masi aja error. Kita juga mau tidurrr woiii, besok banyak aktivitas. Penghasilan banyak tp error mulu dah",negatif,,,,,"Apk burik gajelas sering error, cari tiket dari jam 1 sape hampir jam 3 masi aja error. Kowe uga arep tidurrr woiii, besok akeh aktivitas. Penghasilan akeh tp error terus dah","Apk burik gajelas sering rusak, cari tiket dari jam 1 sape hampir jam 3 masi wae rusak. Kabeh uga arep tidurrr woiii, besok banyak aktivitas. Penghasilan banyak tp rusak mulu dah","Apk burik gajelas sering error, cari tiket dari jam 1 sape hampir jam 3 masi bae error. Kito jugo nak tidurrr woiii, besok banyak aktivitas. Penghasilan banyak tp error mulu dah","Apk burik gajelas sering error, cari tiket dari jam 1 sape hampir jam 3 masi bae error. kito jugo nak tidurrr woiii, besok banyak aktivitas. Penghasilan banyak tp error mulu dah"
Aplikasi ampas mau daftar basic aja kagak bisa susah,,,,,negatif,Aplikasi ampas arep daftar basic aja kagak bisa susah,Aplikasi ampas arep daftar basic wae kagak bisa susah,Aplikasi ampas nak daftar basic bae kagak pacak susah,Aplikasi ampas nak daftar basic bae kagak pacak susah
"Inovasi bagus pakai sstem antrean, tapi mohon dkembangkn lg. Sudah antre tertera 15 mnt bukannya turun malah naik, ok gk pa2 masih bs maklum, setelah sudah masuk sstem n sudah isi pesenan mau proses perolehan kursi malah d notif. Saat ini transaksi sedang tinggi coba beberapa saat lagi. ya memang sistem sibuk makanya antree. sabar. coba beberapa saat. di notif lg yang sama. sampe 5x notif yg sama. dn akhirnya sesi pemesanan sudah berakhir. Mulai dr awal brakhir tnpa tiket. Tiket hbis",,,konflik,,,"Inovasi apik nganggo sstem antrean, nanging nyuwun dkembangkn lg. Wis antre tertera 15 mnt nanging turun malah naik, ok ora pa2 isih bs maklum, sawise wis mlebu sstem n wis isi pesenan arep proses perolehan kursi malah d notif. Wektu iki transaksi sedang tinggi coba beberapa wektu maneh. ya bener-bener sistem sibuk makanya antree. sabar. coba beberapa wektu. ing notif lg sing padha. nganti 5x notif yg padha. dn akhirnya sesi pesenan wis berakhir. Mulai dr awal brakhir tnpa tiket. Tiket hbis","Inovasi apik pakai sstem antrean, nanging mohon dkembangkn lg. Wis antre tertera 15 mnt bukannya turun malah naik, ok gk pa2 masih bs maklum, setelah wis masuk sstem n wis isi pesenan arep proses perolehan kursi malah d notif. Saat ini transaksi sedang tinggi coba beberapa saat lagi. ya memang sistem sibuk makanya antree. sabar. coba beberapa saat. di notif lg yang karo. sampe 5x notif yg karo. dn akhirnya sesi pemesanan wis berakhir. Mulai dr awal brakhir tnpa tiket. Tiket hbis","Inovasi bagus pakai sstem antrean, tapi mohon dkembangkn lg. Lah antre tertera 15 mnt bukannyo turun malah naik, ok gk pa2 masih bs maklum, setelah lah masuk sstem n lah isi pesenan nak proses perolehan kursi malah d notif. Saat ini transaksi sedang tinggi coba beberapa saat lagi. ya memang sistem sibuk makanyo antree. sabar. coba beberapa saat. di notif lg yang samo. sampe 5x notif yg samo. dn akhirnyo sesi pemesanan lah berakhir. Mulai dr awal brakhir tnpa tiket. Tiket hbis","Inovasi bagus pakai sstem antrean, tapi mohon dkembangkn lg. lah antre tertera 15 mnt bukannyo turun malah naik, ok gk pa2 masih bs maklum, setelah lah masuk sstem n lah isi pesenan nak proses perolehan kursi malah d notif. Saat ini transaksi sedang tinggi coba beberapa saat lagi. ya memang sistem sibuk makanyo antree. sabar. coba beberapa saat. di notif lg yang samo. sampe 5x notif yg samo. dn akhirnyo sesi pemesanan lah berakhir. Mulai dr awal brakhir tnpa tiket. Tiket hbis"
"Aplikasi berat, lemot dan ketika mau dilakukan pembayaran selain dengan Kaspro selalu error. Bikin emosi. Sudah gitu, kalau mau topup Kaspro, biaya potongan adminnya gede banget najis naudzubillah... Repot, aplikasi ribet dan berat!!! Nyusahin orang mau mesen tiket kereta.",negatif,,,negatif,,"Aplikasi berat, lemot lan ketika arep dilakukan pembayaran selain karo Kaspro selalu error. Bikin emosi. Wis gitu, kalau arep topup Kaspro, biaya potongan adminnya gede banget najis naudzubillah... Repot, aplikasi ribet lan berat!!! Nyusahin orang arep mesen tiket sepur.","Aplikasi berat, lemot dan ketika arep dilakukan pembayaran selain karo Kaspro selalu rusak. Bikin emosi. Wis gitu, yen arep topup Kaspro, biaya potongan adminnya gede banget najis naudzubillah... Repot, aplikasi ribet dan berat!!! Nyusahin wong arep mesen tiket kereta.","Aplikasi berat, lemot dan ketika nak dilakukan pembayaran selain pake Kaspro selalu error. Bikin emosi. Lah gitu, men nak topup Kaspro, biaya potongan adminnyo gede nian najis naudzubillah... Repot, aplikasi ribet dan berat!!! Nyusahin wong nak mesen tiket kereta.","Aplikasi berat, lemot dan ketika nak dilakukan pembayaran selain dengan Kaspro selalu error. Bikin emosi. lah gitu, men nak topup Kaspro, biaya potongan adminnyo gede nian najis naudzubillah... Repot, aplikasi ribet dan berat!!! Nyusahin wong nak mesen tiket kereta."
"Sudah terbiasa menggunakan aplikasi ini dan sangat bermanfaat, hanya sy msh menggunakan perangkat dgn os android 7 jd tdk kompetibel dgn aplikasi terbaru, mohon updatean terbaru dpt mengakomodir os android yg msh lawas. Terima kasih",,,,,,"Wis terbiasa menggunakan aplikasi iki lan banget bermanfaat, hanya sy msh menggunakan perangkat dgn os android 7 jd tdk kompetibel dgn aplikasi terbaru, nyuwun updatean terbaru dpt mengakomodir os android yg msh lawas. Matur nuwun","Wis terbiasa menggunakan aplikasi ini dan banget bermanfaat, hanya sy msh menggunakan perangkat dgn os android 7 jd tdk kompetibel dgn aplikasi terbaru, mohon updatean terbaru dpt mengakomodir os android yg msh lawas. Terima kasih","Lah terbiasa menggunakan aplikasi ini dan nian bermanfaat, hanyo sy msh menggunakan perangkat dgn os android 7 jd dak kompetibel dgn aplikasi terbaru, mohon updatean terbaru dpt mengakomodir os android yg msh lawas. Terima kasih","lah terbiasa menggunakan aplikasi ini dan nian bermanfaat, hanyo sy msh menggunakan perangkat dgn os android 7 jd tdk kompetibel dgn aplikasi terbaru, mohon updatean terbaru dpt mengakomodir os android yg msh lawas. Terima kasih"
Ini aplikasi e gimana se saya sudah bayar tiket habis 20 ribu malah tiket kereta api e gak muncul tolong deh gimana solusi acces kai,,,negatif,,,Iki aplikasi e gimana se aku wis bayar tiket habis 20 ribu malah tiket sepur api e ora muncul tulung deh gimana solusi acces kai,Ini aplikasi e kepriye se aku wis bayar tiket habis 20 ribu malah tiket kereta api e ora muncul tolong deh kepriye solusi acces kai,Ini aplikasi e cakmno se aku lah bayar tiket habis 20 ribu malah tiket kereta api e dak muncul tolong deh cakmno solusi acces kai,Ini aplikasi e cakmno se aku lah bayar tiket habis 20 ribu malah tiket kereta api e dak muncul tolong deh cakmno solusi acces kai
"Menurutku yg sdh beberapa kali menggunakan apps ini utk reservasi pembelian tiket KA sdh cukup baik namun utk proses top up jgn kelamaan proses done nya kk...spy tdk ada kekuatiran tdk masuk uangnya..mohon ditingkatkan lagi pelayanan aplikasinya, spy dpt lebih baik dan dipercaya tks.",,,positif,negatif,,"Menurutku yg sdh beberapa kali menggunakan apps iki utk reservasi tumbas tiket KA sdh cukup baik namun utk proses top up jgn kelamaan proses done nya kk...spy tdk ana kekuatiran tdk mlebu uangnya..nyuwun ditingkatkan maneh pelayanan aplikasinya, spy dpt luwih baik lan dipercaya tks.","Menurutku yg sdh beberapa kali menggunakan apps ini utk reservasi pembelian tiket KA sdh cukup apik namun utk proses top up jgn kelamaan proses done nya kk...spy tdk ana kekuatiran tdk masuk uangnya..mohon ditingkatkan lagi pelayanan aplikasinya, spy dpt lebih apik dan dipercaya tks.","Menurutku yg sdh beberapa kali menggunakan apps ini utk reservasi pembelian tiket KA sdh cukup baek namun utk proses top up jgn kelamaan proses done nyo kk...spy dak ado kekuatiran dak masuk uangnyo..mohon ditingkatkan lagi pelayanan aplikasinyo, spy dpt lebih baek dan dipercaya tks.","Menurutku yg sdh beberapa kali menggunakan apps ini utk reservasi pembelian tiket KA sdh cukup baek namun utk proses top up jgn kelamaan proses done nyo kk...spy tdk ado kekuatiran tdk masuk uangnyo..mohon ditingkatkan lagi pelayanan aplikasinyo, spy dpt lebih baek dan dipercaya tks."
"Mohon bantuannya Kai Acces, saya udah top up lupa belum aktivasi tapi tombol aktivasi tidak ada jadi saldo tidak bisa digunakan karena belum ada pembuatan pin KAI pay..",,,,negatif,,"Nyuwun bantuannya Kai Acces, aku wis top up lupa durung aktivasi nanging tombol aktivasi ora ana dadi saldo ora bisa digunakan karena durung ana pembuatan pin KAI pay..","Mohon bantuannya Kai Acces, aku wis top up lupa belum aktivasi nanging tombol aktivasi ora ana jadi saldo ora bisa digunakan karena belum ana pembuatan pin KAI pay..","Mohon bantuannyo Kai Acces, aku lah top up lupa belum aktivasi tapi tombol aktivasi dak ado jadi saldo dak pacak digunakan karena belum ado pembuatan pin KAI pay..","Mohon bantuannyo Kai Acces, aku lah top up lupa belum aktivasi tapi tombol aktivasi dak ado jadi saldo dak pacak digunakan karena belum ado pembuatan pin KAI pay.."
Sudah 2025 sistem beli tiket masih kya jaman jadul. Beli tiket lebaran sistem ga jelas. Nunggu lama lama ga bisa dapet tiket sampe online 3 jam gagal terus tau tau habis. Mau sampai kapan sistem kaya gini trus?,,,negatif,,,Wis 2025 sistem tumbas tiket isih kya jaman jadul. Tumbas tiket lebaran sistem ora cetha. Nunggu suwe suwe ora bisa dapet tiket nganti online 3 jam gagal terus ngerti ngerti habis. Arep sampai kapan sistem kaya gini trus?,Wis 2025 sistem beli tiket masih kya jaman jadul. Beli tiket lebaran sistem ora jelas. Nunggu lama lama ora bisa dapet tiket sampe online 3 jam gagal terus tau tau habis. Arep sampai kapan sistem kaya gini trus?,Lah 2025 sistem beli tiket masih kya jaman jadul. Beli tiket lebaran sistem dak jelas. Nunggu lama lama dak pacak dapet tiket sampe online 3 jam gagal terus tau tau habis. Nak sampai kapan sistem kaya gini trus?,lah 2025 sistem beli tiket masih kya jaman jadul. Beli tiket lebaran sistem ga jelas. Nunggu lama lama ga pacak dapet tiket sampe online 3 jam gagal terus tau tau habis. nak sampai kapan sistem kaya gini trus?
Cacat karena selalu ke ganti2 mulu halamannya,,negatif,,,,Cacat karena selalu menyang ganti2 terus halamannya,Cacat karena selalu ke ganti2 mulu halamannya,Cacat karena selalu ke ganti2 mulu halamannyo,Cacat karena selalu ke ganti2 mulu halamannyo
"Aplikasi buruk sering gagal transaksi tapi saldo pembayaran tetap terpotong, saya sudah menghubungi CS tapi belum dikembalikan saldonya sampai sekarang. Kalo aplikasi belum teruji kelayakannya jangan dirilis dong kasihan customer banyak yg mengalami kendala dan proses penyelesaiannya lama.",,,,negatif,,"Aplikasi buruk sering gagal transaksi nanging saldo pembayaran tetap terpotong, aku wis menghubungi CS nanging durung dikembalikan saldone sampai saiki. Yen aplikasi durung teruji kelayakannya aja dirilis dong kasihan customer akeh yg ngalami kendala lan proses penyelesaiannya suwe.","Aplikasi ala sering gagal transaksi nanging saldo pembayaran tetap terpotong, aku wis menghubungi CS nanging belum dikembalikan saldonya sampai saiki. Yen aplikasi belum teruji kelayakannya jangan dirilis dong kasihan customer banyak yg mengalami kendala dan proses penyelesaiannya lama.","Aplikasi buruk sering gagal transaksi tapi saldo pembayaran tetap terpotong, aku lah menghubungi CS tapi belum dikembalikan saldonyo sampai sekarang. Men aplikasi belum teruji kelayakannyo jangan dirilis dong kasihan customer banyak yg mengalami kendala dan proses penyelesaiannyo lama.","Aplikasi buruk sering gagal transaksi tapi saldo pembayaran tetap terpotong, aku lah menghubungi CS tapi belum dikembalikan saldonyo sampai sekarang. men aplikasi belum teruji kelayakannyo jangan dirilis dong kasihan customer banyak yg mengalami kendala dan proses penyelesaiannyo lama."
Abis update malah jadi gabisa cek jadwal krl..tolong diatasi untuk masalah ini..pdhal sebelumnya normal² ja,,,negatif,,negatif,Entek nganyari malah dadi gabisa cek jadwal krl..tulung diatasi kanggo masalah iki..padahal sebelumnya normal² ja,Abis update malah jadi gabisa cek jadwal krl..tolong diatasi untuk masalah ini..pdhal sebelumnya normal² ja,Abis update malah jadi gabisa cek jadwal krl..tolong diatasi untuk masalah ini..pdhal sebelumnyo normal² ja,Abis update malah jadi gabisa cek jadwal krl..tolong diatasi untuk masalah ini..pdhal sebelumnyo normal² ja
"Saya sudah bangun di jam 00.00 untuk membeli tiket. Tapi ternyata jadwal belom tersedia di stasiun yang saya tuju, tapi di stasiun lain jadwal sudah tersedia. Udah ditahap pembayaran malah jadi layar putih sampai sejam. Pas dikembalikan udah proses penungguan pembayaran. Haduuh 😭",negatif,,negatif,negatif,,"Aku wis bangun ing jam 00.00 kanggo membeli tiket. Nanging kebeneran jadwal belom tersedia ing stasiun sing aku tuju, nanging ing stasiun lain jadwal wis tersedia. Wis ing tahap pembayaran malah dadi layar putih sampai sejam. Pas dikembalikan wis proses penungguan pembayaran. Haduuh 😭","Aku wis bangun di jam 00.00 untuk membeli tiket. Nanging ternyata jadwal belom tersedia di stasiun yang aku tuju, nanging di stasiun lain jadwal wis tersedia. Wis ditahap pembayaran malah jadi layar putih sampai sejam. Pas dikembalikan wis proses penungguan pembayaran. Haduuh 😭","Aku lah bangun di jam 00.00 untuk membeli tiket. Tapi ternyata jadwal belom tersedia di stasiun yang aku tuju, tapi di stasiun lain jadwal lah tersedia. Lah ditahap pembayaran malah jadi layar putih sampai sejam. Pas dikembalikan lah proses penungguan pembayaran. Haduuh 😭","aku lah bangun di jam 00.00 untuk membeli tiket. Tapi ternyata jadwal belom tersedia di stasiun yang aku tuju, tapi di stasiun lain jadwal lah tersedia. lah ditahap pembayaran malah jadi layar putih sampai sejam. Pas dikembalikan lah proses penungguan pembayaran. Haduuh 😭"
"Setiap ada yang baru harus di update kalau gak di update gak bisa di pakai. Kenapa sih, jadinya gak nyaman banget",,,,,negatif,"Saben ana sing anyar kudu ing nganyari kalau ora ing nganyari ora bisa ing nganggo. Kena apa sih, jadinya ora penak banget","Setiap ana yang baru harus di update yen ora di update ora bisa di pakai. Kena apa sih, jadinya ora nyaman banget","Setiap ado yang baru harus di update men dak di update dak pacak di pakai. Ngapo sih, jadinyo dak nyaman nian","Setiap ado yang baru harus di update men dak di update dak pacak di pakai. ngapo sih, jadinyo dak nyaman nian"
"Sangat payah,mau upgrade aja susah tinggal klik kirim kode SMS...ulang2 terus sampe capek",,,,,negatif,"Banget payah,arep upgrade aja susah tinggal klik kirim kode SMS...ulang2 terus nganti sayah","Banget payah,arep upgrade wae susah tinggal klik kirim kode SMS...ulang2 terus sampe capek","Nian payah,nak upgrade bae susah tinggal klik kirim kode SMS...ulang2 terus sampe capek","nian payah,nak upgrade bae susah tinggal klik kirim kode SMS...ulang2 terus sampe capek"
Di pencarian kereta lokal Stasiun Madiun tidak dicantumkan,,,negatif,,,Ing pencarian sepur lokal Stasiun Madiun ora dicantumkan,Di pencarian kereta lokal Stasiun Madiun ora dicantumkan,Di pencarian kereta lokal Stasiun Madiun dak dicantumkan,Di pencarian kereta lokal Stasiun Madiun dak dicantumkan
"Sangat buruk sekali untuk boking online melalui aplikasi yang baru mending versi lama,enakan kayak dulu langsung beli tiket di stasiun lebih mudah, intinya buruk sekali.",,,negatif,,,"Banget buruk sekali kanggo boking online melalui aplikasi sing anyar mending versi suwe,enakan kayak dulu langsung tumbas tiket ing stasiun luwih gampang, intinya buruk sekali.","Banget ala pisan untuk boking online melalui aplikasi yang baru mending versi lama,enakan kayak dulu langsung beli tiket di stasiun lebih gampang, intinya ala pisan.","Nian buruk nian untuk boking online melalui aplikasi yang baru mending versi lama,enakan kayak dulu langsung beli tiket di stasiun lebih gampang, intinyo buruk nian.","nian buruk nian untuk boking online melalui aplikasi yang baru mending versi lama,enakan kayak dulu langsung beli tiket di stasiun lebih gampang, intinyo buruk nian."
Kenapa layanan pulsa listrik sama pulsanya hilang😭 pdhal butuh bnget ini. Mana saldonya msih bnyak bnget ngga bisa ditarik tunai. Dan aku bukan orang yg tiap hari naik kereta bahkan sebulan aja juga blum tentu berpergian pake kereta. Pliss diperbaiki lg dong appnya,,negatif,,negatif,,Kena apa layanan pulsa listrik padha pulsanya hilang😭 padahal butuh bnget iki. Endi saldone msih bnyak bnget ora bisa ditarik tunai. Lan aku bukan orang yg saben dina naik sepur bahkan sebulan aja uga blum tentu berpergian nganggo sepur. Pliss benerake lg dong appnya,Kena apa layanan pulsa listrik karo pulsanya hilang😭 pdhal butuh bnget ini. Mana saldonya msih bnyak bnget ora bisa ditarik tunai. Dan aku dudu wong yg tiap hari naik kereta bahkan sebulan wae uga blum tentu berpergian pake kereta. Pliss diperbaiki lg dong appnya,Ngapo layanan pulsa listrik samo pulsanyo hilang😭 pdhal butuh bnget ini. Mana saldonyo msih bnyak bnget dak pacak ditarik tunai. Dan aku bukan wong yg tiap hari naik kereta bahkan sebulan bae jugo blum tentu berpergian pake kereta. Pliss diperbaiki lg dong appnyo,ngapo layanan pulsa listrik samo pulsanyo hilang😭 pdhal butuh bnget ini. Mana saldonyo msih bnyak bnget dak pacak ditarik tunai. Dan aku bukan wong yg tiap hari naik kereta bahkan sebulan bae jugo blum tentu berpergian pake kereta. Pliss diperbaiki lg dong appnyo
"Banyak bug nya, saat ingin memesan tiket muncul error jwt token expired, please tim Programmer nya cek. Terus juga saat ingin aktivasi kaipay, saat masukin kode pin baru dia error terus dan errornya cuman alert kosong tanpa ada penjelasan, Tolong tim frontend nya lebih serius",negatif,,,negatif,,"Akeh bug nya, wektu ingin memesan tiket muncul error jwt token expired, please tim Programmer nya cek. Terus uga wektu ingin aktivasi kaipay, wektu masukin kode pin anyar dia error terus lan errornya cuman alert kosong tanpa ana penjelasan, Tulung tim frontend nya luwih serius","Banyak bug nya, saat ingin memesan tiket muncul rusak jwt token expired, please tim Programmer nya cek. Terus uga saat ingin aktivasi kaipay, saat masukin kode pin baru dia rusak terus dan errornya cuman alert kosong tanpa ana penjelasan, Tolong tim frontend nya lebih serius","Banyak bug nyo, saat ingin memesan tiket muncul error jwt token expired, please tim Programmer nyo cek. Terus jugo saat ingin aktivasi kaipay, saat masukin kode pin baru dia error terus dan errornyo cuman alert kosong tanpa ado penjelasan, Tolong tim frontend nyo lebih serius","Banyak bug nyo, saat ingin memesan tiket muncul error jwt token expired, please tim Programmer nyo cek. Terus jugo saat ingin aktivasi kaipay, saat masukin kode pin baru dia error terus dan errornyo cuman alert kosong tanpa ado penjelasan, Tolong tim frontend nyo lebih serius"
"Tambahin dong jadwal pagi nya, dari serang arah rangkasbitung jam 04:00, banyak karyawan mesti ke rangkasbitung dulu nih yang mau ke ibu kota",,,,,,"Tambahin dong jadwal pagi nya, dari serang arah rangkasbitung jam 04:00, akeh karyawan mesti menyang rangkasbitung dulu nih sing arep menyang ibu kota","Tambahin dong jadwal pagi nya, dari serang arah rangkasbitung jam 04:00, banyak karyawan mesti ke rangkasbitung dulu nih yang arep ke ibu kota","Tambahin dong jadwal pagi nyo, dari serang arah rangkasbitung jam 04:00, banyak karyawan mesti ke rangkasbitung dulu nih yang nak ke ibu kota","Tambahin dong jadwal pagi nyo, dari serang arah rangkasbitung jam 04:00, banyak karyawan mesti ke rangkasbitung dulu nih yang nak ke ibu kota"
Kenapa sih topup di KAI acces haru ada potongan biaya. Kan jadi rugi. Cobalah di perbaiki lagi. Masa topup langsung di aplikasi KAI harus ada potongan. Mana delay pula topup saldonya. Coba di perbaiki lagi itu sama Kaspro nya. Jadi gak berfaedah. Meding pakai E-uang atau Dari goj3k.,,,,negatif,,Kena apa sih topup ing KAI acces haru ana potongan biaya. Kan dadi rugi. Cobalah ing benerake maneh. Mangsa topup langsung ing aplikasi KAI kudu ana potongan. Endi delay pula topup saldone. Coba ing benerake maneh kuwi padha Kaspro nya. Dadi ora berfaedah. Meding nganggo E-uang utawa Dari goj3k.,Kena apa sih topup di KAI acces haru ana potongan biaya. Kan jadi rugi. Cobalah di perbaiki lagi. Masa topup langsung di aplikasi KAI harus ana potongan. Mana delay pula topup saldonya. Coba di perbaiki lagi itu karo Kaspro nya. Jadi ora berfaedah. Meding pakai E-dhuwit atau Dari goj3k.,Ngapo sih topup di KAI acces haru ado potongan biaya. Kan jadi rugi. Cobalah di perbaiki lagi. Masa topup langsung di aplikasi KAI harus ado potongan. Mana delay pula topup saldonyo. Coba di perbaiki lagi itu samo Kaspro nyo. Jadi dak berfaedah. Meding pakai E-duet atau Dari goj3k.,ngapo sih topup di KAI acces haru ado potongan biaya. Kan jadi rugi. Cobalah di perbaiki lagi. Masa topup langsung di aplikasi KAI harus ado potongan. Mana delay pula topup saldonyo. Coba di perbaiki lagi itu samo Kaspro nyo. Jadi dak berfaedah. Meding pakai E-duet atau Dari goj3k.
Ini aplikasi update kok tambah sulit masak iya udah mau pesen malah gak bisa alasannya kadaluarsa padahal udah dicoba berkali2,,,negatif,,,Iki aplikasi nganyari kok tambah sulit masak iya wis arep pesen malah ora bisa alasannya kadaluarsa padahal wis dicoba berkali2,Ini aplikasi update kok tambah sulit masak iya wis arep pesen malah ora bisa alasannya kadaluarsa padahal wis dicoba berkali2,Ini aplikasi update kok tambah sulit masak iya lah nak pesen malah dak pacak alasannyo kadaluarsa padahal lah dicoba berkali2,Ini aplikasi update kok tambah sulit masak iya lah nak pesen malah dak pacak alasannyo kadaluarsa padahal lah dicoba berkali2
"Waktu tujuan kereta sering kali tidak sesuai dengan jadwal, selisih waktunya hampir 1 jam. akhir-akhir ini sudah beberapa kali PP waktu tujuan kereta pasti telat. dulu selalu ontime. perlu dilakukan pembenahan kembali, kok bisa sistem yg dulunya bagus malah sekarang jadi kacau.",,,negatif,,,"Wektu tujuan sepur sering kali ora cocok karo jadwal, selisih wektune hampir 1 jam. pungkasan-pungkasan iki wis beberapa kali PP wektu tujuan sepur pasti telat. dulu selalu ontime. perlu dilakukan pembenahan bali, kok bisa sistem yg dulunya apik malah saiki dadi kacau.","Waktu tujuan kereta sering kali ora sesuai karo jadwal, selisih waktunya hampir 1 jam. akhir-akhir ini wis beberapa kali PP waktu tujuan kereta pasti telat. dulu selalu ontime. perlu dilakukan pembenahan kembali, kok bisa sistem yg dulunya apik malah saiki jadi kacau.","Waktu tujuan kereta sering kali dak sesuai pake jadwal, selisih waktunyo hampir 1 jam. akhir-akhir ini lah beberapa kali PP waktu tujuan kereta pasti telat. dulu selalu ontime. perlu dilakukan pembenahan kembali, kok pacak sistem yg dulunyo bagus malah sekarang jadi kacau.","Waktu tujuan kereta sering kali dak sesuai dengan jadwal, selisih waktunyo hampir 1 jam. akhir-akhir ini lah beberapa kali PP waktu tujuan kereta pasti telat. dulu selalu ontime. perlu dilakukan pembenahan kembali, kok pacak sistem yg dulunyo bagus malah sekarang jadi kacau."
"Aplikasi bodoh. saldo saya sudah dipotong, id pemesanan tiket tidak keluar.",,,negatif,negatif,,"Aplikasi bodoh. saldo aku wis dipotong, id pesenan tiket ora metu.","Aplikasi bodoh. saldo aku wis dipotong, id pemesanan tiket ora keluar.","Aplikasi bodoh. saldo aku lah dipotong, id pemesanan tiket dak keluar.","Aplikasi bodoh. saldo aku lah dipotong, id pemesanan tiket dak keluar."
Proses pembatalan tiketnya lama banget. Saldo udh lama ga dikembalikan. Payahh,,,negatif,negatif,,Proses pembatalan tiketnya suwe banget. Saldo wis suwe ora dikembalikan. Payahh,Proses pembatalan tiketnya lama banget. Saldo wis lama ora dikembalikan. Payahh,Proses pembatalan tiketnyo lama nian. Saldo lah lama dak dikembalikan. Payahh,Proses pembatalan tiketnyo lama nian. Saldo lah lama ga dikembalikan. Payahh
"Saldo keptong buat isi komuterline, giliran di update eror terus, dan di kartu tidak ke isi. Aplikasi dari dulu selalu burik ini KAI. Klo sudah bisa atau minimal uang saya kembali . Baru saya ganti reviewnya.",,,,negatif,negatif,"Saldo keptong kanggo isi komuterline, giliran ing nganyari rusak terus, lan ing kartu ora menyang isi. Aplikasi dari dulu selalu burik iki KAI. Yen wis bisa utawa minimal uang aku bali . Anyar aku ganti reviewnya.","Saldo keptong buat isi komuterline, giliran di update eror terus, dan di kartu ora ke isi. Aplikasi dari dulu selalu burik ini KAI. Klo wis bisa atau minimal dhuwit aku kembali . Baru aku ganti reviewnya.","Saldo keptong buat isi komuterline, giliran di update eror terus, dan di kartu dak ke isi. Aplikasi dari dulu selalu burik ini KAI. Klo lah pacak atau minimal duet aku kembali . Baru aku ganti reviewnyo.","Saldo keptong buat isi komuterline, giliran di update eror terus, dan di kartu dak ke isi. Aplikasi dari dulu selalu burik ini KAI. Klo lah pacak atau minimal duet aku kembali . Baru aku ganti reviewnyo."
"apakah tidak ada pembenahan? dengan 10jt lebih tapi rating 2 apa tidak malu? bukankag itu menandakan kelayakan dari aplikasi nya yg begitu buruk? sering eror pada kondisi yg genting seperti war tiket mingguan, apakah memang haru trouble di waktu-waktu seperti itu?",,,negatif,,,"apakah ora ana pembenahan? karo 10jt luwih nanging rating 2 apa ora malu? bukankag kuwi menandakan kelayakan dari aplikasi nya yg begitu buruk? sering rusak pada kondisi yg genting seperti war tiket mingguan, apakah bener-bener haru trouble ing wektu-wektu seperti kuwi?","apakah ora ana pembenahan? karo 10jt lebih nanging rating 2 apa ora malu? bukankag itu menandakan kelayakan dari aplikasi nya yg begitu ala? sering eror pada kondisi yg genting kaya war tiket mingguan, apakah memang haru trouble di waktu-waktu kaya itu?","apakah dak ado pembenahan? pake 10jt lebih tapi rating 2 apo dak malu? bukankag itu menandakan kelayakan dari aplikasi nyo yg begitu buruk? sering eror pada kondisi yg genting cak war tiket mingguan, apakah memang haru trouble di waktu-waktu cak itu?","apakah dak ado pembenahan? dengan 10jt lebih tapi rating 2 apo dak malu? bukankag itu menandakan kelayakan dari aplikasi nyo yg begitu buruk? sering eror pada kondisi yg genting cak war tiket mingguan, apakah memang haru trouble di waktu-waktu cak itu?"
Antrian trz ga bisa masuk2. Yg ga antri orang dalemnya kali,,,negatif,,,Antrean trz ora bisa masuk2. Yg ora antri orang dalemnya kali,Antrian trz ora bisa masuk2. Yg ora antri wong dalemnya kali,Antrian trz dak pacak masuk2. Yg dak antri wong dalemnyo kali,Antrian trz ga pacak masuk2. Yg ga antri wong dalemnyo kali
"Sebagai pengguna Acces by KAI saya merasa bahwa update yang sering dilakukan tidak memberikan peningkatan pada aplikasi. Menurut saya versi lama lebih baik dibanding versi terbaru. Saya melakukan pemesan tiket dan melakukan pembayaran menggunakan qris, saldo saya terpotong namun pemesanan tiket yang lakukan justru gagal. Mungkin nominalnya tidak banyak namun hal ini cukup merugikan pengguna. Tolong untuk pihak KAI untuk melakukan perbaikan agar hal seperti ini tidak terjadi kedepannya.",,,,negatif,,"Sebagai pengguna Acces by KAI aku merasa bahwa nganyari sing sering dilakukan ora memberikan peningkatan pada aplikasi. Menurut aku versi suwe luwih baik dibanding versi terbaru. Aku melakukan sing pesen tiket lan melakukan pembayaran menggunakan qris, saldo aku terpotong namun pesenan tiket sing lakukan justru gagal. Mungkin nominalnya ora akeh namun hal iki cukup merugikan pengguna. Tulung kanggo pihak KAI kanggo melakukan perbaikan agar hal seperti iki ora terjadi sesuk.","Sebagai pengguna Acces by KAI aku merasa bahwa update yang sering dilakukan ora memberikan peningkatan pada aplikasi. Menurut aku versi lama lebih apik dibanding versi terbaru. Aku melakukan pemesan tiket dan melakukan pembayaran menggunakan qris, saldo aku terpotong namun pemesanan tiket yang lakukan justru gagal. Mungkin nominalnya ora banyak namun hal ini cukup merugikan pengguna. Tolong untuk pihak KAI untuk melakukan perbaikan agar hal kaya ini ora terjadi kedepannya.","Sebagai pengguna Acces by KAI aku merasa bahwa update yang sering dilakukan dak memberikan peningkatan pada aplikasi. Menurut aku versi lama lebih baek dibanding versi terbaru. Aku melakukan pemesan tiket dan melakukan pembayaran menggunakan qris, saldo aku terpotong namun pemesanan tiket yang lakukan justru gagal. Mungkin nominalnyo dak banyak namun hal ini cukup merugikan pengguna. Tolong untuk pihak KAI untuk melakukan perbaikan agar hal cak ini dak terjadi kedepannyo.","Sebagai pengguna Acces by KAI aku merasa bahwa update yang sering dilakukan dak memberikan peningkatan pada aplikasi. Menurut aku versi lama lebih baek dibanding versi terbaru. aku melakukan pemesan tiket dan melakukan pembayaran menggunakan qris, saldo aku terpotong namun pemesanan tiket yang lakukan justru gagal. Mungkin nominalnyo dak banyak namun hal ini cukup merugikan pengguna. Tolong untuk pihak KAI untuk melakukan perbaikan agar hal cak ini dak terjadi kedepannyo."
"Pembayaran Nya Nggak Ada Via Indomaret & Alfamart, Jadi Susah Kalau Mau Bayar Apalagi Nggak Punya M-banking, Jadi Menyusahkan, Sedangkan Kalau Mau Menggunakan Aplikasi Ovo Itu Nomernya Masih Dulu Nggak Bisa Diganti Yang Baru, Jadi Susah Lagi Buat Bayarnya.... Ini Aplikasi Nggak Ada Perubahan Sama Sekalian 👎👎👎",,,,negatif,,"Pembayaran Nya Ora Ana Lewat Indomaret & Alfamart, Dadi Susah Kalau Arep Bayar Apalagi Ora Punya M-banking, Dadi Menyusahkan, Sedangkan Kalau Arep Menggunakan Aplikasi Ovo Kuwi Nomernya Isih Dulu Ora Bisa Diganti Sing Anyar, Dadi Susah Maneh Kanggo Bayarnya.... Iki Aplikasi Ora Ana Owahan Padha Sekalian 👎👎👎","Pembayaran Nya Ora Ana Via Indomaret & Alfamart, Jadi Susah Yen Arep Bayar Apalagi Ora Punya M-banking, Jadi Menyusahkan, Sedangkan Yen Arep Menggunakan Aplikasi Ovo Itu Nomernya Masih Dulu Ora Bisa Diganti Yang Baru, Jadi Susah Lagi Buat Bayarnya.... Ini Aplikasi Ora Ana Perubahan Karo Sekalian 👎👎👎","Pembayaran nyo Dak Ado Via Indomaret & Alfamart, Jadi Susah Men Nak Bayar Apalagi Dak Punyo M-banking, Jadi Menyusahkan, Sedangkan Men Nak Menggunakan Aplikasi Ovo Itu Nomernyo Masih Dulu Dak Pacak Diganti Yang Baru, Jadi Susah Lagi Buat Bayarnyo.... Ini Aplikasi Dak Ado Perubahan Samo Sekalian 👎👎👎","Pembayaran Nya dak ado Via Indomaret & Alfamart, Jadi Susah men nak Bayar Apalagi dak Punyo M-banking, Jadi Menyusahkan, Sedangkan men nak Menggunakan Aplikasi Ovo Itu Nomernyo Masih Dulu dak pacak Diganti Yang Baru, Jadi Susah Lagi Buat Bayarnyo.... Ini Aplikasi dak ado Perubahan samo Sekalian 👎👎👎"
"Udah WAR tiket jam 00.00 untuk dhoho sama penataran udah tinggal dikit aja tempat duduknya, memangnya harus jam berapa beli tiketnya? Telat 1 menit dah kehabisan, trus sering jadwal tidak ditemukan lagi udah ditemukan jadwal dah habis aja tiketnya. Harus gimana belinya?",,,negatif,,,"Wis WAR tiket jam 00.00 kanggo dhoho padha penataran wis tinggal dikit aja tempat duduknya, memangnya kudu jam berapa tumbas tiketnya? Telat 1 menit dah kehabisan, trus sering jadwal ora ditemukan maneh wis ditemukan jadwal dah habis aja tiketnya. Kudu gimana belinya?","Wis WAR tiket jam 00.00 untuk dhoho karo penataran wis tinggal dikit wae tempat duduknya, memangnya harus jam berapa beli tiketnya? Telat 1 menit dah kehabisan, trus sering jadwal ora ditemukan lagi wis ditemukan jadwal dah habis wae tiketnya. Harus kepriye belinya?","Lah WAR tiket jam 00.00 untuk dhoho samo penataran lah tinggal dikit bae tempat duduknyo, memangnyo harus jam berapa beli tiketnyo? Telat 1 menit dah kehabisan, trus sering jadwal dak ditemukan lagi lah ditemukan jadwal dah habis bae tiketnyo. Harus cakmno belinyo?","lah WAR tiket jam 00.00 untuk dhoho samo penataran lah tinggal dikit bae tempat duduknyo, memangnyo harus jam berapa beli tiketnyo? Telat 1 menit dah kehabisan, trus sering jadwal dak ditemukan lagi lah ditemukan jadwal dah habis bae tiketnyo. Harus cakmno belinyo?"
tiket dua kali ilang tiba tiba ngantri lagi stap ga tau . cuman jawab eror pak sangat meragukan apl ini maju pelayanan sangat mengecewakan,,,negatif,,,tiket loro kali ilang tiba tiba ngantri maneh stap ora ngerti . cuman jawab rusak pak banget meragukan apl iki maju pelayanan banget mengecewakan,tiket dua kali ilang tiba tiba ngantri lagi stap ora tau . cuman jawab eror pak banget meragukan apl ini maju pelayanan banget mengecewakan,tiket dua kali ilang tiba tiba ngantri lagi stap dak tau . cuman jawab eror pak nian meragukan apl ini maju pelayanan nian mengecewakan,tiket dua kali ilang tiba tiba ngantri lagi stap ga tau . cuman jawab eror pak nian meragukan apl ini maju pelayanan nian mengecewakan
"Jembut jembut.... Mohon untuk diperbaiki sistemnya. Saya nunggu dari Jam 00.00 baru dapat tiket di jam 06.45. Hanya dapat notif ""sistem sedang bekerja keras""",,,negatif,,,"Jembut jembut.... Nyuwun kanggo benerake sistemnya. Aku nunggu dari Jam 00.00 anyar dapat tiket ing jam 06.45. Hanya dapat notif ""sistem sedang bekerja keras""","Jembut jembut.... Mohon untuk diperbaiki sistemnya. Aku nunggu dari Jam 00.00 baru dapat tiket di jam 06.45. Hanya dapat notif ""sistem sedang bekerja keras""","Jembut jembut.... Mohon untuk diperbaiki sistemnyo. Aku nunggu dari Jam 00.00 baru dapat tiket di jam 06.45. Hanyo dapat notif ""sistem sedang bekerja keras""","Jembut jembut.... Mohon untuk diperbaiki sistemnyo. aku nunggu dari Jam 00.00 baru dapat tiket di jam 06.45. Hanyo dapat notif ""sistem sedang bekerja keras"""
"Aplikasi Semakin buruk, sinyal bagus tapi gagal terus di pembayaran. Coba ganti2 dari OVO ke Shopee pay hasil nya tetap error. Sampai 15 kali coba error terus dan tidak bisa pesan lagi",,,,negatif,,"Aplikasi Sansaya buruk, sinyal apik nanging gagal terus ing pembayaran. Coba ganti2 dari OVO menyang Shopee pay asil nya tetap error. Sampai 15 kali coba error terus lan ora bisa pesen maneh","Aplikasi Semakin ala, sinyal apik nanging gagal terus di pembayaran. Coba ganti2 dari OVO ke Shopee pay hasil nya tetap rusak. Sampai 15 kali coba rusak terus dan ora bisa pesen lagi","Aplikasi Semakin buruk, sinyal bagus tapi gagal terus di pembayaran. Coba ganti2 dari OVO ke Shopee pay hasil nyo tetap error. Sampai 15 kali coba error terus dan dak pacak pesan lagi","Aplikasi Semakin buruk, sinyal bagus tapi gagal terus di pembayaran. Coba ganti2 dari OVO ke Shopee pay hasil nyo tetap error. Sampai 15 kali coba error terus dan dak pacak pesan lagi"
Jadi saya sering berlanganan di kai accses dan saya sangat kecewa banget di ini apk saldo saya ga bisa kepakek karna apk nya konyol bngt sering ngbug dan pin yang saya gunakan selalu salah padahal itu pin udah bner dan saya coba reset sandi dan coba lagi pin masih salah saya tidak terbantu banget dengan apk konyol kayak gini . pihak kai seharusnya di pantau terus dimana bagian bug di apk nya sendiri . kocak kocak,negatif,,,negatif,,Dadi aku sering berlanganan ing kai accses lan aku banget kecewa banget ing iki apk saldo aku ora bisa kepakek karna apk nya konyol bngt sering ngbug lan pin sing aku enggo selalu salah padahal kuwi pin wis bner lan aku coba reset sandi lan coba maneh pin isih salah aku ora terbantu banget karo apk konyol kayak gini . pihak kai seharusnya ing pantau terus dimana bagian bug ing apk nya sendiri . kocak kocak,Jadi aku sering berlanganan di kai accses dan aku banget kecewa banget di ini apk saldo aku ora bisa kepakek karna apk nya konyol bngt sering ngbug dan pin yang aku gunakan selalu salah padahal itu pin wis bner dan aku coba reset sandi dan coba lagi pin masih salah aku ora terbantu banget karo apk konyol kayak gini . pihak kai seharusnya di pantau terus dimana bagian bug di apk nya dhewe . kocak kocak,Jadi aku sering berlanganan di kai accses dan aku nian kecewa nian di ini apk saldo aku dak pacak kepakek karna apk nyo konyol bngt sering ngbug dan pin yang aku gunakan selalu salah padahal itu pin lah bner dan aku coba reset sandi dan coba lagi pin masih salah aku dak terbantu nian pake apk konyol kayak gini . pihak kai seharusnyo di pantau terus dimana bagian bug di apk nyo dewek . kocak kocak,Jadi aku sering berlanganan di kai accses dan aku nian kecewa nian di ini apk saldo aku ga pacak kepakek karna apk nyo konyol bngt sering ngbug dan pin yang aku gunakan selalu salah padahal itu pin lah bner dan aku coba reset sandi dan coba lagi pin masih salah aku dak terbantu nian dengan apk konyol kayak gini . pihak kai seharusnyo di pantau terus dimana bagian bug di apk nyo sendiri . kocak kocak
"Aplikasi ter lemot yang pernah saya jumpai. Saat aplikasi Error penumpang di arahkan untuk ngantri offline, padahal PT KAI sendiri yg mewajibkan beli tiket kereta lokal online utk penumpang usia 50 tahun ke bawah. Anehnya, disaat pt kai ada kesalahan ada pengecualian tapi saat terdapat kesalahan pada penumpang sama sekali tidak ada pengecualian.",negatif,,,,,"Aplikasi ter lemot sing pernah aku jumpai. Wektu aplikasi Error penumpang ing arahkan kanggo ngantri offline, padahal PT KAI sendiri yg mewajibkan tumbas tiket sepur lokal online utk penumpang usia 50 tahun menyang bawah. Anehnya, disaat pt kai ana kesalahan ana pengecualian nanging wektu terdapat kesalahan pada penumpang padha sekali ora ana pengecualian.","Aplikasi ter lemot yang pernah aku jumpai. Saat aplikasi Rusak penumpang di arahkan untuk ngantri offline, padahal PT KAI dhewe yg mewajibkan beli tiket kereta lokal online utk penumpang usia 50 tahun ke bawah. Anehnya, disaat pt kai ana kesalahan ana pengecualian nanging saat terdapat kesalahan pada penumpang karo pisan ora ana pengecualian.","Aplikasi ter lemot yang pernah aku jumpai. Saat aplikasi Error penumpang di arahkan untuk ngantri offline, padahal PT KAI dewek yg mewajibkan beli tiket kereta lokal online utk penumpang usia 50 tahun ke bawah. Anehnyo, disaat pt kai ado kesalahan ado pengecualian tapi saat terdapat kesalahan pada penumpang samo nian dak ado pengecualian.","Aplikasi ter lemot yang pernah aku jumpai. Saat aplikasi Error penumpang di arahkan untuk ngantri offline, padahal PT KAI sendiri yg mewajibkan beli tiket kereta lokal online utk penumpang usia 50 tahun ke bawah. Anehnyo, disaat pt kai ado kesalahan ado pengecualian tapi saat terdapat kesalahan pada penumpang samo nian dak ado pengecualian."
"Sering trouble Sulit melakukan pembelian tiketnya, sudah masuk dan pesan di pembayaran gak bisa, sering juga data hilang sendiri, mohon pihak kai melakukan perbaikan access",,,negatif,negatif,,"Sering trouble Sulit melakukan tumbas tiketnya, wis mlebu lan pesen ing pembayaran ora bisa, sering uga data hilang sendiri, nyuwun pihak kai melakukan perbaikan access","Sering trouble Sulit melakukan pembelian tiketnya, wis masuk dan pesen di pembayaran ora bisa, sering uga data hilang dhewe, mohon pihak kai melakukan perbaikan access","Sering trouble Sulit melakukan pembelian tiketnyo, lah masuk dan pesan di pembayaran dak pacak, sering jugo data hilang dewek, mohon pihak kai melakukan perbaikan access","Sering trouble Sulit melakukan pembelian tiketnyo, lah masuk dan pesan di pembayaran dak pacak, sering jugo data hilang sendiri, mohon pihak kai melakukan perbaikan access"
"beli tiket pas mau di scan katanya disuruh ulang,aku bilang saldo udah berkurang kata mba nya belum ulangi lagi aja, alhasil saldo berkurang 2x hahaha",,,,negatif,,"tumbas tiket pas arep ing scan jarene disuruh ulang,aku bilang saldo wis murah kata mba nya durung ulangi maneh aja, alhasil saldo murah 2x hahaha","beli tiket pas arep di scan katanya disuruh ulang,aku bilang saldo wis berkurang kata mba nya belum ulangi lagi wae, alhasil saldo berkurang 2x hahaha","beli tiket pas nak di scan katanyo disuruh ulang,aku bilang saldo lah berkurang kata mba nyo belum ulangi lagi bae, alhasil saldo berkurang 2x hahaha","beli tiket pas nak di scan katanyo disuruh ulang,aku bilang saldo lah berkurang kata mba nyo belum ulangi lagi bae, alhasil saldo berkurang 2x hahaha"
"Metode pembayaran sering eror terutama pakai ovo jadi susah klo mau bayar sdh kehabisan waktu ,ee tiket nya sudah habis duluan",,,,negatif,,"Cara pembayaran sering rusak terutama nganggo ovo dadi susah yen arep bayar sdh kehabisan wektu ,ee tiket nya wis habis duluan","Metode pembayaran sering eror terutama pakai ovo jadi susah klo arep bayar sdh kehabisan waktu ,ee tiket nya wis habis duluan","Metode pembayaran sering eror terutama pakai ovo jadi susah klo nak bayar sdh kehabisan waktu ,ee tiket nyo lah habis duluan","Metode pembayaran sering eror terutama pakai ovo jadi susah klo nak bayar sdh kehabisan waktu ,ee tiket nyo lah habis duluan"
"Aplikasi makin banyak trouble, gak berminat untuk dibetulkan kah? Masak di awal halam tersisa 5 kursi begitu dibuka kursinya kosong semua. Pertama. Kedua setiap update jam 12 malam. Bukannya kereset malah udah ke isi semua jadi tiket yang habis gak bsa d klik. Tolong lah diperbaiki, sudah canggih tp banyak trouble mending gak usah d update.",,,negatif,,,"Aplikasi makin akeh trouble, ora berminat kanggo dibetulkan apa? Masak ing awal halam tersisa 5 kursi begitu dibuka kursinya kosong semua. Pertama. Kedua saben nganyari jam 12 wengi. Nanging kereset malah wis menyang isi semua dadi tiket sing habis ora bsa d klik. Tulung yo benerake, wis canggih tp akeh trouble mending ora perlu d nganyari.","Aplikasi makin banyak trouble, ora berminat untuk dibetulkan kah? Masak di awal halam tersisa 5 kursi begitu dibuka kursinya kosong kabeh. Pertama. Kedua setiap update jam 12 malam. Bukannya kereset malah wis ke isi kabeh jadi tiket yang habis ora bsa d klik. Tolong lah diperbaiki, wis canggih tp banyak trouble mending ora usah d update.","Aplikasi makin banyak trouble, dak berminat untuk dibetulkan kah? Masak di awal halam tersisa 5 kursi begitu dibuka kursinyo kosong galo. Pertama. Kedua setiap update jam 12 malam. Bukannyo kereset malah lah ke isi galo jadi tiket yang habis dak bsa d klik. Tolong lah diperbaiki, lah canggih tp banyak trouble mending dak usah d update.","Aplikasi makin banyak trouble, dak berminat untuk dibetulkan kah? Masak di awal halam tersisa 5 kursi begitu dibuka kursinyo kosong semua. Pertama. Kedua setiap update jam 12 malam. Bukannyo kereset malah lah ke isi semua jadi tiket yang habis dak bsa d klik. Tolong lah diperbaiki, lah canggih tp banyak trouble mending dak usah d update."
"Mohon admin, kenapa aplikasi kai acces saya gak bisa dibuka? Padahal sudah sy update... Terimakasih",,,,,negatif,"Nyuwun admin, kena apa aplikasi kai acces aku ora bisa dibuka? Padahal wis sy nganyari... Terimakasih","Mohon admin, kena apa aplikasi kai acces aku ora bisa dibuka? Padahal wis sy update... Terimakasih","Mohon admin, ngapo aplikasi kai acces aku dak pacak dibuka? Padahal lah sy update... Terimakasih","Mohon admin, ngapo aplikasi kai acces aku dak pacak dibuka? Padahal lah sy update... Terimakasih"
"Mau pesen tiket tapi selalu muncul tulisan ""can't booking more than 15 booking per day"" Padahal hari ini belum booking tiket sama sekali, gimana ceritanya tiba2 udah 15 booking aja. Gimana nih solusinya? Aplikasi buat booking tiket masa gabisa dipake buat booking tiket.",,,negatif,,,"Arep pesen tiket nanging selalu muncul tulisan ""can't pesen more than 15 pesen per day"" Padahal dina iki durung pesen tiket padha sekali, gimana ceritanya tiba2 wis 15 pesen aja. Gimana nih solusinya? Aplikasi kanggo pesen tiket mangsa gabisa dipake kanggo pesen tiket.","Arep pesen tiket nanging selalu muncul tulisan ""can't booking more than 15 booking per day"" Padahal hari ini belum booking tiket karo pisan, kepriye ceritanya tiba2 wis 15 booking wae. Kepriye nih solusinya? Aplikasi buat booking tiket masa gabisa dipake buat booking tiket.","Nak pesen tiket tapi selalu muncul tulisan ""can't booking more than 15 booking per day"" Padahal hari ini belum booking tiket samo nian, cakmno ceritanyo tiba2 lah 15 booking bae. Cakmno nih solusinyo? Aplikasi buat booking tiket masa gabisa dipake buat booking tiket.","nak pesen tiket tapi selalu muncul tulisan ""can't booking more than 15 booking per day"" Padahal hari ini belum booking tiket samo nian, cakmno ceritanyo tiba2 lah 15 booking bae. cakmno nih solusinyo? Aplikasi buat booking tiket masa gabisa dipake buat booking tiket."
"Aplikasi busuk, pesan tiket aja susah bgt",,,negatif,,,"Aplikasi busuk, pesen tiket aja susah bgt","Aplikasi busuk, pesen tiket wae susah banget","Aplikasi busuk, pesan tiket bae susah nian","Aplikasi busuk, pesan tiket bae susah bgt"
"Gatau lah download aplikasi bukannya jadi mudah malah makin ribet. Ini kalo tiket kretanya habis di tulis tidak tersedia kek, jangan tulisannya tersedia tapi trnyt dah abis, lbih valid pesen lewat browser dripd aplikasi",,,negatif,,,"Gatau yo download aplikasi nanging dadi gampang malah makin ribet. Iki yen tiket kretanya habis ing tulis ora tersedia kek, aja tulisannya tersedia nanging trnyt dah entek, lbih valid pesen lewat browser dripd aplikasi","Gatau lah download aplikasi bukannya jadi gampang malah makin ribet. Ini yen tiket kretanya habis di tulis ora tersedia kek, jangan tulisannya tersedia nanging trnyt dah abis, lbih valid pesen lewat browser dripd aplikasi","Gatau lah download aplikasi bukannyo jadi gampang malah makin ribet. Ini men tiket kretanyo habis di tulis dak tersedia kek, jangan tulisannyo tersedia tapi trnyt dah abis, lbih valid pesen lewat browser dripd aplikasi","Gatau lah download aplikasi bukannyo jadi gampang malah makin ribet. Ini men tiket kretanyo habis di tulis dak tersedia kek, jangan tulisannyo tersedia tapi trnyt dah abis, lbih valid pesen lewat browser dripd aplikasi"
"Perubahan jadwal di bulan Pebruari sangat tdk bersahabat dg pekerja dan juga waktu tempuhnya jadi lebih lama... Perubahan tdk menjadi lebih baik, menurut kami sebagai pekerja. Tidak mendukung himbauan untuk menggunakan angkutan umum supaya mengurangi kemacetan...",,,,,,"Owahan jadwal ing bulan Pebruari banget tdk bersahabat dg pekerja lan uga wektu tempuhnya dadi luwih suwe... Owahan tdk dadi luwih baik, menurut kami sebagai pekerja. Ora mendukung himbauan kanggo menggunakan angkutan umum supaya mengurangi kemacetan...","Perubahan jadwal di bulan Pebruari banget tdk bersahabat dg pekerja dan uga waktu tempuhnya jadi lebih lama... Perubahan tdk menjadi lebih apik, menurut kami sebagai pekerja. Ora mendukung himbauan untuk menggunakan angkutan umum supaya mengurangi kemacetan...","Perubahan jadwal di bulan Pebruari nian dak bersahabat dg pekerja dan jugo waktu tempuhnyo jadi lebih lama... Perubahan dak menjadi lebih baek, menurut kami sebagai pekerja. Dak mendukung himbauan untuk menggunakan angkutan umum supaya mengurangi kemacetan...","Perubahan jadwal di bulan Pebruari nian tdk bersahabat dg pekerja dan jugo waktu tempuhnyo jadi lebih lama... Perubahan tdk menjadi lebih baek, menurut kami sebagai pekerja. dak mendukung himbauan untuk menggunakan angkutan umum supaya mengurangi kemacetan..."
"saya tidak bisa mencari kota tujuan di pilihan KA lokal seperti sragen, Ngawi, Madiun. Tolong solusinya",,,negatif,,,"aku ora bisa mencari kota tujuan ing pilihan KA lokal seperti sragen, Ngawi, Madiun. Tulung solusinya","aku ora bisa mencari kota tujuan di pilihan KA lokal kaya sragen, Ngawi, Madiun. Tolong solusinya","aku dak pacak mencari kota tujuan di pilihan KA lokal cak sragen, Ngawi, Madiun. Tolong solusinyo","aku dak pacak mencari kota tujuan di pilihan KA lokal cak sragen, Ngawi, Madiun. Tolong solusinyo"
"Tiap beli tiket arus balik sering error Mulu, padahal pembayaran udh berhasil tapi tiket GK keluar",,,,,,"Saben tumbas tiket arus balik sering error Terus, padahal pembayaran wis berhasil nanging tiket ORA metu","Tiap beli tiket arus balik sering rusak Mulu, padahal pembayaran wis berhasil nanging tiket GK keluar","Tiap beli tiket arus balik sering error Mulu, padahal pembayaran lah berhasil tapi tiket GK keluar","Tiap beli tiket arus balik sering error Mulu, padahal pembayaran lah berhasil tapi tiket GK keluar"
"Setelah di update malah makin buruk, selalu disuruh aktivasi kaipay, giliran mau di aktivasi tapi selalu oror dan gagal lagi, kemarin saja pernah h-1 pemberangkatan tiket malah ngga mau muncul",,,negatif,negatif,,"Sawise ing nganyari malah makin buruk, selalu disuruh aktivasi kaipay, giliran arep ing aktivasi nanging selalu oror lan gagal maneh, kemarin saja pernah h-1 pemberangkatan tiket malah ora arep muncul","Setelah di update malah makin ala, selalu disuruh aktivasi kaipay, giliran arep di aktivasi nanging selalu oror dan gagal lagi, kemarin wae pernah h-1 pemberangkatan tiket malah ora arep muncul","Setelah di update malah makin buruk, selalu disuruh aktivasi kaipay, giliran nak di aktivasi tapi selalu oror dan gagal lagi, kemarin bae pernah h-1 pemberangkatan tiket malah dak nak muncul","Setelah di update malah makin buruk, selalu disuruh aktivasi kaipay, giliran nak di aktivasi tapi selalu oror dan gagal lagi, kemarin bae pernah h-1 pemberangkatan tiket malah dak nak muncul"
Saya membeli karcis yang salah pada jam nya dan saya harus berpikir keras untuk mengembalikannya hanya saja uang itu tidak bisa dikembalikan dan harus jual ke orang lain dan saya juga udah nggak bisa buat mendapatkan uang itu lagi tolong dibenarkan aplikasi ini jangan sampai Indonesia malu-maluin seperti ini uang 3000 masa nggak bisa dibalikin tolong dong diperbaiki lagi aplikasinya bikin malu-malu negara aja kalau niat bikin kereta nggak usah bikin karcis kereta jadilah yang jujur,,,,,,Aku membeli karcis sing salah pada jam nya lan aku kudu berpikir keras kanggo mengembalikannya hanya saja uang kuwi ora bisa dikembalikan lan kudu jual menyang orang lain lan aku uga wis ora bisa kanggo mendapatkan uang kuwi maneh tulung dibenarkan aplikasi iki aja sampai Indonesia malu-maluin seperti iki uang 3000 mangsa ora bisa dibalikin tulung dong benerake maneh aplikasinya bikin malu-malu negara aja kalau niat bikin sepur ora perlu bikin karcis sepur jadilah sing jujur,Aku membeli karcis yang salah pada jam nya dan aku harus berpikir keras untuk mengembalikannya hanya wae dhuwit itu ora bisa dikembalikan dan harus jual ke wong lain dan aku uga wis ora bisa buat mendapatkan dhuwit itu lagi tolong dibenarkan aplikasi ini jangan sampai Indonesia malu-maluin kaya ini dhuwit 3000 masa ora bisa dibalikin tolong dong diperbaiki lagi aplikasinya bikin malu-malu negara wae yen niat bikin kereta ora usah bikin karcis kereta jadilah yang jujur,Aku membeli karcis yang salah pada jam nyo dan aku harus berpikir keras untuk mengembalikannyo hanyo bae duet itu dak pacak dikembalikan dan harus jual ke wong lain dan aku jugo lah dak pacak buat mendapatkan duet itu lagi tolong dibenarkan aplikasi ini jangan sampai Indonesia malu-maluin cak ini duet 3000 masa dak pacak dibalikin tolong dong diperbaiki lagi aplikasinyo bikin malu-malu negara bae men niat bikin kereta dak usah bikin karcis kereta jadilah yang jujur,aku membeli karcis yang salah pada jam nyo dan aku harus berpikir keras untuk mengembalikannyo hanyo bae duet itu dak pacak dikembalikan dan harus jual ke wong lain dan aku jugo lah dak pacak buat mendapatkan duet itu lagi tolong dibenarkan aplikasi ini jangan sampai Indonesia malu-maluin cak ini duet 3000 masa dak pacak dibalikin tolong dong diperbaiki lagi aplikasinyo bikin malu-malu negara bae men niat bikin kereta dak usah bikin karcis kereta jadilah yang jujur
"saya 2 kali pesen tiket online sudah terbayar, ada bukti nya juga tapi diapk tiketnya belum terbayar sampai akhirnya waktunya habis dan hangus. saran juga kalo bisa diapk ada menu untuk pesan makan trus bisa diantar sarann aja",,,negatif,,,"aku 2 kali pesen tiket online wis terbayar, ana bukti nya uga nanging diapk tiketnya durung terbayar sampai akhirnya wektune habis lan hangus. saran uga yen bisa diapk ana menu kanggo pesen makan trus bisa diantar sarann aja","aku 2 kali pesen tiket online wis terbayar, ana bukti nya uga nanging diapk tiketnya belum terbayar sampai akhirnya waktunya habis dan hangus. saran uga yen bisa diapk ana menu untuk pesen makan trus bisa diantar sarann wae","aku 2 kali pesen tiket online lah terbayar, ado bukti nyo jugo tapi diapk tiketnyo belum terbayar sampai akhirnyo waktunyo habis dan hangus. saran jugo men pacak diapk ado menu untuk pesan makan trus pacak diantar sarann bae","aku 2 kali pesen tiket online lah terbayar, ado bukti nyo jugo tapi diapk tiketnyo belum terbayar sampai akhirnyo waktunyo habis dan hangus. saran jugo men pacak diapk ado menu untuk pesan makan trus pacak diantar sarann bae"
"Susah sekali batalin tiket, banyak bug. Pakai e-wallet, data e-wallet tdk tersedia, trs knp dikasih opsi tsb?. Pakai Bank, namanya harus sama dg nama penumpang. Lah nama penumpangnya udh sesuai sama NIK, trs knp ga diintergrasikan aja? Solusi dari CS, minta user ke stasiun. Tapi, gak bisa melayani di semua stasiun. Benar benar tidak solutif dan tidak membantu. Hangus sudah tiketnya.",,,negatif,negatif,,"Susah sekali batalin tiket, akeh bug. Nganggo e-wallet, data e-wallet tdk tersedia, trs knp dikasih opsi tsb?. Nganggo Bank, namanya kudu padha dg nama penumpang. Yo nama penumpangnya wis cocok padha NIK, trs knp ora diintergrasikan aja? Solusi dari CS, minta user menyang stasiun. Nanging, ora bisa melayani ing semua stasiun. Benar benar ora solutif lan ora mbantu. Hangus wis tiketnya.","Susah pisan batalin tiket, banyak bug. Pakai e-wallet, data e-wallet tdk tersedia, trs knp dikasih opsi tsb?. Pakai Bank, namanya harus karo dg nama penumpang. Lah nama penumpangnya wis sesuai karo NIK, trs knp ora diintergrasikan wae? Solusi dari CS, minta user ke stasiun. Nanging, ora bisa melayani di kabeh stasiun. Bener bener ora solutif dan ora membantu. Hangus wis tiketnya.","Susah nian batalin tiket, banyak bug. Pakai e-wallet, data e-wallet dak tersedia, trs knp dikasih opsi tsb?. Pakai Bank, namanyo harus samo dg nama penumpang. Lah nama penumpangnyo lah sesuai samo NIK, trs knp dak diintergrasikan bae? Solusi dari CS, minta user ke stasiun. Tapi, dak pacak melayani di galo stasiun. Bener bener dak solutif dan dak membantu. Hangus lah tiketnyo.","Susah nian batalin tiket, banyak bug. Pakai e-wallet, data e-wallet tdk tersedia, trs knp dikasih opsi tsb?. Pakai Bank, namanyo harus samo dg nama penumpang. Lah nama penumpangnyo lah sesuai samo NIK, trs knp ga diintergrasikan bae? Solusi dari CS, minta user ke stasiun. Tapi, dak pacak melayani di semua stasiun. Benar benar dak solutif dan dak membantu. Hangus lah tiketnyo."
"Alasan Rating: Tidak kompatibel dengan ponsel saya,saya harap aplikasi penting seperti ini berfungsi di setiap perangkat,agar tidak mempersulit banyak orang. Satu lagi,untuk connecting train itu belum lengkap jadi ada beberapa rute yang harus di pesan tiketnya satu persatu dan tambahkan connecting train lokal dengan antarkota,mohon diperbaiki...",negatif,,negatif,,,"Alasan Rating: Ora kompatibel karo ponsel aku,aku harap aplikasi penting seperti iki berfungsi ing saben perangkat,agar ora mempersulit akeh orang. Satu maneh,kanggo connecting train kuwi durung lengkap dadi ana beberapa rute sing kudu ing pesen tiketnya satu persatu lan tambahkan connecting train lokal karo antarkota,nyuwun benerake...","Alasan Rating: Ora kompatibel karo ponsel aku,aku harap aplikasi penting kaya ini berfungsi di setiap perangkat,agar ora mempersulit banyak wong. Satu lagi,untuk connecting train itu belum lengkap jadi ana beberapa rute yang harus di pesen tiketnya satu persatu dan tambahkan connecting train lokal karo antarkota,mohon diperbaiki...","Alasan Rating: Dak kompatibel pake ponsel aku,aku harap aplikasi penting cak ini berfungsi di setiap perangkat,agar dak mempersulit banyak wong. Satu lagi,untuk connecting train itu belum lengkap jadi ado beberapa rute yang harus di pesan tiketnyo satu persatu dan tambahkan connecting train lokal pake antarkota,mohon diperbaiki...","Alasan Rating: dak kompatibel dengan ponsel aku,aku harap aplikasi penting cak ini berfungsi di setiap perangkat,agar dak mempersulit banyak wong. Satu lagi,untuk connecting train itu belum lengkap jadi ado beberapa rute yang harus di pesan tiketnyo satu persatu dan tambahkan connecting train lokal dengan antarkota,mohon diperbaiki..."
Setelah d update antri online 20 ment berasa 1 jam setelah antrian selesai tiket tidak tersedia...war tiket jd kacau...,,,negatif,,,Sawise d nganyari antri online 20 ment berasa 1 jam sawise antrean selesai tiket ora tersedia...war tiket jd kacau...,Setelah d update antri online 20 ment berasa 1 jam setelah antrian selesai tiket ora tersedia...war tiket jd kacau...,Setelah d update antri online 20 ment berasa 1 jam setelah antrian selesai tiket dak tersedia...war tiket jd kacau...,Setelah d update antri online 20 ment berasa 1 jam setelah antrian selesai tiket dak tersedia...war tiket jd kacau...
"Ini aplikasi kenapa sih, sisa saldo saya itu pas pagi tadi ada 18 ribu, mau beli tiket commuter line bandung yang harganya 5 ribu, pas mau pembayaran malah tiba tiba e wallet kosong, terus saldo saya dikuras habis, setelah nanya satpam, satpamnya malah bilang lain kali jangan top up kaipay karna sering gangguan, pdhl saya udh nunjukin bukti saldo saya sebelumnya dan saldo saya yg berkurang di riwayat pembayaran Plis perbaikin ini, kenapa sih bisa bisanya saldo disedot abis",,,,negatif,,"Iki aplikasi kena apa sih, sisa saldo aku kuwi pas pagi tadi ana 18 ribu, arep tumbas tiket commuter line bandung sing harganya 5 ribu, pas arep pembayaran malah tiba tiba e wallet kosong, terus saldo aku dikuras habis, sawise nanya satpam, satpamnya malah bilang lain kali aja top up kaipay karna sering gangguan, pdhl aku wis nunjukin bukti saldo aku sebelumnya lan saldo aku yg murah ing riwayat pembayaran Plis perbaikin iki, kena apa sih bisa bisanya saldo disedot entek","Ini aplikasi kena apa sih, sisa saldo aku itu pas pagi tadi ana 18 ribu, arep beli tiket commuter line bandung yang harganya 5 ribu, pas arep pembayaran malah tiba tiba e wallet kosong, terus saldo aku dikuras habis, setelah nanya satpam, satpamnya malah bilang lain kali jangan top up kaipay karna sering gangguan, pdhl aku wis nunjukin bukti saldo aku sebelumnya dan saldo aku yg berkurang di riwayat pembayaran Plis perbaikin ini, kena apa sih bisa bisanya saldo disedot abis","Ini aplikasi ngapo sih, sisa saldo aku itu pas pagi tadi ado 18 ribu, nak beli tiket commuter line bandung yang harganyo 5 ribu, pas nak pembayaran malah tiba tiba e wallet kosong, terus saldo aku dikuras habis, setelah nanyo satpam, satpamnyo malah bilang lain kali jangan top up kaipay karna sering gangguan, pdhl aku lah nunjukin bukti saldo aku sebelumnyo dan saldo aku yg berkurang di riwayat pembayaran Plis perbaikin ini, ngapo sih pacak bisanyo saldo disedot abis","Ini aplikasi ngapo sih, sisa saldo aku itu pas pagi tadi ado 18 ribu, nak beli tiket commuter line bandung yang harganyo 5 ribu, pas nak pembayaran malah tiba tiba e wallet kosong, terus saldo aku dikuras habis, setelah nanyo satpam, satpamnyo malah bilang lain kali jangan top up kaipay karna sering gangguan, pdhl aku lah nunjukin bukti saldo aku sebelumnyo dan saldo aku yg berkurang di riwayat pembayaran Plis perbaikin ini, ngapo sih pacak bisanyo saldo disedot abis"
"Untuk keseluruhan hampir mudah di gunakan, tapi satu yang perlu diperhatikan, sistem pembatalan itu jangan nunggu 30-45 hari kerja yaa, kelamaan, paling telat juga 2X24JAM , Beda dengan Traveloka Agoda dll meski cuma 10 menit , mohon untuk di perhatikan",positif,,negatif,,,"Kanggo keseluruhan hampir gampang ing enggo, nanging satu sing perlu diperhatikan, sistem pembatalan kuwi aja nunggu 30-45 dina kerja yaa, kelamaan, paling telat uga 2X24JAM , Beda karo Traveloka Agoda dll meski mung 10 menit , nyuwun kanggo ing perhatikan","Untuk keseluruhan hampir gampang di gunakan, nanging satu yang perlu diperhatikan, sistem pembatalan itu jangan nunggu 30-45 hari kerja yaa, kelamaan, paling telat uga 2X24JAM , Beda karo Traveloka Agoda dll meski mung 10 menit , mohon untuk di perhatikan","Untuk keseluruhan hampir gampang di gunakan, tapi satu yang perlu diperhatikan, sistem pembatalan itu jangan nunggu 30-45 hari kerja yaa, kelamaan, paling telat jugo 2X24JAM , Beda pake Traveloka Agoda dll meski cuman 10 menit , mohon untuk di perhatikan","Untuk keseluruhan hampir gampang di gunakan, tapi satu yang perlu diperhatikan, sistem pembatalan itu jangan nunggu 30-45 hari kerja yaa, kelamaan, paling telat jugo 2X24JAM , Beda dengan Traveloka Agoda dll meski cuman 10 menit , mohon untuk di perhatikan"
"tolong aplikasinya dibenerin lagi,saya mau update ke KAI PAY gak bisa keluar terus dari aplikasi",,,,negatif,,"tulung aplikasinya dibenerin maneh,aku arep nganyari menyang KAI PAY ora bisa metu terus dari aplikasi","tolong aplikasinya dibenerin lagi,aku arep update ke KAI PAY ora bisa keluar terus dari aplikasi","tolong aplikasinyo dibenerin lagi,aku nak update ke KAI PAY dak pacak keluar terus dari aplikasi","tolong aplikasinyo dibenerin lagi,aku nak update ke KAI PAY dak pacak keluar terus dari aplikasi"
"mau pesen kereta lemotnya minta ampun, padahal tinggal bayar malah muncul layar abu-abu",,,,negatif,,"arep pesen sepur lemotnya minta ampun, padahal tinggal bayar malah muncul layar abu-abu","arep pesen kereta lemotnya minta ampun, padahal tinggal bayar malah muncul layar abu-abu","nak pesen kereta lemotnyo minta ampun, padahal tinggal bayar malah muncul layar abu-abu","nak pesen kereta lemotnyo minta ampun, padahal tinggal bayar malah muncul layar abu-abu"
Ribet amat sekarang apa - apa online tapi sistemtem lemot kalau nggak eror ampasss,negatif,,,,,Ribet amat saiki apa - apa online nanging sistemtem lemot kalau ora rusak ampasss,Ribet amat saiki apa - apa online nanging sistemtem lemot yen ora eror ampasss,Ribet amat sekarang apo - apo online tapi sistemtem lemot men dak eror ampasss,Ribet amat sekarang apo - apo online tapi sistemtem lemot men dak eror ampasss
"aplikasinya sebenernya bagus cuma kenapa waktu minta permintaan refund pembatalan tiket uangnya udah melewati 30 hari belum ada uang kembali , malah pengajuan pembatalan perjalanan tiket belum di konfirmasi padahal udah lewat 30 hari , untung Nominal 80 ribu ke , gimana kalau nominal 500ribu -1 juta keatas ? Tolong segera di perbaiki lagi",positif,positif,negatif,negatif,positif,"aplikasinya sebenernya apik mung kena apa wektu minta jaluk refund pembatalan tiket uangnya wis melewati 30 dina durung ana uang bali , malah pengajuan pembatalan perjalanan tiket durung ing konfirmasi padahal wis lewat 30 dina , untung Nominal 80 ribu menyang , gimana kalau nominal 500ribu -1 juta keatas ? Tulung cepet ing benerake maneh","aplikasinya sebenernya apik mung kena apa waktu minta permintaan refund pembatalan tiket uangnya wis melewati 30 hari belum ana dhuwit kembali , malah pengajuan pembatalan perjalanan tiket belum di konfirmasi padahal wis lewat 30 hari , untung Nominal 80 ribu ke , kepriye yen nominal 500ribu -1 juta keatas ? Tolong segera di perbaiki lagi","aplikasinyo sebenernyo bagus cuman ngapo waktu minta permintaan refund pembatalan tiket uangnyo lah melewati 30 hari belum ado duet kembali , malah pengajuan pembatalan perjalanan tiket belum di konfirmasi padahal lah lewat 30 hari , untung Nominal 80 ribu ke , cakmno men nominal 500ribu -1 juta keatas ? Tolong segera di perbaiki lagi","aplikasinyo sebenernyo bagus cuman ngapo waktu minta permintaan refund pembatalan tiket uangnyo lah melewati 30 hari belum ado duet kembali , malah pengajuan pembatalan perjalanan tiket belum di konfirmasi padahal lah lewat 30 hari , untung Nominal 80 ribu ke , cakmno men nominal 500ribu -1 juta keatas ? Tolong segera di perbaiki lagi"
"Sangat perlu di perbaiki, dan diperbarui, topup masuknya 2 hari , scan barcode bayar masuknya juga lama diulang ulang terus .",,,,negatif,,"Banget perlu ing benerake, lan diperbarui, topup mlebune 2 dina , scan barcode bayar mlebune uga suwe diulang ulang terus .","Banget perlu di perbaiki, dan diperbarui, topup masuknya 2 hari , scan barcode bayar masuknya uga lama diulang ulang terus .","Nian perlu di perbaiki, dan diperbarui, topup masuknyo 2 hari , scan barcode bayar masuknyo jugo lama diulang ulang terus .","nian perlu di perbaiki, dan diperbarui, topup masuknyo 2 hari , scan barcode bayar masuknyo jugo lama diulang ulang terus ."
"Masa topup saldo KAI Pay dari BCA ke VA Kaspro lama banget terupdatenya. Butuh waktu 30 menit. Tolong dipercepat lah, dulu sebelum aplikasi diperbaharui ngisi saldonya cepat, masa setelah diperbaharui malah lebih lambat.",,,,negatif,,"Mangsa topup saldo KAI Pay dari BCA menyang VA Kaspro suwe banget terupdatenya. Butuh wektu 30 menit. Tulung dipercepat yo, dulu sebelum aplikasi diperbaharui ngisi saldone cepet, mangsa sawise diperbaharui malah luwih lambat.","Masa topup saldo KAI Pay dari BCA ke VA Kaspro lama banget terupdatenya. Butuh waktu 30 menit. Tolong dipercepat lah, dulu sebelum aplikasi diperbaharui ngisi saldonya cepet, masa setelah diperbaharui malah lebih alon.","Masa topup saldo KAI Pay dari BCA ke VA Kaspro lama nian terupdatenyo. Butuh waktu 30 menit. Tolong dipercepat lah, dulu sebelum aplikasi diperbaharui ngisi saldonyo cepet, masa setelah diperbaharui malah lebih lambat.","Masa topup saldo KAI Pay dari BCA ke VA Kaspro lama nian terupdatenyo. Butuh waktu 30 menit. Tolong dipercepat lah, dulu sebelum aplikasi diperbaharui ngisi saldonyo cepet, masa setelah diperbaharui malah lebih lambat."
"Jelek pake banget, ga kaya tahun dulu dulu. Pas buka aplikasi dapet tiket bayar ke alfamart. Sekarang suruh nunggu pake no antrian lah. Giliran udh masuk pas masukin data timeout terus. Tau tau tiket abis. 😡😡😡",,,negatif,,,"Jelek nganggo banget, ora kaya tahun dulu dulu. Pas buka aplikasi dapet tiket bayar menyang alfamart. Saiki suruh nunggu nganggo no antrean yo. Giliran wis mlebu pas masukin data timeout terus. Ngerti ngerti tiket entek. 😡😡😡","Jelek pake banget, ora kaya tahun dulu dulu. Pas buka aplikasi dapet tiket bayar ke alfamart. Saiki suruh nunggu pake no antrian lah. Giliran wis masuk pas masukin data timeout terus. Tau tau tiket abis. 😡😡😡","Jelek pake nian, dak kaya tahun dulu dulu. Pas buka aplikasi dapet tiket bayar ke alfamart. Sekarang suruh nunggu pake no antrian lah. Giliran lah masuk pas masukin data timeout terus. Tau tau tiket abis. 😡😡😡","Jelek pake nian, ga kaya tahun dulu dulu. Pas buka aplikasi dapet tiket bayar ke alfamart. Sekarang suruh nunggu pake no antrian lah. Giliran lah masuk pas masukin data timeout terus. Tau tau tiket abis. 😡😡😡"
"Ini aplikasi pemerintah bukan sih, klu punya pemerintah parah banget. Kebanyakan di korupsi kali duitnya. Error, lemot, buat bayar ribet amat ngulang-ngulang terus. Di perbaiki lagi donk yang lebih baik.",negatif,,negatif,,,"Iki aplikasi pemerintah bukan sih, klu punya pemerintah parah banget. Kakehan ing korupsi kali duwite. Error, lemot, kanggo bayar ribet amat ngulang-ngulang terus. Ing benerake maneh donk sing luwih baik.","Ini aplikasi pemerintah dudu sih, klu punya pemerintah parah banget. Kebanyakan di korupsi kali duitnya. Rusak, lemot, buat bayar ribet amat ngulang-ngulang terus. Di perbaiki lagi donk yang lebih apik.","Ini aplikasi pemerintah bukan sih, klu punyo pemerintah parah nian. Kebanyakan di korupsi kali duitnyo. Error, lemot, buat bayar ribet amat ngulang-ngulang terus. Di perbaiki lagi donk yang lebih baek.","Ini aplikasi pemerintah bukan sih, klu punyo pemerintah parah nian. Kebanyakan di korupsi kali duitnyo. Error, lemot, buat bayar ribet amat ngulang-ngulang terus. Di perbaiki lagi donk yang lebih baek."
Pemesanan kai untuk mudik terlalu lambat server selau penuh ujung ujungnya udh kehabisan tiket aja padahal baru 5 mnit pembukaan tolong lah ditingkatkan lagi kai,negatif,,,,,Pesenan kai kanggo mudik terlalu lambat server selau penuh ujung ujungnya wis kehabisan tiket aja padahal anyar 5 menit pembukaan tulung yo ditingkatkan maneh kai,Pemesanan kai untuk mudik terlalu alon server selau penuh ujung ujungnya wis kehabisan tiket wae padahal baru 5 mnit pembukaan tolong lah ditingkatkan lagi kai,Pemesanan kai untuk mudik terlalu lambat server selau penuh ujung ujungnyo lah kehabisan tiket bae padahal baru 5 mnit pembukaan tolong lah ditingkatkan lagi kai,Pemesanan kai untuk mudik terlalu lambat server selau penuh ujung ujungnyo lah kehabisan tiket bae padahal baru 5 mnit pembukaan tolong lah ditingkatkan lagi kai
"Mohon untuk disediakan Fitur tukar tiket jadwal keberangkatan, agar tidak usah jauh² datang ke stasiun, soalnya untuk anak kuliahan yang merantau akan sangat berguna karena banyaknya jadwal² kelas yang sering ber ubah ubah.",,,negatif,,,"Nyuwun kanggo disediakan Fitur tukar tiket jadwal keberangkatan, agar ora perlu jauh² datang menyang stasiun, soalnya kanggo anak kuliahan sing merantau akan banget berguna karena banyaknya jadwal² kelas sing sering ber ubah ubah.","Mohon untuk disediakan Fitur tukar tiket jadwal keberangkatan, agar ora usah jauh² datang ke stasiun, soalnya untuk anak kuliahan yang merantau akan banget berguna karena banyaknya jadwal² kelas yang sering ber ubah ubah.","Mohon untuk disediakan Fitur tukar tiket jadwal keberangkatan, agar dak usah jauh² datang ke stasiun, soalnyo untuk anak kuliahan yang merantau akan nian berguna karena banyaknyo jadwal² kelas yang sering ber ubah ubah.","Mohon untuk disediakan Fitur tukar tiket jadwal keberangkatan, agar dak usah jauh² datang ke stasiun, soalnyo untuk anak kuliahan yang merantau akan nian berguna karena banyaknyo jadwal² kelas yang sering ber ubah ubah."
Parah banget sudah beli tiket saldo sudah terpotong tpi tiketnya tidak ada di pemesanan typo,,,negatif,,,Parah banget wis tumbas tiket saldo wis terpotong tpi tiketnya ora ana ing pesenan typo,Parah banget wis beli tiket saldo wis terpotong tpi tiketnya ora ana di pemesanan typo,Parah nian lah beli tiket saldo lah terpotong tpi tiketnyo dak ado di pemesanan typo,Parah nian lah beli tiket saldo lah terpotong tpi tiketnyo dak ado di pemesanan typo
"tolong tambahkan layanan penggantian nama penumpang dan akun yg memesan juga bisa digantikan oleh orang lain, bintang 2 dulu klau udah ada layanannya sy ganti",,,,,,"tulung tambahkan layanan penggantian nama penumpang lan akun yg memesan uga bisa digantikan oleh orang lain, bintang 2 dulu klau wis ana layanannya sy ganti","tolong tambahkan layanan penggantian nama penumpang dan akun yg memesan uga bisa digantikan oleh wong lain, bintang 2 dulu klau wis ana layanannya sy ganti","tolong tambahkan layanan penggantian nama penumpang dan akun yg memesan jugo pacak digantikan oleh wong lain, bintang 2 dulu klau lah ado layanannyo sy ganti","tolong tambahkan layanan penggantian nama penumpang dan akun yg memesan jugo pacak digantikan oleh wong lain, bintang 2 dulu klau lah ado layanannyo sy ganti"
Baru nyoba sekali udah kecewa. Karena pilihannya gabisa di klik. Ya gimana mau lanjut administrasi kalo pilihan keretanya gabisa di klik. Trs juga suka ngefrezz gajelas bgt,negatif,,,,,Anyar nyoba sekali wis kecewa. Karena pilihannya gabisa ing klik. Ya gimana arep lanjut administrasi yen pilihan keretanya gabisa ing klik. Trs uga suka ngefrezz gajelas bgt,Baru nyoba pisan wis kecewa. Karena pilihannya gabisa di klik. Ya kepriye arep lanjut administrasi yen pilihan keretanya gabisa di klik. Trs uga suka ngefrezz gajelas banget,Baru nyoba nian lah kecewa. Karena pilihannyo gabisa di klik. Ya cakmno nak lanjut administrasi men pilihan keretanyo gabisa di klik. Trs jugo suka ngefrezz gajelas nian,Baru nyoba nian lah kecewa. Karena pilihannyo gabisa di klik. Ya cakmno nak lanjut administrasi men pilihan keretanyo gabisa di klik. Trs jugo suka ngefrezz gajelas bgt
"Aplikasi yg versi terbaru malah semakin sulit dapat tiket, udah war dibelain bergadang jadwal selalu belum tersedia giliran udah muncul udah kehabisan padahal memori bagus, koneksi bagus, kecewa sebagai pelanggan yg dr dulu selalu naik kereta kemana mana sekarang susah krn gadapet tiket terus 😑",,,negatif,,,"Aplikasi yg versi terbaru malah sansaya sulit dapat tiket, wis war dibelain bergadang jadwal selalu durung tersedia giliran wis muncul wis kehabisan padahal memori apik, koneksi apik, kecewa sebagai pelanggan yg dr dulu selalu naik sepur kemana endi saiki susah krn gadapet tiket terus 😑","Aplikasi yg versi terbaru malah semakin sulit dapat tiket, wis war dibelain bergadang jadwal selalu belum tersedia giliran wis muncul wis kehabisan padahal memori apik, koneksi apik, kecewa sebagai pelanggan yg dr dulu selalu naik kereta kemana mana saiki susah krn gadapet tiket terus 😑","Aplikasi yg versi terbaru malah semakin sulit dapat tiket, lah war dibelain bergadang jadwal selalu belum tersedia giliran lah muncul lah kehabisan padahal memori bagus, koneksi bagus, kecewa sebagai pelanggan yg dr dulu selalu naik kereta kemana mana sekarang susah krn gadapet tiket terus 😑","Aplikasi yg versi terbaru malah semakin sulit dapat tiket, lah war dibelain bergadang jadwal selalu belum tersedia giliran lah muncul lah kehabisan padahal memori bagus, koneksi bagus, kecewa sebagai pelanggan yg dr dulu selalu naik kereta kemana mana sekarang susah krn gadapet tiket terus 😑"
"Jangan maksa update kalo blm mau update, apps lain gak di update 6 bulan pun bisa di pake, bisa gak cuma notif aja jangan maksa update",negatif,,,,,"Aja maksa nganyari yen durung arep nganyari, apps lain ora ing nganyari 6 bulan pun bisa ing nganggo, bisa ora mung notif aja aja maksa nganyari","Jangan maksa update yen blm arep update, apps lain ora di update 6 bulan pun bisa di pake, bisa ora mung notif wae jangan maksa update","Jangan maksa update men blm nak update, apps lain dak di update 6 bulan pun pacak di pake, pacak dak cuman notif bae jangan maksa update","Jangan maksa update men blm nak update, apps lain dak di update 6 bulan pun pacak di pake, pacak dak cuman notif bae jangan maksa update"
Seriuss kai access seburuk itu persiapan nya buat lebaran tahun ini,negatif,,,,,Seriuss kai access seburuk kuwi persiapan nya kanggo lebaran tahun iki,Seriuss kai access seburuk itu persiapan nya buat lebaran tahun ini,Seriuss kai access seburuk itu persiapan nyo buat lebaran tahun ini,Seriuss kai access seburuk itu persiapan nyo buat lebaran tahun ini
"Udah saya bayarrr tiket belum masuk juga, najis aplikasi KAI setelah update",,,negatif,,,"Wis aku bayarrr tiket durung mlebu uga, najis aplikasi KAI sawise nganyari","Wis aku bayarrr tiket belum masuk uga, najis aplikasi KAI setelah update","Lah aku bayarrr tiket belum masuk jugo, najis aplikasi KAI setelah update","lah aku bayarrr tiket belum masuk jugo, najis aplikasi KAI setelah update"
"Pesan tiket susah,, loading terus udah isi data penumpang klik lanjut tetep gak dapat tiket",,,negatif,,,"Pesen tiket susah,, muter terus wis isi data penumpang klik lanjut tetep ora dapat tiket","Pesen tiket susah,, loading terus wis isi data penumpang klik lanjut tetep ora dapat tiket","Pesan tiket susah,, loading terus lah isi data penumpang klik lanjut tetep dak dapat tiket","Pesan tiket susah,, loading terus lah isi data penumpang klik lanjut tetep dak dapat tiket"
"Ngapain pakai antrian, cuma hanya cek tiket. Tolonglah bijaksana dalam membuat aplikasi. Jangn memikirkan untung sepihak",,,negatif,,,"Ngapain nganggo antrean, mung hanya cek tiket. Tolonglah bijaksana jero membuat aplikasi. Jangn memikirkan untung sepihak","Ngapain pakai antrian, mung hanya cek tiket. Tolonglah bijaksana jero membuat aplikasi. Jangn memikirkan untung sepihak","Ngapain pakai antrian, cuman hanyo cek tiket. Tolonglah bijaksana dalem membuat aplikasi. Jangn memikirkan untung sepihak","Ngapain pakai antrian, cuman hanyo cek tiket. Tolonglah bijaksana dalam membuat aplikasi. Jangn memikirkan untung sepihak"
"halo kai, tolong baca ini. sedikit saran, mungkin next time untuk commuter line dhoho-penataran gausah ada tiket yang 'tanpa kursi'. aku gatau tujuan kalian mengeluarkan tiket ini untuk apa, tapi menurutku ini bener"" hal terburuk yang bikin aku kecewa. mungkin kalian ingin memaksimalkan penggunaan space kosong yang tersedia, atau mungkin mata duitan (?) entahlahh, tapi hari ini bener"" full banget, sampe bikin agak sesak nafas. btw, aku tadi tiba"" disuruh pindah tanpa ditanya 'sedang sakit/tidak'",,,negatif,,,"halo kai, tulung baca iki. sedikit saran, mungkin next time kanggo commuter line dhoho-penataran gausah ana tiket sing 'tanpa kursi'. aku gatau tujuan kalian mengeluarkan tiket iki kanggo apa, nanging menurutku iki bener"" hal terburuk sing bikin aku kecewa. mungkin kalian ingin memaksimalkan penggunaan space kosong sing tersedia, utawa mungkin mata duitan (?) entahlahh, nanging dina iki bener"" full banget, nganti bikin agak sesak nafas. btw, aku tadi tiba"" disuruh pindah tanpa ditanya 'sedang sakit/ora'","halo kai, tolong baca ini. sedikit saran, mungkin next time untuk commuter line dhoho-penataran gausah ana tiket yang 'tanpa kursi'. aku gatau tujuan kalian mengeluarkan tiket ini untuk apa, nanging menurutku ini bener"" hal terburuk yang bikin aku kecewa. mungkin kalian ingin memaksimalkan penggunaan space kosong yang tersedia, atau mungkin mata duitan (?) entahlahh, nanging hari ini bener"" full banget, sampe bikin agak sesak nafas. btw, aku tadi tiba"" disuruh pindah tanpa ditanya 'sedang sakit/ora'","halo kai, tolong baca ini. sedikit saran, mungkin next time untuk commuter line dhoho-penataran gausah ado tiket yang 'tanpa kursi'. aku gatau tujuan kalian mengeluarkan tiket ini untuk apo, tapi menurutku ini bener"" hal terburuk yang bikin aku kecewa. mungkin kalian ingin memaksimalkan penggunaan space kosong yang tersedia, atau mungkin mata duitan (?) entahlahh, tapi hari ini bener"" full nian, sampe bikin agak sesak nafas. btw, aku tadi tiba"" disuruh pindah tanpa ditanyo 'sedang sakit/dak'","halo kai, tolong baca ini. sedikit saran, mungkin next time untuk commuter line dhoho-penataran gausah ado tiket yang 'tanpa kursi'. aku gatau tujuan kalian mengeluarkan tiket ini untuk apo, tapi menurutku ini bener"" hal terburuk yang bikin aku kecewa. mungkin kalian ingin memaksimalkan penggunaan space kosong yang tersedia, atau mungkin mata duitan (?) entahlahh, tapi hari ini bener"" full nian, sampe bikin agak sesak nafas. btw, aku tadi tiba"" disuruh pindah tanpa ditanyo 'sedang sakit/dak'"
"Berbelit2 aplikasi nya. Sudah download tapi mau pakai tidak bisa langsung, krn harus registrasi segala macam. Aplikasinya tlg modul nya dipermudah, supaya pengguna kereta terutama yg agak2 gaptek masih tetap bisa pakai.",,,,,negatif,"Berbelit2 aplikasi nya. Wis download nanging arep nganggo ora bisa langsung, krn kudu registrasi segala macam. Aplikasinya tlg modul nya dipermudah, supaya pengguna sepur terutama yg agak2 gaptek isih tetap bisa nganggo.","Berbelit2 aplikasi nya. Wis download nanging arep pakai ora bisa langsung, krn harus registrasi segala macam. Aplikasinya tlg modul nya dipermudah, supaya pengguna kereta terutama yg agak2 gaptek masih tetap bisa pakai.","Berbelit2 aplikasi nyo. Lah download tapi nak pakai dak pacak langsung, krn harus registrasi segala macam. Aplikasinyo tlg modul nyo dipermudah, supaya pengguna kereta terutama yg agak2 gaptek masih tetap pacak pakai.","Berbelit2 aplikasi nyo. lah download tapi nak pakai dak pacak langsung, krn harus registrasi segala macam. Aplikasinyo tlg modul nyo dipermudah, supaya pengguna kereta terutama yg agak2 gaptek masih tetap pacak pakai."
"Pak untuk No Handphone di profil tidak bisa di ubah, tolong di update agar bisa mengganti no Handphone di aplikasinya saya aja bingung mau ganti. Saya aja bingung mau ganti no hp y",,,,,negatif,"Pak kanggo No Handphone ing profil ora bisa ing ubah, tulung ing nganyari agar bisa mengganti no Handphone ing aplikasinya aku aja bingung arep ganti. Aku aja bingung arep ganti no hp y","Pak untuk No Handphone di profil ora bisa di ubah, tolong di update agar bisa mengganti no Handphone di aplikasinya aku wae bingung arep ganti. Aku wae bingung arep ganti no hp y","Pak untuk No Handphone di profil dak pacak di ubah, tolong di update agar pacak mengganti no Handphone di aplikasinyo aku bae bingung nak ganti. Aku bae bingung nak ganti no hp y","Pak untuk No Handphone di profil dak pacak di ubah, tolong di update agar pacak mengganti no Handphone di aplikasinyo aku bae bingung nak ganti. aku bae bingung nak ganti no hp y"
Anjirlah tiap masuk apk tekah berhenti apk telah berhenti ini gimana sih Uda install ulang tetep aja error ini developer gimana woy,negatif,,,,,Anjirlah saben mlebu apk tekah berhenti apk telah berhenti iki gimana sih Wis install ulang tetep aja error iki developer gimana woy,Anjirlah tiap masuk apk tekah berhenti apk telah berhenti ini kepriye sih Uda install ulang tetep wae rusak ini developer kepriye woy,Anjirlah tiap masuk apk tekah berhenti apk telah berhenti ini cakmno sih Uda install ulang tetep bae error ini developer cakmno woy,Anjirlah tiap masuk apk tekah berhenti apk telah berhenti ini cakmno sih Uda install ulang tetep bae error ini developer cakmno woy
"Setelah di update malah mau pesankan orang tua, nggak ada menu reduksinya, alhasil harga normal bukan lansia.",,,negatif,,,"Sawise ing nganyari malah arep pesankan orang tua, ora ana menu reduksinya, alhasil harga normal bukan lansia.","Setelah di update malah arep pesankan wong tua, ora ana menu reduksinya, alhasil rega normal dudu lansia.","Setelah di update malah nak pesankan wong tua, dak ado menu reduksinyo, alhasil hargo normal bukan lansia.","Setelah di update malah nak pesankan wong tua, dak ado menu reduksinyo, alhasil hargo normal bukan lansia."
"Kenapa saya tidak bisa klik tujuan Pekalongan, tulisannya dalam pemeliharaan...kok bisa berhari hari ???",,,negatif,,,"Kena apa aku ora bisa klik tujuan Pekalongan, tulisannya jero pemeliharaan...kok bisa berhari dina ???","Kena apa aku ora bisa klik tujuan Pekalongan, tulisannya jero pemeliharaan...kok bisa berhari hari ???","Ngapo aku dak pacak klik tujuan Pekalongan, tulisannyo dalem pemeliharaan...kok pacak berhari hari ???","ngapo aku dak pacak klik tujuan Pekalongan, tulisannyo dalam pemeliharaan...kok pacak berhari hari ???"
"saya baru buka kembali KAI access, tapi akun saya kenapa harus upgrade basic lagi. Padahal sblmnya sudah terdaftar dan bisa transaksi, lihat histori tiket, lihat daftar penumpang yg pernah saya input. ikutin arahan utk upgrade lagi, system bilang ""already exist"".",,,,,negatif,"aku anyar buka bali KAI access, nanging akun aku kena apa kudu upgrade basic maneh. Padahal sblmnya wis terdaftar lan bisa transaksi, deleng histori tiket, deleng daftar penumpang yg pernah aku input. ikutin arahan utk upgrade maneh, system bilang ""already exist"".","aku baru buka kembali KAI access, nanging akun aku kena apa harus upgrade basic lagi. Padahal sblmnya wis terdaftar dan bisa transaksi, deleng histori tiket, deleng daftar penumpang yg pernah aku input. ikutin arahan utk upgrade lagi, system bilang ""already exist"".","aku baru buka kembali KAI access, tapi akun aku ngapo harus upgrade basic lagi. Padahal sblmnyo lah terdaftar dan pacak transaksi, tengok histori tiket, tengok daftar penumpang yg pernah aku input. ikutin arahan utk upgrade lagi, system bilang ""already exist"".","aku baru buka kembali KAI access, tapi akun aku ngapo harus upgrade basic lagi. Padahal sblmnyo lah terdaftar dan pacak transaksi, lihat histori tiket, lihat daftar penumpang yg pernah aku input. ikutin arahan utk upgrade lagi, system bilang ""already exist""."
App nya msh banyak bug yg belum kelar... verifikasi berhasil tapi klik profile balik suruh verifikasi lagi. gtu aja mulu smp lebaran kelar 😢,,,,,negatif,App nya msh akeh bug yg durung kelar... verifikasi berhasil nanging klik profile balik suruh verifikasi maneh. gtu aja terus smp lebaran kelar 😢,App nya msh banyak bug yg belum kelar... verifikasi berhasil nanging klik profile balik suruh verifikasi lagi. gtu wae mulu smp lebaran kelar 😢,App nyo msh banyak bug yg belum kelar... verifikasi berhasil tapi klik profile balik suruh verifikasi lagi. gtu bae mulu smp lebaran kelar 😢,App nyo msh banyak bug yg belum kelar... verifikasi berhasil tapi klik profile balik suruh verifikasi lagi. gtu bae mulu smp lebaran kelar 😢
maintenance aplikasi jelek. pembayaran gagal mulu. tidak ada perbaikan. bad,,,,negatif,,maintenance aplikasi jelek. pembayaran gagal terus. ora ana perbaikan. bad,maintenance aplikasi jelek. pembayaran gagal mulu. ora ana perbaikan. bad,maintenance aplikasi jelek. pembayaran gagal mulu. dak ado perbaikan. bad,maintenance aplikasi jelek. pembayaran gagal mulu. dak ado perbaikan. bad
"Jelek banget aplikasinya udah gak seperti dulu, setiap hari Jumat selalu ada masalah. Jadwal sering tidak tersedia, di refresh terus tetap tidak tersedia. Setelah beberapa menit bisa, tiket sudah habis. Tolonglah diperbaiki:(",,,negatif,,,"Jelek banget aplikasinya wis ora seperti dulu, saben dina Jumat selalu ana masalah. Jadwal sering ora tersedia, ing refresh terus tetap ora tersedia. Sawise beberapa menit bisa, tiket wis habis. Tolonglah benerake:(","Jelek banget aplikasinya wis ora kaya dulu, setiap hari Jumat selalu ana masalah. Jadwal sering ora tersedia, di refresh terus tetap ora tersedia. Setelah beberapa menit bisa, tiket wis habis. Tolonglah diperbaiki:(","Jelek nian aplikasinyo lah dak cak dulu, setiap hari Jumat selalu ado masalah. Jadwal sering dak tersedia, di refresh terus tetap dak tersedia. Setelah beberapa menit pacak, tiket lah habis. Tolonglah diperbaiki:(","Jelek nian aplikasinyo lah dak cak dulu, setiap hari Jumat selalu ado masalah. Jadwal sering dak tersedia, di refresh terus tetap dak tersedia. Setelah beberapa menit pacak, tiket lah habis. Tolonglah diperbaiki:("
"Jadi ada antrian, dan cukup lama antri setelah masuk jadwal tidak tersedia..",,,negatif,,,"Dadi ana antrean, lan cukup suwe antri sawise mlebu jadwal ora tersedia..","Jadi ana antrian, dan cukup lama antri setelah masuk jadwal ora tersedia..","Jadi ado antrian, dan cukup lama antri setelah masuk jadwal dak tersedia..","Jadi ado antrian, dan cukup lama antri setelah masuk jadwal dak tersedia.."
"Saya sudah isi data, tp kenapa ya nggk bisa pripikasi no hp... Apa ada yg salah mohon bantuannya",,,,,negatif,"Aku wis isi data, tp kena apa ya nggk bisa pripikasi no hp... Apa ana yg salah nyuwun bantuannya","Aku wis isi data, tp kena apa ya nggk bisa pripikasi no hp... Apa ana yg salah mohon bantuannya","Aku lah isi data, tp ngapo ya nggk pacak pripikasi no hp... Apo ado yg salah mohon bantuannyo","aku lah isi data, tp ngapo ya nggk pacak pripikasi no hp... apo ado yg salah mohon bantuannyo"
"KAI jangan gaet kaspro dah soal KAIpay sumpah buang-buang uang banget biaya adminnya gede banget. ga ada top up yg free admin, mending gaet shopeepay, astrapay, atau ovo.",,,,negatif,,"KAI aja gaet kaspro dah soal Kaipay sumpah buang-buang uang banget biaya adminnya gede banget. ora ana top up yg free admin, mending gaet shopeepay, astrapay, utawa ovo.","KAI jangan gaet kaspro dah soal KAIpay sumpah buang-buang dhuwit banget biaya adminnya gede banget. ora ana top up yg free admin, mending gaet shopeepay, astrapay, atau ovo.","KAI jangan gaet kaspro dah soal KAIpay sumpah buang-buang duet nian biaya adminnyo gede nian. dak ado top up yg free admin, mending gaet shopeepay, astrapay, atau ovo.","KAI jangan gaet kaspro dah soal KAIpay sumpah buang-buang duet nian biaya adminnyo gede nian. ga ado top up yg free admin, mending gaet shopeepay, astrapay, atau ovo."
"Semakin kesini aplikasinya semakin banyak trouble, kalau kebanyakan ngecek jadwal kereta, bakalan kena time out, kenapa harus ada time out? Kemudian mengecek ""Tiket Saya"" juga jadi susah, padahal jaringan pribadi sudah sangat bagus namun dari aplikasinya berkata ""Ups!! Terjadi Kesalahan Mohon maaf kami mengalami gangguan saat sedang memproses. Silakan coba beberapa saat lagi dan pastikan koneksi internet Anda stabil."" Padahal sudah bayar dan jam keberangkatan sudah mepet, banyak errornya sekaran",,,negatif,,,"Sansaya kesini aplikasinya sansaya akeh trouble, kalau kakehan ngecek jadwal sepur, bakalan kena time out, kena apa kudu ana time out? Kemudian mengecek ""Tiket Aku"" uga dadi susah, padahal jaringan pribadi wis banget apik namun dari aplikasinya berkata ""Ups!! Terjadi Kesalahan Nyuwun maaf kami ngalami gangguan wektu sedang memproses. Silakan coba beberapa wektu maneh lan pastikan koneksi internet Anda stabil."" Padahal wis bayar lan jam keberangkatan wis mepet, akeh errornya sekaran","Semakin kesini aplikasinya semakin banyak trouble, yen kebanyakan ngecek jadwal kereta, bakalan kena time out, kena apa harus ana time out? Kemudian mengecek ""Tiket Aku"" uga jadi susah, padahal jaringan pribadi wis banget apik namun dari aplikasinya berkata ""Ups!! Terjadi Kesalahan Mohon maaf kami mengalami gangguan saat sedang memproses. Silakan coba beberapa saat lagi dan pastikan koneksi internet Anda stabil."" Padahal wis bayar dan jam keberangkatan wis mepet, banyak errornya sekaran","Semakin kesini aplikasinyo semakin banyak trouble, men kebanyakan ngecek jadwal kereta, bakalan kena time out, ngapo harus ado time out? Kemudian mengecek ""Tiket Aku"" jugo jadi susah, padahal jaringan pribadi lah nian bagus namun dari aplikasinyo berkata ""Ups!! Terjadi Kesalahan Mohon maaf kami mengalami gangguan saat sedang memproses. Silakan coba beberapa saat lagi dan pastikan koneksi internet Anda stabil."" Padahal lah bayar dan jam keberangkatan lah mepet, banyak errornyo sekaran","Semakin kesini aplikasinyo semakin banyak trouble, men kebanyakan ngecek jadwal kereta, bakalan kena time out, ngapo harus ado time out? Kemudian mengecek ""Tiket aku"" jugo jadi susah, padahal jaringan pribadi lah nian bagus namun dari aplikasinyo berkata ""Ups!! Terjadi Kesalahan Mohon maaf kami mengalami gangguan saat sedang memproses. Silakan coba beberapa saat lagi dan pastikan koneksi internet Anda stabil."" Padahal lah bayar dan jam keberangkatan lah mepet, banyak errornyo sekaran"
"upgdre skrg malah bikin EMOSI apa"" kena antrian.giliran dah masuk data muter lagii logout.stlah dapat pembayaran muter Lagi buat bayarnya.akhirnya Zonk sdah soldout. HERAN MEREKA YANG SUDAH DAPET TIKET NYA DARI MANA??????CALOOO???SAYA YG SUDAH PAKAI HP 10 PUN GK DAPET""!",,,negatif,negatif,,"upgdre skrg malah bikin EMOSI apa"" kena antrean.giliran dah mlebu data muter lagii logout.stlah dapat pembayaran muter Maneh kanggo bayarnya.akhirnya Zonk sdah soldout. HERAN MEREKA SING WIS DAPET TIKET NYA DARI ENDI??????CALOOO???AKU YG WIS NGANGGO HP 10 PUN ORA DAPET""!","upgdre skrg malah bikin EMOSI apa"" kena antrian.giliran dah masuk data muter lagii logout.stlah dapat pembayaran muter Lagi buat bayarnya.akhirnya Zonk sdah soldout. HERAN WONG-WONG KUWI YANG WIS DAPET TIKET NYA DARI MANA??????CALOOO???AKU YG WIS PAKAI HP 10 PUN GK DAPET""!","upgdre skrg malah bikin EMOSI apo"" kena antrian.giliran dah masuk data muter lagii logout.stlah dapat pembayaran muter Lagi buat bayarnyo.akhirnyo Zonk sdah soldout. HERAN WONG-WONG TU YANG LAH DAPET TIKET nyo DARI MANA??????CALOOO???AKU YG LAH PAKAI HP 10 PUN GK DAPET""!","upgdre skrg malah bikin EMOSI apo"" kena antrian.giliran dah masuk data muter lagii logout.stlah dapat pembayaran muter Lagi buat bayarnyo.akhirnyo Zonk sdah soldout. HERAN wong-wong YANG lah DAPET TIKET NYA DARI MANA??????CALOOO???aku YG lah PAKAI HP 10 PUN GK DAPET""!"
"Makin kesini aplikasi makin gak jelas,, cape² nungguin tiket mantengin HP giliran bisa dibuka tiket gak ada jadwal, setelah dibuka lagi tau² tiket habis,, dasar aplikasi gak jelas.",,,negatif,,,"Makin kesini aplikasi makin ora cetha,, cape² nungguin tiket mantengin HP giliran bisa dibuka tiket ora ana jadwal, sawise dibuka maneh tau² tiket habis,, dasar aplikasi ora cetha.","Makin kesini aplikasi makin ora jelas,, cape² nungguin tiket mantengin HP giliran bisa dibuka tiket ora ana jadwal, setelah dibuka lagi tau² tiket habis,, dasar aplikasi ora jelas.","Makin kesini aplikasi makin dak jelas,, cape² nungguin tiket mantengin HP giliran pacak dibuka tiket dak ado jadwal, setelah dibuka lagi tau² tiket habis,, dasar aplikasi dak jelas.","Makin kesini aplikasi makin dak jelas,, cape² nungguin tiket mantengin HP giliran pacak dibuka tiket dak ado jadwal, setelah dibuka lagi tau² tiket habis,, dasar aplikasi dak jelas."
"Parah bgt aplikasinya,pengen pesen gegara loading gk bisa msk dan alhasil tiket keburu habis .... Gak jelas",negatif,,,,,"Parah bgt aplikasinya,pengen pesen gegara muter ora bisa msk lan alhasil tiket keburu habis .... Ora cetha","Parah banget aplikasinya,pengen pesen gegara loading gk bisa msk dan alhasil tiket keburu habis .... Ora jelas","Parah nian aplikasinyo,pengen pesen gegara loading gk pacak msk dan alhasil tiket keburu habis .... Dak jelas","Parah bgt aplikasinyo,pengen pesen gegara loading gk pacak msk dan alhasil tiket keburu habis .... dak jelas"
"GAK BANGET!!!! AKU GAK MEREKOMENDASIKAN APP INI Untuk pesan tiket KA Bandara susah banget, mesti harus ada akun basic. Pas mau coba registrasi akun basic susah, beberapa kali di coba hasil juga sama. ""EMAIL & NOMOR TELPON SUDAH TEREGISTRASI"" HOW?!!! Ini baru pertama kali registrasi. Coba bikin akun baru, HASILNYA SAMA!! Bukan membantu mempermudah malah menyusahkan! Baik dulu bisa di pesan lewat app satunya lebih mudah dan gampang.",,,,,negatif,"ORA BANGET!!!! AKU ORA MEREKOMENDASIKAN APP IKI Kanggo pesen tiket KA Bandara susah banget, mesti kudu ana akun basic. Pas arep coba registrasi akun basic susah, beberapa kali ing coba asil uga padha. ""EMAIL & NOMOR TELPON WIS TEREGISTRASI"" HOW?!!! Iki anyar pertama kali registrasi. Coba bikin akun anyar, HASILNYA PADHA!! Bukan mbantu mempermudah malah menyusahkan! Baik dulu bisa ing pesen lewat app satunya luwih gampang lan gampang.","ORA BANGET!!!! AKU ORA MEREKOMENDASIKAN APP INI Untuk pesen tiket KA Bandara susah banget, mesti harus ana akun basic. Pas arep coba registrasi akun basic susah, beberapa kali di coba hasil uga karo. ""EMAIL & NOMOR TELPON WIS TEREGISTRASI"" HOW?!!! Ini baru pertama kali registrasi. Coba bikin akun baru, HASILNYA KARO!! Dudu membantu mempermudah malah menyusahkan! Apik dulu bisa di pesen lewat app satunya lebih gampang dan gampang.","DAK NIAN!!!! AKU DAK MEREKOMENDASIKAN APP INI Untuk pesan tiket KA Bandara susah nian, mesti harus ado akun basic. Pas nak coba registrasi akun basic susah, beberapa kali di coba hasil jugo samo. ""EMAIL & NOMOR TELPON LAH TEREGISTRASI"" HOW?!!! Ini baru pertama kali registrasi. Coba bikin akun baru, HASILnyo SAMO!! Bukan membantu mempermudah malah menyusahkan! Baek dulu pacak di pesan lewat app satunyo lebih gampang dan gampang.","dak nian!!!! AKU dak MEREKOMENDASIKAN APP INI Untuk pesan tiket KA Bandara susah nian, mesti harus ado akun basic. Pas nak coba registrasi akun basic susah, beberapa kali di coba hasil jugo samo. ""EMAIL & NOMOR TELPON lah TEREGISTRASI"" HOW?!!! Ini baru pertama kali registrasi. Coba bikin akun baru, HASILNYA samo!! Bukan membantu mempermudah malah menyusahkan! baek dulu pacak di pesan lewat app satunyo lebih gampang dan gampang."
"Kebiasaan suka sering error, apalagi di waktu2 genting mohon perbaikannya ke depannya kalau memang sepenuhnya pembayaran dan pemesanan tiket harus melalui aplikasi Sering rugi jadinya harus bayar 2 kali, di aplikasi pemesanan tiket dan lewat loket 😡😡 Jaringan hp stabil dan tanpa menggunakan vpn (jangan jadikan jawaban karena koneksi internet yang ngga stabil)",,,negatif,negatif,,"Kebiasaan suka sering error, apalagi ing waktu2 genting nyuwun perbaikannya menyang depannya kalau bener-bener sepenuhnya pembayaran lan pesenan tiket kudu melalui aplikasi Sering rugi jadinya kudu bayar 2 kali, ing aplikasi pesenan tiket lan lewat loket 😡😡 Jaringan hp stabil lan tanpa menggunakan vpn (aja jadikan jawaban karena koneksi internet sing ora stabil)","Kebiasaan suka sering rusak, apalagi di waktu2 genting mohon perbaikannya ke depannya yen memang sepenuhnya pembayaran dan pemesanan tiket harus melalui aplikasi Sering rugi jadinya harus bayar 2 kali, di aplikasi pemesanan tiket dan lewat loket 😡😡 Jaringan hp stabil dan tanpa menggunakan vpn (jangan jadikan jawaban karena koneksi internet yang ora stabil)","Kebiasaan suka sering error, apalagi di waktu2 genting mohon perbaikannyo ke depannyo men memang sepenuhnyo pembayaran dan pemesanan tiket harus melalui aplikasi Sering rugi jadinyo harus bayar 2 kali, di aplikasi pemesanan tiket dan lewat loket 😡😡 Jaringan hp stabil dan tanpa menggunakan vpn (jangan jadikan jawaban karena koneksi internet yang dak stabil)","Kebiasaan suka sering error, apalagi di waktu2 genting mohon perbaikannyo ke depannyo men memang sepenuhnyo pembayaran dan pemesanan tiket harus melalui aplikasi Sering rugi jadinyo harus bayar 2 kali, di aplikasi pemesanan tiket dan lewat loket 😡😡 Jaringan hp stabil dan tanpa menggunakan vpn (jangan jadikan jawaban karena koneksi internet yang dak stabil)"
"Isi saldo pke shopeepay sudah kepotong shopeepay ny tp gx ada masuk saldo k kartunya. Pemberitahuan d riwayat shopeepay udh berhasil, tp saldo blm masuk",,,,negatif,,"Isi saldo pke shopeepay wis kepotong shopeepay ny tp gx ana mlebu saldo k kartunya. Pemberitahuan d riwayat shopeepay wis berhasil, tp saldo durung mlebu","Isi saldo pke shopeepay wis kepotong shopeepay ny tp gx ana masuk saldo k kartunya. Pemberitahuan d riwayat shopeepay wis berhasil, tp saldo blm masuk","Isi saldo pke shopeepay lah kepotong shopeepay ny tp gx ado masuk saldo k kartunyo. Pemberitahuan d riwayat shopeepay lah berhasil, tp saldo blm masuk","Isi saldo pke shopeepay lah kepotong shopeepay ny tp gx ado masuk saldo k kartunyo. Pemberitahuan d riwayat shopeepay lah berhasil, tp saldo blm masuk"
"Update mulu, bukanya ada optimalisasi malah tambah error",negatif,,,,,"Nganyari terus, mbokmenawa ana optimalisasi malah tambah error","Update mulu, bukanya ana optimalisasi malah tambah rusak","Update mulu, bukanyo ado optimalisasi malah tambah error","Update mulu, bukanyo ado optimalisasi malah tambah error"
Kenapa waktu nya hanya di beri 2 detik???,negatif,,,,,Kena apa wektu nya hanya ing beri 2 detik???,Kena apa waktu nya hanya di beri 2 detik???,Ngapo waktu nyo hanyo di beri 2 detik???,ngapo waktu nyo hanyo di beri 2 detik???
Udah lama2 nunggu antrian online hampir 1 jam pas antrian saya tiba tiketnya gak ada dan harus ngulang nunggu antrian lagi...tolong dong kai accsess sistem dulu lagi saja..ini saya jadinya emosi,,,negatif,,,Wis lama2 nunggu antrean online hampir 1 jam pas antrean aku tiba tiketnya ora ana lan kudu ngulang nunggu antrean maneh...tulung dong kai accsess sistem dulu maneh saja..iki aku jadinya emosi,Wis lama2 nunggu antrian online hampir 1 jam pas antrian aku tiba tiketnya ora ana dan harus ngulang nunggu antrian lagi...tolong dong kai accsess sistem dulu lagi wae..ini aku jadinya emosi,Lah lama2 nunggu antrian online hampir 1 jam pas antrian aku tiba tiketnyo dak ado dan harus ngulang nunggu antrian lagi...tolong dong kai accsess sistem dulu lagi bae..ini aku jadinyo emosi,lah lama2 nunggu antrian online hampir 1 jam pas antrian aku tiba tiketnyo dak ado dan harus ngulang nunggu antrian lagi...tolong dong kai accsess sistem dulu lagi bae..ini aku jadinyo emosi
Aplikasi Gimic doang .. ga bisa buat psesn tiket lebaran kayanya buat ordal aja karena hampir semua ngeluh ga bisa pesen tiket selalu habis ..,,,negatif,,,Aplikasi Gimic doang .. ora bisa kanggo psesn tiket lebaran kayanya kanggo ordal aja karena hampir semua ngeluh ora bisa pesen tiket selalu habis ..,Aplikasi Gimic doang .. ora bisa buat psesn tiket lebaran kayanya buat ordal wae karena hampir kabeh ngeluh ora bisa pesen tiket selalu habis ..,Aplikasi Gimic doang .. dak pacak buat psesn tiket lebaran kayanyo buat ordal bae karena hampir galo ngeluh dak pacak pesen tiket selalu habis ..,Aplikasi Gimic doang .. ga pacak buat psesn tiket lebaran kayanyo buat ordal bae karena hampir semua ngeluh ga pacak pesen tiket selalu habis ..
Ni gimana sih kok tombol pembatalan pembelian tiket gak ada dan saya sangat kecewa sama pihak kai d hubungin selalu nunggu antrian saya tunggu sampek 24am gak bisa2 selalu alasan selalu tunggu antrian tolong d perbaiki klu tdk bisa jgn d teruskan APP ni,,,negatif,,,Ni gimana sih kok tombol pembatalan tumbas tiket ora ana lan aku banget kecewa padha pihak kai d hubungin selalu nunggu antrean aku tunggu sampek 24am ora bisa2 selalu alasan selalu tunggu antrean tulung d benerake klu tdk bisa jgn d teruskan APP ni,Ni kepriye sih kok tombol pembatalan pembelian tiket ora ana dan aku banget kecewa karo pihak kai d hubungin selalu nunggu antrian aku tunggu sampek 24am ora bisa2 selalu alasan selalu tunggu antrian tolong d perbaiki klu tdk bisa jgn d teruskan APP ni,Ni cakmno sih kok tombol pembatalan pembelian tiket dak ado dan aku nian kecewa samo pihak kai d hubungin selalu nunggu antrian aku tunggu sampek 24am dak bisa2 selalu alasan selalu tunggu antrian tolong d perbaiki klu dak pacak jgn d teruskan APP ni,Ni cakmno sih kok tombol pembatalan pembelian tiket dak ado dan aku nian kecewa samo pihak kai d hubungin selalu nunggu antrian aku tunggu sampek 24am dak bisa2 selalu alasan selalu tunggu antrian tolong d perbaiki klu tdk pacak jgn d teruskan APP ni
"Tambah lemot sekarang, jadi susah pembayaran lama, susah koneck Gak recomend pakek KAI Access sekarang",negatif,,,negatif,,"Tambah lemot saiki, dadi susah pembayaran suwe, susah koneck Ora recomend pakek KAI Access saiki","Tambah lemot saiki, jadi susah pembayaran lama, susah koneck Ora recomend pakek KAI Access saiki","Tambah lemot sekarang, jadi susah pembayaran lama, susah koneck Dak recomend pakek KAI Access sekarang","Tambah lemot sekarang, jadi susah pembayaran lama, susah koneck dak recomend pakek KAI Access sekarang"
"Aplikasi merepotkan kan..,giliran mau bayar tidak bisa..,bagai mana KAI bisa maju...banyak penumpang..,sistem aplikasi nya kayak gini.",,,,negatif,,"Aplikasi merepotkan kan..,giliran arep bayar ora bisa..,bagai endi KAI bisa maju...akeh penumpang..,sistem aplikasi nya kayak gini.","Aplikasi merepotkan kan..,giliran arep bayar ora bisa..,bagai mana KAI bisa maju...banyak penumpang..,sistem aplikasi nya kayak gini.","Aplikasi merepotkan kan..,giliran nak bayar dak pacak..,bagai mana KAI pacak maju...banyak penumpang..,sistem aplikasi nyo kayak gini.","Aplikasi merepotkan kan..,giliran nak bayar dak pacak..,bagai mana KAI pacak maju...banyak penumpang..,sistem aplikasi nyo kayak gini."
"Min saya beli token via kai access setelah berhasil di suruh nunggu token dan diminta cek berkala. Sudah di tunggu tapi gk muncul2. Halaman riwayat dibuka error muncul ""request processing failed"". Terus cek token nya dari mana lagi min",,,,negatif,,"Min aku tumbas token lewat kai access sawise berhasil ing suruh nunggu token lan diminta cek berkala. Wis ing tunggu nanging ora muncul2. Halaman riwayat dibuka error muncul ""request processing failed"". Terus cek token nya dari endi maneh min","Min aku beli token via kai access setelah berhasil di suruh nunggu token dan diminta cek berkala. Wis di tunggu nanging gk muncul2. Halaman riwayat dibuka rusak muncul ""request processing failed"". Terus cek token nya dari mana lagi min","Min aku beli token via kai access setelah berhasil di suruh nunggu token dan diminta cek berkala. Lah di tunggu tapi gk muncul2. Halaman riwayat dibuka error muncul ""request processing failed"". Terus cek token nyo dari mana lagi min","Min aku beli token via kai access setelah berhasil di suruh nunggu token dan diminta cek berkala. lah di tunggu tapi gk muncul2. Halaman riwayat dibuka error muncul ""request processing failed"". Terus cek token nyo dari mana lagi min"
"sudah milih tiket dan saat payment tidak bisa pakai kai payment timeout terus, padahal sudah ganti jaringan jadi tidak kebagian tiket!!! kecewa",,,,negatif,,"wis milih tiket lan wektu payment ora bisa nganggo kai payment timeout terus, padahal wis ganti jaringan dadi ora kebagian tiket!!! kecewa","wis milih tiket dan saat payment ora bisa pakai kai payment timeout terus, padahal wis ganti jaringan jadi ora kebagian tiket!!! kecewa","lah milih tiket dan saat payment dak pacak pakai kai payment timeout terus, padahal lah ganti jaringan jadi dak kebagian tiket!!! kecewa","lah milih tiket dan saat payment dak pacak pakai kai payment timeout terus, padahal lah ganti jaringan jadi dak kebagian tiket!!! kecewa"
"kenapa sering bgt update sih, gada bedanya jg.",negatif,,,,,"kena apa sering bgt nganyari sih, gada bedanya jg.","kena apa sering banget update sih, gada bedanya jg.","ngapo sering nian update sih, gada bedanyo jg.","ngapo sering bgt update sih, gada bedanyo jg."
Lemot banget ya allah mau pesen tiket aja lama bgt keburu kehabisan klo kyak gini😞😞 Tolong min perbarui lebih bagus,negatif,,,,,Lemot banget ya allah arep pesen tiket aja suwe bgt keburu kehabisan yen kyak gini😞😞 Tulung min perbarui luwih apik,Lemot banget ya allah arep pesen tiket wae lama banget keburu kehabisan klo kyak gini😞😞 Tolong min perbarui lebih apik,Lemot nian ya allah nak pesen tiket bae lama nian keburu kehabisan klo kyak gini😞😞 Tolong min perbarui lebih bagus,Lemot nian ya allah nak pesen tiket bae lama bgt keburu kehabisan klo kyak gini😞😞 Tolong min perbarui lebih bagus
"Aplikasi bapuk, udah jadwal berantakan, giliran mau liat posisi kereta di aplikasi error mulu. Gak ada yang beres👎",,,negatif,,,"Aplikasi bapuk, wis jadwal berantakan, giliran arep liat posisi sepur ing aplikasi error terus. Ora ana sing beres👎","Aplikasi bapuk, wis jadwal berantakan, giliran arep deleng posisi kereta di aplikasi rusak mulu. Ora ana yang beres👎","Aplikasi bapuk, lah jadwal berantakan, giliran nak tengok posisi kereta di aplikasi error mulu. Dak ado yang beres👎","Aplikasi bapuk, lah jadwal berantakan, giliran nak liat posisi kereta di aplikasi error mulu. dak ado yang beres👎"
Butuh bantuan segera ! perlindungan perjalanan & jaminan refund tidak bisa di akses. Mohon diperbaiki segera,,,negatif,,,Butuh bantuan cepet ! perlindungan perjalanan & jaminan refund ora bisa ing akses. Nyuwun benerake cepet,Butuh bantuan segera ! perlindungan perjalanan & jaminan refund ora bisa di akses. Mohon diperbaiki segera,Butuh bantuan segera ! perlindungan perjalanan & jaminan refund dak pacak di akses. Mohon diperbaiki segera,Butuh bantuan segera ! perlindungan perjalanan & jaminan refund dak pacak di akses. Mohon diperbaiki segera
"Aplikasi sering error, udah pesen via aplikasi eh gak muncul e-tiket nya. tolong lah diperbaiki. Tambah fitur pengaduan pelanggan via aplikasi deh.",,negatif,negatif,,,"Aplikasi sering error, wis pesen lewat aplikasi eh ora muncul e-tiket nya. tulung yo benerake. Tambah fitur pengaduan pelanggan lewat aplikasi deh.","Aplikasi sering rusak, wis pesen via aplikasi eh ora muncul e-tiket nya. tolong lah diperbaiki. Tambah fitur pengaduan pelanggan via aplikasi deh.","Aplikasi sering error, lah pesen via aplikasi eh dak muncul e-tiket nyo. tolong lah diperbaiki. Tambah fitur pengaduan pelanggan via aplikasi deh.","Aplikasi sering error, lah pesen via aplikasi eh dak muncul e-tiket nyo. tolong lah diperbaiki. Tambah fitur pengaduan pelanggan via aplikasi deh."
Masa setiap buka apk nya selalu harus update,,,,,negatif,Mangsa saben buka apk nya selalu kudu nganyari,Masa setiap buka apk nya selalu harus update,Masa setiap buka apk nyo selalu harus update,Masa setiap buka apk nyo selalu harus update
"pesen tiket tanggal 15 januari untuk keberangkatan tanggal 16 januari tp sy batalin karena perubahan jadwal. sy udh ajukan pembatalan dari tanggal 15 januari lewat apk ini tpi sampai sekarang uangnya blm di kembalikan juga. tolong ini gimana uang sy blm dikembalikan, knp blm ada konfirmasi sampai sekarang, udh seminggu loh??? sy juga udh tlpn customer service g di angkat² Sungguh apk yg buruk tidak amanah tolong kembalikan uang sy!!!!",,,,negatif,,"pesen tiket tanggal 15 januari kanggo keberangkatan tanggal 16 januari tp sy batalin karena owahan jadwal. sy wis ajukan pembatalan dari tanggal 15 januari lewat apk iki tpi sampai saiki uangnya durung ing kembalikan uga. tulung iki gimana uang sy durung dikembalikan, knp durung ana konfirmasi sampai saiki, wis seminggu loh??? sy uga wis tlpn customer service g ing angkat² Sungguh apk yg buruk ora amanah tulung kembalikan uang sy!!!!","pesen tiket tanggal 15 januari untuk keberangkatan tanggal 16 januari tp sy batalin karena perubahan jadwal. sy wis ajukan pembatalan dari tanggal 15 januari lewat apk ini tpi sampai saiki uangnya blm di kembalikan uga. tolong ini kepriye dhuwit sy blm dikembalikan, knp blm ana konfirmasi sampai saiki, wis seminggu loh??? sy uga wis tlpn customer service g di angkat² Sungguh apk yg ala ora amanah tolong kembalikan dhuwit sy!!!!","pesen tiket tanggal 15 januari untuk keberangkatan tanggal 16 januari tp sy batalin karena perubahan jadwal. sy lah ajukan pembatalan dari tanggal 15 januari lewat apk ini tpi sampai sekarang uangnyo blm di kembalikan jugo. tolong ini cakmno duet sy blm dikembalikan, knp blm ado konfirmasi sampai sekarang, lah seminggu loh??? sy jugo lah tlpn customer service g di angkat² Sungguh apk yg buruk dak amanah tolong kembalikan duet sy!!!!","pesen tiket tanggal 15 januari untuk keberangkatan tanggal 16 januari tp sy batalin karena perubahan jadwal. sy lah ajukan pembatalan dari tanggal 15 januari lewat apk ini tpi sampai sekarang uangnyo blm di kembalikan jugo. tolong ini cakmno duet sy blm dikembalikan, knp blm ado konfirmasi sampai sekarang, lah seminggu loh??? sy jugo lah tlpn customer service g di angkat² Sungguh apk yg buruk dak amanah tolong kembalikan duet sy!!!!"
"Tiap buka app minta upgrade ke basic lagi padahal sudah upgrade, masukin lagi nik, pas pilih kursi ribet ga kena kena padahal masih status kosong..tolong tingkatkan lagi..",,,negatif,,negatif,"Saben buka app minta upgrade menyang basic maneh padahal wis upgrade, masukin maneh nik, pas pilih kursi ribet ora kena kena padahal isih status kosong..tulung tingkatkan maneh..","Tiap buka app minta upgrade ke basic lagi padahal wis upgrade, masukin lagi nik, pas pilih kursi ribet ora kena kena padahal masih status kosong..tolong tingkatkan lagi..","Tiap buka app minta upgrade ke basic lagi padahal lah upgrade, masukin lagi nik, pas pilih kursi ribet dak kena kena padahal masih status kosong..tolong tingkatkan lagi..","Tiap buka app minta upgrade ke basic lagi padahal lah upgrade, masukin lagi nik, pas pilih kursi ribet ga kena kena padahal masih status kosong..tolong tingkatkan lagi.."
"sampe ga bisa berkata2 , pdhl sinyal udah sebagus itu tp connect nya lemot pol, habis di upgrade malah makin ribet. kota yg di tuju ga bisa, pdhl kemarin2 gampang bgt pesen tiket. udah update tp sering gak keluar jadwal kereta. aneh bgt!!",,,negatif,,,"nganti ora bisa berkata2 , pdhl sinyal wis sebagus kuwi tp connect nya lemot pol, habis ing upgrade malah makin ribet. kota yg ing tuju ora bisa, pdhl kemarin2 gampang bgt pesen tiket. wis nganyari tp sering ora metu jadwal sepur. aneh bgt!!","sampe ora bisa berkata2 , pdhl sinyal wis sebagus itu tp connect nya lemot pol, habis di upgrade malah makin ribet. kota yg di tuju ora bisa, pdhl kemarin2 gampang banget pesen tiket. wis update tp sering ora keluar jadwal kereta. aneh banget!!","sampe dak pacak berkata2 , pdhl sinyal lah sebagus itu tp connect nyo lemot pol, habis di upgrade malah makin ribet. kota yg di tuju dak pacak, pdhl kemarin2 gampang nian pesen tiket. lah update tp sering dak keluar jadwal kereta. aneh nian!!","sampe ga pacak berkata2 , pdhl sinyal lah sebagus itu tp connect nyo lemot pol, habis di upgrade malah makin ribet. kota yg di tuju ga pacak, pdhl kemarin2 gampang bgt pesen tiket. lah update tp sering dak keluar jadwal kereta. aneh bgt!!"
"Overall sudah ok. Cuman satu jd kendala, kenapa akses topup KAI Pay gk bisa pakai dari bank BRI Proses topup saldo perlu waktu 15 menit dari pembayaran. Kenapa tdk seperti multitrip card commuterline isi saldo lebih cepat. Kalau saja pembayaran tiket pakai multitrip mungkin gk seribet ini beli tiket kereta",,,,negatif,,"Overall wis ok. Cuman satu jd kendala, kena apa akses topup KAI Pay ora bisa nganggo dari bank BRI Proses topup saldo perlu wektu 15 menit dari pembayaran. Kena apa tdk seperti multitrip card commuterline isi saldo luwih cepet. Kalau saja pembayaran tiket nganggo multitrip mungkin ora seribet iki tumbas tiket sepur","Overall wis ok. Cuman satu jd kendala, kena apa akses topup KAI Pay gk bisa pakai dari bank BRI Proses topup saldo perlu waktu 15 menit dari pembayaran. Kena apa tdk kaya multitrip card commuterline isi saldo lebih cepet. Yen wae pembayaran tiket pakai multitrip mungkin gk seribet ini beli tiket kereta","Overall lah ok. Cuman satu jd kendala, ngapo akses topup KAI Pay gk pacak pakai dari bank BRI Proses topup saldo perlu waktu 15 menit dari pembayaran. Ngapo dak cak multitrip card commuterline isi saldo lebih cepet. Men bae pembayaran tiket pakai multitrip mungkin gk seribet ini beli tiket kereta","Overall lah ok. Cuman satu jd kendala, ngapo akses topup KAI Pay gk pacak pakai dari bank BRI Proses topup saldo perlu waktu 15 menit dari pembayaran. ngapo tdk cak multitrip card commuterline isi saldo lebih cepet. men bae pembayaran tiket pakai multitrip mungkin gk seribet ini beli tiket kereta"
Jadwal KRL dan Lokal tidak sesuai jadi selalu terlambat,,,negatif,,,Jadwal KRL lan Lokal ora cocok dadi selalu terlambat,Jadwal KRL dan Lokal ora sesuai jadi selalu terlambat,Jadwal KRL dan Lokal dak sesuai jadi selalu terlambat,Jadwal KRL dan Lokal dak sesuai jadi selalu terlambat
Aplikasi gajelas pake segala antri mana estimasinya ga pas hitungannya bukannya mundur malah naik kan kocak wkwkwk,,,negatif,,,Aplikasi gajelas nganggo segala antri endi estimasinya ora pas hitungannya nanging mundur malah naik kan kocak wkwkwk,Aplikasi gajelas pake segala antri mana estimasinya ora pas hitungannya bukannya mundur malah naik kan kocak wkwkwk,Aplikasi gajelas pake segala antri mana estimasinyo dak pas hitungannyo bukannyo mundur malah naik kan kocak wkwkwk,Aplikasi gajelas pake segala antri mana estimasinyo ga pas hitungannyo bukannyo mundur malah naik kan kocak wkwkwk
"Menurut aku sih secara UI udah rapih dan mudah digunakan untuk pemesanan tiket, tetapi masalah utamanya aplikasi suka lemot dan error tiba2. Kalo mau pesen tiket atau pembatalan lagi penambahan nomor rekening tiba tiba error unavailable, kedepannya mohon diperbaiki server dan koneksinya semoga appnya bisa berjalan lancar jaya seperti app sebelah.",,positif,negatif,,,"Menurut aku sih secara UI wis rapih lan gampang digunakan kanggo pesenan tiket, tetapi masalah utamanya aplikasi suka lemot lan error tiba2. Yen arep pesen tiket utawa pembatalan maneh penambahan nomor rekening tiba tiba error unavailable, sesuk nyuwun benerake server lan koneksinya muga-muga appnya bisa berjalan lancar jaya seperti app sebelah.","Menurut aku sih secara UI wis rapih dan gampang digunakan untuk pemesanan tiket, tetapi masalah utamanya aplikasi suka lemot dan rusak tiba2. Yen arep pesen tiket atau pembatalan lagi penambahan nomor rekening tiba tiba rusak unavailable, kedepannya mohon diperbaiki server dan koneksinya semoga appnya bisa berjalan lancar jaya kaya app sebelah.","Menurut aku sih secara UI lah rapih dan gampang digunakan untuk pemesanan tiket, tetapi masalah utamanyo aplikasi suka lemot dan error tiba2. Men nak pesen tiket atau pembatalan lagi penambahan nomor rekening tiba tiba error unavailable, kedepannyo mohon diperbaiki server dan koneksinyo semoga appnyo pacak berjalan lancar jaya cak app sebelah.","Menurut aku sih secara UI lah rapih dan gampang digunakan untuk pemesanan tiket, tetapi masalah utamanyo aplikasi suka lemot dan error tiba2. men nak pesen tiket atau pembatalan lagi penambahan nomor rekening tiba tiba error unavailable, kedepannyo mohon diperbaiki server dan koneksinyo semoga appnyo pacak berjalan lancar jaya cak app sebelah."
"Tampilan udah lumayan ok , tapi aplikasi nya lemot suka timeout lah non found lah. Ditambah lagi sekarang fitur pilih kursi dihilangkan. Saya yg mau booking 11 kursi dimana 6 kursi buat anak2, jadi takut saling dorong atau sampe ke injak2 pas nyari kursi. Karna siapa cepat dia dapat , jadi harus buru2 buat ambil kursi kosong. Jadi kurang aman dan nyaman. Tolong buat KAI kembalikan fitur pilih kursi",negatif,positif,negatif,,,"Tampilan wis lumayan ok , nanging aplikasi nya lemot suka timeout yo non found yo. Ditambah maneh saiki fitur pilih kursi dihilangkan. Aku yg arep pesen 11 kursi dimana 6 kursi kanggo anak2, dadi takut saling dorong utawa nganti menyang injak2 pas nyari kursi. Karna siapa cepet dia dapat , dadi kudu buru2 kanggo ambil kursi kosong. Dadi kurang aman lan penak. Tulung kanggo KAI kembalikan fitur pilih kursi","Tampilan wis lumayan ok , nanging aplikasi nya lemot suka timeout lah non found lah. Ditambah lagi saiki fitur pilih kursi dihilangkan. Aku yg arep booking 11 kursi dimana 6 kursi buat anak2, jadi takut saling dorong atau sampe ke injak2 pas nyari kursi. Karna siapa cepet dia dapat , jadi harus buru2 buat ambil kursi kosong. Jadi kurang aman dan nyaman. Tolong buat KAI kembalikan fitur pilih kursi","Tampilan lah lumayan ok , tapi aplikasi nyo lemot suka timeout lah non found lah. Ditambah lagi sekarang fitur pilih kursi dihilangkan. Aku yg nak booking 11 kursi dimana 6 kursi buat anak2, jadi takut saling dorong atau sampe ke injak2 pas nyari kursi. Karna siapa cepet dia dapat , jadi harus buru2 buat ambil kursi kosong. Jadi kurang aman dan nyaman. Tolong buat KAI kembalikan fitur pilih kursi","Tampilan lah lumayan ok , tapi aplikasi nyo lemot suka timeout lah non found lah. Ditambah lagi sekarang fitur pilih kursi dihilangkan. aku yg nak booking 11 kursi dimana 6 kursi buat anak2, jadi takut saling dorong atau sampe ke injak2 pas nyari kursi. Karna siapa cepet dia dapat , jadi harus buru2 buat ambil kursi kosong. Jadi kurang aman dan nyaman. Tolong buat KAI kembalikan fitur pilih kursi"
"Peningkatan kualitas fitur dan kemudahanya sudah sangat banyak berubah, KAI terbaik",,positif,,,,"Peningkatan kualitas fitur lan kemudahanya wis banget akeh berubah, KAI terbaik","Peningkatan kualitas fitur dan kemudahanya wis banget banyak berubah, KAI terbaik","Peningkatan kualitas fitur dan kemudahanyo lah nian banyak berubah, KAI terbaik","Peningkatan kualitas fitur dan kemudahanyo lah nian banyak berubah, KAI terbaik"
"Versi baru KAI ini entah kenapa jdi merusak kenyamanan pake aplikasinya. Pesan tiket pake metode QRIS sempat tidak muncul untuk QR Codenya, repot sekali, harus dibatalkan pemesanan tiketnya terlebih dahulu kemudian memesan tiketnya kembali. Ini jadi ngerepotin jadinya. Tolong diperbaiki, tampilan UI lumayan tapi kenyamanan pakenya ngga.",,positif,negatif,negatif,,"Versi anyar KAI iki entah kena apa jdi merusak kenyamanan nganggo aplikasinya. Pesen tiket nganggo cara QRIS sempat ora muncul kanggo QR Codenya, repot sekali, kudu dibatalkan pesenan tiketnya terlebih dahulu kemudian memesan tiketnya bali. Iki dadi ngerepotin jadinya. Tulung benerake, tampilan UI lumayan nanging kenyamanan pakenya ora.","Versi baru KAI ini entah kena apa jdi merusak kenyamanan pake aplikasinya. Pesen tiket pake metode QRIS sempat ora muncul untuk QR Codenya, repot pisan, harus dibatalkan pemesanan tiketnya terlebih dahulu kemudian memesan tiketnya kembali. Ini jadi ngerepotin jadinya. Tolong diperbaiki, tampilan UI lumayan nanging kenyamanan pakenya ora.","Versi baru KAI ini entah ngapo jdi merusak kenyamanan pake aplikasinyo. Pesan tiket pake metode QRIS sempat dak muncul untuk QR Codenyo, repot nian, harus dibatalkan pemesanan tiketnyo terlebih dahulu kemudian memesan tiketnyo kembali. Ini jadi ngerepotin jadinyo. Tolong diperbaiki, tampilan UI lumayan tapi kenyamanan pakenyo dak.","Versi baru KAI ini entah ngapo jdi merusak kenyamanan pake aplikasinyo. Pesan tiket pake metode QRIS sempat dak muncul untuk QR Codenyo, repot nian, harus dibatalkan pemesanan tiketnyo terlebih dahulu kemudian memesan tiketnyo kembali. Ini jadi ngerepotin jadinyo. Tolong diperbaiki, tampilan UI lumayan tapi kenyamanan pakenyo dak."
"User interface dan user experience nya lebih baik dari yg sebelumnya, coba lupa sandi agak lama dapat kode otp nya, mungkin bisa ditingkatkan lagi Untuk penggunaan aplikasi dari pesan tiket sampai pembayaran tanpa ada kendala, tingkatkan terus aplikasinya!",,positif,,,negatif,"User interface lan user experience nya luwih baik dari yg sebelumnya, coba lupa sandi agak suwe dapat kode otp nya, mungkin bisa ditingkatkan maneh Kanggo penggunaan aplikasi dari pesen tiket sampai pembayaran tanpa ana kendala, tingkatkan terus aplikasinya!","User interface dan user experience nya lebih apik dari yg sebelumnya, coba lupa sandi agak lama dapat kode otp nya, mungkin bisa ditingkatkan lagi Untuk penggunaan aplikasi dari pesen tiket sampai pembayaran tanpa ana kendala, tingkatkan terus aplikasinya!","User interface dan user experience nyo lebih baek dari yg sebelumnyo, coba lupa sandi agak lama dapat kode otp nyo, mungkin pacak ditingkatkan lagi Untuk penggunaan aplikasi dari pesan tiket sampai pembayaran tanpa ado kendala, tingkatkan terus aplikasinyo!","User interface dan user experience nyo lebih baek dari yg sebelumnyo, coba lupa sandi agak lama dapat kode otp nyo, mungkin pacak ditingkatkan lagi Untuk penggunaan aplikasi dari pesan tiket sampai pembayaran tanpa ado kendala, tingkatkan terus aplikasinyo!"
"Tampilan aplikasi bagus dan cukup mudah digunakan. Namun, metode pembayaran untuk kartu debit/kredit dan e-wallet masih sangat sedikit, hanya tersedia kartu debit mandiri dan e-wallet OVO. Saya harap di update selanjutnya pilihan kartu debit/kredit dan e-wallet bisa lebih banyak lagi.",,positif,,negatif,,"Tampilan aplikasi apik lan cukup gampang digunakan. Namun, cara pembayaran kanggo kartu debit/kredit lan e-wallet isih banget sedikit, hanya tersedia kartu debit mandiri lan e-wallet OVO. Aku harap ing nganyari selanjutnya pilihan kartu debit/kredit lan e-wallet bisa luwih akeh maneh.","Tampilan aplikasi apik dan cukup gampang digunakan. Namun, metode pembayaran untuk kartu debit/kredit dan e-wallet masih banget sedikit, hanya tersedia kartu debit mandiri dan e-wallet OVO. Aku harap di update selanjutnya pilihan kartu debit/kredit dan e-wallet bisa lebih banyak lagi.","Tampilan aplikasi bagus dan cukup gampang digunakan. Namun, metode pembayaran untuk kartu debit/kredit dan e-wallet masih nian sedikit, hanyo tersedia kartu debit mandiri dan e-wallet OVO. Aku harap di update selanjutnyo pilihan kartu debit/kredit dan e-wallet pacak lebih banyak lagi.","Tampilan aplikasi bagus dan cukup gampang digunakan. Namun, metode pembayaran untuk kartu debit/kredit dan e-wallet masih nian sedikit, hanyo tersedia kartu debit mandiri dan e-wallet OVO. aku harap di update selanjutnyo pilihan kartu debit/kredit dan e-wallet pacak lebih banyak lagi."
Masih pertama kali pake tp udh suka sama interface nya. Mudah dipahami. Yang paling suka bagian pembayaran karena bisa pake QRIS. jadi mudah banget. Terimakasih. Semoga semakin baik,,positif,,positif,,Isih pertama kali nganggo tp wis suka padha interface nya. Gampang dipahami. Sing paling suka bagian pembayaran karena bisa nganggo QRIS. dadi gampang banget. Terimakasih. Muga-muga sansaya baik,Masih pertama kali pake tp wis suka karo interface nya. Gampang dipahami. Yang paling suka bagian pembayaran karena bisa pake QRIS. jadi gampang banget. Terimakasih. Semoga semakin apik,Masih pertama kali pake tp lah suka samo interface nyo. Gampang dipahami. Yang paling suka bagian pembayaran karena pacak pake QRIS. jadi gampang nian. Terimakasih. Semoga semakin baek,Masih pertama kali pake tp lah suka samo interface nyo. gampang dipahami. Yang paling suka bagian pembayaran karena pacak pake QRIS. jadi gampang nian. Terimakasih. Semoga semakin baek
"Pertama kali saya unduh, saya cukup terkesan, semuanya tertata rapi, kombinasi warnanya menarik, informasi cukup lengkap, dan untuk mendaftarkan akun mudah sekali. Pemesanan tiketnya mudah dan cepat. Metode pembayaran pun beragam, bisa menggunakan kartu kredit/debit dan juga e-wallet. Juga ada jadwal sholat yang sangat berguna disaat perjalanan jauh dan antar kota. Namun, aplikasi ini juga memiliki kekurangan, diantaranya: TRIP PLANNER yang tidak bisa diakses dan Selalu crash saat akses KCIC.",negatif,positif,positif,positif,positif,"Pertama kali aku unduh, aku cukup terkesan, semuanya tertata rapi, kombinasi warnanya menarik, informasi cukup lengkap, lan kanggo mendaftarkan akun gampang sekali. Pesenan tiketnya gampang lan cepet. Cara pembayaran pun beragam, bisa menggunakan kartu kredit/debit lan uga e-wallet. Uga ana jadwal sholat sing banget berguna disaat perjalanan jauh lan antar kota. Namun, aplikasi iki uga memiliki kekurangan, diantaranya: TRIP PLANNER sing ora bisa dibukak lan Selalu crash wektu akses KCIC.","Pertama kali aku unduh, aku cukup terkesan, semuanya tertata rapi, kombinasi warnanya menarik, informasi cukup lengkap, dan untuk mendaftarkan akun gampang pisan. Pemesanan tiketnya gampang dan cepet. Metode pembayaran pun beragam, bisa menggunakan kartu kredit/debit dan uga e-wallet. Uga ana jadwal sholat yang banget berguna disaat perjalanan jauh dan antar kota. Namun, aplikasi ini uga memiliki kekurangan, diantaranya: TRIP PLANNER yang ora bisa diakses dan Selalu crash saat akses KCIC.","Pertama kali aku unduh, aku cukup terkesan, semuanyo tertata rapi, kombinasi warnanyo menarik, informasi cukup lengkap, dan untuk mendaftarkan akun gampang nian. Pemesanan tiketnyo gampang dan cepet. Metode pembayaran pun beragam, pacak menggunakan kartu kredit/debit dan jugo e-wallet. Jugo ado jadwal sholat yang nian berguna disaat perjalanan jauh dan antar kota. Namun, aplikasi ini jugo memiliki kekurangan, diantaranyo: TRIP PLANNER yang dak pacak diakses dan Selalu crash saat akses KCIC.","Pertama kali aku unduh, aku cukup terkesan, semuanyo tertata rapi, kombinasi warnanyo menarik, informasi cukup lengkap, dan untuk mendaftarkan akun gampang nian. Pemesanan tiketnyo gampang dan cepet. Metode pembayaran pun beragam, pacak menggunakan kartu kredit/debit dan jugo e-wallet. jugo ado jadwal sholat yang nian berguna disaat perjalanan jauh dan antar kota. Namun, aplikasi ini jugo memiliki kekurangan, diantaranyo: TRIP PLANNER yang dak pacak diakses dan Selalu crash saat akses KCIC."
"Aplikasi nya bener-bener membantu , UI & UX nya bagus, terima kasih semoga makin banyak fitur baru dan stabilitas ditingkatkan",negatif,positif,,,,"Aplikasi nya bener-bener mbantu , UI & UX nya apik, matur nuwun muga-muga makin akeh fitur anyar lan stabilitas ditingkatkan","Aplikasi nya bener-bener membantu , UI & UX nya apik, terima kasih semoga makin banyak fitur baru dan stabilitas ditingkatkan","Aplikasi nyo bener-bener membantu , UI & UX nyo bagus, terima kasih semoga makin banyak fitur baru dan stabilitas ditingkatkan","Aplikasi nyo bener-bener membantu , UI & UX nyo bagus, terima kasih semoga makin banyak fitur baru dan stabilitas ditingkatkan"
Simpel nyaman dan mudah,,positif,,,,Simpel penak lan gampang,Simpel nyaman dan gampang,Simpel nyaman dan gampang,Simpel nyaman dan gampang
"Udah bagus nih sekarang, jadi nyaman pesen di sini",,,positif,,,"Wis apik nih saiki, dadi penak pesen ing sini","Wis apik nih saiki, jadi nyaman pesen di sini","Lah bagus nih sekarang, jadi nyaman pesen di sini","lah bagus nih sekarang, jadi nyaman pesen di sini"
Aplikasinya mudah untuk digunakan,,positif,,,,Aplikasinya gampang kanggo digunakan,Aplikasinya gampang untuk digunakan,Aplikasinyo gampang untuk digunakan,Aplikasinyo gampang untuk digunakan
"Alhamdulillah sekarang aplikasi KAI mudah utk log in, terima kasih buat KAI dan team Developernya.",,,,,positif,"Alhamdulillah saiki aplikasi KAI gampang utk log in, matur nuwun kanggo KAI lan team Developernya.","Alhamdulillah saiki aplikasi KAI gampang utk log in, terima kasih buat KAI dan team Developernya.","Alhamdulillah sekarang aplikasi KAI gampang utk log in, terima kasih buat KAI dan team Developernyo.","Alhamdulillah sekarang aplikasi KAI gampang utk log in, terima kasih buat KAI dan team Developernyo."
Sudah bisa log in kembali. Bagus aplikasi berjalan lancar,positif,,,,positif,Wis bisa log in bali. Apik aplikasi berjalan lancar,Wis bisa log in kembali. Apik aplikasi berjalan lancar,Lah pacak log in kembali. Bagus aplikasi berjalan lancar,lah pacak log in kembali. Bagus aplikasi berjalan lancar
"Wah gila sih, aplikasinya udah improve banget dari yang sebelumnya, sekarang kyknya gak ada session expired lagi, jadi login ny sekali aja, terus fitur tracking nya juga bagus, booking tiket, tempat tiket yang udah dibeli, lgsg ada di home, jadi gak ribet nyari lagi, pokoknya the best lah",,positif,positif,,positif,"Wah gila sih, aplikasinya wis improve banget dari sing sebelumnya, saiki kyknya ora ana session expired maneh, dadi login ny sekali aja, terus fitur tracking nya uga apik, pesen tiket, tempat tiket sing wis dibeli, lgsg ana ing home, dadi ora ribet nyari maneh, pokoknya the best yo","Wah gila sih, aplikasinya wis improve banget dari yang sebelumnya, saiki kyknya ora ana session expired lagi, jadi login ny pisan wae, terus fitur tracking nya uga apik, booking tiket, tempat tiket yang wis dibeli, lgsg ana di home, jadi ora ribet nyari lagi, pokoknya the best lah","Wah gila sih, aplikasinyo lah improve nian dari yang sebelumnyo, sekarang kyknyo dak ado session expired lagi, jadi login ny nian bae, terus fitur tracking nyo jugo bagus, booking tiket, tempat tiket yang lah dibeli, lgsg ado di home, jadi dak ribet nyari lagi, pokoknyo the best lah","Wah gila sih, aplikasinyo lah improve nian dari yang sebelumnyo, sekarang kyknyo dak ado session expired lagi, jadi login ny nian bae, terus fitur tracking nyo jugo bagus, booking tiket, tempat tiket yang lah dibeli, lgsg ado di home, jadi dak ribet nyari lagi, pokoknyo the best lah"
Aplikasi KAI sekarang sangat mudah(karna menggunakan 1 aplikasi dan bisa bayar di Alfamart)👍🏻👍🏻. Tidak seperti dulu ribet harus menggunakan 2 aplikasi(Apl Ovo dan KAI),,,,positif,,Aplikasi KAI saiki banget gampang(karna menggunakan 1 aplikasi lan bisa bayar ing Alfamart)👍🏻👍🏻. Ora seperti dulu ribet kudu menggunakan 2 aplikasi(Apl Ovo lan KAI),Aplikasi KAI saiki banget gampang(karna menggunakan 1 aplikasi dan bisa bayar di Alfamart)👍🏻👍🏻. Ora kaya dulu ribet harus menggunakan 2 aplikasi(Apl Ovo dan KAI),Aplikasi KAI sekarang nian gampang(karna menggunakan 1 aplikasi dan pacak bayar di Alfamart)👍🏻👍🏻. Dak cak dulu ribet harus menggunakan 2 aplikasi(Apl Ovo dan KAI),Aplikasi KAI sekarang nian gampang(karna menggunakan 1 aplikasi dan pacak bayar di Alfamart)👍🏻👍🏻. dak cak dulu ribet harus menggunakan 2 aplikasi(Apl Ovo dan KAI)
Alhamdulillah semua lancar dan gampang banget pesen tiket dan pembayaran nya pakai Qris,,,positif,positif,,Alhamdulillah semua lancar lan gampang banget pesen tiket lan pembayaran nya nganggo Qris,Alhamdulillah kabeh lancar dan gampang banget pesen tiket dan pembayaran nya pakai Qris,Alhamdulillah galo lancar dan gampang nian pesen tiket dan pembayaran nyo pakai Qris,Alhamdulillah semua lancar dan gampang nian pesen tiket dan pembayaran nyo pakai Qris
"Aplikasi sudah bagus dan pembayaran juga cepat menggunakan virtual account, terimakasih KAI",,,,positif,,"Aplikasi wis apik lan pembayaran uga cepet menggunakan virtual account, terimakasih KAI","Aplikasi wis apik dan pembayaran uga cepet menggunakan virtual account, terimakasih KAI","Aplikasi lah bagus dan pembayaran jugo cepet menggunakan virtual account, terimakasih KAI","Aplikasi lah bagus dan pembayaran jugo cepet menggunakan virtual account, terimakasih KAI"
"Meskipun sudah baca review ttg app Access ini yg versi terbaru, tapi tetap install krn butuh tiket KA yg bisa reschedule/refund tanpa harus ke stasiun. Enggak ada kendala kok, malah lebih lancar dan lebih mudah drpd versi lama. Jika ada jeda loading, di app tiket lainnya juga sama. Menu pilihan tiket lebih terorganisir drpd app sebelah, menurut saya. Proses pembayaran + verifikasi + terbit tiket lancar tidak ada kendala.",,positif,positif,positif,,"Meskipun wis baca review ttg app Access iki yg versi terbaru, nanging tetap install krn butuh tiket KA yg bisa reschedule/refund tanpa kudu menyang stasiun. Enggak ana kendala kok, malah luwih lancar lan luwih gampang drpd versi suwe. Jika ana jeda muter, ing app tiket lainnya uga padha. Menu pilihan tiket luwih terorganisir drpd app sebelah, menurut aku. Proses pembayaran + verifikasi + terbit tiket lancar ora ana kendala.","Meskipun wis baca review ttg app Access ini yg versi terbaru, nanging tetap install krn butuh tiket KA yg bisa reschedule/refund tanpa harus ke stasiun. Enggak ana kendala kok, malah lebih lancar dan lebih gampang drpd versi lama. Jika ana jeda loading, di app tiket lainnya uga karo. Menu pilihan tiket lebih terorganisir drpd app sebelah, menurut aku. Proses pembayaran + verifikasi + terbit tiket lancar ora ana kendala.","Meskipun lah baca review ttg app Access ini yg versi terbaru, tapi tetap install krn butuh tiket KA yg pacak reschedule/refund tanpa harus ke stasiun. Enggak ado kendala kok, malah lebih lancar dan lebih gampang drpd versi lama. Jika ado jeda loading, di app tiket lainnyo jugo samo. Menu pilihan tiket lebih terorganisir drpd app sebelah, menurut aku. Proses pembayaran + verifikasi + terbit tiket lancar dak ado kendala.","Meskipun lah baca review ttg app Access ini yg versi terbaru, tapi tetap install krn butuh tiket KA yg pacak reschedule/refund tanpa harus ke stasiun. Enggak ado kendala kok, malah lebih lancar dan lebih gampang drpd versi lama. Jika ado jeda loading, di app tiket lainnyo jugo samo. Menu pilihan tiket lebih terorganisir drpd app sebelah, menurut aku. Proses pembayaran + verifikasi + terbit tiket lancar dak ado kendala."
"Lumayanlah, kalau enggak punya KMT bisa pakai ini. Ganti stasiun walupun udah bayar tetap bisa diganti dan uang di refund. Mantap!!",,,,positif,,"Lumayanlah, kalau enggak punya KMT bisa nganggo iki. Ganti stasiun walupun wis bayar tetap bisa diganti lan uang ing refund. Mantap!!","Lumayanlah, yen enggak punya KMT bisa pakai ini. Ganti stasiun walupun wis bayar tetap bisa diganti dan dhuwit di refund. Mantap!!","Lumayanlah, men enggak punyo KMT pacak pakai ini. Ganti stasiun walupun lah bayar tetap pacak diganti dan duet di refund. Mantap!!","Lumayanlah, men enggak punyo KMT pacak pakai ini. Ganti stasiun walupun lah bayar tetap pacak diganti dan duet di refund. Mantap!!"
"good, memudahkan buat mesen tiket kereta jarak jauhdan bisa juga sekalian liat jadwal krl, top up saldo kmt, app terintegrasi 🫶🏻",,,positif,positif,,"good, nggampangake kanggo mesen tiket sepur jarak jauhdan bisa uga sekalian liat jadwal krl, top up saldo kmt, app terintegrasi 🫶🏻","good, memudahkan buat mesen tiket kereta jarak jauhdan bisa uga sekalian deleng jadwal krl, top up saldo kmt, app terintegrasi 🫶🏻","good, memudahkan buat mesen tiket kereta jarak jauhdan pacak jugo sekalian tengok jadwal krl, top up saldo kmt, app terintegrasi 🫶🏻","good, memudahkan buat mesen tiket kereta jarak jauhdan pacak jugo sekalian liat jadwal krl, top up saldo kmt, app terintegrasi 🫶🏻"
Untuk tiket commuter Line metode pembayarannya taroin QRIS BARCODE KALAU BISA SEMUA TRANSAKSI TIKET ADA PEMBAYARAN LEWAT QRIS BARCODE 🙏🏻☺️,,,,netral,,Kanggo tiket commuter Line cara pembayarane taroin QRIS BARCODE KALAU BISA SEMUA TRANSAKSI TIKET ANA PEMBAYARAN LEWAT QRIS BARCODE 🙏🏻☺️,Untuk tiket commuter Line metode pembayarannya taroin QRIS BARCODE YEN BISA KABEH TRANSAKSI TIKET ANA PEMBAYARAN LEWAT QRIS BARCODE 🙏🏻☺️,Untuk tiket commuter Line metode pembayarannyo taroin QRIS BARCODE MEN PACAK GALO TRANSAKSI TIKET ADO PEMBAYARAN LEWAT QRIS BARCODE 🙏🏻☺️,Untuk tiket commuter Line metode pembayarannyo taroin QRIS BARCODE men pacak SEMUA TRANSAKSI TIKET ado PEMBAYARAN LEWAT QRIS BARCODE 🙏🏻☺️
Lumayan dan mempermudah transaksi pembelian. Sering memakai akses qris,,,,positif,,Lumayan lan mempermudah transaksi tumbas. Sering memakai akses qris,Lumayan dan mempermudah transaksi pembelian. Sering memakai akses qris,Lumayan dan mempermudah transaksi pembelian. Sering memakai akses qris,Lumayan dan mempermudah transaksi pembelian. Sering memakai akses qris
"Aplikasi sebagus ini koq pada bilang aplikasi sampah. Saya pengguna KAI Access sudah bertahun-tahun & aman² aja tuh. Proses pembatalannyapun juga mudah, dana langsung masuk ke rekening.",,,positif,positif,,"Aplikasi sebagus iki koq pada bilang aplikasi sampah. Aku pengguna KAI Access wis bertahun-tahun & aman² aja tuh. Proses pembatalannyapun uga gampang, dana langsung mlebu menyang rekening.","Aplikasi sebagus ini koq pada bilang aplikasi sampah. Aku pengguna KAI Access wis bertahun-tahun & aman² wae tuh. Proses pembatalannyapun uga gampang, dana langsung masuk ke rekening.","Aplikasi sebagus ini koq pada bilang aplikasi sampah. Aku pengguna KAI Access lah bertahun-tahun & aman² bae tuh. Proses pembatalannyapun jugo gampang, dana langsung masuk ke rekening.","Aplikasi sebagus ini koq pada bilang aplikasi sampah. aku pengguna KAI Access lah bertahun-tahun & aman² bae tuh. Proses pembatalannyapun jugo gampang, dana langsung masuk ke rekening."
"Aplikasi yang sangat membantu dalam pemesanan tiket, akses cepat dan mudah, sangat membantu mengurangi jadwal tidur anda, agar setres bertambah, terimakasih kai acces",negatif,negatif,negatif,,,"Aplikasi sing banget mbantu jero pesenan tiket, akses cepet lan gampang, banget mbantu mengurangi jadwal tidur anda, agar setres nambah, terimakasih kai acces","Aplikasi yang banget membantu jero pemesanan tiket, akses cepet dan gampang, banget membantu mengurangi jadwal tidur anda, agar setres bertambah, terimakasih kai acces","Aplikasi yang nian membantu dalem pemesanan tiket, akses cepet dan gampang, nian membantu mengurangi jadwal tidur anda, agar setres bertambah, terimakasih kai acces","Aplikasi yang nian membantu dalam pemesanan tiket, akses cepet dan gampang, nian membantu mengurangi jadwal tidur anda, agar setres bertambah, terimakasih kai acces"
"Sesuai dg janjiku dr bintang 3 lgsg aku kasih bintang 5. Tiket mudik PP done. Alhamdulillah terimakasih Allah terimakasih access by KAI. Total begadang war tiket 5malam. Standby dari jam 11. Bolak balik cek aplikasi.Di sini selain cepet²an yaitu untung²an. Karena berebut dg beribu ribu orang yg ingin mudik dg kereta yg harganya paling murah dari kendaraan lain dan juga tidak macet.Sedikit tips:jika mencari kereta,selesai antrian ternyata tiket habis sebaiknya klik pindah² tgl dg tgl sblmnya.",,,konflik,,,"Cocok dg janjiku dr bintang 3 lgsg aku nuwun bintang 5. Tiket mudik PP done. Alhamdulillah terimakasih Allah terimakasih access by KAI. Total begadang war tiket 5malam. Standby dari jam 11. Bolak balik cek aplikasi.Ing sini selain cepet²an yaitu untung²an. Karena berebut dg beribu ribu orang yg ingin mudik dg sepur yg harganya paling murah dari kendaraan lain lan uga ora macet.Sedikit tips:jika mencari sepur,selesai antrean kebeneran tiket habis sebaiknya klik pindah² tgl dg tgl sblmnya.","Sesuai dg janjiku dr bintang 3 lgsg aku kasih bintang 5. Tiket mudik PP done. Alhamdulillah terimakasih Allah terimakasih access by KAI. Total begadang war tiket 5malam. Standby dari jam 11. Bolak balik cek aplikasi.Di sini selain cepet²an yaitu untung²an. Karena berebut dg beribu ribu wong yg ingin mudik dg kereta yg harganya paling murah dari kendaraan lain dan uga ora macet.Sedikit tips:jika mencari kereta,selesai antrian ternyata tiket habis sebaiknya klik pindah² tgl dg tgl sblmnya.","Sesuai dg janjiku dr bintang 3 lgsg aku kasih bintang 5. Tiket mudik PP done. Alhamdulillah terimakasih Allah terimakasih access by KAI. Total begadang war tiket 5malam. Standby dari jam 11. Bolak balik cek aplikasi.Di sini selain cepet²an yaitu untung²an. Karena berebut dg beribu ribu wong yg ingin mudik dg kereta yg harganyo paling murah dari kendaraan lain dan jugo dak macet.Sedikit tips:jika mencari kereta,selesai antrian ternyata tiket habis sebaiknyo klik pindah² tgl dg tgl sblmnyo.","Sesuai dg janjiku dr bintang 3 lgsg aku kasih bintang 5. Tiket mudik PP done. Alhamdulillah terimakasih Allah terimakasih access by KAI. Total begadang war tiket 5malam. Standby dari jam 11. Bolak balik cek aplikasi.Di sini selain cepet²an yaitu untung²an. Karena berebut dg beribu ribu wong yg ingin mudik dg kereta yg harganyo paling murah dari kendaraan lain dan jugo dak macet.Sedikit tips:jika mencari kereta,selesai antrian ternyata tiket habis sebaiknyo klik pindah² tgl dg tgl sblmnyo."
"Gw apresiasi buat developernya, setalah banyaknya kendala, udh mulai diperbaiki,terutama gw suka fitur antrianya jdi gk harus adu kecepatan klik lagi dan ujungnya diprank dengan tulisan tersedia padahal udh gak bisa. Semoga makin baik kedepanya",,,negatif,,,"Gw apresiasi kanggo developernya, setalah banyaknya kendala, wis mulai benerake,terutama gw suka fitur antrianya jdi ora kudu adu kecepatan klik maneh lan ujungnya diprank karo tulisan tersedia padahal wis ora bisa. Muga-muga makin baik kedepanya","Aku apresiasi buat developernya, setalah banyaknya kendala, wis mulai diperbaiki,terutama aku suka fitur antrianya jdi gk harus adu kecepatan klik lagi dan ujungnya diprank karo tulisan tersedia padahal wis ora bisa. Semoga makin apik kedepanya","Aku apresiasi buat developernyo, setalah banyaknyo kendala, lah mulai diperbaiki,terutama aku suka fitur antrianyo jdi gk harus adu kecepatan klik lagi dan ujungnyo diprank pake tulisan tersedia padahal lah dak pacak. Semoga makin baek kedepanyo","aku apresiasi buat developernyo, setalah banyaknyo kendala, lah mulai diperbaiki,terutama aku suka fitur antrianyo jdi gk harus adu kecepatan klik lagi dan ujungnyo diprank dengan tulisan tersedia padahal lah dak pacak. Semoga makin baek kedepanyo"
"Sekarang saya lebih suka naik kereta, karena , pelayanannya bagus, asik dan nyaman, dan murah tiketnya Dan semenjak punya aplikasi access by KAI sekarang lebih mudah untuk mendapatkan tiket kereta... Terimakasih access by KAI",,,positif,,,"Saiki aku luwih suka naik sepur, karena , pelayanannya apik, asik lan penak, lan murah tiketnya Lan semenjak punya aplikasi access by KAI saiki luwih gampang kanggo mendapatkan tiket sepur... Terimakasih access by KAI","Saiki aku lebih suka naik kereta, karena , pelayanannya apik, asik dan nyaman, dan murah tiketnya Dan semenjak punya aplikasi access by KAI saiki lebih gampang untuk mendapatkan tiket kereta... Terimakasih access by KAI","Sekarang aku lebih suka naik kereta, karena , pelayanannyo bagus, asik dan nyaman, dan murah tiketnyo Dan semenjak punyo aplikasi access by KAI sekarang lebih gampang untuk mendapatkan tiket kereta... Terimakasih access by KAI","Sekarang aku lebih suka naik kereta, karena , pelayanannyo bagus, asik dan nyaman, dan murah tiketnyo Dan semenjak punyo aplikasi access by KAI sekarang lebih gampang untuk mendapatkan tiket kereta... Terimakasih access by KAI"
"Aplikasi Ter the best , ganti jadwal ,pesan tiket, booking tiket, check in online semuanya keren. Kurang paham yg kasih rating jelek mungkin mafia parkir atau g mana😂... Kadang yg bagus dibilang jelek...yang jelek dibilang bagus..ya namanya juga bisnis lah ya... buat kalian ga usah dengerin langsung dicoba aja..",,,positif,,,"Aplikasi Ter the best , ganti jadwal ,pesen tiket, pesen tiket, check in online semuanya keren. Kurang paham yg nuwun rating jelek mungkin mafia parkir utawa g endi😂... Kadhang yg apik dibilang jelek...sing jelek dibilang apik..ya namanya uga bisnis yo ya... kanggo kalian ora perlu dengerin langsung dicoba aja..","Aplikasi Ter the best , ganti jadwal ,pesen tiket, booking tiket, check in online semuanya keren. Kurang paham yg kasih rating jelek mungkin mafia parkir atau g mana😂... Kadang yg apik dibilang jelek...yang jelek dibilang apik..ya namanya uga bisnis lah ya... buat kalian ora usah dengerin langsung dicoba wae..","Aplikasi Ter the best , ganti jadwal ,pesan tiket, booking tiket, check in online semuanyo keren. Kurang paham yg kasih rating jelek mungkin mafia parkir atau g mana😂... Kadang yg bagus dibilang jelek...yang jelek dibilang bagus..ya namanyo jugo bisnis lah ya... buat kalian dak usah dengerin langsung dicoba bae..","Aplikasi Ter the best , ganti jadwal ,pesan tiket, booking tiket, check in online semuanyo keren. Kurang paham yg kasih rating jelek mungkin mafia parkir atau g mana😂... Kadang yg bagus dibilang jelek...yang jelek dibilang bagus..ya namanyo jugo bisnis lah ya... buat kalian ga usah dengerin langsung dicoba bae.."
langganan bgt pake aplikasi ini...dan so far sih nggk ada masalah proses booking dan pembelian tiket selalu oke dan nggk ada kendala,,,positif,,,langganan bgt nganggo aplikasi iki...lan so far sih nggk ana masalah proses pesen lan tumbas tiket selalu wis apik lan nggk ana kendala,langganan banget pake aplikasi ini...dan so far sih nggk ana masalah proses booking dan pembelian tiket selalu oke dan nggk ana kendala,langganan nian pake aplikasi ini...dan so far sih nggk ado masalah proses booking dan pembelian tiket selalu oke dan nggk ado kendala,langganan bgt pake aplikasi ini...dan so far sih nggk ado masalah proses booking dan pembelian tiket selalu oke dan nggk ado kendala
"Diera digitalisasi ini memudahkan segala aktivitas, praktis dan cepat, termasuk access KAI sangat mempermudah pembelian tiket kereta jarak dekat maupun jauh",,,positif,,,"Diera digitalisasi iki nggampangake segala aktivitas, praktis lan cepet, termasuk access KAI banget mempermudah tumbas tiket sepur jarak dekat maupun jauh","Diera digitalisasi ini memudahkan segala aktivitas, praktis dan cepet, termasuk access KAI banget mempermudah pembelian tiket kereta jarak dekat maupun jauh","Diera digitalisasi ini memudahkan segala aktivitas, praktis dan cepet, termasuk access KAI nian mempermudah pembelian tiket kereta jarak dekat maupun jauh","Diera digitalisasi ini memudahkan segala aktivitas, praktis dan cepet, termasuk access KAI nian mempermudah pembelian tiket kereta jarak dekat maupun jauh"
Pesen tiket kereta disini pastinya lebih murah dari traveloka,,,,,,Pesen tiket sepur disini pastinya luwih murah dari traveloka,Pesen tiket kereta disini pastinya lebih murah dari traveloka,Pesen tiket kereta disini pastinyo lebih murah dari traveloka,Pesen tiket kereta disini pastinyo lebih murah dari traveloka
"Aplikasinya bagus, untuk pemesanan tiketnya juga gampang tidak sulit dan mempermudah untuk yang memakai aplikasinya",,,positif,,,"Aplikasinya apik, kanggo pesenan tiketnya uga gampang ora sulit lan mempermudah kanggo sing memakai aplikasinya","Aplikasinya apik, untuk pemesanan tiketnya uga gampang ora sulit dan mempermudah untuk yang memakai aplikasinya","Aplikasinyo bagus, untuk pemesanan tiketnyo jugo gampang dak sulit dan mempermudah untuk yang memakai aplikasinyo","Aplikasinyo bagus, untuk pemesanan tiketnyo jugo gampang dak sulit dan mempermudah untuk yang memakai aplikasinyo"
lebih gampang dan cepat nyari tiket untuk perjalanan jarak jauh dan dekat.,,,positif,,,luwih gampang lan cepet nyari tiket kanggo perjalanan jarak jauh lan dekat.,lebih gampang dan cepet nyari tiket untuk perjalanan jarak jauh dan dekat.,lebih gampang dan cepet nyari tiket untuk perjalanan jarak jauh dan dekat.,lebih gampang dan cepet nyari tiket untuk perjalanan jarak jauh dan dekat.
"Sangat membantu, dan. Sangat mudah tanpa harus datang ke. Stasiun bila mau booking tiket,",,positif,,,,"Banget mbantu, lan. Banget gampang tanpa kudu datang menyang. Stasiun bila arep pesen tiket,","Banget membantu, dan. Banget gampang tanpa harus datang ke. Stasiun bila arep booking tiket,","Nian membantu, dan. Nian gampang tanpa harus datang ke. Stasiun bila nak booking tiket,","nian membantu, dan. nian gampang tanpa harus datang ke. Stasiun bila nak booking tiket,"
"Aplikasi yg sangat bermanfaat dan memudahkan buat info tiket, jadwal serta tujuan KA. Sangat bagus..",,,positif,,,"Aplikasi yg banget bermanfaat lan nggampangake kanggo info tiket, jadwal serta tujuan KA. Banget apik..","Aplikasi yg banget bermanfaat dan memudahkan buat info tiket, jadwal serta tujuan KA. Banget apik..","Aplikasi yg nian bermanfaat dan memudahkan buat info tiket, jadwal serta tujuan KA. Nian bagus..","Aplikasi yg nian bermanfaat dan memudahkan buat info tiket, jadwal serta tujuan KA. nian bagus.."
"Cara termudah dan simple utk melakukan pembelian tiket kereta api ke semua tujuan .... menggunakan aplikasi ini sangat mudah dan nyaman, apalagi sekarang ditambah fitur bisa menelpon contact centre tanpa pulsa ... bravo KAI ACCESS",,positif,,,,"Cara termudah lan gampang utk melakukan tumbas tiket sepur api menyang semua tujuan .... menggunakan aplikasi iki banget gampang lan penak, apalagi saiki ditambah fitur bisa menelpon contact centre tanpa pulsa ... bravo KAI ACCESS","Cara termudah dan simple utk melakukan pembelian tiket kereta api ke kabeh tujuan .... menggunakan aplikasi ini banget gampang dan nyaman, apalagi saiki ditambah fitur bisa menelpon contact centre tanpa pulsa ... bravo KAI ACCESS","Caro termudah dan simple utk melakukan pembelian tiket kereta api ke galo tujuan .... menggunakan aplikasi ini nian gampang dan nyaman, apalagi sekarang ditambah fitur pacak menelpon contact centre tanpa pulsa ... bravo KAI ACCESS","caro termudah dan simple utk melakukan pembelian tiket kereta api ke semua tujuan .... menggunakan aplikasi ini nian gampang dan nyaman, apalagi sekarang ditambah fitur pacak menelpon contact centre tanpa pulsa ... bravo KAI ACCESS"
Keren dan bagus...lebih mudah dalam pemesanan tiket...Sukses selalu buat KAI.....,,positif,,,,Keren lan apik...luwih gampang jero pesenan tiket...Sukses selalu kanggo KAI.....,Keren dan apik...lebih gampang jero pemesanan tiket...Sukses selalu buat KAI.....,Keren dan bagus...lebih gampang dalem pemesanan tiket...Sukses selalu buat KAI.....,Keren dan bagus...lebih gampang dalam pemesanan tiket...Sukses selalu buat KAI.....
Sangat bagus untuk info pemesanan perjalanan..transportasi,,,positif,,,Banget apik kanggo info pesenan perjalanan..transportasi,Banget apik untuk info pemesanan perjalanan..transportasi,Nian bagus untuk info pemesanan perjalanan..transportasi,nian bagus untuk info pemesanan perjalanan..transportasi
Bagus aman nyaman mending beli tiket kereta langsung di aplikasi nya,,positif,,,,Apik aman penak mending tumbas tiket sepur langsung ing aplikasi nya,Apik aman nyaman mending beli tiket kereta langsung di aplikasi nya,Bagus aman nyaman mending beli tiket kereta langsung di aplikasi nyo,Bagus aman nyaman mending beli tiket kereta langsung di aplikasi nyo
"Mudah digunakan untuk membeli tiket, saat ke datang cukup scan barcode tiket👍👍",,,positif,,,"Gampang digunakan kanggo membeli tiket, wektu menyang datang cukup scan barcode tiket👍👍","Gampang digunakan untuk membeli tiket, saat ke datang cukup scan barcode tiket👍👍","Gampang digunakan untuk membeli tiket, saat ke datang cukup scan barcode tiket👍👍","gampang digunakan untuk membeli tiket, saat ke datang cukup scan barcode tiket👍👍"
Aplikasi sangat bagus sekali lebih mudah sekarang tanpa ribet booking lagi,,positif,,,,Aplikasi banget apik sekali luwih gampang saiki tanpa ribet pesen maneh,Aplikasi banget apik pisan lebih gampang saiki tanpa ribet booking lagi,Aplikasi nian bagus nian lebih gampang sekarang tanpa ribet booking lagi,Aplikasi nian bagus nian lebih gampang sekarang tanpa ribet booking lagi
Aplikasi bagus bangettt.. saya sering pesan tiket lewat sini,,positif,,,,Aplikasi apik bangettt.. aku sering pesen tiket lewat sini,Aplikasi apik bangettt.. aku sering pesen tiket lewat sini,Aplikasi bagus bangettt.. aku sering pesan tiket lewat sini,Aplikasi bagus bangettt.. aku sering pesan tiket lewat sini
cukup membantu untuk pesan tiket kereta..,,,positif,,,cukup mbantu kanggo pesen tiket sepur..,cukup membantu untuk pesen tiket kereta..,cukup membantu untuk pesan tiket kereta..,cukup membantu untuk pesan tiket kereta..
"Sekarang udah mulai bagus, pemesanan lancar, semoga gak ada kendala lemot lagi. Tingkatkan lagi aja biar lebih nyaman order via kaiacces nya.",,,positif,,,"Saiki wis mulai apik, pesenan lancar, muga-muga ora ana kendala lemot maneh. Tingkatkan maneh aja ben luwih penak order lewat kaiacces nya.","Saiki wis mulai apik, pemesanan lancar, semoga ora ana kendala lemot lagi. Tingkatkan lagi wae biar lebih nyaman order via kaiacces nya.","Sekarang lah mulai bagus, pemesanan lancar, semoga dak ado kendala lemot lagi. Tingkatkan lagi bae biar lebih nyaman order via kaiacces nyo.","Sekarang lah mulai bagus, pemesanan lancar, semoga dak ado kendala lemot lagi. Tingkatkan lagi bae biar lebih nyaman order via kaiacces nyo."
Sangat membantu dengan ada y access kai,,positif,,,,Banget mbantu karo ana y access kai,Banget membantu karo ana y access kai,Nian membantu pake ado y access kai,nian membantu dengan ado y access kai
Sangat bermanfaat dan membantu dalam pemeriksaan tiket kereta api,,,positif,,,Banget bermanfaat lan mbantu jero pemeriksaan tiket sepur api,Banget bermanfaat dan membantu jero pemeriksaan tiket kereta api,Nian bermanfaat dan membantu dalem pemeriksaan tiket kereta api,nian bermanfaat dan membantu dalam pemeriksaan tiket kereta api
"Alhamdulillah...dgn aplikasi ini sangat membantu, mempermudah dlm urusan perjalanan dgn kereta api. Terimakasih KAI.",,positif,,,,"Alhamdulillah...dgn aplikasi iki banget mbantu, mempermudah ing urusan perjalanan dgn sepur api. Terimakasih KAI.","Alhamdulillah...dgn aplikasi ini banget membantu, mempermudah dlm urusan perjalanan dgn kereta api. Terimakasih KAI.","Alhamdulillah...dgn aplikasi ini nian membantu, mempermudah dlm urusan perjalanan dgn kereta api. Terimakasih KAI.","Alhamdulillah...dgn aplikasi ini nian membantu, mempermudah dlm urusan perjalanan dgn kereta api. Terimakasih KAI."
Sangat memudahakan untuk pembelian atau perubahan jadwal tiket pulang atau prrgi,,,positif,,,Banget memudahakan kanggo tumbas utawa owahan jadwal tiket pulang utawa prrgi,Banget memudahakan untuk pembelian atau perubahan jadwal tiket pulang atau prrgi,Nian memudahakan untuk pembelian atau perubahan jadwal tiket pulang atau prrgi,nian memudahakan untuk pembelian atau perubahan jadwal tiket pulang atau prrgi
Dengan aplikasi ini sangat membantu dalam melakukan perjalanan dari mana saja tanpa mengantri di loket pokoknya mantap sangat membantu,,,,,,Karo aplikasi iki banget mbantu jero melakukan perjalanan dari endi saja tanpa ngantri ing loket pokoknya mantap banget mbantu,Karo aplikasi ini banget membantu jero melakukan perjalanan dari mana wae tanpa mengantri di loket pokoknya mantap banget membantu,Pake aplikasi ini nian membantu dalem melakukan perjalanan dari mana bae tanpa mengantri di loket pokoknyo mantap nian membantu,Dengan aplikasi ini nian membantu dalam melakukan perjalanan dari mana bae tanpa mengantri di loket pokoknyo mantap nian membantu
Pelayanan untuk pembelian tiket serta jadwal selalu tepat waktu.,,,positif,,,Pelayanan kanggo tumbas tiket serta jadwal selalu tepat wektu.,Pelayanan untuk pembelian tiket serta jadwal selalu tepat waktu.,Pelayanan untuk pembelian tiket serta jadwal selalu tepat waktu.,Pelayanan untuk pembelian tiket serta jadwal selalu tepat waktu.
"bagus, efisien waktu, bebas calo, informasi jadwal akurat",,positif,positif,,,"apik, efisien wektu, bebas calo, informasi jadwal akurat","apik, efisien waktu, bebas calo, informasi jadwal akurat","bagus, efisien waktu, bebas calo, informasi jadwal akurat","bagus, efisien waktu, bebas calo, informasi jadwal akurat"
Aplikasinya bagus dan memudahkan untuk pembelian tiket kereta.,,positif,positif,,,Aplikasinya apik lan nggampangake kanggo tumbas tiket sepur.,Aplikasinya apik dan memudahkan untuk pembelian tiket kereta.,Aplikasinyo bagus dan memudahkan untuk pembelian tiket kereta.,Aplikasinyo bagus dan memudahkan untuk pembelian tiket kereta.
"Aplikasi ini, memudah beli tiket kereta api.",,,positif,,,"Aplikasi iki, memudah tumbas tiket sepur api.","Aplikasi ini, memudah beli tiket kereta api.","Aplikasi ini, memudah beli tiket kereta api.","Aplikasi ini, memudah beli tiket kereta api."
Aplikasi sangat membantu memudahkan dalam transportasi pembelian tiket kereta,,,positif,,,Aplikasi banget mbantu nggampangake jero transportasi tumbas tiket sepur,Aplikasi banget membantu memudahkan jero transportasi pembelian tiket kereta,Aplikasi nian membantu memudahkan dalem transportasi pembelian tiket kereta,Aplikasi nian membantu memudahkan dalam transportasi pembelian tiket kereta
Applikasi yang mudah dipakai dan sangat membantu dalam pemesanan tiket KA,,positif,positif,,,Applikasi sing gampang dipakai lan banget mbantu jero pesenan tiket KA,Applikasi yang gampang dipakai dan banget membantu jero pemesanan tiket KA,Applikasi yang gampang dipakai dan nian membantu dalem pemesanan tiket KA,Applikasi yang gampang dipakai dan nian membantu dalam pemesanan tiket KA
"Menurut saya sudah ok banget, pesan yiket bisa kapan aja, kenapa yg lain pada kasih rating buruk ya",,,positif,,,"Menurut aku wis ok banget, pesen yiket bisa kapan aja, kena apa yg lain pada nuwun rating buruk ya","Menurut aku wis ok banget, pesen yiket bisa kapan wae, kena apa yg lain pada kasih rating ala ya","Menurut aku lah ok nian, pesan yiket pacak kapan bae, ngapo yg lain pada kasih rating buruk ya","Menurut aku lah ok nian, pesan yiket pacak kapan bae, ngapo yg lain pada kasih rating buruk ya"
Cari tiket kereta api lebih gampang dan mudah,,,positif,,,Cari tiket sepur api luwih gampang lan gampang,Cari tiket kereta api lebih gampang dan gampang,Cari tiket kereta api lebih gampang dan gampang,Cari tiket kereta api lebih gampang dan gampang
Sangat membantu dengan mudah mendapatkan tiket,,,positif,,,Banget mbantu karo gampang mendapatkan tiket,Banget membantu karo gampang mendapatkan tiket,Nian membantu pake gampang mendapatkan tiket,nian membantu dengan gampang mendapatkan tiket
Penggunaan Access by KAI sangat memudahkan pemesanan tiket perjalanan saya.,,,positif,,,Penggunaan Access by KAI banget nggampangake pesenan tiket perjalanan aku.,Penggunaan Access by KAI banget memudahkan pemesanan tiket perjalanan aku.,Penggunaan Access by KAI nian memudahkan pemesanan tiket perjalanan aku.,Penggunaan Access by KAI nian memudahkan pemesanan tiket perjalanan aku.
Sangat membantu mempermudah pembelian tiket👍👍,,,positif,,,Banget mbantu mempermudah tumbas tiket👍👍,Banget membantu mempermudah pembelian tiket👍👍,Nian membantu mempermudah pembelian tiket👍👍,nian membantu mempermudah pembelian tiket👍👍
Sangat membantu dalam pesen tiket kereta.,,,positif,,,Banget mbantu jero pesen tiket sepur.,Banget membantu jero pesen tiket kereta.,Nian membantu dalem pesen tiket kereta.,nian membantu dalam pesen tiket kereta.
Mudah pemesanan melalui aplikasi Access KAI,,,positif,,,Gampang pesenan melalui aplikasi Access KAI,Gampang pemesanan melalui aplikasi Access KAI,Gampang pemesanan melalui aplikasi Access KAI,gampang pemesanan melalui aplikasi Access KAI
Sangat membantu untuk boking tiket..,,,positif,,,Banget mbantu kanggo boking tiket..,Banget membantu untuk boking tiket..,Nian membantu untuk boking tiket..,nian membantu untuk boking tiket..
"mantap, harga tiket sesuai yang kita beli",,,,,,"mantap, harga tiket cocok sing kowe tumbas","mantap, rega tiket sesuai yang kabeh beli","mantap, hargo tiket sesuai yang kito beli","mantap, hargo tiket sesuai yang kito beli"
Segala urusan per Kereta Api an jadi mudah dengan aplikasi ini,,,,,,Segala urusan per Sepur Api an dadi gampang karo aplikasi iki,Segala urusan per Kereta Api an jadi gampang karo aplikasi ini,Segala urusan per Kereta Api an jadi gampang pake aplikasi ini,Segala urusan per Kereta Api an jadi gampang dengan aplikasi ini
Pakai aplikasi kai pesan tiket lebih praktis,,,positif,,,Nganggo aplikasi kai pesen tiket luwih praktis,Pakai aplikasi kai pesen tiket lebih praktis,Pakai aplikasi kai pesan tiket lebih praktis,Pakai aplikasi kai pesan tiket lebih praktis
Untuk pemesanan lebih mudah,,positif,,,,Kanggo pesenan luwih gampang,Untuk pemesanan lebih gampang,Untuk pemesanan lebih gampang,Untuk pemesanan lebih gampang
Alhamdulillah gampang buat pesen tiketnya. G harus ke alfamart dan Indomaret dulu. Kita dirumah bisa pesen sambil tidur 2 an.,,positif,positif,,,Alhamdulillah gampang kanggo pesen tiketnya. G kudu menyang alfamart lan Indomaret dulu. Kowe dirumah bisa pesen sambil tidur 2 an.,Alhamdulillah gampang buat pesen tiketnya. G harus ke alfamart dan Indomaret dulu. Kabeh dirumah bisa pesen sambil tidur 2 an.,Alhamdulillah gampang buat pesen tiketnyo. G harus ke alfamart dan Indomaret dulu. Kito dirumah pacak pesen sambil tidur 2 an.,Alhamdulillah gampang buat pesen tiketnyo. G harus ke alfamart dan Indomaret dulu. kito dirumah pacak pesen sambil tidur 2 an.
Bagus mempermudah pembelian tiket kai,,,positif,,,Apik mempermudah tumbas tiket kai,Apik mempermudah pembelian tiket kai,Bagus mempermudah pembelian tiket kai,Bagus mempermudah pembelian tiket kai
Sangat membantu dalam pembelian tiket,,,positif,,,Banget mbantu jero tumbas tiket,Banget membantu jero pembelian tiket,Nian membantu dalem pembelian tiket,nian membantu dalam pembelian tiket
Memesan tiket kereta api lebih mudah,,,positif,,,Memesan tiket sepur api luwih gampang,Memesan tiket kereta api lebih gampang,Memesan tiket kereta api lebih gampang,Memesan tiket kereta api lebih gampang
Sangat membantu dalam pesan tiket kereta api,,,positif,,,Banget mbantu jero pesen tiket sepur api,Banget membantu jero pesen tiket kereta api,Nian membantu dalem pesan tiket kereta api,nian membantu dalam pesan tiket kereta api
"Mantap ada aplikasi ini, tidak perlu antri di stasiun atau di indomaret.",,,,,,"Mantap ana aplikasi iki, ora perlu antri ing stasiun utawa ing indomaret.","Mantap ana aplikasi ini, ora perlu antri di stasiun atau di indomaret.","Mantap ado aplikasi ini, dak perlu antri di stasiun atau di indomaret.","Mantap ado aplikasi ini, dak perlu antri di stasiun atau di indomaret."
Ga pernah gagal kalau pesan tiket kereta,,,positif,,,Ora pernah gagal kalau pesen tiket sepur,Ora pernah gagal yen pesen tiket kereta,Dak pernah gagal men pesan tiket kereta,Ga pernah gagal men pesan tiket kereta
Cepat dan membantu pemesanan tiket tidak perlu ngantri panjang di loket tmksh,,,positif,,,Cepet lan mbantu pesenan tiket ora perlu ngantri panjang ing loket tmksh,Cepet dan membantu pemesanan tiket ora perlu ngantri panjang di loket tmksh,Cepet dan membantu pemesanan tiket dak perlu ngantri panjang di loket tmksh,cepet dan membantu pemesanan tiket dak perlu ngantri panjang di loket tmksh
Aplikasi ini sangat membantu sekali ga usah repot2 harus beli tiket ke stasiun cukup dengan KAI👍,,positif,,,,Aplikasi iki banget mbantu sekali ora perlu repot2 kudu tumbas tiket menyang stasiun cukup karo KAI👍,Aplikasi ini banget membantu pisan ora usah repot2 harus beli tiket ke stasiun cukup karo KAI👍,Aplikasi ini nian membantu nian dak usah repot2 harus beli tiket ke stasiun cukup pake KAI👍,Aplikasi ini nian membantu nian ga usah repot2 harus beli tiket ke stasiun cukup dengan KAI👍
"Access by KAU, bagi saya sangat baik, membantu percepatan cari tiket KA yg sesuai dgn kebutuhan trayek dan harga tiketnya.",,,positif,,,"Access by KAU, bagi aku banget baik, mbantu percepatan cari tiket KA yg cocok dgn kebutuhan trayek lan harga tiketnya.","Access by KAU, bagi aku banget apik, membantu percepatan cari tiket KA yg sesuai dgn kebutuhan trayek dan rega tiketnya.","Access by KAU, bagi aku nian baek, membantu percepatan cari tiket KA yg sesuai dgn kebutuhan trayek dan hargo tiketnyo.","Access by KAU, bagi aku nian baek, membantu percepatan cari tiket KA yg sesuai dgn kebutuhan trayek dan hargo tiketnyo."
Semoga slalu d permudah untuk pesen tiket melalui KAI access. sukses slalu buat KAI access,,positif,,,,Muga-muga slalu d permudah kanggo pesen tiket melalui KAI access. sukses slalu kanggo KAI access,Semoga slalu d permudah untuk pesen tiket melalui KAI access. sukses slalu buat KAI access,Semoga slalu d permudah untuk pesen tiket melalui KAI access. sukses slalu buat KAI access,Semoga slalu d permudah untuk pesen tiket melalui KAI access. sukses slalu buat KAI access
mudah mencari tiket dgan onleain,,positif,,,,gampang mencari tiket dgan onleain,gampang mencari tiket dgan onleain,gampang mencari tiket dgan onleain,gampang mencari tiket dgan onleain
Beli tiket jadi gampang bingit,,positif,,,,Tumbas tiket dadi gampang bingit,Beli tiket jadi gampang bingit,Beli tiket jadi gampang bingit,Beli tiket jadi gampang bingit
Bagus memudahkan pesan tiket kereta,,positif,,,,Apik nggampangake pesen tiket sepur,Apik memudahkan pesen tiket kereta,Bagus memudahkan pesan tiket kereta,Bagus memudahkan pesan tiket kereta
Sangat membantu dalam proses pesan tiket KAI,,positif,,,,Banget mbantu jero proses pesen tiket KAI,Banget membantu jero proses pesen tiket KAI,Nian membantu dalem proses pesan tiket KAI,nian membantu dalam proses pesan tiket KAI
Mudah beli tiket kreta pulang pergi sesuai plening,,positif,,,,Gampang tumbas tiket kreta pulang lunga cocok plening,Gampang beli tiket kreta pulang pergi sesuai plening,Gampang beli tiket kreta pulang pergi sesuai plening,gampang beli tiket kreta pulang pergi sesuai plening
Jadi gampang cari tiket nya,,positif,positif,,,Dadi gampang cari tiket nya,Jadi gampang cari tiket nya,Jadi gampang cari tiket nyo,Jadi gampang cari tiket nyo
Cepat dan akurat persyaratan gak ribet sekali isi data gak perlu isi data lagi jos pokoknya,positif,,,,positif,Cepet lan akurat persyaratan ora ribet sekali isi data ora perlu isi data maneh jos pokoknya,Cepet dan akurat persyaratan ora ribet pisan isi data ora perlu isi data lagi jos pokoknya,Cepet dan akurat persyaratan dak ribet nian isi data dak perlu isi data lagi jos pokoknyo,cepet dan akurat persyaratan dak ribet nian isi data dak perlu isi data lagi jos pokoknyo
"Permasalahan sudah diperbaiki, update terbaru sudah enak aplikasinya..",positif,,,,,"Permasalahan wis benerake, nganyari terbaru wis enak aplikasinya..","Permasalahan wis diperbaiki, update terbaru wis enak aplikasinya..","Permasalahan lah diperbaiki, update terbaru lah enak aplikasinyo..","Permasalahan lah diperbaiki, update terbaru lah enak aplikasinyo.."
Sangat efisien dan mempermudah akses perjalanan,,,,,,Banget efisien lan mempermudah akses perjalanan,Banget efisien dan mempermudah akses perjalanan,Nian efisien dan mempermudah akses perjalanan,nian efisien dan mempermudah akses perjalanan
Update terbaru dan terus perbaiki kualitas layanan,,,,,,Nganyari terbaru lan terus benerake kualitas layanan,Update terbaru dan terus perbaiki kualitas layanan,Update terbaru dan terus perbaiki kualitas layanan,Update terbaru dan terus perbaiki kualitas layanan
"Dari bintang 2 udh sya update ke bintang 5 min. Alhamdulillah aplikasi nya sdh lancar dan bagus, semoga kedepannya lebh baik lagi dan jaringan selalu lancar",positif,,,,,"Dari bintang 2 wis sya nganyari menyang bintang 5 min. Alhamdulillah aplikasi nya sdh lancar lan apik, muga-muga sesuk lebh baik maneh lan jaringan selalu lancar","Dari bintang 2 wis sya update ke bintang 5 min. Alhamdulillah aplikasi nya sdh lancar dan apik, semoga kedepannya lebh apik lagi dan jaringan selalu lancar","Dari bintang 2 lah sya update ke bintang 5 min. Alhamdulillah aplikasi nyo sdh lancar dan bagus, semoga kedepannyo lebh baek lagi dan jaringan selalu lancar","Dari bintang 2 lah sya update ke bintang 5 min. Alhamdulillah aplikasi nyo sdh lancar dan bagus, semoga kedepannyo lebh baek lagi dan jaringan selalu lancar"
"pt kai memang mantap,sistem dan pelayanan sangat baik",,,,,,"pt kai bener-bener mantap,sistem lan pelayanan banget baik","pt kai memang mantap,sistem dan pelayanan banget apik","pt kai memang mantap,sistem dan pelayanan nian baek","pt kai memang mantap,sistem dan pelayanan nian baek"
Cepat dan mudah buat kami,positif,,,,,Cepet lan gampang kanggo kami,Cepet dan gampang buat kami,Cepet dan gampang buat kami,cepet dan gampang buat kami
"Bagus pelayanan,cepat tanggap",,,,,,"Apik pelayanan,cepet tanggap","Apik pelayanan,cepet tanggap","Bagus pelayanan,cepet tanggap","Bagus pelayanan,cepet tanggap"
Bagus praktis dan cepat,positif,positif,,,,Apik praktis lan cepet,Apik praktis dan cepet,Bagus praktis dan cepet,Bagus praktis dan cepet
Mudah cepat praktis keren,positif,positif,,,,Gampang cepet praktis keren,Gampang cepet praktis keren,Gampang cepet praktis keren,gampang cepet praktis keren
"cepat, nggak ribet, mantap",positif,positif,,,,"cepet, ora ribet, mantap","cepet, ora ribet, mantap","cepet, dak ribet, mantap","cepet, dak ribet, mantap"
Mantap lebih mudah access nya,positif,,,,,Mantap luwih gampang access nya,Mantap lebih gampang access nya,Mantap lebih gampang access nyo,Mantap lebih gampang access nyo
"Terima kasih KAI Sudah lebih baik Apps nya, josss memudahkan Kami",positif,,,,,"Matur nuwun KAI Wis luwih baik Apps nya, josss nggampangake Kami","Terima kasih KAI Wis lebih apik Apps nya, josss memudahkan Kami","Terima kasih KAI Lah lebih baek Apps nyo, josss memudahkan Kami","Terima kasih KAI lah lebih baek Apps nyo, josss memudahkan Kami"
"Aman ,belum pernah ada problem. Sangat membantu.",positif,,,,,"Aman ,durung pernah ana problem. Banget mbantu.","Aman ,belum pernah ana problem. Banget membantu.","Aman ,belum pernah ado problem. Nian membantu.","Aman ,belum pernah ado problem. nian membantu."
"Semangat KAI ACCSES Aku yakin apk KAI ACCSES bisa lewatin semua kendala yang ada, sejauh ini aku ga pernah ada kendala yang berarti semua baik, dulu pernah ada kendala tapi semua diselesaikan dengan baik oleh cs KAI acces, SEMANGAT TERUS YA",,,,,,"Semangat KAI ACCSES Aku yakin apk KAI ACCSES bisa lewatin semua kendala sing ana, sejauh iki aku ora pernah ana kendala sing berarti semua baik, dulu pernah ana kendala nanging semua diselesaikan karo baik oleh cs KAI acces, SEMANGAT TERUS YA","Semangat KAI ACCSES Aku yakin apk KAI ACCSES bisa lewatin kabeh kendala yang ana, sejauh ini aku ora pernah ana kendala yang berarti kabeh apik, dulu pernah ana kendala nanging kabeh diselesaikan karo apik oleh cs KAI acces, SEMANGAT TERUS YA","Semangat KAI ACCSES Aku yakin apk KAI ACCSES pacak lewatin galo kendala yang ado, sejauh ini aku dak pernah ado kendala yang berarti galo baek, dulu pernah ado kendala tapi galo diselesaikan pake baek oleh cs KAI acces, SEMANGAT TERUS YA","Semangat KAI ACCSES Aku yakin apk KAI ACCSES pacak lewatin semua kendala yang ado, sejauh ini aku ga pernah ado kendala yang berarti semua baek, dulu pernah ado kendala tapi semua diselesaikan dengan baek oleh cs KAI acces, SEMANGAT TERUS YA"
"Aplikasinya sangat bermanfaat, sejauh ini sih jarang erro iya. Aman dan lancar aplikasinya",positif,,,,,"Aplikasinya banget bermanfaat, sejauh iki sih jarang erro iya. Aman lan lancar aplikasinya","Aplikasinya banget bermanfaat, sejauh ini sih jarang erro iya. Aman dan lancar aplikasinya","Aplikasinyo nian bermanfaat, sejauh ini sih jarang erro iya. Aman dan lancar aplikasinyo","Aplikasinyo nian bermanfaat, sejauh ini sih jarang erro iya. Aman dan lancar aplikasinyo"
Bagus lebih efisien dan mudah kemana2 pokoknya mantap,positif,,,,,Apik luwih efisien lan gampang kemana2 pokoknya mantap,Apik lebih efisien dan gampang kemana2 pokoknya mantap,Bagus lebih efisien dan gampang kemana2 pokoknyo mantap,Bagus lebih efisien dan gampang kemana2 pokoknyo mantap
Penggunaan aplikasi selama ini lancar dan pelayanannya baik. Terimakasih KAI. Semoga semakin baik pelayanannya.,positif,,,,,Penggunaan aplikasi selama iki lancar lan pelayanannya baik. Terimakasih KAI. Muga-muga sansaya baik pelayanannya.,Penggunaan aplikasi selama ini lancar dan pelayanannya apik. Terimakasih KAI. Semoga semakin apik pelayanannya.,Penggunaan aplikasi selama ini lancar dan pelayanannyo baek. Terimakasih KAI. Semoga semakin baek pelayanannyo.,Penggunaan aplikasi selama ini lancar dan pelayanannyo baek. Terimakasih KAI. Semoga semakin baek pelayanannyo.
Lebih memudahkan & sangat Membaantu,positif,,,,,Luwih nggampangake & banget Membaantu,Lebih memudahkan & banget Membaantu,Lebih memudahkan & nian Membaantu,Lebih memudahkan & nian Membaantu
Cepat dan lancar jaya,positif,,,,,Cepet lan lancar jaya,Cepet dan lancar jaya,Cepet dan lancar jaya,cepet dan lancar jaya
Semakin cepat pelayanannya,,,,,,Sansaya cepet pelayanannya,Semakin cepet pelayanannya,Semakin cepet pelayanannyo,Semakin cepet pelayanannyo
Terus tingkat kan..mantap,,,,,,Terus tingkat kan..mantap,Terus tingkat kan..mantap,Terus tingkat kan..mantap,Terus tingkat kan..mantap
Sudah bisa lagi seperti semula,positif,,,,,Wis bisa maneh seperti semula,Wis bisa lagi kaya semula,Lah pacak lagi cak semula,lah pacak lagi cak semula
Praktis dan mudah mengakses layanannya,,positif,,,,Praktis lan gampang mengakses layanannya,Praktis dan gampang mengakses layanannya,Praktis dan gampang mengakses layanannyo,Praktis dan gampang mengakses layanannyo
Aplikasi ini sangat membantu,,,,,,Aplikasi iki banget mbantu,Aplikasi ini banget membantu,Aplikasi ini nian membantu,Aplikasi ini nian membantu
Sdh bagus cpt dpt mengaksesnya,positif,,,,,Sdh apik cpt dpt mengaksesnya,Sdh apik cpt dpt mengaksesnya,Sdh bagus cpt dpt mengaksesnyo,Sdh bagus cpt dpt mengaksesnyo
Pelayanan dari aplikasi ini makin BAGUUSSS 👍🏻,,,,,,Pelayanan dari aplikasi iki makin BAGUUSSS 👍🏻,Pelayanan dari aplikasi ini makin BAGUUSSS 👍🏻,Pelayanan dari aplikasi ini makin BAGUUSSS 👍🏻,Pelayanan dari aplikasi ini makin BAGUUSSS 👍🏻
Well beberapa improvement yg keren. Bisa tracking kereta udah sampai mana meskipun belum mulai naik. Isu lemot saat akses kayaknya udah dibenahi. Keren,,,positif,,,Well beberapa improvement yg keren. Bisa tracking sepur wis sampai endi meskipun durung mulai naik. Isu lemot wektu akses kayaknya wis benerake. Keren,Well beberapa improvement yg keren. Bisa tracking kereta wis sampai mana meskipun belum mulai naik. Isu lemot saat akses kayaknya wis dibenahi. Keren,Well beberapa improvement yg keren. Pacak tracking kereta lah sampai mana meskipun belum mulai naik. Isu lemot saat akses kayaknyo lah dibenahi. Keren,Well beberapa improvement yg keren. pacak tracking kereta lah sampai mana meskipun belum mulai naik. Isu lemot saat akses kayaknyo lah dibenahi. Keren
"Dari app lama sampe sekarang tidak pernah saya mengalami kesulitan , yang sering kendala mungkin device nya kurang bagus Wkwkwk 🤣 dan jarang diperbarui perangkat lunak device nya .",,,,,,"Dari app suwe nganti saiki ora pernah aku ngalami kesulitan , sing sering kendala mungkin device nya kurang apik Wkwkwk 🤣 lan jarang diperbarui perangkat lunak device nya .","Dari app lama sampe saiki ora pernah aku mengalami kesulitan , yang sering kendala mungkin device nya kurang apik Wkwkwk 🤣 dan jarang diperbarui perangkat lunak device nya .","Dari app lama sampe sekarang dak pernah aku mengalami kesulitan , yang sering kendala mungkin device nyo kurang bagus Wkwkwk 🤣 dan jarang diperbarui perangkat lunak device nyo .","Dari app lama sampe sekarang dak pernah aku mengalami kesulitan , yang sering kendala mungkin device nyo kurang bagus Wkwkwk 🤣 dan jarang diperbarui perangkat lunak device nyo ."
"dari tim IT nya PT.KAI, mohon segera diperbaiki karena data tiketnya tiba2 gak ada. saya sudah konsul dg teman di KAI ternyata suruh logout dan login lagi, dan alhamdulillah berhasil. mungkin buat bapak/ibu temen2 yg mengalami error atau kendala yg sama atau kendala lain, bs dicoba solusi ini. TRIMS",,,netral,,,"dari tim IT nya PT.KAI, nyuwun cepet benerake karena data tiketnya tiba2 ora ana. aku wis konsul dg teman ing KAI kebeneran suruh logout lan login maneh, lan alhamdulillah berhasil. mungkin kanggo bapak/ibu temen2 yg ngalami error utawa kendala yg padha utawa kendala lain, bs dicoba solusi iki. TRIMS","dari tim IT nya PT.KAI, mohon segera diperbaiki karena data tiketnya tiba2 ora ana. aku wis konsul dg teman di KAI ternyata suruh logout dan login lagi, dan alhamdulillah berhasil. mungkin buat bapak/ibu temen2 yg mengalami rusak atau kendala yg karo atau kendala lain, bs dicoba solusi ini. TRIMS","dari tim IT nyo PT.KAI, mohon segera diperbaiki karena data tiketnyo tiba2 dak ado. aku lah konsul dg teman di KAI ternyata suruh logout dan login lagi, dan alhamdulillah berhasil. mungkin buat bapak/ibu temen2 yg mengalami error atau kendala yg samo atau kendala lain, bs dicoba solusi ini. TRIMS","dari tim IT nyo PT.KAI, mohon segera diperbaiki karena data tiketnyo tiba2 dak ado. aku lah konsul dg teman di KAI ternyata suruh logout dan login lagi, dan alhamdulillah berhasil. mungkin buat bapak/ibu temen2 yg mengalami error atau kendala yg samo atau kendala lain, bs dicoba solusi ini. TRIMS"
"Aplikasi KAI Acces sebelumnya lebih simple dan jelas, digunakan langsung lancar sesuai yg dituju. Setelah diupgrade dg yang baru, hanya untuk mengecek posisi kereta saja tidak bisa tampil tidak bisa diklik???Lebih baik kembalikan seperti aplikasi KAI yg AWAL, lancar digunakan, tampilan juga jelas. Upgrade baru malah jika diklik posisi kereta yg ""seharusnya keluar menu tampilan jadwal posisi kereta"", mengapa ini malah hasilnya loncat ke ""pesan tiket CommuterLine""👎",,,negatif,,,"Aplikasi KAI Acces sebelumnya luwih gampang lan cetha, digunakan langsung lancar cocok yg dituju. Sawise diupgrade dg sing anyar, hanya kanggo mengecek posisi sepur saja ora bisa tampil ora bisa diklik???Luwih baik kembalikan seperti aplikasi KAI yg AWAL, lancar digunakan, tampilan uga cetha. Upgrade anyar malah jika diklik posisi sepur yg ""seharusnya metu menu tampilan jadwal posisi sepur"", mengapa iki malah hasilnya loncat menyang ""pesen tiket CommuterLine""👎","Aplikasi KAI Acces sebelumnya lebih simple dan jelas, digunakan langsung lancar sesuai yg dituju. Setelah diupgrade dg yang baru, hanya untuk mengecek posisi kereta wae ora bisa tampil ora bisa diklik???Lebih apik kembalikan kaya aplikasi KAI yg AWAL, lancar digunakan, tampilan uga jelas. Upgrade baru malah jika diklik posisi kereta yg ""seharusnya keluar menu tampilan jadwal posisi kereta"", mengapa ini malah hasilnya loncat ke ""pesen tiket CommuterLine""👎","Aplikasi KAI Acces sebelumnyo lebih simple dan jelas, digunakan langsung lancar sesuai yg dituju. Setelah diupgrade dg yang baru, hanyo untuk mengecek posisi kereta bae dak pacak tampil dak pacak diklik???Lebih baek kembalikan cak aplikasi KAI yg AWAL, lancar digunakan, tampilan jugo jelas. Upgrade baru malah jika diklik posisi kereta yg ""seharusnyo keluar menu tampilan jadwal posisi kereta"", mengapa ini malah hasilnyo loncat ke ""pesan tiket CommuterLine""👎","Aplikasi KAI Acces sebelumnyo lebih simple dan jelas, digunakan langsung lancar sesuai yg dituju. Setelah diupgrade dg yang baru, hanyo untuk mengecek posisi kereta bae dak pacak tampil dak pacak diklik???Lebih baek kembalikan cak aplikasi KAI yg AWAL, lancar digunakan, tampilan jugo jelas. Upgrade baru malah jika diklik posisi kereta yg ""seharusnyo keluar menu tampilan jadwal posisi kereta"", mengapa ini malah hasilnyo loncat ke ""pesan tiket CommuterLine""👎"
"Sangat baik inisiatifnya, tapi masih banyak perbaikan fundamental. Tidak user friendly, seperti mencari menu pengembalian tiket susahnya setengah mati. Hal-hal detail lain, seperti kolom pendaftaran, mengisi tangga lahir jangan pakai date picker seperti itu, gesernya ke tahun kelahiran kebanyakan. Saran saya bagi tim dev libatkan lebih banyak testing ya. Saya tetap rekomendasikan aplikasi ini, dan saya catat bila ada kesulitan. Update: kalau tiap update harus login lagi ya mana tahan..",,negatif,,,negatif,"Banget baik inisiatifnya, nanging isih akeh perbaikan fundamental. Ora user friendly, seperti mencari menu pengembalian tiket susahnya setengah mati. Hal-hal detail lain, seperti kolom pendaftaran, mengisi tangga lahir aja nganggo date picker seperti kuwi, gesernya menyang tahun kelahiran kakehan. Saran aku bagi tim dev libatkan luwih akeh testing ya. Aku tetap rekomendasikan aplikasi iki, lan aku catat bila ana kesulitan. Nganyari: kalau saben nganyari kudu login maneh ya endi tahan..","Banget apik inisiatifnya, nanging masih banyak perbaikan fundamental. Ora user friendly, kaya mencari menu pengembalian tiket susahnya setengah mati. Hal-hal detail lain, kaya kolom pendaftaran, mengisi tangga lahir jangan pakai date picker kaya itu, gesernya ke tahun kelahiran kebanyakan. Saran aku bagi tim dev libatkan lebih banyak testing ya. Aku tetap rekomendasikan aplikasi ini, dan aku catat bila ana kesulitan. Update: yen tiap update harus login lagi ya mana tahan..","Nian baek inisiatifnyo, tapi masih banyak perbaikan fundamental. Dak user friendly, cak mencari menu pengembalian tiket susahnyo setengah mati. Hal-hal detail lain, cak kolom pendaftaran, mengisi tangga lahir jangan pakai date picker cak itu, gesernyo ke tahun kelahiran kebanyakan. Saran aku bagi tim dev libatkan lebih banyak testing ya. Aku tetap rekomendasikan aplikasi ini, dan aku catat bila ado kesulitan. Update: men tiap update harus login lagi ya mana tahan..","nian baek inisiatifnyo, tapi masih banyak perbaikan fundamental. dak user friendly, cak mencari menu pengembalian tiket susahnyo setengah mati. Hal-hal detail lain, cak kolom pendaftaran, mengisi tangga lahir jangan pakai date picker cak itu, gesernyo ke tahun kelahiran kebanyakan. Saran aku bagi tim dev libatkan lebih banyak testing ya. aku tetap rekomendasikan aplikasi ini, dan aku catat bila ado kesulitan. Update: men tiap update harus login lagi ya mana tahan.."
"Kesan pertama tampilan nya kurang banget jauh lebih suka sebelum di update dan pembayaran cuma bisa lewat link aja? Klo bisa balikin aja kayak dulu tampilan, menu semua nya deh Kesan kedua setelah 5 tahun udh jauh lbh baik minusnya cmn 1 dan selalu Down servernya klo lg war tiket mudik",,negatif,negatif,negatif,,"Kesan pertama tampilan nya kurang banget jauh luwih suka sebelum ing nganyari lan pembayaran mung bisa lewat link aja? Yen bisa balikin aja kayak dulu tampilan, menu semua nya deh Kesan kedua sawise 5 tahun wis jauh luwih baik minusnya cmn 1 lan selalu Down servernya yen lg war tiket mudik","Kesan pertama tampilan nya kurang banget jauh lebih suka sebelum di update dan pembayaran mung bisa lewat link wae? Klo bisa balikin wae kayak dulu tampilan, menu kabeh nya deh Kesan kedua setelah 5 tahun wis jauh lbh apik minusnya cmn 1 dan selalu Down servernya klo lg war tiket mudik","Kesan pertama tampilan nyo kurang nian jauh lebih suka sebelum di update dan pembayaran cuman pacak lewat link bae? Klo pacak balikin bae kayak dulu tampilan, menu galo nyo deh Kesan kedua setelah 5 tahun lah jauh lbh baek minusnyo cmn 1 dan selalu Down servernyo klo lg war tiket mudik","Kesan pertama tampilan nyo kurang nian jauh lebih suka sebelum di update dan pembayaran cuman pacak lewat link bae? Klo pacak balikin bae kayak dulu tampilan, menu semua nyo deh Kesan kedua setelah 5 tahun lah jauh lbh baek minusnyo cmn 1 dan selalu Down servernyo klo lg war tiket mudik"
"Udah donwload dari dulu dan gak pernah merasa nge hapus.. tp kok icon nya gak muncul di hp sayaa yaa... jd saya kira ke hapus... pas nyari lg di playstore ""Kai Acces"" bukan ""Instal"" tp ""Buka""... Aneh sihh...",,,,,,"Wis donwload dari dulu lan ora pernah merasa nge hapus.. tp kok icon nya ora muncul ing hp sayaa yaa... jd aku kira menyang hapus... pas nyari lg ing playstore ""Kai Acces"" bukan ""Instal"" tp ""Buka""... Aneh sihh...","Wis donwload dari dulu dan ora pernah merasa nge hapus.. tp kok icon nya ora muncul di hp sayaa yaa... jd aku kira ke hapus... pas nyari lg di playstore ""Kai Acces"" dudu ""Instal"" tp ""Buka""... Aneh sihh...","Lah donwload dari dulu dan dak pernah merasa nge hapus.. tp kok icon nyo dak muncul di hp sayaa yaa... jd aku kira ke hapus... pas nyari lg di playstore ""Kai Acces"" bukan ""Instal"" tp ""Buka""... Aneh sihh...","lah donwload dari dulu dan dak pernah merasa nge hapus.. tp kok icon nyo dak muncul di hp sayaa yaa... jd aku kira ke hapus... pas nyari lg di playstore ""Kai Acces"" bukan ""Instal"" tp ""Buka""... Aneh sihh..."
Halo kepada direksi PT kai tololl gimana updatenya yang sekarang ini udah gambar nya jelek 👹👺👹👺 sekarang kok pesan tiket malah jadi sedikit waktunya cuma 25 detik harus nya minimal 1 menit guoblok kok pas sudah update malah jadi guoblok aplikasinya balikan lagi ke versi yang kemarin lebih simpel dan mudah,,negatif,negatif,,,Halo kepada direksi PT kai tololl gimana updatenya sing saiki iki wis gambar nya jelek 👹👺👹👺 saiki kok pesen tiket malah dadi sedikit wektune mung 25 detik kudu nya minimal 1 menit guoblok kok pas wis nganyari malah dadi guoblok aplikasinya balikan maneh menyang versi sing kemarin luwih simpel lan gampang,Halo kepada direksi PT kai tololl kepriye updatenya yang saiki ini wis gambar nya jelek 👹👺👹👺 saiki kok pesen tiket malah jadi sedikit waktunya mung 25 detik harus nya minimal 1 menit guoblok kok pas wis update malah jadi guoblok aplikasinya balikan lagi ke versi yang kemarin lebih simpel dan gampang,Halo kepada direksi PT kai tololl cakmno updatenyo yang sekarang ini lah gambar nyo jelek 👹👺👹👺 sekarang kok pesan tiket malah jadi sedikit waktunyo cuman 25 detik harus nyo minimal 1 menit guoblok kok pas lah update malah jadi guoblok aplikasinyo balikan lagi ke versi yang kemarin lebih simpel dan gampang,Halo kepada direksi PT kai tololl cakmno updatenyo yang sekarang ini lah gambar nyo jelek 👹👺👹👺 sekarang kok pesan tiket malah jadi sedikit waktunyo cuman 25 detik harus nyo minimal 1 menit guoblok kok pas lah update malah jadi guoblok aplikasinyo balikan lagi ke versi yang kemarin lebih simpel dan gampang
"Aplikasi sering update hanya untuk ganti UI saja tanpa update bug lainnya, itu sangat parah.",negatif,positif,,,,"Aplikasi sering nganyari hanya kanggo ganti UI saja tanpa nganyari bug lainnya, kuwi banget parah.","Aplikasi sering update hanya untuk ganti UI wae tanpa update bug lainnya, itu banget parah.","Aplikasi sering update hanyo untuk ganti UI bae tanpa update bug lainnyo, itu nian parah.","Aplikasi sering update hanyo untuk ganti UI bae tanpa update bug lainnyo, itu nian parah."
"Cukup terbantu dengan aplikasi kai, tapi kadang suka kesel kalau tiket tinggal satu coba di booking tapi ngga bisa, pas dicoba terus eh keburu di booking orng lain, ditambah user interface front end nya kadang kaga jalan, mau cancel ga bisa, mau booking tiket ada tapi gabisa di booking. Mohon di bikin perbaikan yang proper dulu baru di update, jangan tiap 2 bulan perbaikan",negatif,negatif,negatif,,,"Cukup terbantu karo aplikasi kai, nanging kadhang suka kesel kalau tiket tinggal satu coba ing pesen nanging ora bisa, pas dicoba terus eh keburu ing pesen orng lain, ditambah user interface front end nya kadhang kaga jalan, arep cancel ora bisa, arep pesen tiket ana nanging gabisa ing pesen. Nyuwun ing bikin perbaikan sing proper dulu anyar ing nganyari, aja saben 2 bulan perbaikan","Cukup terbantu karo aplikasi kai, nanging kadang suka kesel yen tiket tinggal satu coba di booking nanging ora bisa, pas dicoba terus eh keburu di booking orng lain, ditambah user interface front end nya kadang kaga jalan, arep cancel ora bisa, arep booking tiket ana nanging gabisa di booking. Mohon di bikin perbaikan yang proper dulu baru di update, jangan tiap 2 bulan perbaikan","Cukup terbantu pake aplikasi kai, tapi kadang suka kesel men tiket tinggal satu coba di booking tapi dak pacak, pas dicoba terus eh keburu di booking orng lain, ditambah user interface front end nyo kadang kaga jalan, nak cancel dak pacak, nak booking tiket ado tapi gabisa di booking. Mohon di bikin perbaikan yang proper dulu baru di update, jangan tiap 2 bulan perbaikan","Cukup terbantu dengan aplikasi kai, tapi kadang suka kesel men tiket tinggal satu coba di booking tapi dak pacak, pas dicoba terus eh keburu di booking orng lain, ditambah user interface front end nyo kadang kaga jalan, nak cancel ga pacak, nak booking tiket ado tapi gabisa di booking. Mohon di bikin perbaikan yang proper dulu baru di update, jangan tiap 2 bulan perbaikan"
"Please jangan pake SMS verifikasinya! Menyulitkan aja hobby BUMN ini. Kan udah ada WhatsApp, kenapa gak pake itu? Nungguin SMS ini lama banget padahal kalo lancar KAI bisa lebih unggul dari Trav*l*ka,. Ini susaaaaah banget dan kita udah mendidih emosinya. Please suruh karyawan IT nya benerin user interface nya",,negatif,,,negatif,"Please aja nganggo SMS verifikasinya! Menyulitkan aja hobby BUMN iki. Kan wis ana WhatsApp, kena apa ora nganggo kuwi? Nungguin SMS iki suwe banget padahal yen lancar KAI bisa luwih unggul dari Trav*l*ka,. Iki susaaaaah banget lan kowe wis mendidih emosinya. Please suruh karyawan IT nya benerin user interface nya","Please jangan pake SMS verifikasinya! Menyulitkan wae hobby BUMN ini. Kan wis ana WhatsApp, kena apa ora pake itu? Nungguin SMS ini lama banget padahal yen lancar KAI bisa lebih unggul dari Trav*l*ka,. Ini susaaaaah banget dan kabeh wis mendidih emosinya. Please suruh karyawan IT nya benerin user interface nya","Please jangan pake SMS verifikasinyo! Menyulitkan bae hobby BUMN ini. Kan lah ado WhatsApp, ngapo dak pake itu? Nungguin SMS ini lama nian padahal men lancar KAI pacak lebih unggul dari Trav*l*ka,. Ini susaaaaah nian dan kito lah mendidih emosinyo. Please suruh karyawan IT nyo benerin user interface nyo","Please jangan pake SMS verifikasinyo! Menyulitkan bae hobby BUMN ini. Kan lah ado WhatsApp, ngapo dak pake itu? Nungguin SMS ini lama nian padahal men lancar KAI pacak lebih unggul dari Trav*l*ka,. Ini susaaaaah nian dan kito lah mendidih emosinyo. Please suruh karyawan IT nyo benerin user interface nyo"
"Aplikasi ini bagus, tapi dari UI/UX saja, tidak user firendly dari informasi yang ditampilkan pada aplikasi yaitu tidak adanya detail terkait lokasi pas stasiun pemberhentian berada di stasiun dengan nama apa, berada di kab/kota mana, kecamatan mana, intinya alamat lengkap stasiun pemberhentian. Ini sama saja tidak ada gunanya membuat aplikasi karena user harus repot"" untuk tanya"" ke loket pemberhentiannya di daerah mana dan lain lain.",,konflik,,,,"Aplikasi iki apik, nanging dari UI/UX saja, ora user firendly dari informasi sing ditampilkan pada aplikasi yaitu ora adanya detail terkait lokasi pas stasiun pemberhentian ana ing stasiun karo nama apa, ana ing kab/kota endi, kecamatan endi, intinya alamat lengkap stasiun pemberhentian. Iki padha saja ora ana gunanya membuat aplikasi karena user kudu repot"" kanggo tanya"" menyang loket pemberhentiannya ing daerah endi lan lain lain.","Aplikasi ini apik, nanging dari UI/UX wae, ora user firendly dari informasi yang ditampilkan pada aplikasi yaitu ora adanya detail terkait lokasi pas stasiun pemberhentian berada di stasiun karo nama apa, berada di kab/kota mana, kecamatan mana, intinya alamat lengkap stasiun pemberhentian. Ini karo wae ora ana gunanya membuat aplikasi karena user harus repot"" untuk tanya"" ke loket pemberhentiannya di daerah mana dan lain lain.","Aplikasi ini bagus, tapi dari UI/UX bae, dak user firendly dari informasi yang ditampilkan pada aplikasi yaitu dak adanyo detail terkait lokasi pas stasiun pemberhentian berada di stasiun pake nama apo, berada di kab/kota mana, kecamatan mana, intinyo alamat lengkap stasiun pemberhentian. Ini samo bae dak ado gunanyo membuat aplikasi karena user harus repot"" untuk tanyo"" ke loket pemberhentiannyo di daerah mana dan lain lain.","Aplikasi ini bagus, tapi dari UI/UX bae, dak user firendly dari informasi yang ditampilkan pada aplikasi yaitu dak adanyo detail terkait lokasi pas stasiun pemberhentian berada di stasiun dengan nama apo, berada di kab/kota mana, kecamatan mana, intinyo alamat lengkap stasiun pemberhentian. Ini samo bae dak ado gunanyo membuat aplikasi karena user harus repot"" untuk tanyo"" ke loket pemberhentiannyo di daerah mana dan lain lain."
"Tolong kembalikan versi lama, karena tampilan nya bagus daripada yg sekarang ribet",,negatif,,,,"Tulung kembalikan versi suwe, karena tampilan nya apik daripada yg saiki ribet","Tolong kembalikan versi lama, karena tampilan nya apik daripada yg saiki ribet","Tolong kembalikan versi lama, karena tampilan nyo bagus daripada yg sekarang ribet","Tolong kembalikan versi lama, karena tampilan nyo bagus daripada yg sekarang ribet"
"Posisi kursi menghadap kemana tolong lebih diperjelas gambarnya agar sekeluarga bisa berkumpul berhadapan, terimakasih perbaikannya.",,,negatif,,,"Posisi kursi menghadap kemana tulung luwih diperjelas gambarnya agar sekeluarga bisa berkumpul berhadapan, terimakasih perbaikannya.","Posisi kursi menghadap kemana tolong lebih diperjelas gambarnya agar sekeluarga bisa berkumpul berhadapan, terimakasih perbaikannya.","Posisi kursi menghadap kemana tolong lebih diperjelas gambarnyo agar sekeluarga pacak berkumpul berhadapan, terimakasih perbaikannyo.","Posisi kursi menghadap kemana tolong lebih diperjelas gambarnyo agar sekeluarga pacak berkumpul berhadapan, terimakasih perbaikannyo."
"KAI Access sekarang jelek bgt aplikasi nya ga kaya Kai access yang dulu yang sebelum di perbarui baguss, Tapi Sekarang pas udah di perbarui malah jelek sangat!!!!! 👎🏻👎🏻👎🏻 Bikin jengkel",negatif,,,,,"KAI Access saiki jelek bgt aplikasi nya ora kaya Kai access sing dulu sing sebelum ing perbarui baguss, Nanging Saiki pas wis ing perbarui malah jelek banget!!!!! 👎🏻👎🏻👎🏻 Bikin jengkel","KAI Access saiki jelek banget aplikasi nya ora kaya Kai access yang dulu yang sebelum di perbarui baguss, Nanging Saiki pas wis di perbarui malah jelek banget!!!!! 👎🏻👎🏻👎🏻 Bikin jengkel","KAI Access sekarang jelek nian aplikasi nyo dak kaya Kai access yang dulu yang sebelum di perbarui baguss, Tapi Sekarang pas lah di perbarui malah jelek nian!!!!! 👎🏻👎🏻👎🏻 Bikin jengkel","KAI Access sekarang jelek bgt aplikasi nyo ga kaya Kai access yang dulu yang sebelum di perbarui baguss, Tapi Sekarang pas lah di perbarui malah jelek nian!!!!! 👎🏻👎🏻👎🏻 Bikin jengkel"
"Wah sepertinya setelah update UI baru, malah ribet. Kenapa harus keluar akunnya. Yang terjadi saat akun keluar mau masuk lagi terjadi eror, otp pun sepertinya bug. Sepertinya perlu ada perbaikan lebih lanjut kak dan mitigasi sebelum perpindahan new ui. Terima kasih",,negatif,,,,"Wah sepertinya sawise nganyari UI anyar, malah ribet. Kena apa kudu metu akunnya. Sing terjadi wektu akun metu arep mlebu maneh terjadi rusak, otp pun sepertinya bug. Sepertinya perlu ana perbaikan luwih lanjut kak lan mitigasi sebelum perpindahan new ui. Matur nuwun","Wah sepertinya setelah update UI baru, malah ribet. Kena apa harus keluar akunnya. Yang terjadi saat akun keluar arep masuk lagi terjadi eror, otp pun sepertinya bug. Sepertinya perlu ana perbaikan lebih lanjut kak dan mitigasi sebelum perpindahan new ui. Terima kasih","Wah sepertinyo setelah update UI baru, malah ribet. Ngapo harus keluar akunnyo. Yang terjadi saat akun keluar nak masuk lagi terjadi eror, otp pun sepertinyo bug. Sepertinyo perlu ado perbaikan lebih lanjut kak dan mitigasi sebelum perpindahan new ui. Terima kasih","Wah sepertinyo setelah update UI baru, malah ribet. ngapo harus keluar akunnyo. Yang terjadi saat akun keluar nak masuk lagi terjadi eror, otp pun sepertinyo bug. Sepertinyo perlu ado perbaikan lebih lanjut kak dan mitigasi sebelum perpindahan new ui. Terima kasih"
"interface yang sekarang malah mempersulit untuk war tiket. Siapa sih yang ngide? kalau mau pesen harus buka dulu perkereta. Lebih baik seperti sebelumnya, yang menampilkan semua jenis kereta. Tidak semua inovasi harus melakukan perubahan yang ga perlu mungkin bisa diberi pilihan tampilan menu bagi pengguna ingin interface yang lama atau baru.",,negatif,,,,"interface sing saiki malah mempersulit kanggo war tiket. Siapa sih sing ngide? kalau arep pesen kudu buka dulu perkereta. Luwih baik seperti sebelumnya, sing menampilkan semua jenis sepur. Ora semua inovasi kudu melakukan owahan sing ora perlu mungkin bisa diberi pilihan tampilan menu bagi pengguna ingin interface sing suwe utawa anyar.","interface yang saiki malah mempersulit untuk war tiket. Siapa sih yang ngide? yen arep pesen harus buka dulu perkereta. Lebih apik kaya sebelumnya, yang menampilkan kabeh jenis kereta. Ora kabeh inovasi harus melakukan perubahan yang ora perlu mungkin bisa diberi pilihan tampilan menu bagi pengguna ingin interface yang lama atau baru.","interface yang sekarang malah mempersulit untuk war tiket. Siapa sih yang ngide? men nak pesen harus buka dulu perkereta. Lebih baek cak sebelumnyo, yang menampilkan galo jenis kereta. Dak galo inovasi harus melakukan perubahan yang dak perlu mungkin pacak diberi pilihan tampilan menu bagi pengguna ingin interface yang lama atau baru.","interface yang sekarang malah mempersulit untuk war tiket. Siapa sih yang ngide? men nak pesen harus buka dulu perkereta. Lebih baek cak sebelumnyo, yang menampilkan semua jenis kereta. dak semua inovasi harus melakukan perubahan yang ga perlu mungkin pacak diberi pilihan tampilan menu bagi pengguna ingin interface yang lama atau baru."
"Aplikasi tolol, lemot bget, UI UX juga susah, harusnya pilihan nik jadi default (kan ga banyak turis tod), dan milih NIK-nya itu harus dipencet titiknya bukan luas di teks... Bego bener dah, pesanan dibatalkan setah 4 menit pilih bangku, tapi ga ada riwayat pesanan jadi susah harus input satu2 lagi nama penumpang",negatif,negatif,negatif,,,"Aplikasi tolol, lemot bget, UI UX uga susah, harusnya pilihan nik dadi default (kan ora akeh turis tod), lan milih NIK-nya kuwi kudu dipencet titiknya bukan luas ing teks... Bego bener dah, pesanan dibatalkan setah 4 menit pilih bangku, nanging ora ana riwayat pesanan dadi susah kudu input satu2 maneh nama penumpang","Aplikasi tolol, lemot bget, UI UX uga susah, harusnya pilihan nik jadi default (kan ora banyak turis tod), dan milih NIK-nya itu harus dipencet titiknya dudu luas di teks... Bego bener dah, pesanan dibatalkan setah 4 menit pilih bangku, nanging ora ana riwayat pesanan jadi susah harus input satu2 lagi nama penumpang","Aplikasi tolol, lemot bget, UI UX jugo susah, harusnyo pilihan nik jadi default (kan dak banyak turis tod), dan milih NIK-nyo itu harus dipencet titiknyo bukan luas di teks... Bego bener dah, pesanan dibatalkan setah 4 menit pilih bangku, tapi dak ado riwayat pesanan jadi susah harus input satu2 lagi nama penumpang","Aplikasi tolol, lemot bget, UI UX jugo susah, harusnyo pilihan nik jadi default (kan ga banyak turis tod), dan milih NIK-nyo itu harus dipencet titiknyo bukan luas di teks... Bego bener dah, pesanan dibatalkan setah 4 menit pilih bangku, tapi ga ado riwayat pesanan jadi susah harus input satu2 lagi nama penumpang"
"Gak jelas banget aplikasinya setelah update, Tiap pilih kursi pilih nya nomer brp, eh pas checkout masa tiba2 ganti nomer.. Pas bayar di mbanking udh berhasil, tapi di aplikasi blm terbayar.. Sumpah eneg banget sama apl yg baru mana tampilan nya ngebingungin banget, enak yg versi lama gak ribet",,negatif,negatif,negatif,,"Ora cetha banget aplikasinya sawise nganyari, Saben pilih kursi pilih nya nomer brp, eh pas checkout mangsa tiba2 ganti nomer.. Pas bayar ing mbanking wis berhasil, nanging ing aplikasi durung terbayar.. Sumpah eneg banget padha apl yg anyar endi tampilan nya ngebingungin banget, enak yg versi suwe ora ribet","Ora jelas banget aplikasinya setelah update, Tiap pilih kursi pilih nya nomer brp, eh pas checkout masa tiba2 ganti nomer.. Pas bayar di mbanking wis berhasil, nanging di aplikasi blm terbayar.. Sumpah eneg banget karo apl yg baru mana tampilan nya ngebingungin banget, enak yg versi lama ora ribet","Dak jelas nian aplikasinyo setelah update, Tiap pilih kursi pilih nyo nomer brp, eh pas checkout masa tiba2 ganti nomer.. Pas bayar di mbanking lah berhasil, tapi di aplikasi blm terbayar.. Sumpah eneg nian samo apl yg baru mana tampilan nyo ngebingungin nian, enak yg versi lama dak ribet","dak jelas nian aplikasinyo setelah update, Tiap pilih kursi pilih nyo nomer brp, eh pas checkout masa tiba2 ganti nomer.. Pas bayar di mbanking lah berhasil, tapi di aplikasi blm terbayar.. Sumpah eneg nian samo apl yg baru mana tampilan nyo ngebingungin nian, enak yg versi lama dak ribet"
"Aplikasi yg baru ribet, kebanyakan fitur tp malah bikin ribet, gampang eror. Enak yg lama tampilan simpel tapi, mudah digunakan, pesan & cek tiket gampang, gak mudah eror",negatif,negatif,,,,"Aplikasi yg anyar ribet, kakehan fitur tp malah bikin ribet, gampang rusak. Enak yg suwe tampilan simpel nanging, gampang digunakan, pesen & cek tiket gampang, ora gampang rusak","Aplikasi yg baru ribet, kebanyakan fitur tp malah bikin ribet, gampang eror. Enak yg lama tampilan simpel nanging, gampang digunakan, pesen & cek tiket gampang, ora gampang eror","Aplikasi yg baru ribet, kebanyakan fitur tp malah bikin ribet, gampang eror. Enak yg lama tampilan simpel tapi, gampang digunakan, pesan & cek tiket gampang, dak gampang eror","Aplikasi yg baru ribet, kebanyakan fitur tp malah bikin ribet, gampang eror. Enak yg lama tampilan simpel tapi, gampang digunakan, pesan & cek tiket gampang, dak gampang eror"
"Aplikasinya yg sekarang jadi aneh, kalo udah keluar aplikasi mau lihat kode qr buat pembayaran gabisa bagusan versi yang dulu. Saran saya kembali ke versi dulu yang lebih simple tampilan tpi jelas. Tolong diperjelas lagi sistem aplikasinya",,negatif,,,,"Aplikasinya yg saiki dadi aneh, yen wis metu aplikasi arep deleng kode qr kanggo pembayaran gabisa bagusan versi sing dulu. Saran aku bali menyang versi dulu sing luwih gampang tampilan tpi cetha. Tulung diperjelas maneh sistem aplikasinya","Aplikasinya yg saiki jadi aneh, yen wis keluar aplikasi arep deleng kode qr buat pembayaran gabisa bagusan versi yang dulu. Saran aku kembali ke versi dulu yang lebih simple tampilan tpi jelas. Tolong diperjelas lagi sistem aplikasinya","Aplikasinyo yg sekarang jadi aneh, men lah keluar aplikasi nak tengok kode qr buat pembayaran gabisa bagusan versi yang dulu. Saran aku kembali ke versi dulu yang lebih simple tampilan tpi jelas. Tolong diperjelas lagi sistem aplikasinyo","Aplikasinyo yg sekarang jadi aneh, men lah keluar aplikasi nak lihat kode qr buat pembayaran gabisa bagusan versi yang dulu. Saran aku kembali ke versi dulu yang lebih simple tampilan tpi jelas. Tolong diperjelas lagi sistem aplikasinyo"
"sampah sekali aplikasi ini.. pasti anggaran nya habis di korupsi.. udh ui lemot, ux nol besar, sekali mau coba top up error uang hangus...di hubungi cs tambah no respon... gini amat.. rugi di waktu tenaga dan pikiran... update, setelah update apatu..apatu.. apatu.. mau reservasi tiket malah connecting train mulu..hadeuh .",,negatif,negatif,negatif,,"sampah sekali aplikasi iki.. pasti anggaran nya habis ing korupsi.. wis ui lemot, ux nol besar, sekali arep coba top up error uang hangus...ing hubungi cs tambah no respon... gini amat.. rugi ing wektu tenaga lan pikiran... nganyari, sawise nganyari apatu..apatu.. apatu.. arep reservasi tiket malah connecting train terus..hadeuh .","sampah pisan aplikasi ini.. pasti anggaran nya habis di korupsi.. wis ui lemot, ux nol besar, pisan arep coba top up rusak dhuwit hangus...di hubungi cs tambah no respon... gini amat.. rugi di waktu tenaga dan pikiran... update, setelah update apatu..apatu.. apatu.. arep reservasi tiket malah connecting train mulu..hadeuh .","sampah nian aplikasi ini.. pasti anggaran nyo habis di korupsi.. lah ui lemot, ux nol besar, nian nak coba top up error duet hangus...di hubungi cs tambah no respon... gini amat.. rugi di waktu tenaga dan pikiran... update, setelah update apatu..apatu.. apatu.. nak reservasi tiket malah connecting train mulu..hadeuh .","sampah nian aplikasi ini.. pasti anggaran nyo habis di korupsi.. lah ui lemot, ux nol besar, nian nak coba top up error duet hangus...di hubungi cs tambah no respon... gini amat.. rugi di waktu tenaga dan pikiran... update, setelah update apatu..apatu.. apatu.. nak reservasi tiket malah connecting train mulu..hadeuh ."
"Aplikasi bosok, dlu kai access enak tampilan lama, skrang tampilan baru busukk...time out² sndri anjjng buang waktu, tenaga, kl.mmng blm siap dgn tampilan aplikasi baru gak usah sok²an ganti aplikasi tampilan. Tdk memudahkan tapi mempersulit bli tiket.",,negatif,,,,"Aplikasi bosok, dlu kai access enak tampilan suwe, skrang tampilan anyar busukk...time out² sndri anjjng buang wektu, tenaga, kl.mmng durung siap dgn tampilan aplikasi anyar ora perlu sok²an ganti aplikasi tampilan. Tdk nggampangake nanging mempersulit bli tiket.","Aplikasi bosok, dlu kai access enak tampilan lama, skrang tampilan baru busukk...time out² sndri anjjng buang waktu, tenaga, kl.mmng blm siap dgn tampilan aplikasi baru ora usah sok²an ganti aplikasi tampilan. Tdk memudahkan nanging mempersulit bli tiket.","Aplikasi bosok, dlu kai access enak tampilan lama, skrang tampilan baru busukk...time out² sndri anjjng buang waktu, tenaga, kl.mmng blm siap dgn tampilan aplikasi baru dak usah sok²an ganti aplikasi tampilan. Dak memudahkan tapi mempersulit bli tiket.","Aplikasi bosok, dlu kai access enak tampilan lama, skrang tampilan baru busukk...time out² sndri anjjng buang waktu, tenaga, kl.mmng blm siap dgn tampilan aplikasi baru dak usah sok²an ganti aplikasi tampilan. Tdk memudahkan tapi mempersulit bli tiket."
"tampilan semakin aneh, bikin bingung, dan lemot sejak major update menjadi Access by KAI. seharusnya yang namanya inovasi itu inovasi yang harus bisa diterima dan di gunakan oleh semua kalangan, serta mengutamakan user friendly dan kemudahan penggunaan. Ini kok justru sebaliknya. Aplikasi yang dahulu masih lebih baik performanya dibanding yang sekarang. Sangat berat dan kasihan yg punya handphone kentang pasti lemot banget. Tolong lah diperhatikan.",negatif,negatif,,,,"tampilan sansaya aneh, bikin bingung, lan lemot sejak major nganyari dadi Access by KAI. seharusnya sing namanya inovasi kuwi inovasi sing kudu bisa diterima lan ing enggo oleh semua kalangan, serta mengutamakan user friendly lan kemudahan penggunaan. Iki kok justru sebaliknya. Aplikasi sing dahulu isih luwih baik performanya dibanding sing saiki. Banget berat lan kasihan yg punya handphone kentang pasti lemot banget. Tulung yo diperhatikan.","tampilan semakin aneh, bikin bingung, dan lemot sejak major update menjadi Access by KAI. seharusnya yang namanya inovasi itu inovasi yang harus bisa diterima dan di gunakan oleh kabeh kalangan, serta mengutamakan user friendly dan kemudahan penggunaan. Ini kok justru sebaliknya. Aplikasi yang dahulu masih lebih apik performanya dibanding yang saiki. Banget berat dan kasihan yg punya handphone kentang pasti lemot banget. Tolong lah diperhatikan.","tampilan semakin aneh, bikin bingung, dan lemot sejak major update menjadi Access by KAI. seharusnyo yang namanyo inovasi itu inovasi yang harus pacak diterima dan di gunakan oleh galo kalangan, serta mengutamakan user friendly dan kemudahan penggunaan. Ini kok justru sebaliknyo. Aplikasi yang dahulu masih lebih baek performanyo dibanding yang sekarang. Nian berat dan kasihan yg punyo handphone kentang pasti lemot nian. Tolong lah diperhatikan.","tampilan semakin aneh, bikin bingung, dan lemot sejak major update menjadi Access by KAI. seharusnyo yang namanyo inovasi itu inovasi yang harus pacak diterima dan di gunakan oleh semua kalangan, serta mengutamakan user friendly dan kemudahan penggunaan. Ini kok justru sebaliknyo. Aplikasi yang dahulu masih lebih baek performanyo dibanding yang sekarang. nian berat dan kasihan yg punyo handphone kentang pasti lemot nian. Tolong lah diperhatikan."
Aplikasi membingungkan pengguna kereta api .. Pembuatnya ga bermutu,,negatif,,,,Aplikasi membingungkan pengguna sepur api .. Pembuatnya ora bermutu,Aplikasi membingungkan pengguna kereta api .. Pembuatnya ora bermutu,Aplikasi membingungkan pengguna kereta api .. Pembuatnyo dak bermutu,Aplikasi membingungkan pengguna kereta api .. Pembuatnyo ga bermutu
"Baru update beberapa minggu lalu masa update lg,, apasih yg di update? Wong tampilan dan menu jg masih itu2 aja",negatif,,,,,"Anyar nganyari beberapa minggu lalu mangsa nganyari lg,, apasih yg ing nganyari? Wong tampilan lan menu jg isih itu2 aja","Baru update beberapa minggu lalu masa update lg,, apasih yg di update? Wong tampilan dan menu jg masih itu2 wae","Baru update beberapa minggu lalu masa update lg,, apasih yg di update? Wong tampilan dan menu jg masih itu2 bae","Baru update beberapa minggu lalu masa update lg,, apasih yg di update? Wong tampilan dan menu jg masih itu2 bae"
"Tema aplikasinya kurang simple, dan sistem kerjanya agak ribet. Itu aja sih",,negatif,,,,"Tema aplikasinya kurang gampang, lan sistem kerjanya agak ribet. Kuwi aja sih","Tema aplikasinya kurang simple, dan sistem kerjanya agak ribet. Itu wae sih","Tema aplikasinyo kurang simple, dan sistem kerjanyo agak ribet. Itu bae sih","Tema aplikasinyo kurang simple, dan sistem kerjanyo agak ribet. Itu bae sih"
"User interfacenya gonta-ganti, bikin bingung !",,negatif,,,,"User interfacenya gonta-ganti, bikin bingung !","User interfacenya gonta-ganti, bikin bingung !","User interfacenyo gonta-ganti, bikin bingung !","User interfacenyo gonta-ganti, bikin bingung !"
Payah 👎 Aplikasi nya jelek. Websitenya juga jelek. Payah payah. 👎,negatif,,,,,Payah 👎 Aplikasi nya jelek. Websitenya uga jelek. Payah payah. 👎,Payah 👎 Aplikasi nya jelek. Websitenya uga jelek. Payah payah. 👎,Payah 👎 Aplikasi nyo jelek. Websitenyo jugo jelek. Payah payah. 👎,Payah 👎 Aplikasi nyo jelek. Websitenyo jugo jelek. Payah payah. 👎
logonya kai masih belum berubah,,,,,,logonya kai isih durung berubah,logonya kai masih belum berubah,logonyo kai masih belum berubah,logonyo kai masih belum berubah
"aplikasi indo sampah, gausah launching di playstore aja kalo kek gini, ga siap buat ngasih layanan ke masyarakat luas, sok² an bikin ui bagus tapi sistem kek sampah ga guna",negatif,positif,,,,"aplikasi indo sampah, gausah launching ing playstore aja yen kek gini, ora siap kanggo ngasih layanan menyang masyarakat luas, sok² an bikin ui apik nanging sistem kek sampah ora guna","aplikasi indo sampah, gausah launching di playstore wae yen kek gini, ora siap buat ngasih layanan ke masyarakat luas, sok² an bikin ui apik nanging sistem kek sampah ora guna","aplikasi indo sampah, gausah launching di playstore bae men kek gini, dak siap buat ngasih layanan ke masyarakat luas, sok² an bikin ui bagus tapi sistem kek sampah dak guna","aplikasi indo sampah, gausah launching di playstore bae men kek gini, ga siap buat ngasih layanan ke masyarakat luas, sok² an bikin ui bagus tapi sistem kek sampah ga guna"
"Sejujurnya saya lebih suka aplikasi KRL dan KAI yang dulu, terutama KRL sangat mudah untuk mengecek dan membaca jadwal pemberangkatannya dibanding yg sudah terupdate ini, yg ini sejujurnya saya bingung sekali",,negatif,,,,"Sejujurnya aku luwih suka aplikasi KRL lan KAI sing dulu, terutama KRL banget gampang kanggo mengecek lan membaca jadwal pemberangkatannya dibanding yg wis terupdate iki, yg iki sejujurnya aku bingung sekali","Sejujurnya aku lebih suka aplikasi KRL dan KAI yang dulu, terutama KRL banget gampang untuk mengecek dan membaca jadwal pemberangkatannya dibanding yg wis terupdate ini, yg ini sejujurnya aku bingung pisan","Sejujurnyo aku lebih suka aplikasi KRL dan KAI yang dulu, terutama KRL nian gampang untuk mengecek dan membaca jadwal pemberangkatannyo dibanding yg lah terupdate ini, yg ini sejujurnyo aku bingung nian","Sejujurnyo aku lebih suka aplikasi KRL dan KAI yang dulu, terutama KRL nian gampang untuk mengecek dan membaca jadwal pemberangkatannyo dibanding yg lah terupdate ini, yg ini sejujurnyo aku bingung nian"
"aplikasi ribet, UI tidak freandly, sulit buat lihat jadwal kereta lebih baik access yg sebelumnya, QA terlebi dahulu sebelum diluncurkan, banyak sekali minus yg menyulitkan pengguna",,negatif,,,,"aplikasi ribet, UI ora freandly, sulit kanggo deleng jadwal sepur luwih baik access yg sebelumnya, QA terlebi dahulu sebelum diluncurkan, akeh sekali minus yg menyulitkan pengguna","aplikasi ribet, UI ora freandly, sulit buat deleng jadwal kereta lebih apik access yg sebelumnya, QA terlebi dahulu sebelum diluncurkan, banyak pisan minus yg menyulitkan pengguna","aplikasi ribet, UI dak freandly, sulit buat tengok jadwal kereta lebih baek access yg sebelumnyo, QA terlebi dahulu sebelum diluncurkan, banyak nian minus yg menyulitkan pengguna","aplikasi ribet, UI dak freandly, sulit buat lihat jadwal kereta lebih baek access yg sebelumnyo, QA terlebi dahulu sebelum diluncurkan, banyak nian minus yg menyulitkan pengguna"
Katanya ada sistem antrian kalo lagi high demand. Tapi kok aplikasiku tampilan waitingnya ga sama kaya yg diupload di IG KAI ya. Cuma tulisan anda sedang berada dlm antrian sedetik abis itu tulisan dah ilang. Padahal dah versi terbaru. Giman ini KAI alhasil ga pernah berhasil dapat tiket kecewa bgtt,,negatif,negatif,,,Jarene ana sistem antrean yen maneh high demand. Nanging kok aplikasiku tampilan waitingnya ora padha kaya yg diupload ing IG KAI ya. Mung tulisan anda sedang ana ing antrean sedetik entek kuwi tulisan dah ilang. Padahal dah versi terbaru. Giman iki KAI alhasil ora pernah berhasil dapat tiket kecewa bgtt,Katanya ana sistem antrian yen lagi high demand. Nanging kok aplikasiku tampilan waitingnya ora karo kaya yg diupload di IG KAI ya. Mung tulisan anda sedang berada dlm antrian sedetik abis itu tulisan dah ilang. Padahal dah versi terbaru. Giman ini KAI alhasil ora pernah berhasil dapat tiket kecewa bgtt,Katanyo ado sistem antrian men lagi high demand. Tapi kok aplikasiku tampilan waitingnyo dak samo kaya yg diupload di IG KAI ya. Cuman tulisan anda sedang berada dlm antrian sedetik abis itu tulisan dah ilang. Padahal dah versi terbaru. Giman ini KAI alhasil dak pernah berhasil dapat tiket kecewa bgtt,Katanyo ado sistem antrian men lagi high demand. Tapi kok aplikasiku tampilan waitingnyo ga samo kaya yg diupload di IG KAI ya. cuman tulisan anda sedang berada dlm antrian sedetik abis itu tulisan dah ilang. Padahal dah versi terbaru. Giman ini KAI alhasil ga pernah berhasil dapat tiket kecewa bgtt
"Tolong perbaikan UX nya di halaman pembelian tiket, terutama pada saat pilih kursi, icon edit nya gk membuat user aware kalau disitu ada fitur untuk pilih/ubah kursi, sebaiknya diganti TextView saja menjadi ""Ubah""/""Pilih kursi"" instead of icon pencil",,negatif,,,,"Tulung perbaikan UX nya ing halaman tumbas tiket, terutama pada wektu pilih kursi, icon edit nya ora membuat user aware kalau disitu ana fitur kanggo pilih/ubah kursi, sebaiknya diganti TextView saja dadi ""Ubah""/""Pilih kursi"" instead of icon pencil","Tolong perbaikan UX nya di halaman pembelian tiket, terutama pada saat pilih kursi, icon edit nya gk membuat user aware yen disitu ana fitur untuk pilih/ubah kursi, sebaiknya diganti TextView wae menjadi ""Ubah""/""Pilih kursi"" instead of icon pencil","Tolong perbaikan UX nyo di halaman pembelian tiket, terutama pada saat pilih kursi, icon edit nyo gk membuat user aware men disitu ado fitur untuk pilih/ubah kursi, sebaiknyo diganti TextView bae menjadi ""Ubah""/""Pilih kursi"" instead of icon pencil","Tolong perbaikan UX nyo di halaman pembelian tiket, terutama pada saat pilih kursi, icon edit nyo gk membuat user aware men disitu ado fitur untuk pilih/ubah kursi, sebaiknyo diganti TextView bae menjadi ""Ubah""/""Pilih kursi"" instead of icon pencil"
saya sangat puas dgn aplikasi KAI online yang sebelumnya karna saya pengguna aktif kereta lokal untuk urusan mengurus orangtua.. tapi sekarang kenapa jadi ribet ga bisa liat jadwal secara lengkap dan harus diurutkan dahulu.. tolong dikembalikan lagi aja ke settingan awal biar lebih simpel.. mohon perrhatiannya makasih..,,negatif,,,,aku banget puas dgn aplikasi KAI online sing sebelumnya karna aku pengguna aktif sepur lokal kanggo urusan mengurus orangtua.. nanging saiki kena apa dadi ribet ora bisa liat jadwal secara lengkap lan kudu diurutkan dahulu.. tulung dikembalikan maneh aja menyang settingan awal ben luwih simpel.. nyuwun perrhatiannya makasih..,aku banget puas dgn aplikasi KAI online yang sebelumnya karna aku pengguna aktif kereta lokal untuk urusan mengurus orangtua.. nanging saiki kena apa jadi ribet ora bisa deleng jadwal secara lengkap dan harus diurutkan dahulu.. tolong dikembalikan lagi wae ke settingan awal biar lebih simpel.. mohon perrhatiannya makasih..,aku nian puas dgn aplikasi KAI online yang sebelumnyo karna aku pengguna aktif kereta lokal untuk urusan mengurus orangtua.. tapi sekarang ngapo jadi ribet dak pacak tengok jadwal secara lengkap dan harus diurutkan dahulu.. tolong dikembalikan lagi bae ke settingan awal biar lebih simpel.. mohon perrhatiannyo makasih..,aku nian puas dgn aplikasi KAI online yang sebelumnyo karna aku pengguna aktif kereta lokal untuk urusan mengurus orangtua.. tapi sekarang ngapo jadi ribet ga pacak liat jadwal secara lengkap dan harus diurutkan dahulu.. tolong dikembalikan lagi bae ke settingan awal biar lebih simpel.. mohon perrhatiannyo makasih..
sering error ux nya gk user friendly ribet banget banyak bug,negatif,negatif,,,,sering error ux nya ora user friendly ribet banget akeh bug,sering rusak ux nya gk user friendly ribet banget banyak bug,sering error ux nyo gk user friendly ribet nian banyak bug,sering error ux nyo gk user friendly ribet nian banyak bug
Aplikasi bapuk! Kalau belum siap jangan launching udah top up nggak masuk masuk! UI tidak ramah banyak fitur transaksi yang ngablu Mohon diperbaiki saya ketinggalan tiket pesawat saya gara gara kalian,,negatif,,negatif,,Aplikasi bapuk! Kalau durung siap aja launching wis top up ora mlebu mlebu! UI ora ramah akeh fitur transaksi sing ngablu Nyuwun benerake aku ketinggalan tiket pesawat aku gara gara kalian,Aplikasi bapuk! Yen belum siap jangan launching wis top up ora masuk masuk! UI ora ramah banyak fitur transaksi yang ngablu Mohon diperbaiki aku ketinggalan tiket pesawat aku gara gara kalian,Aplikasi bapuk! Men belum siap jangan launching lah top up dak masuk masuk! UI dak ramah banyak fitur transaksi yang ngablu Mohon diperbaiki aku ketinggalan tiket pesawat aku gara gara kalian,Aplikasi bapuk! men belum siap jangan launching lah top up dak masuk masuk! UI dak ramah banyak fitur transaksi yang ngablu Mohon diperbaiki aku ketinggalan tiket pesawat aku gara gara kalian
"Tolong perbaiki lagi dong sistem app nya, saya 3 malem bela belain bedagang nungguin pesan tiket lebaran bulan april 2024 padahal jam 11:59 udah stay begitu kik pemesanan nunggunya sampe 1 jam masih dalam antrian 😮‍💨 begitu di ulangin lagi eeehhhh tiket dah pada abis semua , error pulak not fund terus 😮‍💨 . Kalo versi sebelumnya sudah bagus tampilan simple mudah digunakan tp versi terbarunya diluar nuruuuullllll sangat membagongkan😤",,negatif,negatif,,,"Tulung benerake maneh dong sistem app nya, aku 3 malem bela belain bedagang nungguin pesen tiket lebaran bulan april 2024 padahal jam 11:59 wis stay begitu kik pesenan nunggunya nganti 1 jam isih jero antrean 😮‍💨 begitu ing ulangin maneh eeehhhh tiket dah pada entek semua , error pulak not fund terus 😮‍💨 . Yen versi sebelumnya wis apik tampilan gampang gampang digunakan tp versi terbarunya diluar nuruuuullllll banget membagongkan😤","Tolong perbaiki lagi dong sistem app nya, aku 3 malem bela belain bedagang nungguin pesen tiket lebaran bulan april 2024 padahal jam 11:59 wis stay begitu kik pemesanan nunggunya sampe 1 jam masih jero antrian 😮‍💨 begitu di ulangin lagi eeehhhh tiket dah pada abis kabeh , rusak pulak not fund terus 😮‍💨 . Yen versi sebelumnya wis apik tampilan simple gampang digunakan tp versi terbarunya diluar nuruuuullllll banget membagongkan😤","Tolong perbaiki lagi dong sistem app nyo, aku 3 malem bela belain bedagang nungguin pesan tiket lebaran bulan april 2024 padahal jam 11:59 lah stay begitu kik pemesanan nunggunyo sampe 1 jam masih dalem antrian 😮‍💨 begitu di ulangin lagi eeehhhh tiket dah pada abis galo , error pulak not fund terus 😮‍💨 . Men versi sebelumnyo lah bagus tampilan simple gampang digunakan tp versi terbarunyo diluar nuruuuullllll nian membagongkan😤","Tolong perbaiki lagi dong sistem app nyo, aku 3 malem bela belain bedagang nungguin pesan tiket lebaran bulan april 2024 padahal jam 11:59 lah stay begitu kik pemesanan nunggunyo sampe 1 jam masih dalam antrian 😮‍💨 begitu di ulangin lagi eeehhhh tiket dah pada abis semua , error pulak not fund terus 😮‍💨 . men versi sebelumnyo lah bagus tampilan simple gampang digunakan tp versi terbarunyo diluar nuruuuullllll nian membagongkan😤"
Mohon untuk team kaiAccess. Bisa menambahkan icon kursi di ekonomi pre dan eko untuk memudahkan pemilihan kuris yg menghadap se arah dari jalan nya kereta biar tidak salah memilih kursi yang jalan menghadap ke belakang seolah2 kereta jalan nya mundur. Menghindari penguna kereta yg mabuk perjalanan. Dan kasih tanda panah di antara kuris ab dan cd sesuai dng arah kereta jadi penumpang bisa memilih kursi yg sesuai dengan nya,,netral,,,,Nyuwun kanggo team kaiAccess. Bisa menambahkan icon kursi ing ekonomi pre lan eko kanggo nggampangake pemilihan kuris yg menghadap se arah dari jalan nya sepur ben ora salah memilih kursi sing jalan menghadap menyang belakang seolah2 sepur jalan nya mundur. Menghindari penguna sepur yg mabuk perjalanan. Lan nuwun tanda panah ing antara kuris ab lan cd cocok dng arah sepur dadi penumpang bisa memilih kursi yg cocok karo nya,Mohon untuk team kaiAccess. Bisa menambahkan icon kursi di ekonomi pre dan eko untuk memudahkan pemilihan kuris yg menghadap se arah dari jalan nya kereta biar ora salah memilih kursi yang jalan menghadap ke belakang seolah2 kereta jalan nya mundur. Menghindari penguna kereta yg mabuk perjalanan. Dan kasih tanda panah di antara kuris ab dan cd sesuai dng arah kereta jadi penumpang bisa memilih kursi yg sesuai karo nya,Mohon untuk team kaiAccess. Pacak menambahkan icon kursi di ekonomi pre dan eko untuk memudahkan pemilihan kuris yg menghadap se arah dari jalan nyo kereta biar dak salah memilih kursi yang jalan menghadap ke belakang seolah2 kereta jalan nyo mundur. Menghindari penguna kereta yg mabuk perjalanan. Dan kasih tanda panah di antara kuris ab dan cd sesuai dng arah kereta jadi penumpang pacak memilih kursi yg sesuai pake nyo,Mohon untuk team kaiAccess. pacak menambahkan icon kursi di ekonomi pre dan eko untuk memudahkan pemilihan kuris yg menghadap se arah dari jalan nyo kereta biar dak salah memilih kursi yang jalan menghadap ke belakang seolah2 kereta jalan nyo mundur. Menghindari penguna kereta yg mabuk perjalanan. Dan kasih tanda panah di antara kuris ab dan cd sesuai dng arah kereta jadi penumpang pacak memilih kursi yg sesuai dengan nyo
Perubahan membuat pengguna yg lanjut usia menjadi bingung 😇,,negatif,,,,Owahan membuat pengguna yg lanjut usia dadi bingung 😇,Perubahan membuat pengguna yg lanjut usia menjadi bingung 😇,Perubahan membuat pengguna yg lanjut usia menjadi bingung 😇,Perubahan membuat pengguna yg lanjut usia menjadi bingung 😇
"Keterangan dalam aplikasi kurang lengkap, tidak ada pilihan untuk pengisian data anak. Hanya ada pengisian identitas KTP/Paspor yg mengakibatkan kesulitan dalam pengisian, petugas juga tidak ramah dan sangat tidak membantu. Terimakasih",,negatif,,,,"Keterangan jero aplikasi kurang lengkap, ora ana pilihan kanggo pengisian data anak. Hanya ana pengisian identitas KTP/Paspor yg mengakibatkan kesulitan jero pengisian, petugas uga ora ramah lan banget ora mbantu. Terimakasih","Keterangan jero aplikasi kurang lengkap, ora ana pilihan untuk pengisian data anak. Hanya ana pengisian identitas KTP/Paspor yg mengakibatkan kesulitan jero pengisian, petugas uga ora ramah dan banget ora membantu. Terimakasih","Keterangan dalem aplikasi kurang lengkap, dak ado pilihan untuk pengisian data anak. Hanyo ado pengisian identitas KTP/Paspor yg mengakibatkan kesulitan dalem pengisian, petugas jugo dak ramah dan nian dak membantu. Terimakasih","Keterangan dalam aplikasi kurang lengkap, dak ado pilihan untuk pengisian data anak. Hanyo ado pengisian identitas KTP/Paspor yg mengakibatkan kesulitan dalam pengisian, petugas jugo dak ramah dan nian dak membantu. Terimakasih"
"Loh...loh...looh... aplikasinya tgl 9/2/2024 setelah di update dan tampilannya jd warna imlek, ko gk bisa dibuka, malah muncul TIDAK ADA KONEKSI INTERNET, pdhl kuota full, buka aplikasi lain jg normal2 saja",negatif,,,,,"Loh...loh...looh... aplikasinya tgl 9/2/2024 sawise ing nganyari lan tampilannya jd warna imlek, ko ora bisa dibuka, malah muncul ORA ANA KONEKSI INTERNET, pdhl kuota full, buka aplikasi lain jg normal2 saja","Loh...loh...looh... aplikasinya tgl 9/2/2024 setelah di update dan tampilannya jd warna imlek, ko gk bisa dibuka, malah muncul ORA ANA KONEKSI INTERNET, pdhl kuota full, buka aplikasi lain jg normal2 wae","Loh...loh...looh... aplikasinyo tgl 9/2/2024 setelah di update dan tampilannyo jd warna imlek, ko gk pacak dibuka, malah muncul DAK ADO KONEKSI INTERNET, pdhl kuota full, buka aplikasi lain jg normal2 bae","Loh...loh...looh... aplikasinyo tgl 9/2/2024 setelah di update dan tampilannyo jd warna imlek, ko gk pacak dibuka, malah muncul dak ado KONEKSI INTERNET, pdhl kuota full, buka aplikasi lain jg normal2 bae"
"Aplikasi nya tolong di benerin lagi dong, jangan keseringan berubah tampilan ini itu. Utamakan fungsinya, ini sering log out sendiri. Beli tiket susah.",,negatif,,,,"Aplikasi nya tulung ing benerin maneh dong, aja keseringan berubah tampilan iki kuwi. Utamakan fungsinya, iki sering log out sendiri. Tumbas tiket susah.","Aplikasi nya tolong di benerin lagi dong, jangan keseringan berubah tampilan ini itu. Utamakan fungsinya, ini sering log out dhewe. Beli tiket susah.","Aplikasi nyo tolong di benerin lagi dong, jangan keseringan berubah tampilan ini itu. Utamakan fungsinyo, ini sering log out dewek. Beli tiket susah.","Aplikasi nyo tolong di benerin lagi dong, jangan keseringan berubah tampilan ini itu. Utamakan fungsinyo, ini sering log out sendiri. Beli tiket susah."
"Mohon ditingkatkan lagi kompatibilitas untuk perangkat foldable, di Samsung Z Fold5 dan 6 bisa dioperasikan lancar di layar luarnya karena memang kondisi ratio nya sama dengan smartphone candybar biasa. Namun, ketika menggunakan layar dalam (layar utama/besarnya), seringkali operasi pembayaran gagal terutama yang mengharuskan launch situs web pihak ke-3, sering tidak bisa tampil konten nya, sehingga mengakibatkan gagal melakukan pembayaran. Terima kasih.",,negatif,,,,"Nyuwun ditingkatkan maneh kompatibilitas kanggo perangkat foldable, ing Samsung Z Fold5 lan 6 bisa dioperasikan lancar ing layar luarnya karena bener-bener kondisi ratio nya padha karo smartphone candybar biasa. Namun, ketika menggunakan layar jero (layar utama/besarnya), seringkali operasi pembayaran gagal terutama sing mengharuskan launch situs web pihak menyang-3, sering ora bisa tampil konten nya, sehingga mengakibatkan gagal melakukan pembayaran. Matur nuwun.","Mohon ditingkatkan lagi kompatibilitas untuk perangkat foldable, di Samsung Z Fold5 dan 6 bisa dioperasikan lancar di layar luarnya karena memang kondisi ratio nya karo karo smartphone candybar biasa. Namun, ketika menggunakan layar jero (layar utama/besarnya), seringkali operasi pembayaran gagal terutama yang mengharuskan launch situs web pihak ke-3, sering ora bisa tampil konten nya, sehingga mengakibatkan gagal melakukan pembayaran. Terima kasih.","Mohon ditingkatkan lagi kompatibilitas untuk perangkat foldable, di Samsung Z Fold5 dan 6 pacak dioperasikan lancar di layar luarnyo karena memang kondisi ratio nyo samo pake smartphone candybar biasa. Namun, ketika menggunakan layar dalem (layar utama/besarnyo), seringkali operasi pembayaran gagal terutama yang mengharuskan launch situs web pihak ke-3, sering dak pacak tampil konten nyo, sehingga mengakibatkan gagal melakukan pembayaran. Terima kasih.","Mohon ditingkatkan lagi kompatibilitas untuk perangkat foldable, di Samsung Z Fold5 dan 6 pacak dioperasikan lancar di layar luarnyo karena memang kondisi ratio nyo samo dengan smartphone candybar biasa. Namun, ketika menggunakan layar dalam (layar utama/besarnyo), seringkali operasi pembayaran gagal terutama yang mengharuskan launch situs web pihak ke-3, sering dak pacak tampil konten nyo, sehingga mengakibatkan gagal melakukan pembayaran. Terima kasih."
"Tidak bisa menyimpan pesanan, jadi ketika keluar menu lalu mau bayar tidak ada pilihan apa2 kcuali batalkan pesanan, jadi harus langsung dibayar ketika memesan tiket, benar2 payah",,negatif,,,,"Ora bisa menyimpan pesanan, dadi ketika metu menu lalu arep bayar ora ana pilihan apa2 kcuali batalkan pesanan, dadi kudu langsung dibayar ketika memesan tiket, benar2 payah","Ora bisa menyimpan pesanan, jadi ketika keluar menu lalu arep bayar ora ana pilihan apa2 kcuali batalkan pesanan, jadi harus langsung dibayar ketika memesan tiket, benar2 payah","Dak pacak menyimpan pesanan, jadi ketika keluar menu lalu nak bayar dak ado pilihan apa2 kcuali batalkan pesanan, jadi harus langsung dibayar ketika memesan tiket, benar2 payah","dak pacak menyimpan pesanan, jadi ketika keluar menu lalu nak bayar dak ado pilihan apa2 kcuali batalkan pesanan, jadi harus langsung dibayar ketika memesan tiket, benar2 payah"
"Sangat buruk dan mengecewakan khususnya terkait transaksi top up,lambat terupdate ataupun tidak berhasil.",,,,negatif,,"Banget buruk lan mengecewakan khususnya terkait transaksi top up,lambat terupdate ataupun ora berhasil.","Banget ala dan mengecewakan khususnya terkait transaksi top up,alon terupdate ataupun ora berhasil.","Nian buruk dan mengecewakan khususnyo terkait transaksi top up,lambat terupdate ataupun dak berhasil.","nian buruk dan mengecewakan khususnyo terkait transaksi top up,lambat terupdate ataupun dak berhasil."
"Aplikasi ini terlalu buruk dan terlalu banyak human error, terutama pada bagian pembayaran setelah memesan tiket yang terus-menerus mengalami error berbagai macam. Seharusnya aplikasi ini masih tidak layak berada di pasaran. Bintang 1 saja terlalu baik untuk aplikasi ini karena error yang variatif di berbagai menu",,,,negatif,,"Aplikasi iki terlalu buruk lan terlalu akeh human error, terutama pada bagian pembayaran sawise memesan tiket sing terus-menerus ngalami error berbagai macam. Seharusnya aplikasi iki isih ora layak ana ing pasaran. Bintang 1 saja terlalu baik kanggo aplikasi iki karena error sing variatif ing berbagai menu","Aplikasi ini terlalu ala dan terlalu banyak human rusak, terutama pada bagian pembayaran setelah memesan tiket yang terus-menerus mengalami rusak berbagai macam. Seharusnya aplikasi ini masih ora layak berada di pasaran. Bintang 1 wae terlalu apik untuk aplikasi ini karena rusak yang variatif di berbagai menu","Aplikasi ini terlalu buruk dan terlalu banyak human error, terutama pada bagian pembayaran setelah memesan tiket yang terus-menerus mengalami error berbagai macam. Seharusnyo aplikasi ini masih dak layak berada di pasaran. Bintang 1 bae terlalu baek untuk aplikasi ini karena error yang variatif di berbagai menu","Aplikasi ini terlalu buruk dan terlalu banyak human error, terutama pada bagian pembayaran setelah memesan tiket yang terus-menerus mengalami error berbagai macam. Seharusnyo aplikasi ini masih dak layak berada di pasaran. Bintang 1 bae terlalu baek untuk aplikasi ini karena error yang variatif di berbagai menu"
"UPDATE NYA TERUS TERUSAN TAPI BAPUK, UDAH SERING STUCK.LOADING KADANG JADWAL TIKET GA MUNCUL KADANG EROR, PESEN ONLINE KALO APES PAS PEMBAYARAN GAGAL, UANG GA BALIK BUSET, EMANG GA SEBERAPA HARGANYA SIH TAPI YA GIMANA YAK WKKWKW",,,negatif,negatif,,"NGANYARI NYA TERUS TERUSAN NANGING BAPUK, WIS SERING STUCK.MUTER KADHANG JADWAL TIKET ORA MUNCUL KADHANG RUSAK, PESEN ONLINE YEN APES PAS PEMBAYARAN GAGAL, UANG ORA BALIK BUSET, EMANG ORA SEBERAPA HARGANYA SIH NANGING YA GIMANA YAK WKKWKW","UPDATE NYA TERUS TERUSAN NANGING BAPUK, WIS SERING STUCK.LOADING KADANG JADWAL TIKET ORA MUNCUL KADANG EROR, PESEN ONLINE YEN APES PAS PEMBAYARAN GAGAL, DHUWIT ORA BALIK BUSET, EMANG ORA SEBERAPA HARGANYA SIH NANGING YA KEPRIYE YAK WKKWKW","UPDATE nyo TERUS TERUSAN TAPI BAPUK, LAH SERING STUCK.LOADING KADANG JADWAL TIKET DAK MUNCUL KADANG EROR, PESEN ONLINE MEN APES PAS PEMBAYARAN GAGAL, DUET DAK BALIK BUSET, EMANG DAK SEBERAPA HARGAnyo SIH TAPI YA CAKMNO YAK WKKWKW","UPDATE NYA TERUS TERUSAN TAPI BAPUK, lah SERING STUCK.LOADING KADANG JADWAL TIKET GA MUNCUL KADANG EROR, PESEN ONLINE men APES PAS PEMBAYARAN GAGAL, duet GA BALIK BUSET, EMANG GA SEBERAPA HARGANYA SIH TAPI YA cakmno YAK WKKWKW"
beli pulsa sudah terpotong tpi gagal.dan saldonya tidak kembali..,,,,negatif,,tumbas pulsa wis terpotong tpi gagal.lan saldone ora bali..,beli pulsa wis terpotong tpi gagal.dan saldonya ora kembali..,beli pulsa lah terpotong tpi gagal.dan saldonyo dak kembali..,beli pulsa lah terpotong tpi gagal.dan saldonyo dak kembali..
"selalu ada masalah di pembayarab, sudah isi saldo tapi tidak masuk masuk saldo nya",,,,negatif,,"selalu ana masalah ing pembayarab, wis isi saldo nanging ora mlebu mlebu saldo nya","selalu ana masalah di pembayarab, wis isi saldo nanging ora masuk masuk saldo nya","selalu ado masalah di pembayarab, lah isi saldo tapi dak masuk masuk saldo nyo","selalu ado masalah di pembayarab, lah isi saldo tapi dak masuk masuk saldo nyo"
"Pesen tiket h-7 jam 12 mlm biar dapet kursi tapi error terus, pas udah di pembayaranpun juga eror. Udah komplen lewat email juga ga di respon². Buruk banget sumpah, tolong segera diperbaiki krn apl banyak yg pake dan pasti dibutuhkan buat mempermudah beli tiket",,,negatif,negatif,,"Pesen tiket h-7 jam 12 mlm ben dapet kursi nanging error terus, pas wis ing pembayaranpun uga rusak. Wis komplain lewat email uga ora ing respon². Buruk banget sumpah, tulung cepet benerake krn apl akeh yg nganggo lan pasti dibutuhkan kanggo mempermudah tumbas tiket","Pesen tiket h-7 jam 12 mlm biar dapet kursi nanging rusak terus, pas wis di pembayaranpun uga eror. Wis komplen lewat email uga ora di respon². Ala banget sumpah, tolong segera diperbaiki krn apl banyak yg pake dan pasti dibutuhkan buat mempermudah beli tiket","Pesen tiket h-7 jam 12 mlm biar dapet kursi tapi error terus, pas lah di pembayaranpun jugo eror. Lah komplen lewat email jugo dak di respon². Buruk nian sumpah, tolong segera diperbaiki krn apl banyak yg pake dan pasti dibutuhkan buat mempermudah beli tiket","Pesen tiket h-7 jam 12 mlm biar dapet kursi tapi error terus, pas lah di pembayaranpun jugo eror. lah komplen lewat email jugo ga di respon². Buruk nian sumpah, tolong segera diperbaiki krn apl banyak yg pake dan pasti dibutuhkan buat mempermudah beli tiket"
"Buat fitur KAI Pay sungguh ""ga berguna"" 1. Optimasi saldo butuh waktu yang cenderung lama padahal pembayaran dlm status berhasil melalui berbagai platform khususnya via transfer bank 2. Perubahan jadwal dengan pembayaran melalui KAI Pay padahal saldo tertera sesuai namun tiket yg di pesan hilang dan blm ada kepastian penggantian tiket yang diubah 3. Ada aplikasi tapi ga disediain fitur live chat sangat memberikan pengalaman buruk bagi pengguna. Not recomend mending beli di web atau langsung",,negatif,negatif,negatif,,"Kanggo fitur KAI Pay sungguh ""ora berguna"" 1. Optimasi saldo butuh wektu sing cenderung suwe padahal pembayaran ing status berhasil melalui berbagai platform khususnya lewat transfer bank 2. Owahan jadwal karo pembayaran melalui KAI Pay padahal saldo tertera cocok namun tiket yg ing pesen hilang lan durung ana kepastian penggantian tiket sing diubah 3. Ana aplikasi nanging ora disediain fitur live chat banget memberikan pengalaman buruk bagi pengguna. Not recomend mending tumbas ing web utawa langsung","Buat fitur KAI Pay sungguh ""ora berguna"" 1. Optimasi saldo butuh waktu yang cenderung lama padahal pembayaran dlm status berhasil melalui berbagai platform khususnya via transfer bank 2. Perubahan jadwal karo pembayaran melalui KAI Pay padahal saldo tertera sesuai namun tiket yg di pesen hilang dan blm ana kepastian penggantian tiket yang diubah 3. Ana aplikasi nanging ora disediain fitur live chat banget memberikan pengalaman ala bagi pengguna. Not recomend mending beli di web atau langsung","Buat fitur KAI Pay sungguh ""dak berguna"" 1. Optimasi saldo butuh waktu yang cenderung lama padahal pembayaran dlm status berhasil melalui berbagai platform khususnyo via transfer bank 2. Perubahan jadwal pake pembayaran melalui KAI Pay padahal saldo tertera sesuai namun tiket yg di pesan hilang dan blm ado kepastian penggantian tiket yang diubah 3. Ado aplikasi tapi dak disediain fitur live chat nian memberikan pengalaman buruk bagi pengguna. Not recomend mending beli di web atau langsung","Buat fitur KAI Pay sungguh ""ga berguna"" 1. Optimasi saldo butuh waktu yang cenderung lama padahal pembayaran dlm status berhasil melalui berbagai platform khususnyo via transfer bank 2. Perubahan jadwal dengan pembayaran melalui KAI Pay padahal saldo tertera sesuai namun tiket yg di pesan hilang dan blm ado kepastian penggantian tiket yang diubah 3. ado aplikasi tapi ga disediain fitur live chat nian memberikan pengalaman buruk bagi pengguna. Not recomend mending beli di web atau langsung"
"Baru kali ini ada e wallet top up saldo lama banget masuknya. Dari m banking udh sukses, masuk ke saldonya lama banget. Ini e wallet apa top up slot",,,,negatif,,"Anyar kali iki ana e wallet top up saldo suwe banget mlebune. Dari m banking wis sukses, mlebu menyang saldone suwe banget. Iki e wallet apa top up slot","Baru kali ini ana e wallet top up saldo lama banget masuknya. Dari m banking wis sukses, masuk ke saldonya lama banget. Ini e wallet apa top up slot","Baru kali ini ado e wallet top up saldo lama nian masuknyo. Dari m banking lah sukses, masuk ke saldonyo lama nian. Ini e wallet apo top up slot","Baru kali ini ado e wallet top up saldo lama nian masuknyo. Dari m banking lah sukses, masuk ke saldonyo lama nian. Ini e wallet apo top up slot"
"Top up KAI Pay tidak masuk, CS juga tidak responsif",,,,negatif,,"Top up KAI Pay ora mlebu, CS uga ora responsif","Top up KAI Pay ora masuk, CS uga ora responsif","Top up KAI Pay dak masuk, CS jugo dak responsif","Top up KAI Pay dak masuk, CS jugo dak responsif"
"Sering menggunakan apk ini,tapi kecewa bgt karna terakhir transaksi,udah isi kai pay udah pesen tiket juga ,tapi transaksi tidak masuk ,tidak dapat tiket tapi saldo sudah terpotong,udah chat customer service nya tidak ada respon ,uang tidak kembali",,,,negatif,,"Sering menggunakan apk iki,nanging kecewa bgt karna terakhir transaksi,wis isi kai pay wis pesen tiket uga ,nanging transaksi ora mlebu ,ora dapat tiket nanging saldo wis terpotong,wis chat customer service nya ora ana respon ,uang ora bali","Sering menggunakan apk ini,nanging kecewa banget karna terakhir transaksi,wis isi kai pay wis pesen tiket uga ,nanging transaksi ora masuk ,ora dapat tiket nanging saldo wis terpotong,wis chat customer service nya ora ana respon ,dhuwit ora kembali","Sering menggunakan apk ini,tapi kecewa nian karna terakhir transaksi,lah isi kai pay lah pesen tiket jugo ,tapi transaksi dak masuk ,dak dapat tiket tapi saldo lah terpotong,lah chat customer service nyo dak ado respon ,duet dak kembali","Sering menggunakan apk ini,tapi kecewa bgt karna terakhir transaksi,lah isi kai pay lah pesen tiket jugo ,tapi transaksi dak masuk ,dak dapat tiket tapi saldo lah terpotong,lah chat customer service nyo dak ado respon ,duet dak kembali"
"udah bayar tiket , tapi gadapet tiket nya gmna tuh ? malah jadi kedaluwarsa, apk ga guna malah rugi uang gue",,,,negatif,,"wis bayar tiket , nanging gadapet tiket nya gmna tuh ? malah dadi kedaluwarsa, apk ora guna malah rugi uang gue","wis bayar tiket , nanging gadapet tiket nya gmna tuh ? malah jadi kedaluwarsa, apk ora guna malah rugi dhuwit aku","lah bayar tiket , tapi gadapet tiket nyo gmna tuh ? malah jadi kedaluwarsa, apk dak guna malah rugi duet aku","lah bayar tiket , tapi gadapet tiket nyo gmna tuh ? malah jadi kedaluwarsa, apk ga guna malah rugi duet aku"
Kaipay nya ga bisa d gunakan untuk qris. Tolong secepatnya d perbaiki,,,,negatif,,Kaipay nya ora bisa d enggo kanggo qris. Tulung secepatnya d benerake,Kaipay nya ora bisa d gunakan untuk qris. Tolong secepatnya d perbaiki,Kaipay nyo dak pacak d gunakan untuk qris. Tolong secepatnyo d perbaiki,Kaipay nyo ga pacak d gunakan untuk qris. Tolong secepatnyo d perbaiki
"Parah bngt si ini.. Psen tiket kereta antar kota udh rebutan war.. Sudah saya bayar lewat qris brimo.. Udh berhasil pembayaran nya.. Di cek di apk ny kok mnunggu pembayaran smoe wktu hbis. Bdhl sudh byar.. Duit msuk kmba tuh suee2.. G jlas ini apk.. Mna, duit lumayan lgi",,,,negatif,,"Parah bngt si iki.. Psen tiket sepur antar kota wis rebutan war.. Wis aku bayar lewat qris brimo.. Wis berhasil pembayaran nya.. Ing cek ing apk ny kok mnunggu pembayaran smoe wktu hbis. Bdhl sudh byar.. Duit msuk kmba tuh suee2.. G jlas iki apk.. Mna, duit lumayan lgi","Parah bngt si ini.. Psen tiket kereta antar kota wis rebutan war.. Wis aku bayar lewat qris brimo.. Wis berhasil pembayaran nya.. Di cek di apk ny kok mnunggu pembayaran smoe wktu hbis. Bdhl sudh byar.. Duit msuk kmba tuh suee2.. G jlas ini apk.. Mna, duit lumayan lgi","Parah bngt si ini.. Psen tiket kereta antar kota lah rebutan war.. Lah aku bayar lewat qris brimo.. Lah berhasil pembayaran nyo.. Di cek di apk ny kok mnunggu pembayaran smoe wktu hbis. Bdhl sudh byar.. Duit msuk kmba tuh suee2.. G jlas ini apk.. Mna, duit lumayan lgi","Parah bngt si ini.. Psen tiket kereta antar kota lah rebutan war.. lah aku bayar lewat qris brimo.. lah berhasil pembayaran nyo.. Di cek di apk ny kok mnunggu pembayaran smoe wktu hbis. Bdhl sudh byar.. Duit msuk kmba tuh suee2.. G jlas ini apk.. Mna, duit lumayan lgi"
"Hati-hati dengan aplikasi ini. Jangan tautkan kartu Debit/Kredit anda. Pengalaman pribadi saya, pesan 1 tiket tapi saldo kartu debit saya terpotong 2 kali dengan nomer tiket yg sama. Input kode OTP error melulu. Sekalinya bisa langsung terpotong 2 kali. Aplikasi terburuk yg pernah saya instal. Sangat merugikan. Sekali lagi jangan tautkan dengan kartu Debit/Kredit anda..!!!",,,,negatif,,"Hati-hati karo aplikasi iki. Aja tautkan kartu Debit/Kredit anda. Pengalaman pribadi aku, pesen 1 tiket nanging saldo kartu debit aku terpotong 2 kali karo nomer tiket yg padha. Input kode OTP error melulu. Sekalinya bisa langsung terpotong 2 kali. Aplikasi terburuk yg pernah aku instal. Banget merugikan. Sekali maneh aja tautkan karo kartu Debit/Kredit anda..!!!","Hati-hati karo aplikasi ini. Jangan tautkan kartu Debit/Kredit anda. Pengalaman pribadi aku, pesen 1 tiket nanging saldo kartu debit aku terpotong 2 kali karo nomer tiket yg karo. Input kode OTP rusak melulu. Sekalinya bisa langsung terpotong 2 kali. Aplikasi terburuk yg pernah aku instal. Banget merugikan. Pisan lagi jangan tautkan karo kartu Debit/Kredit anda..!!!","Hati-hati pake aplikasi ini. Jangan tautkan kartu Debit/Kredit anda. Pengalaman pribadi aku, pesan 1 tiket tapi saldo kartu debit aku terpotong 2 kali pake nomer tiket yg samo. Input kode OTP error melulu. Sekalinyo pacak langsung terpotong 2 kali. Aplikasi terburuk yg pernah aku instal. Nian merugikan. Nian lagi jangan tautkan pake kartu Debit/Kredit anda..!!!","Hati-hati dengan aplikasi ini. Jangan tautkan kartu Debit/Kredit anda. Pengalaman pribadi aku, pesan 1 tiket tapi saldo kartu debit aku terpotong 2 kali dengan nomer tiket yg samo. Input kode OTP error melulu. Sekalinyo pacak langsung terpotong 2 kali. Aplikasi terburuk yg pernah aku instal. nian merugikan. nian lagi jangan tautkan dengan kartu Debit/Kredit anda..!!!"
"Dengan seringnya berpergian dengan kereta pasti mengikuti aturan yang berlaku, namun aplikasinya tidak mendukung dari segi kenyamanan pengguna , terkadang susah di akses , leg , pembayaran yang gagal serta Qris yang tidak bisa di proses di tambah pengembalian dana yang sangat lama 🥲 lebih di tingkatkan lagi untuk hal di atas 😉",negatif,,,negatif,,"Karo seringnya berpergian karo sepur pasti mengikuti aturan sing berlaku, namun aplikasinya ora mendukung dari sisi kenyamanan pengguna , terkadang susah ing akses , leg , pembayaran sing gagal serta Qris sing ora bisa ing proses ing tambah pengembalian dana sing banget suwe 🥲 luwih ing tingkatkan maneh kanggo hal ing atas 😉","Karo seringnya berpergian karo kereta pasti mengikuti aturan yang berlaku, namun aplikasinya ora mendukung dari segi kenyamanan pengguna , terkadang susah di akses , leg , pembayaran yang gagal serta Qris yang ora bisa di proses di tambah pengembalian dana yang banget lama 🥲 lebih di tingkatkan lagi untuk hal di atas 😉","Pake seringnyo berpergian pake kereta pasti mengikuti aturan yang berlaku, namun aplikasinyo dak mendukung dari segi kenyamanan pengguna , terkadang susah di akses , leg , pembayaran yang gagal serta Qris yang dak pacak di proses di tambah pengembalian dana yang nian lama 🥲 lebih di tingkatkan lagi untuk hal di atas 😉","Dengan seringnyo berpergian dengan kereta pasti mengikuti aturan yang berlaku, namun aplikasinyo dak mendukung dari segi kenyamanan pengguna , terkadang susah di akses , leg , pembayaran yang gagal serta Qris yang dak pacak di proses di tambah pengembalian dana yang nian lama 🥲 lebih di tingkatkan lagi untuk hal di atas 😉"
"Gua bli pulsa di kai Access saldo udah berkurang tapi pulsa blum masuk dan,transaksinya tidak ada ,emang udah eror apk ini tolong di perbaiki min ga banyak kok 50k tapi kecewanya itu karna yang di cari pelanggan itu kenyamanan.",,,,negatif,,"Gua bli pulsa ing kai Access saldo wis murah nanging pulsa blum mlebu lan,transaksinya ora ana ,emang wis rusak apk iki tulung ing benerake min ora akeh kok 50k nanging kecewane kuwi karna sing ing cari pelanggan kuwi kenyamanan.","Gua bli pulsa di kai Access saldo wis berkurang nanging pulsa blum masuk dan,transaksinya ora ana ,emang wis eror apk ini tolong di perbaiki min ora banyak kok 50k nanging kecewanya itu karna yang di cari pelanggan itu kenyamanan.","Gua bli pulsa di kai Access saldo lah berkurang tapi pulsa blum masuk dan,transaksinyo dak ado ,emang lah eror apk ini tolong di perbaiki min dak banyak kok 50k tapi kecewanyo itu karna yang di cari pelanggan itu kenyamanan.","Gua bli pulsa di kai Access saldo lah berkurang tapi pulsa blum masuk dan,transaksinyo dak ado ,emang lah eror apk ini tolong di perbaiki min ga banyak kok 50k tapi kecewanyo itu karna yang di cari pelanggan itu kenyamanan."
Aplikasi sering eror : 1. jadwal hilang timbul. 2. selesai memilih penumpang tidak bisa lanjut 3. pembayaran sering eror Ayo KAI perbaiki lagi aplikasinya,,,negatif,negatif,,Aplikasi sering rusak : 1. jadwal hilang timbul. 2. selesai memilih penumpang ora bisa lanjut 3. pembayaran sering rusak Ayo KAI benerake maneh aplikasinya,Aplikasi sering eror : 1. jadwal hilang timbul. 2. selesai memilih penumpang ora bisa lanjut 3. pembayaran sering eror Ayo KAI perbaiki lagi aplikasinya,Aplikasi sering eror : 1. jadwal hilang timbul. 2. selesai memilih penumpang dak pacak lanjut 3. pembayaran sering eror Ayo KAI perbaiki lagi aplikasinyo,Aplikasi sering eror : 1. jadwal hilang timbul. 2. selesai memilih penumpang dak pacak lanjut 3. pembayaran sering eror Ayo KAI perbaiki lagi aplikasinyo
"Haduhhh ... Ini apk kenapa sih?? Tiap update selalu begini, tiap kali update loooo, tolong lahhh saldo di KAI pay ga bisa digunakan!!!exp bisa begituu yaaa??? Mo transaksi tulisan exp. Yukk ditindaklanjuti udah di e-mail juga kan masa blm ada respon ??",,,,negatif,,"Haduhhh ... Iki apk kena apa sih?? Saben nganyari selalu begini, saben kali nganyari loooo, tulung lahhh saldo ing KAI pay ora bisa digunakan!!!exp bisa begituu yaaa??? Mo transaksi tulisan exp. Yukk ditindaklanjuti wis ing e-mail uga kan mangsa durung ana respon ??","Haduhhh ... Ini apk kena apa sih?? Tiap update selalu begini, tiap kali update loooo, tolong lahhh saldo di KAI pay ora bisa digunakan!!!exp bisa begituu yaaa??? Mo transaksi tulisan exp. Yukk ditindaklanjuti wis di e-mail uga kan masa blm ana respon ??","Haduhhh ... Ini apk ngapo sih?? Tiap update selalu begini, tiap kali update loooo, tolong lahhh saldo di KAI pay dak pacak digunakan!!!exp pacak begituu yaaa??? Mo transaksi tulisan exp. Yukk ditindaklanjuti lah di e-mail jugo kan masa blm ado respon ??","Haduhhh ... Ini apk ngapo sih?? Tiap update selalu begini, tiap kali update loooo, tolong lahhh saldo di KAI pay ga pacak digunakan!!!exp pacak begituu yaaa??? Mo transaksi tulisan exp. Yukk ditindaklanjuti lah di e-mail jugo kan masa blm ado respon ??"
"proses pemesanan tiket membuat KAI pay terpotong 2x, sudah dilaporkan. penggantian diberikan 60 hari kerja setelah tanggal pelaporan, Rp 70,000 menunggu 60 hari kerja ? kami tidak bisa memesan tiket melalui aplikasi mulai 13 Januari 2025",,,negatif,negatif,,"proses pesenan tiket membuat KAI pay terpotong 2x, wis dilaporkan. penggantian diberikan 60 dina kerja sawise tanggal pelaporan, Rp 70,000 nunggu 60 dina kerja ? kami ora bisa memesan tiket melalui aplikasi mulai 13 Januari 2025","proses pemesanan tiket membuat KAI pay terpotong 2x, wis dilaporkan. penggantian diberikan 60 hari kerja setelah tanggal pelaporan, Rp 70,000 menunggu 60 hari kerja ? kami ora bisa memesan tiket melalui aplikasi mulai 13 Januari 2025","proses pemesanan tiket membuat KAI pay terpotong 2x, lah dilaporkan. penggantian diberikan 60 hari kerja setelah tanggal pelaporan, Rp 70,000 menunggu 60 hari kerja ? kami dak pacak memesan tiket melalui aplikasi mulai 13 Januari 2025","proses pemesanan tiket membuat KAI pay terpotong 2x, lah dilaporkan. penggantian diberikan 60 hari kerja setelah tanggal pelaporan, Rp 70,000 menunggu 60 hari kerja ? kami dak pacak memesan tiket melalui aplikasi mulai 13 Januari 2025"
"Payah, aplikasi BUSUK tinggal bayar aja susahnya minta ampun",,,,negatif,,"Payah, aplikasi BUSUK tinggal bayar aja susahnya minta ampun","Payah, aplikasi BUSUK tinggal bayar wae susahnya minta ampun","Payah, aplikasi BUSUK tinggal bayar bae susahnyo minta ampun","Payah, aplikasi BUSUK tinggal bayar bae susahnyo minta ampun"
Time out terus pas pembayaran biasanya lancar lancar aja,,,,negatif,,Time out terus pas pembayaran biasanya lancar lancar aja,Time out terus pas pembayaran biasanya lancar lancar wae,Time out terus pas pembayaran biasanyo lancar lancar bae,Time out terus pas pembayaran biasanyo lancar lancar bae
Potongan KAI pay yang tidak transparan dan juga sangat lama untuk melakukan topup,,,,negatif,,Potongan KAI pay sing ora transparan lan uga banget suwe kanggo melakukan topup,Potongan KAI pay yang ora transparan dan uga banget lama untuk melakukan topup,Potongan KAI pay yang dak transparan dan jugo nian lama untuk melakukan topup,Potongan KAI pay yang dak transparan dan jugo nian lama untuk melakukan topup
dari semua ulas udah sangat mewakili keluh kesahnya selama ini. Apknya bagus sangat membantu. Cuma lamban laun justru banyak kekurangan yg terjadi. Saya sering pesan tiket. Dan wktu itu dimana kondisinya urgentilitas eh mana reload nya lama banget dan ternyata paymentnya gagal dan entah kemana tapi saldo kepotong. Yamasak infaq dong jadinya.pembelian yg lain kaya pulsa dsbnya di fitur sama dan saldo kepotong. Mana tidak ada opsi return nya. Terus pembayaran yg sudah kepotong minta ke siapa. Hmm,,,,negatif,,dari semua ulas wis banget mewakili keluh kesahnya selama iki. Apk apik banget mbantu. Mung lamban laun justru akeh kekurangan yg terjadi. Aku sering pesen tiket. Lan wktu kuwi dimana kondisinya urgentilitas eh endi reload nya suwe banget lan kebeneran paymentnya gagal lan entah kemana nanging saldo kepotong. Yamasak infaq dong jadinya.tumbas yg lain kaya pulsa dsbnya ing fitur padha lan saldo kepotong. Endi ora ana opsi return nya. Terus pembayaran yg wis kepotong minta menyang siapa. Hmm,dari kabeh ulas wis banget mewakili keluh kesahnya selama ini. Apknya apik banget membantu. Mung lamban laun justru banyak kekurangan yg terjadi. Aku sering pesen tiket. Dan wktu itu dimana kondisinya urgentilitas eh mana reload nya lama banget dan ternyata paymentnya gagal dan entah kemana nanging saldo kepotong. Yamasak infaq dong jadinya.pembelian yg lain kaya pulsa dsbnya di fitur karo dan saldo kepotong. Mana ora ana opsi return nya. Terus pembayaran yg wis kepotong minta ke siapa. Hmm,dari galo ulas lah nian mewakili keluh kesahnyo selama ini. Apknyo bagus nian membantu. Cuman lamban laun justru banyak kekurangan yg terjadi. Aku sering pesan tiket. Dan wktu itu dimana kondisinyo urgentilitas eh mana reload nyo lama nian dan ternyata paymentnyo gagal dan entah kemana tapi saldo kepotong. Yamasak infaq dong jadinyo.pembelian yg lain kaya pulsa dsbnyo di fitur samo dan saldo kepotong. Mana dak ado opsi return nyo. Terus pembayaran yg lah kepotong minta ke siapa. Hmm,dari semua ulas lah nian mewakili keluh kesahnyo selama ini. Apknyo bagus nian membantu. cuman lamban laun justru banyak kekurangan yg terjadi. aku sering pesan tiket. Dan wktu itu dimana kondisinyo urgentilitas eh mana reload nyo lama nian dan ternyata paymentnyo gagal dan entah kemana tapi saldo kepotong. Yamasak infaq dong jadinyo.pembelian yg lain kaya pulsa dsbnyo di fitur samo dan saldo kepotong. Mana dak ado opsi return nyo. Terus pembayaran yg lah kepotong minta ke siapa. Hmm
"Saya sudah top up kena admin 6.500, saya isi 20ribu kena 26ribu 5ratuss. Setelahnya masih kena lagi 2ribu, total bayar 26.500 yang masuk 18ribu, saya kudu nombok lagi buat top up. Saya hanya butuh 20ribu ribu tapi yang saya keluarkan 43ribuuuu dan masih kena admin 4ribu lagi. Demi Allah saya ga iklhas uang saya hilang sia sia. Biar jadi nanah sama paku itu uang yang kalian ambil.",,,,negatif,,"Aku wis top up kena admin 6.500, aku isi 20ribu kena 26ribu 5ratuss. Setelahnya isih kena maneh 2ribu, total bayar 26.500 sing mlebu 18ribu, aku kudu nombok maneh kanggo top up. Aku hanya butuh 20ribu ribu nanging sing aku keluarkan 43ribuuuu lan isih kena admin 4ribu maneh. Demi Allah aku ora iklhas uang aku hilang sia sia. Ben dadi nanah padha paku kuwi uang sing kalian ambil.","Aku wis top up kena admin 6.500, aku isi 20ribu kena 26ribu 5ratuss. Setelahnya masih kena lagi 2ribu, total bayar 26.500 yang masuk 18ribu, aku kudu nombok lagi buat top up. Aku hanya butuh 20ribu ribu nanging yang aku keluarkan 43ribuuuu dan masih kena admin 4ribu lagi. Demi Allah aku ora iklhas dhuwit aku hilang sia sia. Biar jadi nanah karo paku itu dhuwit yang kalian ambil.","Aku lah top up kena admin 6.500, aku isi 20ribu kena 26ribu 5ratuss. Setelahnyo masih kena lagi 2ribu, total bayar 26.500 yang masuk 18ribu, aku kudu nombok lagi buat top up. Aku hanyo butuh 20ribu ribu tapi yang aku keluarkan 43ribuuuu dan masih kena admin 4ribu lagi. Demi Allah aku dak iklhas duet aku hilang sia sia. Biar jadi nanah samo paku itu duet yang kalian ambil.","aku lah top up kena admin 6.500, aku isi 20ribu kena 26ribu 5ratuss. Setelahnyo masih kena lagi 2ribu, total bayar 26.500 yang masuk 18ribu, aku kudu nombok lagi buat top up. aku hanyo butuh 20ribu ribu tapi yang aku keluarkan 43ribuuuu dan masih kena admin 4ribu lagi. Demi Allah aku ga iklhas duet aku hilang sia sia. Biar jadi nanah samo paku itu duet yang kalian ambil."
"Top up udah ... 1 jam lebih gamasuk masuk keburu tiket abis, nice lah",,,,negatif,,"Top up wis ... 1 jam luwih gamasuk mlebu keburu tiket entek, nice yo","Top up wis ... 1 jam lebih gamasuk masuk keburu tiket abis, nice lah","Top up lah ... 1 jam lebih gamasuk masuk keburu tiket abis, nice lah","Top up lah ... 1 jam lebih gamasuk masuk keburu tiket abis, nice lah"
Kenapa aplikasi ini sekarang jadi susah d gunakan ya.?proses pembayaranya susah sekali.katanya aplikasi ini untuk mempermudah tp nyatanya mempersulit.tolong dong d perbaiki lagi aplikasinya.,,,,negatif,,Kena apa aplikasi iki saiki dadi susah d enggo ya.?proses pembayaranya susah sekali.jarene aplikasi iki kanggo mempermudah tp nyatanya mempersulit.tulung dong d benerake maneh aplikasinya.,Kena apa aplikasi ini saiki jadi susah d gunakan ya.?proses pembayaranya susah pisan.katanya aplikasi ini untuk mempermudah tp nyatanya mempersulit.tolong dong d perbaiki lagi aplikasinya.,Ngapo aplikasi ini sekarang jadi susah d gunakan ya.?proses pembayaranyo susah nian.katanyo aplikasi ini untuk mempermudah tp nyatanyo mempersulit.tolong dong d perbaiki lagi aplikasinyo.,ngapo aplikasi ini sekarang jadi susah d gunakan ya.?proses pembayaranyo susah nian.katanyo aplikasi ini untuk mempermudah tp nyatanyo mempersulit.tolong dong d perbaiki lagi aplikasinyo.
"Pemesanan tiket sering kali gagal, tapi saldo kai pay tetap kepotong, payah",,,negatif,negatif,,"Pesenan tiket sering kali gagal, nanging saldo kai pay tetap kepotong, payah","Pemesanan tiket sering kali gagal, nanging saldo kai pay tetap kepotong, payah","Pemesanan tiket sering kali gagal, tapi saldo kai pay tetap kepotong, payah","Pemesanan tiket sering kali gagal, tapi saldo kai pay tetap kepotong, payah"
SUdah isi data penumpang smua tinggal klik bayar tapi layanan tidak tersedia terus dari pagi sampai tengah malam tetep gak bisa bayar .berkali kali buka aplikasi dalam sehari cuma mau bayar tetep gakbisa. Tolong dong🤦‍♀️,,,,negatif,,Wis isi data penumpang smua tinggal klik bayar nanging layanan ora tersedia terus dari pagi sampai tengah wengi tetep ora bisa bayar .berkali kali buka aplikasi jero sehari mung arep bayar tetep gakbisa. Tulung dong🤦‍♀️,Wis isi data penumpang smua tinggal klik bayar nanging layanan ora tersedia terus dari pagi sampai tengah malam tetep ora bisa bayar .berkali kali buka aplikasi jero sehari mung arep bayar tetep gakbisa. Tolong dong🤦‍♀️,Lah isi data penumpang smua tinggal klik bayar tapi layanan dak tersedia terus dari pagi sampai tengah malam tetep dak pacak bayar .berkali kali buka aplikasi dalem sehari cuman nak bayar tetep gakbisa. Tolong dong🤦‍♀️,lah isi data penumpang smua tinggal klik bayar tapi layanan dak tersedia terus dari pagi sampai tengah malam tetep dak pacak bayar .berkali kali buka aplikasi dalam sehari cuman nak bayar tetep gakbisa. Tolong dong🤦‍♀️
"perasaan sering bgt maintenance nya, dari cara pembayaran lah, dari upgrade lah, kalo pas waktu urgent udah amsyong dah",negatif,,,,,"perasaan sering bgt maintenance nya, dari cara pembayaran yo, dari upgrade yo, yen pas wektu urgent wis amsyong dah","perasaan sering banget maintenance nya, dari cara pembayaran lah, dari upgrade lah, yen pas waktu urgent wis amsyong dah","perasaan sering nian maintenance nyo, dari caro pembayaran lah, dari upgrade lah, men pas waktu urgent lah amsyong dah","perasaan sering bgt maintenance nyo, dari caro pembayaran lah, dari upgrade lah, men pas waktu urgent lah amsyong dah"
"Kalau top up KMT melalui KASPRO Saldonya lama masuknya, ngisi saldo dari kemarin Sampe sekarang belum masuk saldonya. Tolong diperbaiki Aplikasi ini loading terlalu lama, Ditunggu sampe 15 menit , tidak ada saldo masuk. Terima kasih.",,,,negatif,,"Kalau top up KMT melalui KASPRO Saldone suwe mlebune, ngisi saldo dari kemarin Nganti saiki durung mlebu saldone. Tulung benerake Aplikasi iki muter terlalu suwe, Ditunggu nganti 15 menit , ora ana saldo mlebu. Matur nuwun.","Yen top up KMT melalui KASPRO Saldonya lama masuknya, ngisi saldo dari kemarin Sampe saiki belum masuk saldonya. Tolong diperbaiki Aplikasi ini loading terlalu lama, Ditunggu sampe 15 menit , ora ana saldo masuk. Terima kasih.","Men top up KMT melalui KASPRO Saldonyo lama masuknyo, ngisi saldo dari kemarin Sampe sekarang belum masuk saldonyo. Tolong diperbaiki Aplikasi ini loading terlalu lama, Ditunggu sampe 15 menit , dak ado saldo masuk. Terima kasih.","men top up KMT melalui KASPRO Saldonyo lama masuknyo, ngisi saldo dari kemarin Sampe sekarang belum masuk saldonyo. Tolong diperbaiki Aplikasi ini loading terlalu lama, Ditunggu sampe 15 menit , dak ado saldo masuk. Terima kasih."
"Sangat sangat kecewa dengan aplikasi ini, waktu dari konfirmasi pembayarannya ke dapat e-tiketnya di aplikasi sangat sangat lama padahal seharusnya dengan aplikasi bisa lebih cepat dan efisien. Akhirnya saya ketinggalan kereta dan pembayaran yg saya lakukan percuma. Tolong diperhatikan dan ditingkatkan lagi performa aplikasinya.",,,negatif,negatif,,"Banget banget kecewa karo aplikasi iki, wektu dari konfirmasi pembayarane menyang dapat e-tiketnya ing aplikasi banget banget suwe padahal seharusnya karo aplikasi bisa luwih cepet lan efisien. Akhirnya aku ketinggalan sepur lan pembayaran yg aku lakukan percuma. Tulung diperhatikan lan ditingkatkan maneh performa aplikasinya.","Banget banget kecewa karo aplikasi ini, waktu dari konfirmasi pembayarannya ke dapat e-tiketnya di aplikasi banget banget lama padahal seharusnya karo aplikasi bisa lebih cepet dan efisien. Akhirnya aku ketinggalan kereta dan pembayaran yg aku lakukan percuma. Tolong diperhatikan dan ditingkatkan lagi performa aplikasinya.","Nian nian kecewa pake aplikasi ini, waktu dari konfirmasi pembayarannyo ke dapat e-tiketnyo di aplikasi nian nian lama padahal seharusnyo pake aplikasi pacak lebih cepet dan efisien. Akhirnyo aku ketinggalan kereta dan pembayaran yg aku lakukan percuma. Tolong diperhatikan dan ditingkatkan lagi performa aplikasinyo.","nian nian kecewa dengan aplikasi ini, waktu dari konfirmasi pembayarannyo ke dapat e-tiketnyo di aplikasi nian nian lama padahal seharusnyo dengan aplikasi pacak lebih cepet dan efisien. Akhirnyo aku ketinggalan kereta dan pembayaran yg aku lakukan percuma. Tolong diperhatikan dan ditingkatkan lagi performa aplikasinyo."
"Isi 10.000 yang diterima 7.100, ini belum termasuk pajak?",,,,negatif,,"Isi 10.000 sing diterima 7.100, iki durung termasuk pajak?","Isi 10.000 yang diterima 7.100, ini belum termasuk pajak?","Isi 10.000 yang diterima 7.100, ini belum termasuk pajak?","Isi 10.000 yang diterima 7.100, ini belum termasuk pajak?"
Saya beli tiket lebaran giliran mau pembayaran loadingnya 1 jam akhirnya gagal gak dapat tiket.tolong diperbaiki sistemnya terutama SDM NYA!!!!!,,,,negatif,,Aku tumbas tiket lebaran giliran arep pembayaran loadingnya 1 jam akhirnya gagal ora dapat tiket.tulung benerake sistemnya terutama SDM NYA!!!!!,Aku beli tiket lebaran giliran arep pembayaran loadingnya 1 jam akhirnya gagal ora dapat tiket.tolong diperbaiki sistemnya terutama SDM NYA!!!!!,Aku beli tiket lebaran giliran nak pembayaran loadingnyo 1 jam akhirnyo gagal dak dapat tiket.tolong diperbaiki sistemnyo terutama SDM nyo!!!!!,aku beli tiket lebaran giliran nak pembayaran loadingnyo 1 jam akhirnyo gagal dak dapat tiket.tolong diperbaiki sistemnyo terutama SDM NYA!!!!!
"Proses pengembalian dana refund sangat sullit sekali,nilainya gak seberapa,tp kita beli tiket terjadwal bukan tanpa alasan tiba² di perjalanan di cancel tanpa ada solusi,rencana jadi kacau,munkin proses dana refund mudah sih masih oke",,,,negatif,,"Proses pengembalian dana refund banget sullit sekali,nilainya ora seberapa,tp kowe tumbas tiket terjadwal bukan tanpa alasan tiba² ing perjalanan ing cancel tanpa ana solusi,rencana dadi kacau,munkin proses dana refund gampang sih isih wis apik","Proses pengembalian dana refund banget sullit pisan,nilainya ora seberapa,tp kabeh beli tiket terjadwal dudu tanpa alasan tiba² di perjalanan di cancel tanpa ana solusi,rencana jadi kacau,munkin proses dana refund gampang sih masih oke","Proses pengembalian dana refund nian sullit nian,nilainyo dak seberapa,tp kito beli tiket terjadwal bukan tanpa alasan tiba² di perjalanan di cancel tanpa ado solusi,rencana jadi kacau,munkin proses dana refund gampang sih masih oke","Proses pengembalian dana refund nian sullit nian,nilainyo dak seberapa,tp kito beli tiket terjadwal bukan tanpa alasan tiba² di perjalanan di cancel tanpa ado solusi,rencana jadi kacau,munkin proses dana refund gampang sih masih oke"
"Saya semalam sudah melakukan top up kaipay melalui mbanking ,saldo di livin sudah terpotong tetapi sampai sekarang saldo kaipay nya tetap 0 sudah mencoba menghubungi cs tapi respon nya terlalu lama",,,,negatif,,"Aku semalam wis melakukan top up kaipay melalui mbanking ,saldo ing livin wis terpotong tetapi sampai saiki saldo kaipay nya tetap 0 wis mencoba menghubungi cs nanging respon nya terlalu suwe","Aku semalam wis melakukan top up kaipay melalui mbanking ,saldo di livin wis terpotong tetapi sampai saiki saldo kaipay nya tetap 0 wis mencoba menghubungi cs nanging respon nya terlalu lama","Aku semalam lah melakukan top up kaipay melalui mbanking ,saldo di livin lah terpotong tetapi sampai sekarang saldo kaipay nyo tetap 0 lah mencoba menghubungi cs tapi respon nyo terlalu lama","aku semalam lah melakukan top up kaipay melalui mbanking ,saldo di livin lah terpotong tetapi sampai sekarang saldo kaipay nyo tetap 0 lah mencoba menghubungi cs tapi respon nyo terlalu lama"
"Kenapa 1? karena udah pesen 2 kali gagal terus, uang gak kembali, operator tidak membantu sama sekali",,,negatif,negatif,,"Kena apa 1? karena wis pesen 2 kali gagal terus, uang ora bali, operator ora mbantu padha sekali","Kena apa 1? karena wis pesen 2 kali gagal terus, dhuwit ora kembali, operator ora membantu karo pisan","Ngapo 1? karena lah pesen 2 kali gagal terus, duet dak kembali, operator dak membantu samo nian","ngapo 1? karena lah pesen 2 kali gagal terus, duet dak kembali, operator dak membantu samo nian"
"Aplikasi sampah, banyak ngebug, kebanyakan konsumen yg sangat kecewa, aplikasi macam pribadi sendiri, tiap transaksi saldo kepotong sendiri belum deal buat beli tiketnya, Uang untuk beli tiketnya kaga bisa di kembalikan, alasan ABCD,ini layanan untuk konsumen sendiri bukan buat bisnis pribadi atau perorangan, Komplain kaga di jawab, Ranting Sangattttt jelek, buatan pt access terjelek buat Transaksi untuk traveling,Jadi..!!!! Jangan seenak nya!!!!!",,,,negatif,,"Aplikasi sampah, akeh ngebug, kakehan konsumen yg banget kecewa, aplikasi macam pribadi sendiri, saben transaksi saldo kepotong sendiri durung deal kanggo tumbas tiketnya, Uang kanggo tumbas tiketnya kaga bisa ing kembalikan, alasan ABCD,iki layanan kanggo konsumen sendiri bukan kanggo bisnis pribadi utawa perorangan, Komplain kaga ing jawab, Ranting Sangattttt jelek, buatan pt access terjelek kanggo Transaksi kanggo traveling,Dadi..!!!! Aja seenak nya!!!!!","Aplikasi sampah, banyak ngebug, kebanyakan konsumen yg banget kecewa, aplikasi macam pribadi dhewe, tiap transaksi saldo kepotong dhewe belum deal buat beli tiketnya, Dhuwit untuk beli tiketnya kaga bisa di kembalikan, alasan ABCD,ini layanan untuk konsumen dhewe dudu buat bisnis pribadi atau perorangan, Komplain kaga di jawab, Ranting Sangattttt jelek, buatan pt access terjelek buat Transaksi untuk traveling,Jadi..!!!! Jangan seenak nya!!!!!","Aplikasi sampah, banyak ngebug, kebanyakan konsumen yg nian kecewa, aplikasi macam pribadi dewek, tiap transaksi saldo kepotong dewek belum deal buat beli tiketnyo, Duet untuk beli tiketnyo kaga pacak di kembalikan, alasan ABCD,ini layanan untuk konsumen dewek bukan buat bisnis pribadi atau perorangan, Komplain kaga di jawab, Ranting Sangattttt jelek, buatan pt access terjelek buat Transaksi untuk traveling,Jadi..!!!! Jangan seenak nyo!!!!!","Aplikasi sampah, banyak ngebug, kebanyakan konsumen yg nian kecewa, aplikasi macam pribadi sendiri, tiap transaksi saldo kepotong sendiri belum deal buat beli tiketnyo, duet untuk beli tiketnyo kaga pacak di kembalikan, alasan ABCD,ini layanan untuk konsumen sendiri bukan buat bisnis pribadi atau perorangan, Komplain kaga di jawab, Ranting Sangattttt jelek, buatan pt access terjelek buat Transaksi untuk traveling,Jadi..!!!! Jangan seenak nyo!!!!!"
"Cari tiket lebaran baru 1 menit dh habis saat pembayaran,, Sudah terlanjur isi saldo tiket habis uang pun tidak dpt ditarik kembali,, Harusnya saldo bisa dikirim/ditransfer, Jadi uang tertahan di aplikasi,, semoga diperbaiki LG, Harus ada kirim/transfer saldo, Klau sdh ad NNT Bru rubah *",,,negatif,negatif,,"Cari tiket lebaran anyar 1 menit dh habis wektu pembayaran,, Wis terlanjur isi saldo tiket habis uang pun ora dpt ditarik bali,, Harusnya saldo bisa dikirim/ditransfer, Dadi uang tertahan ing aplikasi,, muga-muga benerake LG, Kudu ana kirim/transfer saldo, Klau sdh ad NNT Bru rubah *","Cari tiket lebaran baru 1 menit dh habis saat pembayaran,, Wis terlanjur isi saldo tiket habis dhuwit pun ora dpt ditarik kembali,, Harusnya saldo bisa dikirim/ditransfer, Jadi dhuwit tertahan di aplikasi,, semoga diperbaiki LG, Harus ana kirim/transfer saldo, Klau sdh ad NNT Bru rubah *","Cari tiket lebaran baru 1 menit dh habis saat pembayaran,, Lah terlanjur isi saldo tiket habis duet pun dak dpt ditarik kembali,, Harusnyo saldo pacak dikirim/ditransfer, Jadi duet tertahan di aplikasi,, semoga diperbaiki LG, Harus ado kirim/transfer saldo, Klau sdh ad NNT Bru rubah *","Cari tiket lebaran baru 1 menit dh habis saat pembayaran,, lah terlanjur isi saldo tiket habis duet pun dak dpt ditarik kembali,, Harusnyo saldo pacak dikirim/ditransfer, Jadi duet tertahan di aplikasi,, semoga diperbaiki LG, Harus ado kirim/transfer saldo, Klau sdh ad NNT Bru rubah *"
"Aplikasi ga bisa diandalkan. Ikut pesan tiket lebaran, sudah masuk antiran, sudah berhasil pilih kereta, tapi saat proses pembayaran statusnya 'time out' terus. Mengecewakan sekali",,,,negatif,,"Aplikasi ora bisa diandalkan. Ikut pesen tiket lebaran, wis mlebu antiran, wis berhasil pilih sepur, nanging wektu proses pembayaran statusnya 'time out' terus. Mengecewakan sekali","Aplikasi ora bisa diandalkan. Ikut pesen tiket lebaran, wis masuk antiran, wis berhasil pilih kereta, nanging saat proses pembayaran statusnya 'time out' terus. Mengecewakan pisan","Aplikasi dak pacak diandalkan. Ikut pesan tiket lebaran, lah masuk antiran, lah berhasil pilih kereta, tapi saat proses pembayaran statusnyo 'time out' terus. Mengecewakan nian","Aplikasi ga pacak diandalkan. Ikut pesan tiket lebaran, lah masuk antiran, lah berhasil pilih kereta, tapi saat proses pembayaran statusnyo 'time out' terus. Mengecewakan nian"
"PARAHH, sistem down. Ga bisa check out tiket. Muncul notif time out dsb. Ditambah waktu payment juga ga bisa. Ini KAI terparah karena di tahun tahun sebelumnya server KAI tidak sampai seperti ini",,,negatif,negatif,,"PARAHH, sistem down. Ora bisa check out tiket. Muncul notif time out dsb. Ditambah wektu payment uga ora bisa. Iki KAI terparah karena ing tahun tahun sebelumnya server KAI ora sampai seperti iki","PARAHH, sistem down. Ora bisa check out tiket. Muncul notif time out dsb. Ditambah waktu payment uga ora bisa. Ini KAI terparah karena di tahun tahun sebelumnya server KAI ora sampai kaya ini","PARAHH, sistem down. Dak pacak check out tiket. Muncul notif time out dsb. Ditambah waktu payment jugo dak pacak. Ini KAI terparah karena di tahun tahun sebelumnyo server KAI dak sampai cak ini","PARAHH, sistem down. Ga pacak check out tiket. Muncul notif time out dsb. Ditambah waktu payment jugo ga pacak. Ini KAI terparah karena di tahun tahun sebelumnyo server KAI dak sampai cak ini"
"Aplikasi sering bug pada saat pembayaran baik itu melalui QRIS ataupun KAIPAY loading lama yang akhirnya time out, telepon Contact Center 121 tidak pernah respon atau tidak pernah diangkat teleponnya.",,,,negatif,,"Aplikasi sering bug pada wektu pembayaran baik kuwi melalui QRIS ataupun KAIPAY muter suwe sing akhirnya time out, telepon Contact Center 121 ora pernah respon utawa ora pernah diangkat teleponnya.","Aplikasi sering bug pada saat pembayaran apik itu melalui QRIS ataupun KAIPAY loading lama yang akhirnya time out, telepon Contact Center 121 ora pernah respon atau ora pernah diangkat teleponnya.","Aplikasi sering bug pada saat pembayaran baek itu melalui QRIS ataupun KAIPAY loading lama yang akhirnyo time out, telepon Contact Center 121 dak pernah respon atau dak pernah diangkat teleponnyo.","Aplikasi sering bug pada saat pembayaran baek itu melalui QRIS ataupun KAIPAY loading lama yang akhirnyo time out, telepon Contact Center 121 dak pernah respon atau dak pernah diangkat teleponnyo."
"Parah banget, masa setelah update, saya udah dua kali bayar tiket lokal pake QRIS BCA, tapi tiketnya pas dicek ga ada😭😭😭 Tiket lokal cuma goceng, kebayang kalo kejadiannya pas beli tiket antarkota😭",,,negatif,negatif,,"Parah banget, mangsa sawise nganyari, aku wis loro kali bayar tiket lokal nganggo QRIS BCA, nanging tiketnya pas dicek ora ana😭😭😭 Tiket lokal mung goceng, kebayang yen kejadiannya pas tumbas tiket antarkota😭","Parah banget, masa setelah update, aku wis dua kali bayar tiket lokal pake QRIS BCA, nanging tiketnya pas dicek ora ana😭😭😭 Tiket lokal mung goceng, kebayang yen kejadiannya pas beli tiket antarkota😭","Parah nian, masa setelah update, aku lah dua kali bayar tiket lokal pake QRIS BCA, tapi tiketnyo pas dicek dak ado😭😭😭 Tiket lokal cuman goceng, kebayang men kejadiannyo pas beli tiket antarkota😭","Parah nian, masa setelah update, aku lah dua kali bayar tiket lokal pake QRIS BCA, tapi tiketnyo pas dicek ga ado😭😭😭 Tiket lokal cuman goceng, kebayang men kejadiannyo pas beli tiket antarkota😭"
"Jaringan bagus buka aplikasi lain lancar, tapi buka KAI error terus. Saldo masuknya lama, katanya biaya admin dipotong dari bank langsung, padahal bank nya tanpa biaya admin tapi pas masuk tiba tiba kepotong 1.500rupiah, yah walau dikit tp harusnya ada pemberitahuan. Kalo gini misal mau beli tiket kurang 1.500 ya gabisa. Tolong perbaiki lagi aplikasinya",negatif,,,negatif,,"Jaringan apik buka aplikasi lain lancar, nanging buka KAI error terus. Saldo mlebune suwe, jarene biaya admin dipotong dari bank langsung, padahal bank nya tanpa biaya admin nanging pas mlebu tiba tiba kepotong 1.500rupiah, ya walau dikit tp harusnya ana pemberitahuan. Yen gini misal arep tumbas tiket kurang 1.500 ya gabisa. Tulung benerake maneh aplikasinya","Jaringan apik buka aplikasi lain lancar, nanging buka KAI rusak terus. Saldo masuknya lama, katanya biaya admin dipotong dari bank langsung, padahal bank nya tanpa biaya admin nanging pas masuk tiba tiba kepotong 1.500rupiah, yah walau dikit tp harusnya ana pemberitahuan. Yen gini misal arep beli tiket kurang 1.500 ya gabisa. Tolong perbaiki lagi aplikasinya","Jaringan bagus buka aplikasi lain lancar, tapi buka KAI error terus. Saldo masuknyo lama, katanyo biaya admin dipotong dari bank langsung, padahal bank nyo tanpa biaya admin tapi pas masuk tiba tiba kepotong 1.500rupiah, yah walau dikit tp harusnyo ado pemberitahuan. Men gini misal nak beli tiket kurang 1.500 ya gabisa. Tolong perbaiki lagi aplikasinyo","Jaringan bagus buka aplikasi lain lancar, tapi buka KAI error terus. Saldo masuknyo lama, katanyo biaya admin dipotong dari bank langsung, padahal bank nyo tanpa biaya admin tapi pas masuk tiba tiba kepotong 1.500rupiah, yah walau dikit tp harusnyo ado pemberitahuan. men gini misal nak beli tiket kurang 1.500 ya gabisa. Tolong perbaiki lagi aplikasinyo"
Setiap mau bayar tulisannya terjadi kesalahan muluuu ini udah beberapa kali gue pesen tapi pas mau bayar gitu muluuu,,,,negatif,,Saben arep bayar tulisannya terjadi kesalahan muluuu iki wis beberapa kali gue pesen nanging pas arep bayar gitu muluuu,Setiap arep bayar tulisannya terjadi kesalahan muluuu ini wis beberapa kali aku pesen nanging pas arep bayar gitu muluuu,Setiap nak bayar tulisannyo terjadi kesalahan muluuu ini lah beberapa kali aku pesen tapi pas nak bayar gitu muluuu,Setiap nak bayar tulisannyo terjadi kesalahan muluuu ini lah beberapa kali aku pesen tapi pas nak bayar gitu muluuu
"Tolong dong min, tiket udh di batalin tapi uang belum masuk ke rekening",,,,negatif,,"Tulung dong min, tiket wis ing batalin nanging uang durung mlebu menyang rekening","Tolong dong min, tiket wis di batalin nanging dhuwit belum masuk ke rekening","Tolong dong min, tiket lah di batalin tapi duet belum masuk ke rekening","Tolong dong min, tiket lah di batalin tapi duet belum masuk ke rekening"
"beli tiket kereta api aja gak bisa nih, padahal KAIPAY udah di isi parah ni aplikasi ini",,,negatif,,,"tumbas tiket sepur api aja ora bisa nih, padahal KAIPAY wis ing isi parah ni aplikasi iki","beli tiket kereta api wae ora bisa nih, padahal KAIPAY wis di isi parah ni aplikasi ini","beli tiket kereta api bae dak pacak nih, padahal KAIPAY lah di isi parah ni aplikasi ini","beli tiket kereta api bae dak pacak nih, padahal KAIPAY lah di isi parah ni aplikasi ini"
"Sumpah aplikasi yang buruk.... Binding shopee udah beres,giliran mau bayar gagal terus... Kalo bikin aplikasi tolong yang sdikit berguna,jangan bikin susah",,,,negatif,,"Sumpah aplikasi sing buruk.... Binding shopee wis beres,giliran arep bayar gagal terus... Yen bikin aplikasi tulung sing sdikit berguna,aja bikin susah","Sumpah aplikasi yang ala.... Binding shopee wis beres,giliran arep bayar gagal terus... Yen bikin aplikasi tolong yang sdikit berguna,jangan bikin susah","Sumpah aplikasi yang buruk.... Binding shopee lah beres,giliran nak bayar gagal terus... Men bikin aplikasi tolong yang sdikit berguna,jangan bikin susah","Sumpah aplikasi yang buruk.... Binding shopee lah beres,giliran nak bayar gagal terus... men bikin aplikasi tolong yang sdikit berguna,jangan bikin susah"
"Top up saldo dari jam 13:50 sampai jam 18:03 belum masuk juga saldo nya,,terlalu lelet aplikasi nya",,,,negatif,,"Top up saldo dari jam 13:50 sampai jam 18:03 durung mlebu uga saldo nya,,terlalu alon aplikasi nya","Top up saldo dari jam 13:50 sampai jam 18:03 belum masuk uga saldo nya,,terlalu alon aplikasi nya","Top up saldo dari jam 13:50 sampai jam 18:03 belum masuk jugo saldo nyo,,terlalu lelet aplikasi nyo","Top up saldo dari jam 13:50 sampai jam 18:03 belum masuk jugo saldo nyo,,terlalu lelet aplikasi nyo"
"Lama banget sih, topupnya. Udh 15 menit tidak masuk "" . Woy perbaiki ini kendala",,,,negatif,,"Suwe banget sih, topupnya. Wis 15 menit ora mlebu "" . Woy benerake iki kendala","Lama banget sih, topupnya. Wis 15 menit ora masuk "" . Woy perbaiki ini kendala","Lama nian sih, topupnyo. Lah 15 menit dak masuk "" . Woy perbaiki ini kendala","Lama nian sih, topupnyo. lah 15 menit dak masuk "" . Woy perbaiki ini kendala"
"Pertama.. Kenapa dikasih waktu milih tiketnyaa cuman beberapaaa detiikk sih KAI??? Udah mau lanjut payment tiketnya malah habis diwaktuu😭😭 diulang"" jugaa hasilnya sama! Kedua.. Pengalaman sudah berhasil transaksi pembayaran,,tapi tiketnyaa hangus karna kehabisan waktu.. what do you mean?? Haa?? Ku harus belii ulang tiketnya sampe top up ke aplikasi KAI,,tapi adminmuu gedee bgt woy.. udah nombok tiket dobel,,nombok admin.. paraaaahhhhh",,,negatif,negatif,,"Pertama.. Kena apa dikasih wektu milih tiketnyaa cuman beberapaaa detiikk sih KAI??? Wis arep lanjut payment tiketnya malah habis diwaktuu😭😭 diulang"" jugaa hasilnya padha! Kedua.. Pengalaman wis berhasil transaksi pembayaran,,nanging tiketnyaa hangus karna kehabisan wektu.. what do you mean?? Haa?? Ku kudu belii ulang tiketnya nganti top up menyang aplikasi KAI,,nanging adminmuu gedee bgt woy.. wis nombok tiket dobel,,nombok admin.. paraaaahhhhh","Pertama.. Kena apa dikasih waktu milih tiketnyaa cuman beberapaaa detiikk sih KAI??? Wis arep lanjut payment tiketnya malah habis diwaktuu😭😭 diulang"" jugaa hasilnya karo! Kedua.. Pengalaman wis berhasil transaksi pembayaran,,nanging tiketnyaa hangus karna kehabisan waktu.. what do you mean?? Haa?? Ku harus belii ulang tiketnya sampe top up ke aplikasi KAI,,nanging adminmuu gedee banget woy.. wis nombok tiket dobel,,nombok admin.. paraaaahhhhh","Pertama.. Ngapo dikasih waktu milih tiketnyaa cuman beberapaaa detiikk sih KAI??? Lah nak lanjut payment tiketnyo malah habis diwaktuu😭😭 diulang"" jugaa hasilnyo samo! Kedua.. Pengalaman lah berhasil transaksi pembayaran,,tapi tiketnyaa hangus karna kehabisan waktu.. what do you mean?? Haa?? Ku harus belii ulang tiketnyo sampe top up ke aplikasi KAI,,tapi adminmuu gedee nian woy.. lah nombok tiket dobel,,nombok admin.. paraaaahhhhh","Pertama.. ngapo dikasih waktu milih tiketnyaa cuman beberapaaa detiikk sih KAI??? lah nak lanjut payment tiketnyo malah habis diwaktuu😭😭 diulang"" jugaa hasilnyo samo! Kedua.. Pengalaman lah berhasil transaksi pembayaran,,tapi tiketnyaa hangus karna kehabisan waktu.. what do you mean?? Haa?? Ku harus belii ulang tiketnyo sampe top up ke aplikasi KAI,,tapi adminmuu gedee bgt woy.. lah nombok tiket dobel,,nombok admin.. paraaaahhhhh"
"Pembayarannya error terus udh pilih shopee tp loading pake qris sempet erroe bbrp kali, pake dompet kai udh top up eh lama masuknya alhasil pas udh bisa d bayar pake qris eh malah masuk saldonya smg nanti d perbaiki lg system pembayarannya",,,,negatif,,"Pembayarane error terus wis pilih shopee tp muter nganggo qris sempet erroe bbrp kali, nganggo dompet kai wis top up eh suwe mlebune alhasil pas wis bisa d bayar nganggo qris eh malah mlebu saldone smg nanti d benerake lg system pembayarane","Pembayarannya rusak terus wis pilih shopee tp loading pake qris sempet erroe bbrp kali, pake dompet kai wis top up eh lama masuknya alhasil pas wis bisa d bayar pake qris eh malah masuk saldonya smg nanti d perbaiki lg system pembayarannya","Pembayarannyo error terus lah pilih shopee tp loading pake qris sempet erroe bbrp kali, pake dompet kai lah top up eh lama masuknyo alhasil pas lah pacak d bayar pake qris eh malah masuk saldonyo smg nanti d perbaiki lg system pembayarannyo","Pembayarannyo error terus lah pilih shopee tp loading pake qris sempet erroe bbrp kali, pake dompet kai lah top up eh lama masuknyo alhasil pas lah pacak d bayar pake qris eh malah masuk saldonyo smg nanti d perbaiki lg system pembayarannyo"
Tolong dong dari pihak developer apk ini bila perlu ditingkatin lagi kecepatannya dalam bertransaksi daring. Saya Top up saldo di apk ini lama banget masuknya. Tq,,,,negatif,,Tulung dong dari pihak developer apk iki bila perlu ditingkatin maneh kecepatannya jero bertransaksi daring. Aku Top up saldo ing apk iki suwe banget mlebune. Tq,Tolong dong dari pihak developer apk ini bila perlu ditingkatin lagi kecepatannya jero bertransaksi daring. Aku Top up saldo di apk ini lama banget masuknya. Tq,Tolong dong dari pihak developer apk ini bila perlu ditingkatin lagi kecepatannyo dalem bertransaksi daring. Aku Top up saldo di apk ini lama nian masuknyo. Tq,Tolong dong dari pihak developer apk ini bila perlu ditingkatin lagi kecepatannyo dalam bertransaksi daring. aku Top up saldo di apk ini lama nian masuknyo. Tq
"Saya tadi sudah melakukan laporan terkait pembayaran, rupanya pembayaran saya gagal lalu muncul notif gagal pembayaran, tapi dana saya sudah terpotong, dan ada keterangan di apk silahkan menghubungi CS, lalu saya hubungi CS dan rupanya suruh buat laporan sendiri melalui email ke email tujuan yg di ejakan oleh CS secara prosedur salah dan tidak masuk akan, CS seharusnya yg melaporkan bukanya menyuruh pelanggan melaporkan sendiri, dan ada lagi pemotongan Admin sebesar 12.000 rupiah, tdk masuk akal",,,,negatif,,"Aku tadi wis melakukan laporan terkait pembayaran, rupanya pembayaran aku gagal lalu muncul notif gagal pembayaran, nanging dana aku wis terpotong, lan ana keterangan ing apk silahkan menghubungi CS, lalu aku hubungi CS lan rupanya suruh kanggo laporan sendiri melalui email menyang email tujuan yg ing ejakan oleh CS secara prosedur salah lan ora mlebu akan, CS seharusnya yg melaporkan mbokmenawa menyuruh pelanggan melaporkan sendiri, lan ana maneh pemotongan Admin sebesar 12.000 rupiah, tdk mlebu akal","Aku tadi wis melakukan laporan terkait pembayaran, rupanya pembayaran aku gagal lalu muncul notif gagal pembayaran, nanging dana aku wis terpotong, dan ana keterangan di apk silahkan menghubungi CS, lalu aku hubungi CS dan rupanya suruh buat laporan dhewe melalui email ke email tujuan yg di ejakan oleh CS secara prosedur salah dan ora masuk akan, CS seharusnya yg melaporkan bukanya menyuruh pelanggan melaporkan dhewe, dan ana lagi pemotongan Admin sebesar 12.000 rupiah, tdk masuk akal","Aku tadi lah melakukan laporan terkait pembayaran, rupanyo pembayaran aku gagal lalu muncul notif gagal pembayaran, tapi dana aku lah terpotong, dan ado keterangan di apk silahkan menghubungi CS, lalu aku hubungi CS dan rupanyo suruh buat laporan dewek melalui email ke email tujuan yg di ejakan oleh CS secara prosedur salah dan dak masuk akan, CS seharusnyo yg melaporkan bukanyo menyuruh pelanggan melaporkan dewek, dan ado lagi pemotongan Admin sebesar 12.000 rupiah, dak masuk akal","aku tadi lah melakukan laporan terkait pembayaran, rupanyo pembayaran aku gagal lalu muncul notif gagal pembayaran, tapi dana aku lah terpotong, dan ado keterangan di apk silahkan menghubungi CS, lalu aku hubungi CS dan rupanyo suruh buat laporan sendiri melalui email ke email tujuan yg di ejakan oleh CS secara prosedur salah dan dak masuk akan, CS seharusnyo yg melaporkan bukanyo menyuruh pelanggan melaporkan sendiri, dan ado lagi pemotongan Admin sebesar 12.000 rupiah, tdk masuk akal"
"Isi kai pay nya harus ya nunggu 15 menit, sampai akhirnya kehabisan tiket gegara nunggu saldo kai pay aja.. Belum lagi nge bug kadang2 sedih sama banget ga kebagian tempat duduk 🥲",,,negatif,negatif,,"Isi kai pay nya kudu ya nunggu 15 menit, sampai akhirnya kehabisan tiket gegara nunggu saldo kai pay aja.. Durung maneh nge bug kadang2 sedih padha banget ora kebagian tempat duduk 🥲","Isi kai pay nya harus ya nunggu 15 menit, sampai akhirnya kehabisan tiket gegara nunggu saldo kai pay wae.. Belum lagi nge bug kadang2 sedih karo banget ora kebagian tempat duduk 🥲","Isi kai pay nyo harus ya nunggu 15 menit, sampai akhirnyo kehabisan tiket gegara nunggu saldo kai pay bae.. Belum lagi nge bug kadang2 sedih samo nian dak kebagian tempat duduk 🥲","Isi kai pay nyo harus ya nunggu 15 menit, sampai akhirnyo kehabisan tiket gegara nunggu saldo kai pay bae.. Belum lagi nge bug kadang2 sedih samo nian ga kebagian tempat duduk 🥲"
Mau masuk pembayaran susah sekali..top up jg harus nunggu 15 mnt pdhal udh buru2...pdahal mobile yg lain sedetik aja udh ke isi..loading ya lama polll...pdhal sinyal bagus bgt..sangat lelet sekali aplikasinya..bikin emosi untuk kaum yg sabarnya setipis bulu ketek kek saya,,,,negatif,,Arep mlebu pembayaran susah sekali..top up jg kudu nunggu 15 mnt padahal wis buru2...pdahal mobile yg lain sedetik aja wis menyang isi..muter ya suwe polll...padahal sinyal apik bgt..banget alon sekali aplikasinya..bikin emosi kanggo kaum yg sabarnya setipis bulu ketek kek aku,Arep masuk pembayaran susah pisan..top up jg harus nunggu 15 mnt pdhal wis buru2...pdahal mobile yg lain sedetik wae wis ke isi..loading ya lama polll...pdhal sinyal apik banget..banget alon pisan aplikasinya..bikin emosi untuk kaum yg sabarnya setipis bulu ketek kek aku,Nak masuk pembayaran susah nian..top up jg harus nunggu 15 mnt pdhal lah buru2...pdahal mobile yg lain sedetik bae lah ke isi..loading ya lama polll...pdhal sinyal bagus nian..nian lelet nian aplikasinyo..bikin emosi untuk kaum yg sabarnyo setipis bulu ketek kek aku,nak masuk pembayaran susah nian..top up jg harus nunggu 15 mnt pdhal lah buru2...pdahal mobile yg lain sedetik bae lah ke isi..loading ya lama polll...pdhal sinyal bagus bgt..nian lelet nian aplikasinyo..bikin emosi untuk kaum yg sabarnyo setipis bulu ketek kek aku
"Baru pertama kali mau coba top up saldo disitu, udh pake internet banking dan pas dicoba saldo nya gamasuk. Padahal dah kirim saldo",,,,negatif,,"Anyar pertama kali arep coba top up saldo disitu, wis nganggo internet banking lan pas dicoba saldo nya gamasuk. Padahal dah kirim saldo","Baru pertama kali arep coba top up saldo disitu, wis pake internet banking dan pas dicoba saldo nya gamasuk. Padahal dah kirim saldo","Baru pertama kali nak coba top up saldo disitu, lah pake internet banking dan pas dicoba saldo nyo gamasuk. Padahal dah kirim saldo","Baru pertama kali nak coba top up saldo disitu, lah pake internet banking dan pas dicoba saldo nyo gamasuk. Padahal dah kirim saldo"
"habis di upgrade jadi lemot bangett... !!!! pembayaran lewat e-we allet sudah berhasil, saldo juga sudah berkurang. tiba tiba di aplikasi kai acces ada notif pembayaran gagal. padahal saldoku udah berkurang. sumpah semakin kesini . gak banget pelayanan nya. mana urgent butuh tiket buat pulang. tiba tiba ada notif gitu, tiket ya tidak ada hah. gimana ini kai acces kok jadi jelek banget gini 😤😤",,,negatif,negatif,,"habis ing upgrade dadi lemot bangett... !!!! pembayaran lewat e-we allet wis berhasil, saldo uga wis murah. tiba tiba ing aplikasi kai acces ana notif pembayaran gagal. padahal saldoku wis murah. sumpah sansaya kesini . ora banget pelayanan nya. endi urgent butuh tiket kanggo pulang. tiba tiba ana notif gitu, tiket ya ora ana hah. gimana iki kai acces kok dadi jelek banget gini 😤😤","habis di upgrade jadi lemot bangett... !!!! pembayaran lewat e-we allet wis berhasil, saldo uga wis berkurang. tiba tiba di aplikasi kai acces ana notif pembayaran gagal. padahal saldoku wis berkurang. sumpah semakin kesini . ora banget pelayanan nya. mana urgent butuh tiket buat pulang. tiba tiba ana notif gitu, tiket ya ora ana hah. kepriye ini kai acces kok jadi jelek banget gini 😤😤","habis di upgrade jadi lemot bangett... !!!! pembayaran lewat e-we allet lah berhasil, saldo jugo lah berkurang. tiba tiba di aplikasi kai acces ado notif pembayaran gagal. padahal saldoku lah berkurang. sumpah semakin kesini . dak nian pelayanan nyo. mana urgent butuh tiket buat pulang. tiba tiba ado notif gitu, tiket ya dak ado hah. cakmno ini kai acces kok jadi jelek nian gini 😤😤","habis di upgrade jadi lemot bangett... !!!! pembayaran lewat e-we allet lah berhasil, saldo jugo lah berkurang. tiba tiba di aplikasi kai acces ado notif pembayaran gagal. padahal saldoku lah berkurang. sumpah semakin kesini . dak nian pelayanan nyo. mana urgent butuh tiket buat pulang. tiba tiba ado notif gitu, tiket ya dak ado hah. cakmno ini kai acces kok jadi jelek nian gini 😤😤"
"Proses refund sangat menyulitkan, saya hanya memesankan tiket org.. saat refund hrs pake rekening / wallet nama penumpang. Padahal pembayaran pakai rekening bukan nama penumpang 👎🏼👎🏼👎🏼 proses pengembalian ny jg lama sekali sampai 30/45 hari.. mending kemarin sy pake traveloka gk seribet ini .. jujur saya kecewa bgt !",,,,negatif,,"Proses refund banget menyulitkan, aku hanya memesankan tiket org.. wektu refund hrs nganggo rekening / wallet nama penumpang. Padahal pembayaran nganggo rekening bukan nama penumpang 👎🏼👎🏼👎🏼 proses pengembalian ny jg suwe sekali sampai 30/45 dina.. mending kemarin sy nganggo traveloka ora seribet iki .. jujur aku kecewa bgt !","Proses refund banget menyulitkan, aku hanya memesankan tiket wong.. saat refund hrs pake rekening / wallet nama penumpang. Padahal pembayaran pakai rekening dudu nama penumpang 👎🏼👎🏼👎🏼 proses pengembalian ny jg lama pisan sampai 30/45 hari.. mending kemarin sy pake traveloka gk seribet ini .. jujur aku kecewa banget !","Proses refund nian menyulitkan, aku hanyo memesankan tiket wong.. saat refund hrs pake rekening / wallet nama penumpang. Padahal pembayaran pakai rekening bukan nama penumpang 👎🏼👎🏼👎🏼 proses pengembalian ny jg lama nian sampai 30/45 hari.. mending kemarin sy pake traveloka gk seribet ini .. jujur aku kecewa nian !","Proses refund nian menyulitkan, aku hanyo memesankan tiket org.. saat refund hrs pake rekening / wallet nama penumpang. Padahal pembayaran pakai rekening bukan nama penumpang 👎🏼👎🏼👎🏼 proses pengembalian ny jg lama nian sampai 30/45 hari.. mending kemarin sy pake traveloka gk seribet ini .. jujur aku kecewa bgt !"
"2x gagal payment terus di aplikasi gak muncul, padahal di mbanking sukses dan pembayaran berhasil. Di aplikasi tidak muncul transaksi. Respon cust.service juga ribet perlu data ini itu. Kenapa aplikasinya gk semudah yang versi lama?",,,,negatif,,"2x gagal payment terus ing aplikasi ora muncul, padahal ing mbanking sukses lan pembayaran berhasil. Ing aplikasi ora muncul transaksi. Respon cust.service uga ribet perlu data iki kuwi. Kena apa aplikasinya ora semudah sing versi suwe?","2x gagal payment terus di aplikasi ora muncul, padahal di mbanking sukses dan pembayaran berhasil. Di aplikasi ora muncul transaksi. Respon cust.service uga ribet perlu data ini itu. Kena apa aplikasinya gk semudah yang versi lama?","2x gagal payment terus di aplikasi dak muncul, padahal di mbanking sukses dan pembayaran berhasil. Di aplikasi dak muncul transaksi. Respon cust.service jugo ribet perlu data ini itu. Ngapo aplikasinyo gk semudah yang versi lama?","2x gagal payment terus di aplikasi dak muncul, padahal di mbanking sukses dan pembayaran berhasil. Di aplikasi dak muncul transaksi. Respon cust.service jugo ribet perlu data ini itu. ngapo aplikasinyo gk semudah yang versi lama?"
"Makin g jelas apk nya, masa bisa ada keterangan gagal bayar. Jdnya mesen 2x dong gua ah",,,,negatif,,"Makin g cetha apk nya, mangsa bisa ana keterangan gagal bayar. Jdnya mesen 2x dong gua ah","Makin g jelas apk nya, masa bisa ana keterangan gagal bayar. Jdnya mesen 2x dong gua ah","Makin g jelas apk nyo, masa pacak ado keterangan gagal bayar. Jdnyo mesen 2x dong gua ah","Makin g jelas apk nyo, masa pacak ado keterangan gagal bayar. Jdnyo mesen 2x dong gua ah"
Untuk pembayaran via QR code mungkin perlu di pertimbangkan lagi berhubung pembayaran cara ini menghadapi banyak kendala. Lebih baik jika terhubung secara langsung baik antara e wallet seperti ovo atau ke m-banking secara langsung tanpa perantara QR code. Jujur saja penggunaan QR code terasa sangat melelahkan apalagi kalau di gunakan saat error dan kebutuhan mendesak.,,,,negatif,,Kanggo pembayaran lewat QR code mungkin perlu ing pertimbangkan maneh berhubung pembayaran cara iki menghadapi akeh kendala. Luwih baik jika terhubung secara langsung baik antara e wallet seperti ovo utawa menyang m-banking secara langsung tanpa perantara QR code. Jujur saja penggunaan QR code terasa banget melelahkan apalagi kalau ing enggo wektu error lan kebutuhan mendesak.,Untuk pembayaran via QR code mungkin perlu di pertimbangkan lagi berhubung pembayaran cara ini menghadapi banyak kendala. Lebih apik jika terhubung secara langsung apik antara e wallet kaya ovo atau ke m-banking secara langsung tanpa perantara QR code. Jujur wae penggunaan QR code terasa banget melelahkan apalagi yen di gunakan saat rusak dan kebutuhan mendesak.,Untuk pembayaran via QR code mungkin perlu di pertimbangkan lagi berhubung pembayaran caro ini menghadapi banyak kendala. Lebih baek jika terhubung secara langsung baek antara e wallet cak ovo atau ke m-banking secara langsung tanpa perantara QR code. Jujur bae penggunaan QR code terasa nian melelahkan apalagi men di gunakan saat error dan kebutuhan mendesak.,Untuk pembayaran via QR code mungkin perlu di pertimbangkan lagi berhubung pembayaran caro ini menghadapi banyak kendala. Lebih baek jika terhubung secara langsung baek antara e wallet cak ovo atau ke m-banking secara langsung tanpa perantara QR code. Jujur bae penggunaan QR code terasa nian melelahkan apalagi men di gunakan saat error dan kebutuhan mendesak.
"Kenapa error waktu mau top up 🥲, dan uang nya ga masuk padahal saldo udah kepotong. Kok aplikasinya makin gak enak sih setelah di update ☹️",,,,negatif,,"Kena apa error wektu arep top up 🥲, lan uang nya ora mlebu padahal saldo wis kepotong. Kok aplikasinya makin ora enak sih sawise ing nganyari ☹️","Kena apa rusak waktu arep top up 🥲, dan dhuwit nya ora masuk padahal saldo wis kepotong. Kok aplikasinya makin ora enak sih setelah di update ☹️","Ngapo error waktu nak top up 🥲, dan duet nyo dak masuk padahal saldo lah kepotong. Kok aplikasinyo makin dak enak sih setelah di update ☹️","ngapo error waktu nak top up 🥲, dan duet nyo ga masuk padahal saldo lah kepotong. Kok aplikasinyo makin dak enak sih setelah di update ☹️"
"Jelek banget sumpah, mau payment aja sulitnya minta ampun. Metode pemyarannya ga banyak pilihannya untuk yg lokal, mau menyambungkat e-walet gabisa-bisa. Dan udah coba Top Up malah ga masuk, saldo udah ke potong. Udah berapa taun ga naik kereta, kirain udah wah dan sesimpel itu. yeh taunya malah begini ribet",,,,negatif,,"Jelek banget sumpah, arep payment aja sulitnya minta ampun. Cara pemyarannya ora akeh pilihannya kanggo yg lokal, arep menyambungkat e-walet gabisa-bisa. Lan wis coba Top Up malah ora mlebu, saldo wis menyang potong. Wis berapa taun ora naik sepur, kirain wis wah lan sesimpel kuwi. yeh taunya malah begini ribet","Jelek banget sumpah, arep payment wae sulitnya minta ampun. Metode pemyarannya ora banyak pilihannya untuk yg lokal, arep menyambungkat e-walet gabisa-bisa. Dan wis coba Top Up malah ora masuk, saldo wis ke potong. Wis berapa taun ora naik kereta, kirain wis wah dan sesimpel itu. yeh taunya malah begini ribet","Jelek nian sumpah, nak payment bae sulitnyo minta ampun. Metode pemyarannyo dak banyak pilihannyo untuk yg lokal, nak menyambungkat e-walet gabisa-pacak. Dan lah coba Top Up malah dak masuk, saldo lah ke potong. Lah berapa taun dak naik kereta, kirain lah wah dan sesimpel itu. yeh taunyo malah begini ribet","Jelek nian sumpah, nak payment bae sulitnyo minta ampun. Metode pemyarannyo ga banyak pilihannyo untuk yg lokal, nak menyambungkat e-walet gabisa-pacak. Dan lah coba Top Up malah ga masuk, saldo lah ke potong. lah berapa taun ga naik kereta, kirain lah wah dan sesimpel itu. yeh taunyo malah begini ribet"
mudah di gunakan. cuma Kadang suka eror saat melakukan transaksi pembayaran.,,,,negatif,,gampang ing enggo. mung Kadhang suka rusak wektu melakukan transaksi pembayaran.,gampang di gunakan. mung Kadang suka eror saat melakukan transaksi pembayaran.,gampang di gunakan. cuman Kadang suka eror saat melakukan transaksi pembayaran.,gampang di gunakan. cuman Kadang suka eror saat melakukan transaksi pembayaran.
"Pembayaran kalo war tiket tengah malem ribet bgt, pake e wallet gabisa, sudah isi kai pay juga gabisa, bahkan kaipay nya ga kepake samsek, bayar pake qr aja gabisa.",,,,negatif,,"Pembayaran yen war tiket tengah malem ribet bgt, nganggo e wallet gabisa, wis isi kai pay uga gabisa, bahkan kaipay nya ora kepake samsek, bayar nganggo qr aja gabisa.","Pembayaran yen war tiket tengah malem ribet banget, pake e wallet gabisa, wis isi kai pay uga gabisa, bahkan kaipay nya ora kepake samsek, bayar pake qr wae gabisa.","Pembayaran men war tiket tengah malem ribet nian, pake e wallet gabisa, lah isi kai pay jugo gabisa, bahkan kaipay nyo dak kepake samsek, bayar pake qr bae gabisa.","Pembayaran men war tiket tengah malem ribet bgt, pake e wallet gabisa, lah isi kai pay jugo gabisa, bahkan kaipay nyo ga kepake samsek, bayar pake qr bae gabisa."
"Apk versi terbaru nya ngebug, payment nya loading terus",,,,negatif,,"Apk versi terbaru nya ngebug, payment nya muter terus","Apk versi terbaru nya ngebug, payment nya loading terus","Apk versi terbaru nyo ngebug, payment nyo loading terus","Apk versi terbaru nyo ngebug, payment nyo loading terus"
"Enggak bisa di pakai di stasiun Cawang dan Cakung, percuma ada aplikasi , pas mau pakai di LRT malah di alihkan pakai linkk aja katanya aplikasi nya belum siap, padahal udh top up dananya di kai, akhirnya malah ga bisa di pakai sumpah ngerugiin banget",negatif,,,,,"Enggak bisa ing nganggo ing stasiun Cawang lan Cakung, percuma ana aplikasi , pas arep nganggo ing LRT malah ing alihkan nganggo linkk aja jarene aplikasi nya durung siap, padahal wis top up dananya ing kai, akhirnya malah ora bisa ing nganggo sumpah ngerugiin banget","Enggak bisa di pakai di stasiun Cawang dan Cakung, percuma ana aplikasi , pas arep pakai di LRT malah di alihkan pakai linkk wae katanya aplikasi nya belum siap, padahal wis top up dananya di kai, akhirnya malah ora bisa di pakai sumpah ngerugiin banget","Enggak pacak di pakai di stasiun Cawang dan Cakung, percuma ado aplikasi , pas nak pakai di LRT malah di alihkan pakai linkk bae katanyo aplikasi nyo belum siap, padahal lah top up dananyo di kai, akhirnyo malah dak pacak di pakai sumpah ngerugiin nian","Enggak pacak di pakai di stasiun Cawang dan Cakung, percuma ado aplikasi , pas nak pakai di LRT malah di alihkan pakai linkk bae katanyo aplikasi nyo belum siap, padahal lah top up dananyo di kai, akhirnyo malah ga pacak di pakai sumpah ngerugiin nian"
Tolong perbaiki untuk pembayaran kereta lokal ribet banget ngisi kaspro lama banget masuknya pake menu yg lain selalu ga bisa,,,,negatif,,Tulung benerake kanggo pembayaran sepur lokal ribet banget ngisi kaspro suwe banget mlebune nganggo menu yg lain selalu ora bisa,Tolong perbaiki untuk pembayaran kereta lokal ribet banget ngisi kaspro lama banget masuknya pake menu yg lain selalu ora bisa,Tolong perbaiki untuk pembayaran kereta lokal ribet nian ngisi kaspro lama nian masuknyo pake menu yg lain selalu dak pacak,Tolong perbaiki untuk pembayaran kereta lokal ribet nian ngisi kaspro lama nian masuknyo pake menu yg lain selalu ga pacak
"Cs nya parah bgt, mau nanyain masalah pengembalian dana, udah nunggu lama giliran di angkat sama cs nya malah langsung ngomong kalo tidak ada yang bisa kami bantu, kami akhiri panggilan ini...parah kan padahal saya belum ngomong sepatah kata pun.. Pantesan aja ratingnya jelek.",,,,,,"Cs nya parah bgt, arep nanyain masalah pengembalian dana, wis nunggu suwe giliran ing angkat padha cs nya malah langsung ngomong yen ora ana sing bisa kami bantu, kami akhiri panggilan iki...parah kan padahal aku durung ngomong sepatah kata pun.. Pantesan aja rating jelek.","Cs nya parah banget, arep nanyain masalah pengembalian dana, wis nunggu lama giliran di angkat karo cs nya malah langsung ngomong yen ora ana yang bisa kami bantu, kami akhiri panggilan ini...parah kan padahal aku belum ngomong sepatah kata pun.. Pantesan wae ratingnya jelek.","Cs nyo parah nian, nak nanyain masalah pengembalian dana, lah nunggu lama giliran di angkat samo cs nyo malah langsung ngomong men dak ado yang pacak kami bantu, kami akhiri panggilan ini...parah kan padahal aku belum ngomong sepatah kata pun.. Pantesan bae ratingnyo jelek.","Cs nyo parah bgt, nak nanyain masalah pengembalian dana, lah nunggu lama giliran di angkat samo cs nyo malah langsung ngomong men dak ado yang pacak kami bantu, kami akhiri panggilan ini...parah kan padahal aku belum ngomong sepatah kata pun.. Pantesan bae ratingnyo jelek."
"Pembayaran tiket susah sekali, pembayaran direct debit nggak bisa, pembayaran sms mbanking nggak bisa, virtual account hanya satu bank, top up pakai KAIPAY lamaaaaa masuknya, nggak siap online jangan sok2'an.",,,,negatif,,"Pembayaran tiket susah sekali, pembayaran direct debit ora bisa, pembayaran sms mbanking ora bisa, virtual account hanya satu bank, top up nganggo KAIPAY lamaaaaa mlebune, ora siap online aja sok2'an.","Pembayaran tiket susah pisan, pembayaran direct debit ora bisa, pembayaran sms mbanking ora bisa, virtual account hanya satu bank, top up pakai KAIPAY lamaaaaa masuknya, ora siap online jangan sok2'an.","Pembayaran tiket susah nian, pembayaran direct debit dak pacak, pembayaran sms mbanking dak pacak, virtual account hanyo satu bank, top up pakai KAIPAY lamaaaaa masuknyo, dak siap online jangan sok2'an.","Pembayaran tiket susah nian, pembayaran direct debit dak pacak, pembayaran sms mbanking dak pacak, virtual account hanyo satu bank, top up pakai KAIPAY lamaaaaa masuknyo, dak siap online jangan sok2'an."
"Aplikasi gak jelas & sering error.waktu pembayaran gak pernah g trouble,pasti lelet dan mesti bolak balik diulangi. Iya kalo berhasil,yang ada bikin greget. Sekelas KAI aplikasi kok gak mutu seperti ini. Harus diperbaiki dan di upgrade lagi.",,,,negatif,,"Aplikasi ora cetha & sering error.wektu pembayaran ora pernah g trouble,pasti alon lan mesti bolak balik diulangi. Iya yen berhasil,sing ana bikin greget. Sekelas KAI aplikasi kok ora mutu seperti iki. Kudu benerake lan ing upgrade maneh.","Aplikasi ora jelas & sering rusak.waktu pembayaran ora pernah g trouble,pasti alon dan mesti bolak balik diulangi. Iya yen berhasil,yang ana bikin greget. Sekelas KAI aplikasi kok ora mutu kaya ini. Harus diperbaiki dan di upgrade lagi.","Aplikasi dak jelas & sering error.waktu pembayaran dak pernah g trouble,pasti lelet dan mesti bolak balik diulangi. Iya men berhasil,yang ado bikin greget. Sekelas KAI aplikasi kok dak mutu cak ini. Harus diperbaiki dan di upgrade lagi.","Aplikasi dak jelas & sering error.waktu pembayaran dak pernah g trouble,pasti lelet dan mesti bolak balik diulangi. Iya men berhasil,yang ado bikin greget. Sekelas KAI aplikasi kok dak mutu cak ini. Harus diperbaiki dan di upgrade lagi."
"Aplikasi aneh. Beli pulsa gak masuk ,, saldo nya habis entah kemana ,di keterangan transaksi failed saldo akan di kembalikan, sampai saat ini gak ada saldo balik lagi",,,,negatif,,"Aplikasi aneh. Tumbas pulsa ora mlebu ,, saldo nya habis entah kemana ,ing keterangan transaksi failed saldo akan ing kembalikan, sampai wektu iki ora ana saldo balik maneh","Aplikasi aneh. Beli pulsa ora masuk ,, saldo nya habis entah kemana ,di keterangan transaksi failed saldo akan di kembalikan, sampai saat ini ora ana saldo balik lagi","Aplikasi aneh. Beli pulsa dak masuk ,, saldo nyo habis entah kemana ,di keterangan transaksi failed saldo akan di kembalikan, sampai saat ini dak ado saldo balik lagi","Aplikasi aneh. Beli pulsa dak masuk ,, saldo nyo habis entah kemana ,di keterangan transaksi failed saldo akan di kembalikan, sampai saat ini dak ado saldo balik lagi"
"Lemot bgt, top up saldo aja lama bgt update nya, order tiket jg lama bgt",,,,negatif,,"Lemot bgt, top up saldo aja suwe bgt nganyari nya, order tiket jg suwe bgt","Lemot banget, top up saldo wae lama banget update nya, order tiket jg lama banget","Lemot nian, top up saldo bae lama nian update nyo, order tiket jg lama nian","Lemot bgt, top up saldo bae lama bgt update nyo, order tiket jg lama bgt"
"Sudah top up dan tunggu sesuai instruksi tapi, uang nya ga masuk masuk daritadi 😡",,,,negatif,,"Wis top up lan tunggu cocok instruksi nanging, uang nya ora mlebu mlebu daritadi 😡","Wis top up dan tunggu sesuai instruksi nanging, dhuwit nya ora masuk masuk daritadi 😡","Lah top up dan tunggu sesuai instruksi tapi, duet nyo dak masuk masuk daritadi 😡","lah top up dan tunggu sesuai instruksi tapi, duet nyo ga masuk masuk daritadi 😡"
"Semenja di upgrade jadi lebih rumit pembayarannya, biasanya lewa indomaret bisa, pkai debit bca bisa,bri bisa,link aja bisa, sekarang harus debit mandiri,cuma pake ovo, harus top up kai pay, ruwet wes pokok e. Bukan e upgrade malah downgrade, lebih suka versi dulu",,,,negatif,,"Semenja ing upgrade dadi luwih rumit pembayarane, biasanya lewa indomaret bisa, pkai debit bca bisa,bri bisa,link aja bisa, saiki kudu debit mandiri,mung nganggo ovo, kudu top up kai pay, ruwet wes pokok e. Bukan e upgrade malah downgrade, luwih suka versi dulu","Semenja di upgrade jadi lebih rumit pembayarannya, biasanya lewa indomaret bisa, pkai debit bca bisa,bri bisa,link wae bisa, saiki harus debit mandiri,mung pake ovo, harus top up kai pay, ruwet wes pokok e. Dudu e upgrade malah downgrade, lebih suka versi dulu","Semenja di upgrade jadi lebih rumit pembayarannyo, biasanyo lewa indomaret pacak, pkai debit bca pacak,bri pacak,link bae pacak, sekarang harus debit mandiri,cuman pake ovo, harus top up kai pay, ruwet wes pokok e. Bukan e upgrade malah downgrade, lebih suka versi dulu","Semenja di upgrade jadi lebih rumit pembayarannyo, biasanyo lewa indomaret pacak, pkai debit bca pacak,bri pacak,link bae pacak, sekarang harus debit mandiri,cuman pake ovo, harus top up kai pay, ruwet wes pokok e. Bukan e upgrade malah downgrade, lebih suka versi dulu"
"Saya udah beli jaminan 100 persen refund tiket, tapi pas refund malah sama aja 75 persen yang balik padahal saya bayar 13k buat jaminan refund, kecewa banget lah",,,,negatif,,"Aku wis tumbas jaminan 100 persen refund tiket, nanging pas refund malah padha aja 75 persen sing balik padahal aku bayar 13k kanggo jaminan refund, kecewa banget yo","Aku wis beli jaminan 100 persen refund tiket, nanging pas refund malah karo wae 75 persen yang balik padahal aku bayar 13k buat jaminan refund, kecewa banget lah","Aku lah beli jaminan 100 persen refund tiket, tapi pas refund malah samo bae 75 persen yang balik padahal aku bayar 13k buat jaminan refund, kecewa nian lah","aku lah beli jaminan 100 persen refund tiket, tapi pas refund malah samo bae 75 persen yang balik padahal aku bayar 13k buat jaminan refund, kecewa nian lah"
"Aplikasi jelek, sering error. Mau bayar gabisa padahal sudah install ovo bahkan sudah isi ovo. Sudah ditautkan dengan ovo tetep gabisa. Percuma dong ngisi ovo kalau aplikasi KAI Acess nya gabisa! Gabisa pesen, tulisannya ""Aplikasi Terlalu Keras""",,,,negatif,,"Aplikasi jelek, sering error. Arep bayar gabisa padahal wis install ovo bahkan wis isi ovo. Wis ditautkan karo ovo tetep gabisa. Percuma dong ngisi ovo kalau aplikasi KAI Acess nya gabisa! Gabisa pesen, tulisannya ""Aplikasi Terlalu Keras""","Aplikasi jelek, sering rusak. Arep bayar gabisa padahal wis install ovo bahkan wis isi ovo. Wis ditautkan karo ovo tetep gabisa. Percuma dong ngisi ovo yen aplikasi KAI Acess nya gabisa! Gabisa pesen, tulisannya ""Aplikasi Terlalu Keras""","Aplikasi jelek, sering error. Nak bayar gabisa padahal lah install ovo bahkan lah isi ovo. Lah ditautkan pake ovo tetep gabisa. Percuma dong ngisi ovo men aplikasi KAI Acess nyo gabisa! Gabisa pesen, tulisannyo ""Aplikasi Terlalu Keras""","Aplikasi jelek, sering error. nak bayar gabisa padahal lah install ovo bahkan lah isi ovo. lah ditautkan dengan ovo tetep gabisa. Percuma dong ngisi ovo men aplikasi KAI Acess nyo gabisa! Gabisa pesen, tulisannyo ""Aplikasi Terlalu Keras"""
"Hrusnya ada opsi bayar cash ke loket walaupun dari aplikasi kalo gak punya ovo,kartu kredit udah aja gak bisa beli tiket,, Ada kerjasama dengan ovo ya, lebih mementingkan keuntungan(ovo) daripada kenyamanan pelayanan sekarang PT.KAI",,,,negatif,,"Hrusnya ana opsi bayar cash menyang loket walaupun dari aplikasi yen ora punya ovo,kartu kredit wis aja ora bisa tumbas tiket,, Ana kerjasama karo ovo ya, luwih mementingkan keuntungan(ovo) daripada kenyamanan pelayanan saiki PT.KAI","Hrusnya ana opsi bayar cash ke loket walaupun dari aplikasi yen ora punya ovo,kartu kredit wis wae ora bisa beli tiket,, Ana kerjasama karo ovo ya, lebih mementingkan keuntungan(ovo) daripada kenyamanan pelayanan saiki PT.KAI","Hrusnyo ado opsi bayar cash ke loket walaupun dari aplikasi men dak punyo ovo,kartu kredit lah bae dak pacak beli tiket,, Ado kerjasama pake ovo ya, lebih mementingkan keuntungan(ovo) daripada kenyamanan pelayanan sekarang PT.KAI","Hrusnyo ado opsi bayar cash ke loket walaupun dari aplikasi men dak punyo ovo,kartu kredit lah bae dak pacak beli tiket,, ado kerjasama dengan ovo ya, lebih mementingkan keuntungan(ovo) daripada kenyamanan pelayanan sekarang PT.KAI"
"Sudah melakukan pembersihan pakai kain acces, tpi status belum terdaftar, uang hilng 45rb, sudh 2 kali kejdin, tany pihak stasiun juga bingung petugsny, aplikasi bobrok,",,,,negatif,,"Wis melakukan pembersihan nganggo kain acces, tpi status durung terdaftar, uang hilng 45rb, sudh 2 kali kejdin, tany pihak stasiun uga bingung petugsny, aplikasi bobrok,","Wis melakukan pembersihan pakai kain acces, tpi status belum terdaftar, dhuwit hilng 45rb, sudh 2 kali kejdin, tany pihak stasiun uga bingung petugsny, aplikasi bobrok,","Lah melakukan pembersihan pakai kain acces, tpi status belum terdaftar, duet hilng 45rb, sudh 2 kali kejdin, tany pihak stasiun jugo bingung petugsny, aplikasi bobrok,","lah melakukan pembersihan pakai kain acces, tpi status belum terdaftar, duet hilng 45rb, sudh 2 kali kejdin, tany pihak stasiun jugo bingung petugsny, aplikasi bobrok,"
Pengguna jangan isi saldo di KAI. Saya pernah isi 100 RB u bayar perjalanan 24 RB .harusnya ke potong 24 RB tapi terpotong sampai 4 x complain di stasiun katanya nanti dr layanan akan dikembalikan 3 hari sampai 1 Minggu .Faktanya sampai skrng tidak pernah kembali ke saldo saya .,,,,negatif,,Pengguna aja isi saldo ing KAI. Aku pernah isi 100 RB u bayar perjalanan 24 RB .harusnya menyang potong 24 RB nanging terpotong sampai 4 x complain ing stasiun jarene nanti dr layanan akan dikembalikan 3 dina sampai 1 Minggu .Faktanya sampai skrng ora pernah bali menyang saldo aku .,Pengguna jangan isi saldo di KAI. Aku pernah isi 100 RB u bayar perjalanan 24 RB .harusnya ke potong 24 RB nanging terpotong sampai 4 x complain di stasiun katanya nanti dr layanan akan dikembalikan 3 hari sampai 1 Minggu .Faktanya sampai skrng ora pernah kembali ke saldo aku .,Pengguna jangan isi saldo di KAI. Aku pernah isi 100 RB u bayar perjalanan 24 RB .harusnyo ke potong 24 RB tapi terpotong sampai 4 x complain di stasiun katanyo nanti dr layanan akan dikembalikan 3 hari sampai 1 Minggu .Faktanyo sampai skrng dak pernah kembali ke saldo aku .,Pengguna jangan isi saldo di KAI. aku pernah isi 100 RB u bayar perjalanan 24 RB .harusnyo ke potong 24 RB tapi terpotong sampai 4 x complain di stasiun katanyo nanti dr layanan akan dikembalikan 3 hari sampai 1 Minggu .Faktanyo sampai skrng dak pernah kembali ke saldo aku .
"Apk sekelas perusahaan nasional jeleknya minta ampun. Beli tiket utk mudik pakai qris bca, saldo sudah terpotong namun saat kembali ke apk status tiket masih booking. Tiket hangus sementara dana sudah terpotong. Lapor ke cs, disuruh isi data ini itu. Dan pada akhirnya cuma disuruh nunggu selama 14hr. Bilamana stlah 14hr dana belum balik silahkan melapor kembali disertai bukti mutasi selama 30+ stlah transaksi. Gila ya kalian yg salah tapi kok penanganannya lelet sekali. PAYAH👎",,,negatif,negatif,,"Apk sekelas perusahaan nasional jeleknya minta ampun. Tumbas tiket utk mudik nganggo qris bca, saldo wis terpotong namun wektu bali menyang apk status tiket isih pesen. Tiket hangus sementara dana wis terpotong. Lapor menyang cs, disuruh isi data iki kuwi. Lan pada akhirnya mung disuruh nunggu selama 14hr. Bilamana stlah 14hr dana durung balik silahkan melapor bali disertai bukti mutasi selama 30+ stlah transaksi. Gila ya kalian yg salah nanging kok penanganannya alon sekali. PAYAH👎","Apk sekelas perusahaan nasional jeleknya minta ampun. Beli tiket utk mudik pakai qris bca, saldo wis terpotong namun saat kembali ke apk status tiket masih booking. Tiket hangus sementara dana wis terpotong. Lapor ke cs, disuruh isi data ini itu. Dan pada akhirnya mung disuruh nunggu selama 14hr. Bilamana stlah 14hr dana belum balik silahkan melapor kembali disertai bukti mutasi selama 30+ stlah transaksi. Gila ya kalian yg salah nanging kok penanganannya alon pisan. PAYAH👎","Apk sekelas perusahaan nasional jeleknyo minta ampun. Beli tiket utk mudik pakai qris bca, saldo lah terpotong namun saat kembali ke apk status tiket masih booking. Tiket hangus sementara dana lah terpotong. Lapor ke cs, disuruh isi data ini itu. Dan pada akhirnyo cuman disuruh nunggu selama 14hr. Bilamana stlah 14hr dana belum balik silahkan melapor kembali disertai bukti mutasi selama 30+ stlah transaksi. Gila ya kalian yg salah tapi kok penanganannyo lelet nian. PAYAH👎","Apk sekelas perusahaan nasional jeleknyo minta ampun. Beli tiket utk mudik pakai qris bca, saldo lah terpotong namun saat kembali ke apk status tiket masih booking. Tiket hangus sementara dana lah terpotong. Lapor ke cs, disuruh isi data ini itu. Dan pada akhirnyo cuman disuruh nunggu selama 14hr. Bilamana stlah 14hr dana belum balik silahkan melapor kembali disertai bukti mutasi selama 30+ stlah transaksi. Gila ya kalian yg salah tapi kok penanganannyo lelet nian. PAYAH👎"
"Ini gimana yaa kok aplikasinya buruk banget?! Padahal saldo shopeepay udah berkurang, tp ternyata laporannya waktu kadaluwarsa dan blm bayar, padahal saldo udah jelas"" berkurang!! Gimana mau dapet rank bagus kalo kayak gini!! Kecewa banget!!",,,,negatif,,"Iki gimana yaa kok aplikasinya buruk banget?! Padahal saldo shopeepay wis murah, tp kebeneran laporane wektu kadaluwarsa lan durung bayar, padahal saldo wis cetha"" murah!! Gimana arep dapet rank apik yen kayak gini!! Kecewa banget!!","Ini kepriye yaa kok aplikasinya ala banget?! Padahal saldo shopeepay wis berkurang, tp ternyata laporannya waktu kadaluwarsa dan blm bayar, padahal saldo wis jelas"" berkurang!! Kepriye arep dapet rank apik yen kayak gini!! Kecewa banget!!","Ini cakmno yaa kok aplikasinyo buruk nian?! Padahal saldo shopeepay lah berkurang, tp ternyata laporannyo waktu kadaluwarsa dan blm bayar, padahal saldo lah jelas"" berkurang!! Cakmno nak dapet rank bagus men kayak gini!! Kecewa nian!!","Ini cakmno yaa kok aplikasinyo buruk nian?! Padahal saldo shopeepay lah berkurang, tp ternyata laporannyo waktu kadaluwarsa dan blm bayar, padahal saldo lah jelas"" berkurang!! cakmno nak dapet rank bagus men kayak gini!! Kecewa nian!!"
"baru jga download dah eror duluan,payah banget emg!aktifasi pay nya jga gak bisa"" di akses",negatif,,,negatif,,"anyar uga download dah rusak duluan,payah banget emg!aktifasi pay nya uga ora bisa"" ing akses","baru jga download dah eror duluan,payah banget emg!aktifasi pay nya jga ora bisa"" di akses","baru jga download dah eror duluan,payah nian emg!aktifasi pay nyo jga dak pacak"" di akses","baru jga download dah eror duluan,payah nian emg!aktifasi pay nyo jga dak pacak"" di akses"
"pembayaran tiket saya sudah berhasil melalui brimo dan saldo saya pun juga sudah terpotong namun kenapa di aplikasi KAI malah status nya transaksi gagal?? saya sudah coba hubungi call center,chat wa, dm instagram namun tidak ada respon.. setelah saya baca di ulasan lain ternyata hal seperti ini bukan hanya terjadi di saya, mohon berbenah lagi.",,,,negatif,,"pembayaran tiket aku wis berhasil melalui brimo lan saldo aku pun uga wis terpotong namun kena apa ing aplikasi KAI malah status nya transaksi gagal?? aku wis coba hubungi call center,chat wa, dm instagram namun ora ana respon.. sawise aku baca ing ulasan lain kebeneran hal seperti iki bukan hanya terjadi ing aku, nyuwun berbenah maneh.","pembayaran tiket aku wis berhasil melalui brimo dan saldo aku pun uga wis terpotong namun kena apa di aplikasi KAI malah status nya transaksi gagal?? aku wis coba hubungi call center,chat wa, dm instagram namun ora ana respon.. setelah aku baca di ulasan lain ternyata hal kaya ini dudu hanya terjadi di aku, mohon berbenah lagi.","pembayaran tiket aku lah berhasil melalui brimo dan saldo aku pun jugo lah terpotong namun ngapo di aplikasi KAI malah status nyo transaksi gagal?? aku lah coba hubungi call center,chat wa, dm instagram namun dak ado respon.. setelah aku baca di ulasan lain ternyata hal cak ini bukan hanyo terjadi di aku, mohon berbenah lagi.","pembayaran tiket aku lah berhasil melalui brimo dan saldo aku pun jugo lah terpotong namun ngapo di aplikasi KAI malah status nyo transaksi gagal?? aku lah coba hubungi call center,chat wa, dm instagram namun dak ado respon.. setelah aku baca di ulasan lain ternyata hal cak ini bukan hanyo terjadi di aku, mohon berbenah lagi."
"Udah top up di restart ber kali kali malah ga masuk2 saldonya, ga ngerti lgi",,,,negatif,,"Wis top up ing restart ber kali kali malah ora masuk2 saldone, ora ngerti lgi","Wis top up di restart ber kali kali malah ora masuk2 saldonya, ora ngerti lgi","Lah top up di restart ber kali kali malah dak masuk2 saldonyo, dak ngerti lgi","lah top up di restart ber kali kali malah ga masuk2 saldonyo, ga ngerti lgi"
"Gimana ini saya udh bayar tiket udh berkurang saldo, tpi ga ada tiketnya ghaib mana besok brgkat",,,negatif,,,"Gimana iki aku wis bayar tiket wis murah saldo, tpi ora ana tiketnya ghaib endi besok brgkat","Kepriye ini aku wis bayar tiket wis berkurang saldo, tpi ora ana tiketnya ghaib mana besok brgkat","Cakmno ini aku lah bayar tiket lah berkurang saldo, tpi dak ado tiketnyo ghaib mana besok brgkat","cakmno ini aku lah bayar tiket lah berkurang saldo, tpi ga ado tiketnyo ghaib mana besok brgkat"
Tidak bisa payment saat memesan makanan via Railfood. Sdh dicoba berkali-kali tetap gagal. Failed lah aplikasinya.,,,,negatif,,Ora bisa payment wektu memesan makanan lewat Railfood. Sdh dicoba berkali-kali tetap gagal. Failed yo aplikasinya.,Ora bisa payment saat memesan makanan via Railfood. Sdh dicoba berkali-kali tetap gagal. Failed lah aplikasinya.,Dak pacak payment saat memesan makanan via Railfood. Sdh dicoba berkali-kali tetap gagal. Failed lah aplikasinyo.,dak pacak payment saat memesan makanan via Railfood. Sdh dicoba berkali-kali tetap gagal. Failed lah aplikasinyo.
"Minta apdet terus pusing.... Hape sudah gak muat masih aja minta apdet. Kenapa saya tidak bisa bayar menggunakan ovo? Padahal akun sudah terhubung. Jika katanya tidak boleh menggunakan wifi saat pembayaran dan pemesanan tiket, kenapa sebelumnya bisa? Akhirnya pakai qris. Ribetnyaa... Tolong diperbaiki aplikasinya.",negatif,,,negatif,,"Minta apdet terus pusing.... Hape wis ora muat isih aja minta apdet. Kena apa aku ora bisa bayar menggunakan ovo? Padahal akun wis terhubung. Jika jarene ora boleh menggunakan wifi wektu pembayaran lan pesenan tiket, kena apa sebelumnya bisa? Akhirnya nganggo qris. Ribetnyaa... Tulung benerake aplikasinya.","Minta apdet terus pusing.... Hape wis ora muat masih wae minta apdet. Kena apa aku ora bisa bayar menggunakan ovo? Padahal akun wis terhubung. Jika katanya ora boleh menggunakan wifi saat pembayaran dan pemesanan tiket, kena apa sebelumnya bisa? Akhirnya pakai qris. Ribetnyaa... Tolong diperbaiki aplikasinya.","Minta apdet terus pusing.... Hape lah dak muat masih bae minta apdet. Ngapo aku dak pacak bayar menggunakan ovo? Padahal akun lah terhubung. Jika katanyo dak boleh menggunakan wifi saat pembayaran dan pemesanan tiket, ngapo sebelumnyo pacak? Akhirnyo pakai qris. Ribetnyaa... Tolong diperbaiki aplikasinyo.","Minta apdet terus pusing.... Hape lah dak muat masih bae minta apdet. ngapo aku dak pacak bayar menggunakan ovo? Padahal akun lah terhubung. Jika katanyo dak boleh menggunakan wifi saat pembayaran dan pemesanan tiket, ngapo sebelumnyo pacak? Akhirnyo pakai qris. Ribetnyaa... Tolong diperbaiki aplikasinyo."
"Sangat burukkk,sangat mengecewakan,sangat kurang efektif d bikin antrian2,masih enak yang dulu siapa cepat dia dapat,yg skrg dah lama nunggu antrian pas dapet antrian dah habis tiketnya,kdg dah masuk ke tiketnya tinggal pembayaran d persulit lagi antrian lagi utk dapet code pembayaran.akhirnya zonk jg",,,negatif,negatif,,"Banget burukkk,banget mengecewakan,banget kurang efektif d bikin antrian2,isih enak sing dulu siapa cepet dia dapat,yg skrg dah suwe nunggu antrean pas dapet antrean dah habis tiketnya,kdg dah mlebu menyang tiketnya tinggal pembayaran d persulit maneh antrean maneh utk dapet code pembayaran.akhirnya zonk jg","Banget burukkk,banget mengecewakan,banget kurang efektif d bikin antrian2,masih enak yang dulu siapa cepet dia dapat,yg skrg dah lama nunggu antrian pas dapet antrian dah habis tiketnya,kdg dah masuk ke tiketnya tinggal pembayaran d persulit lagi antrian lagi utk dapet code pembayaran.akhirnya zonk jg","Nian burukkk,nian mengecewakan,nian kurang efektif d bikin antrian2,masih enak yang dulu siapa cepet dia dapat,yg skrg dah lama nunggu antrian pas dapet antrian dah habis tiketnyo,kdg dah masuk ke tiketnyo tinggal pembayaran d persulit lagi antrian lagi utk dapet code pembayaran.akhirnyo zonk jg","nian burukkk,nian mengecewakan,nian kurang efektif d bikin antrian2,masih enak yang dulu siapa cepet dia dapat,yg skrg dah lama nunggu antrian pas dapet antrian dah habis tiketnyo,kdg dah masuk ke tiketnyo tinggal pembayaran d persulit lagi antrian lagi utk dapet code pembayaran.akhirnyo zonk jg"
"Gila ya kai access saya ngisi saldo pas dicek saldo masuk dipotong 5rb, pas dilihat lagi tiba² saldo ja Nol astagfirullah ...... jadi males pake KAI access. KECEWA BGT TOLONG APK nya DIPERBAIKI jng sering Update tp ga berguna.!!!!!!!!!!!!!!!!!!!",,,,negatif,,"Gila ya kai access aku ngisi saldo pas dicek saldo mlebu dipotong 5rb, pas dilihat maneh tiba² saldo ja Nol astagfirullah ...... dadi males nganggo KAI access. KECEWA BGT TULUNG APK nya BENERAKE jng sering Nganyari tp ora berguna.!!!!!!!!!!!!!!!!!!!","Gila ya kai access aku ngisi saldo pas dicek saldo masuk dipotong 5rb, pas dilihat lagi tiba² saldo ja Nol astagfirullah ...... jadi males pake KAI access. KECEWA BANGET TOLONG APK nya DIPERBAIKI jng sering Update tp ora berguna.!!!!!!!!!!!!!!!!!!!","Gila ya kai access aku ngisi saldo pas dicek saldo masuk dipotong 5rb, pas dilihat lagi tiba² saldo ja Nol astagfirullah ...... jadi males pake KAI access. KECEWA NIAN TOLONG APK nyo DIPERBAIKI jng sering Update tp dak berguna.!!!!!!!!!!!!!!!!!!!","Gila ya kai access aku ngisi saldo pas dicek saldo masuk dipotong 5rb, pas dilihat lagi tiba² saldo ja Nol astagfirullah ...... jadi males pake KAI access. KECEWA BGT TOLONG APK nyo DIPERBAIKI jng sering Update tp ga berguna.!!!!!!!!!!!!!!!!!!!"
"Sering bug pas proses pembayaran, tiket tidak terbit tapi saldo sudah berkurang. CS mudah dihubungi tapi muter² disuruh menunggu dan itu terlalu lama, alhasil tiket sudah habis dan jadwal pemberangkatan pembeli jadi kacau. Niatan liburan akhir tahun jadi gagal karena sistem aplikasi yang masih banyak bugnya.",,,negatif,negatif,,"Sering bug pas proses pembayaran, tiket ora terbit nanging saldo wis murah. CS gampang dihubungi nanging muter² disuruh nunggu lan kuwi terlalu suwe, alhasil tiket wis habis lan jadwal pemberangkatan pembeli dadi kacau. Niatan liburan pungkasan tahun dadi gagal karena sistem aplikasi sing isih akeh bugnya.","Sering bug pas proses pembayaran, tiket ora terbit nanging saldo wis berkurang. CS gampang dihubungi nanging muter² disuruh menunggu dan itu terlalu lama, alhasil tiket wis habis dan jadwal pemberangkatan pembeli jadi kacau. Niatan liburan akhir tahun jadi gagal karena sistem aplikasi yang masih banyak bugnya.","Sering bug pas proses pembayaran, tiket dak terbit tapi saldo lah berkurang. CS gampang dihubungi tapi muter² disuruh menunggu dan itu terlalu lama, alhasil tiket lah habis dan jadwal pemberangkatan pembeli jadi kacau. Niatan liburan akhir tahun jadi gagal karena sistem aplikasi yang masih banyak bugnyo.","Sering bug pas proses pembayaran, tiket dak terbit tapi saldo lah berkurang. CS gampang dihubungi tapi muter² disuruh menunggu dan itu terlalu lama, alhasil tiket lah habis dan jadwal pemberangkatan pembeli jadi kacau. Niatan liburan akhir tahun jadi gagal karena sistem aplikasi yang masih banyak bugnyo."
"Mau batalin tiket susah bgt. Pengembalian dana melalui e wallet tidak tersedia. Nonton di ytb keknya gampang bgt. Lewat rekening, juga ga bisa, no rek udah di input, tp gagal, tulisannya wajib di isi terus. Aplikasinya juga dh di update. Tp kenapa gagal mulu.. Hhhffttt",,,negatif,negatif,,"Arep batalin tiket susah bgt. Pengembalian dana melalui e wallet ora tersedia. Nonton ing ytb keknya gampang bgt. Lewat rekening, uga ora bisa, no rek wis ing input, tp gagal, tulisannya wajib ing isi terus. Aplikasinya uga dh ing nganyari. Tp kena apa gagal terus.. Hhhffttt","Arep batalin tiket susah banget. Pengembalian dana melalui e wallet ora tersedia. Nonton di ytb keknya gampang banget. Lewat rekening, uga ora bisa, no rek wis di input, tp gagal, tulisannya wajib di isi terus. Aplikasinya uga dh di update. Tp kena apa gagal mulu.. Hhhffttt","Nak batalin tiket susah nian. Pengembalian dana melalui e wallet dak tersedia. Nonton di ytb keknyo gampang nian. Lewat rekening, jugo dak pacak, no rek lah di input, tp gagal, tulisannyo wajib di isi terus. Aplikasinyo jugo dh di update. Tp ngapo gagal mulu.. Hhhffttt","nak batalin tiket susah bgt. Pengembalian dana melalui e wallet dak tersedia. Nonton di ytb keknyo gampang bgt. Lewat rekening, jugo ga pacak, no rek lah di input, tp gagal, tulisannyo wajib di isi terus. Aplikasinyo jugo dh di update. Tp ngapo gagal mulu.. Hhhffttt"
"pas mau pesen tiket, bagian pembayaran susah banget aksesnya, bnr² hampir makan waktu 2 jam buat pesen doang, karna gabisa bayar alias eror terus.",,,,negatif,,"pas arep pesen tiket, bagian pembayaran susah banget aksesnya, bnr² hampir makan wektu 2 jam kanggo pesen doang, karna gabisa bayar alias rusak terus.","pas arep pesen tiket, bagian pembayaran susah banget aksesnya, bnr² hampir makan waktu 2 jam buat pesen doang, karna gabisa bayar alias eror terus.","pas nak pesen tiket, bagian pembayaran susah nian aksesnyo, bnr² hampir makan waktu 2 jam buat pesen doang, karna gabisa bayar alias eror terus.","pas nak pesen tiket, bagian pembayaran susah nian aksesnyo, bnr² hampir makan waktu 2 jam buat pesen doang, karna gabisa bayar alias eror terus."
"Jelek, banyak bug. Ini Programmer nya bisa ga buat aplikasi ? Bikin malu aj, masa tinggal pembayaran aj ribet. Harus ada error' dulu",,,,negatif,,"Jelek, akeh bug. Iki Programmer nya bisa ora kanggo aplikasi ? Bikin malu aj, mangsa tinggal pembayaran aj ribet. Kudu ana error' dulu","Jelek, banyak bug. Ini Programmer nya bisa ora buat aplikasi ? Bikin malu aj, masa tinggal pembayaran aj ribet. Harus ana rusak' dulu","Jelek, banyak bug. Ini Programmer nyo pacak dak buat aplikasi ? Bikin malu aj, masa tinggal pembayaran aj ribet. Harus ado error' dulu","Jelek, banyak bug. Ini Programmer nyo pacak ga buat aplikasi ? Bikin malu aj, masa tinggal pembayaran aj ribet. Harus ado error' dulu"
"Kecewa sekali,KLO untuk isi saldo aplikasi lancar jaya,tp KLO untuk cek saldo setelah kartu di topup gak bisa,sangan mengecewakan,saya merasa dirugikan bukan hanya masalah saldo nya,tapi juga waktu yg banyak ke buang hanya untuk cek saldo di aplikasi ini😭😭😓😓😰😰🤕🤕🥴🥴😡😡",,,,negatif,,"Kecewa sekali,YEN kanggo isi saldo aplikasi lancar jaya,tp YEN kanggo cek saldo sawise kartu ing topup ora bisa,sangan mengecewakan,aku merasa dirugikan bukan hanya masalah saldo nya,nanging uga wektu yg akeh menyang buang hanya kanggo cek saldo ing aplikasi iki😭😭😓😓😰😰🤕🤕🥴🥴😡😡","Kecewa pisan,KLO untuk isi saldo aplikasi lancar jaya,tp KLO untuk cek saldo setelah kartu di topup ora bisa,sangan mengecewakan,aku merasa dirugikan dudu hanya masalah saldo nya,nanging uga waktu yg banyak ke buang hanya untuk cek saldo di aplikasi ini😭😭😓😓😰😰🤕🤕🥴🥴😡😡","Kecewa nian,KLO untuk isi saldo aplikasi lancar jaya,tp KLO untuk cek saldo setelah kartu di topup dak pacak,sangan mengecewakan,aku merasa dirugikan bukan hanyo masalah saldo nyo,tapi jugo waktu yg banyak ke buang hanyo untuk cek saldo di aplikasi ini😭😭😓😓😰😰🤕🤕🥴🥴😡😡","Kecewa nian,KLO untuk isi saldo aplikasi lancar jaya,tp KLO untuk cek saldo setelah kartu di topup dak pacak,sangan mengecewakan,aku merasa dirugikan bukan hanyo masalah saldo nyo,tapi jugo waktu yg banyak ke buang hanyo untuk cek saldo di aplikasi ini😭😭😓😓😰😰🤕🤕🥴🥴😡😡"
versi terbaru malah makin ga bagus. top up tidak bisa langsung masuk. padahal versi yg lama bisa langsung masuk. setiap war tiket selalu error kembali ke halaman utama. saya lebih suka kai access yg lama. kai acceess yg terbaru justru menyulitkan. tolong diperbaiki,,,negatif,negatif,,versi terbaru malah makin ora apik. top up ora bisa langsung mlebu. padahal versi yg suwe bisa langsung mlebu. saben war tiket selalu error bali menyang halaman utama. aku luwih suka kai access yg suwe. kai acceess yg terbaru justru menyulitkan. tulung benerake,versi terbaru malah makin ora apik. top up ora bisa langsung masuk. padahal versi yg lama bisa langsung masuk. setiap war tiket selalu rusak kembali ke halaman utama. aku lebih suka kai access yg lama. kai acceess yg terbaru justru menyulitkan. tolong diperbaiki,versi terbaru malah makin dak bagus. top up dak pacak langsung masuk. padahal versi yg lama pacak langsung masuk. setiap war tiket selalu error kembali ke halaman utama. aku lebih suka kai access yg lama. kai acceess yg terbaru justru menyulitkan. tolong diperbaiki,versi terbaru malah makin ga bagus. top up dak pacak langsung masuk. padahal versi yg lama pacak langsung masuk. setiap war tiket selalu error kembali ke halaman utama. aku lebih suka kai access yg lama. kai acceess yg terbaru justru menyulitkan. tolong diperbaiki
"Ini gimana sih cara menghubungkan Mbanking ke KAI Access nya, apa harus pakai Mandiri ya? Terus di metode pembayaran kenapa ada bank lainnya kalau hanya bisa terhubung di bank Mandiri",,,,negatif,,"Iki gimana sih cara menghubungkan Mbanking menyang KAI Access nya, apa kudu nganggo Mandiri ya? Terus ing cara pembayaran kena apa ana bank lainnya kalau hanya bisa terhubung ing bank Mandiri","Ini kepriye sih cara menghubungkan Mbanking ke KAI Access nya, apa harus pakai Mandiri ya? Terus di metode pembayaran kena apa ana bank lainnya yen hanya bisa terhubung di bank Mandiri","Ini cakmno sih caro menghubungkan Mbanking ke KAI Access nyo, apo harus pakai Mandiri ya? Terus di metode pembayaran ngapo ado bank lainnyo men hanyo pacak terhubung di bank Mandiri","Ini cakmno sih caro menghubungkan Mbanking ke KAI Access nyo, apo harus pakai Mandiri ya? Terus di metode pembayaran ngapo ado bank lainnyo men hanyo pacak terhubung di bank Mandiri"
Parah isi saldonya harus nunggu 20 menit baru massuk. Jangan mau pesan tiket krl aplikasi ini.,,,,negatif,,Parah isi saldone kudu nunggu 20 menit anyar massuk. Aja arep pesen tiket krl aplikasi iki.,Parah isi saldonya harus nunggu 20 menit baru massuk. Jangan arep pesen tiket krl aplikasi ini.,Parah isi saldonyo harus nunggu 20 menit baru massuk. Jangan nak pesan tiket krl aplikasi ini.,Parah isi saldonyo harus nunggu 20 menit baru massuk. Jangan nak pesan tiket krl aplikasi ini.
"aku topup 50k, udah 15 menit belum masuk saldonya. 🤬🤬",,,,negatif,,"aku topup 50k, wis 15 menit durung mlebu saldone. 🤬🤬","aku topup 50k, wis 15 menit belum masuk saldonya. 🤬🤬","aku topup 50k, lah 15 menit belum masuk saldonyo. 🤬🤬","aku topup 50k, lah 15 menit belum masuk saldonyo. 🤬🤬"
"Kai acces error mulu, mau top up aja susah bgt failed truss, aplikasi jelek dari dulu ga ada perkembangan, top up pake m-banking saldo kepotong, tp belum masuk2 di suruh tunggu 15 menit, udh lewat 15 menit ttp aja belum masuk juga, payah",,,,negatif,,"Kai acces error terus, arep top up aja susah bgt failed truss, aplikasi jelek dari dulu ora ana perkembangan, top up nganggo m-banking saldo kepotong, tp durung masuk2 ing suruh tunggu 15 menit, wis lewat 15 menit ttp aja durung mlebu uga, payah","Kai acces rusak mulu, arep top up wae susah banget failed truss, aplikasi jelek dari dulu ora ana perkembangan, top up pake m-banking saldo kepotong, tp belum masuk2 di suruh tunggu 15 menit, wis lewat 15 menit ttp wae belum masuk uga, payah","Kai acces error mulu, nak top up bae susah nian failed truss, aplikasi jelek dari dulu dak ado perkembangan, top up pake m-banking saldo kepotong, tp belum masuk2 di suruh tunggu 15 menit, lah lewat 15 menit ttp bae belum masuk jugo, payah","Kai acces error mulu, nak top up bae susah bgt failed truss, aplikasi jelek dari dulu ga ado perkembangan, top up pake m-banking saldo kepotong, tp belum masuk2 di suruh tunggu 15 menit, lah lewat 15 menit ttp bae belum masuk jugo, payah"
"E-Walet nya ribet,pake ovo beli tiket 1 pembayarannya 2 kali,jadi doble,bukannya untung jadi rugi,tolong perbaiki lagiproses pembayaran e-walet nya",,,,negatif,,"E-Walet nya ribet,nganggo ovo tumbas tiket 1 pembayarane 2 kali,dadi doble,nanging untung dadi rugi,tulung benerake lagiproses pembayaran e-walet nya","E-Walet nya ribet,pake ovo beli tiket 1 pembayarannya 2 kali,jadi doble,bukannya untung jadi rugi,tolong perbaiki lagiproses pembayaran e-walet nya","E-Walet nyo ribet,pake ovo beli tiket 1 pembayarannyo 2 kali,jadi doble,bukannyo untung jadi rugi,tolong perbaiki lagiproses pembayaran e-walet nyo","E-Walet nyo ribet,pake ovo beli tiket 1 pembayarannyo 2 kali,jadi doble,bukannyo untung jadi rugi,tolong perbaiki lagiproses pembayaran e-walet nyo"
Aplikasi sampah. Selalu gangguan waktu mau beli tiket. Aplikasi kok kyk hasil karya orang magang padahal skala nasional. Heran banget dari dulu gak ada perubahan. Tetap sampah aplikasi ini . Mau bayar tiketpun masih seringkali error balik ke menu awal. Aplikasi gak guna,,,negatif,negatif,,Aplikasi sampah. Selalu gangguan wektu arep tumbas tiket. Aplikasi kok kyk asil karya orang magang padahal skala nasional. Heran banget dari dulu ora ana owahan. Tetap sampah aplikasi iki . Arep bayar tiketpun isih seringkali error balik menyang menu awal. Aplikasi ora guna,Aplikasi sampah. Selalu gangguan waktu arep beli tiket. Aplikasi kok kyk hasil karya wong magang padahal skala nasional. Heran banget dari dulu ora ana perubahan. Tetap sampah aplikasi ini . Arep bayar tiketpun masih seringkali rusak balik ke menu awal. Aplikasi ora guna,Aplikasi sampah. Selalu gangguan waktu nak beli tiket. Aplikasi kok kyk hasil karya wong magang padahal skala nasional. Heran nian dari dulu dak ado perubahan. Tetap sampah aplikasi ini . Nak bayar tiketpun masih seringkali error balik ke menu awal. Aplikasi dak guna,Aplikasi sampah. Selalu gangguan waktu nak beli tiket. Aplikasi kok kyk hasil karya wong magang padahal skala nasional. Heran nian dari dulu dak ado perubahan. Tetap sampah aplikasi ini . nak bayar tiketpun masih seringkali error balik ke menu awal. Aplikasi dak guna
"di update malah parah 2 x paymnt pake livin mandiri ga bisa,ada informasi lewt atm dan Sms banking di coba gagal ,kacau ..",,,,negatif,,"ing nganyari malah parah 2 x paymnt nganggo livin mandiri ora bisa,ana informasi lewt atm lan Sms banking ing coba gagal ,kacau ..","di update malah parah 2 x paymnt pake livin mandiri ora bisa,ana informasi lewt atm dan Sms banking di coba gagal ,kacau ..","di update malah parah 2 x paymnt pake livin mandiri dak pacak,ado informasi lewt atm dan Sms banking di coba gagal ,kacau ..","di update malah parah 2 x paymnt pake livin mandiri ga pacak,ado informasi lewt atm dan Sms banking di coba gagal ,kacau .."
"mau bayar aja susah bgt, timeout mulu",,,,negatif,,"arep bayar aja susah bgt, timeout terus","arep bayar wae susah banget, timeout mulu","nak bayar bae susah nian, timeout mulu","nak bayar bae susah bgt, timeout mulu"
"Udah pecat ae karyawan yang ngurus bagian pemrograman apk ini cari yang lebih baik ,Apk PT gede tapi masih suka eror, gara"" bug doang duit ilang ,pantes tiap pesen tiket udah keisi tapi gada orang nya, ternyata kek gini kai skrg ,kalo dibalikin duitnya mah gpp ,lah ini pihak nya pada di hubungi gada yang respon",,,negatif,negatif,,"Wis pecat ae karyawan sing ngurus bagian pemrograman apk iki cari sing luwih baik ,Apk PT gede nanging isih suka rusak, gara"" bug doang duit ilang ,pantes saben pesen tiket wis keisi nanging gada orang nya, kebeneran kek gini kai skrg ,yen dibalikin duwite mah gpp ,yo iki pihak nya pada ing hubungi gada sing respon","Wis pecat ae karyawan yang ngurus bagian pemrograman apk ini cari yang lebih apik ,Apk PT gede nanging masih suka eror, gara"" bug doang duit ilang ,pantes tiap pesen tiket wis keisi nanging gada wong nya, ternyata kek gini kai skrg ,yen dibalikin duitnya mah gpp ,lah ini pihak nya pada di hubungi gada yang respon","Lah pecat ae karyawan yang ngurus bagian pemrograman apk ini cari yang lebih baek ,Apk PT gede tapi masih suka eror, gara"" bug doang duit ilang ,pantes tiap pesen tiket lah keisi tapi gada wong nyo, ternyata kek gini kai skrg ,men dibalikin duitnyo mah gpp ,lah ini pihak nyo pada di hubungi gada yang respon","lah pecat ae karyawan yang ngurus bagian pemrograman apk ini cari yang lebih baek ,Apk PT gede tapi masih suka eror, gara"" bug doang duit ilang ,pantes tiap pesen tiket lah keisi tapi gada wong nyo, ternyata kek gini kai skrg ,men dibalikin duitnyo mah gpp ,lah ini pihak nyo pada di hubungi gada yang respon"
Udah pasang jaminan refund kena 6.500 Pengembalian refund kena 16.500 per orang tapi udah 3hari blm masuk juga pengembalian dana nya nya!!!!!,,,,negatif,,Wis pasang jaminan refund kena 6.500 Pengembalian refund kena 16.500 per orang nanging wis 3hari durung mlebu uga pengembalian dana nya nya!!!!!,Wis pasang jaminan refund kena 6.500 Pengembalian refund kena 16.500 per wong nanging wis 3hari blm masuk uga pengembalian dana nya nya!!!!!,Lah pasang jaminan refund kena 6.500 Pengembalian refund kena 16.500 per wong tapi lah 3hari blm masuk jugo pengembalian dana nyo nyo!!!!!,lah pasang jaminan refund kena 6.500 Pengembalian refund kena 16.500 per wong tapi lah 3hari blm masuk jugo pengembalian dana nyo nyo!!!!!
Top up lama...trus tidak di info top up nya dipotong admin..jadi kita topup sesuai harga tiket nyatanya kurang...setelah kurang topup lagi lama lagi..ahhh...,,,,negatif,,Top up suwe...trus ora ing info top up nya dipotong admin..dadi kowe topup cocok harga tiket nyatanya kurang...sawise kurang topup maneh suwe maneh..ahhh...,Top up lama...trus ora di info top up nya dipotong admin..jadi kabeh topup sesuai rega tiket nyatanya kurang...setelah kurang topup lagi lama lagi..ahhh...,Top up lama...trus dak di info top up nyo dipotong admin..jadi kito topup sesuai hargo tiket nyatanyo kurang...setelah kurang topup lagi lama lagi..ahhh...,Top up lama...trus dak di info top up nyo dipotong admin..jadi kito topup sesuai hargo tiket nyatanyo kurang...setelah kurang topup lagi lama lagi..ahhh...
"Pmbyaran scan barkot ny aneh,ada di history tpi saldo g nyampe g ngurangin juga.payahhh jd saldo g bsa dipake mana banyak lagi 😡",,,,negatif,,"Pmbyaran scan barkot ny aneh,ana ing history tpi saldo g nyampe g ngurangin uga.payahhh jd saldo g bsa dipake endi akeh maneh 😡","Pmbyaran scan barkot ny aneh,ana di history tpi saldo g nyampe g ngurangin uga.payahhh jd saldo g bsa dipake mana banyak lagi 😡","Pmbyaran scan barkot ny aneh,ado di history tpi saldo g nyampe g ngurangin jugo.payahhh jd saldo g bsa dipake mana banyak lagi 😡","Pmbyaran scan barkot ny aneh,ado di history tpi saldo g nyampe g ngurangin jugo.payahhh jd saldo g bsa dipake mana banyak lagi 😡"
"Aplikasi yang sangat aneh! Penumpang harus melakukan pembayaran hanya diberikan waktu <60 menit. Tetapi, pas waktu penumpang melakukan pembatalan perjalanan dan pengembalian tiket, Refund sangat lama dan berhari-hari! KAI sekarang hanya fokus mencari keuntungan, bukan kepuasan pelanggan! 😒",,,,negatif,,"Aplikasi sing banget aneh! Penumpang kudu melakukan pembayaran hanya diberikan wektu <60 menit. Tetapi, pas wektu penumpang melakukan pembatalan perjalanan lan pengembalian tiket, Refund banget suwe lan berhari-dina! KAI saiki hanya fokus mencari keuntungan, bukan kepuasan pelanggan! 😒","Aplikasi yang banget aneh! Penumpang harus melakukan pembayaran hanya diberikan waktu <60 menit. Tetapi, pas waktu penumpang melakukan pembatalan perjalanan dan pengembalian tiket, Refund banget lama dan berhari-hari! KAI saiki hanya fokus mencari keuntungan, dudu kepuasan pelanggan! 😒","Aplikasi yang nian aneh! Penumpang harus melakukan pembayaran hanyo diberikan waktu <60 menit. Tetapi, pas waktu penumpang melakukan pembatalan perjalanan dan pengembalian tiket, Refund nian lama dan berhari-hari! KAI sekarang hanyo fokus mencari keuntungan, bukan kepuasan pelanggan! 😒","Aplikasi yang nian aneh! Penumpang harus melakukan pembayaran hanyo diberikan waktu <60 menit. Tetapi, pas waktu penumpang melakukan pembatalan perjalanan dan pengembalian tiket, Refund nian lama dan berhari-hari! KAI sekarang hanyo fokus mencari keuntungan, bukan kepuasan pelanggan! 😒"
"Aplikasi apa ini,udah pesan gagal,duit tidak kembali,terlalu sering error,ini kaya merampok duit masyarakat....",,,negatif,negatif,,"Aplikasi apa iki,wis pesen gagal,duit ora bali,terlalu sering error,iki kaya merampok duit masyarakat....","Aplikasi apa ini,wis pesen gagal,duit ora kembali,terlalu sering rusak,ini kaya merampok duit masyarakat....","Aplikasi apo ini,lah pesan gagal,duit dak kembali,terlalu sering error,ini kaya merampok duit masyarakat....","Aplikasi apo ini,lah pesan gagal,duit dak kembali,terlalu sering error,ini kaya merampok duit masyarakat...."
"Beli tiket di aplikasi ini keterangannya Gagal, tapi saldo kepotong 100% harga tiket. Kalo gak berniat bikin aplikasi dan sistem pembayaran, gausah kasih fitur itu. MENYESAL PAKAI APLIKASI INI!",,,negatif,negatif,,"Tumbas tiket ing aplikasi iki keterangannya Gagal, nanging saldo kepotong 100% harga tiket. Yen ora berniat bikin aplikasi lan sistem pembayaran, gausah nuwun fitur kuwi. MENYESAL NGANGGO APLIKASI IKI!","Beli tiket di aplikasi ini keterangannya Gagal, nanging saldo kepotong 100% rega tiket. Yen ora berniat bikin aplikasi dan sistem pembayaran, gausah kasih fitur itu. MENYESAL PAKAI APLIKASI INI!","Beli tiket di aplikasi ini keterangannyo Gagal, tapi saldo kepotong 100% hargo tiket. Men dak berniat bikin aplikasi dan sistem pembayaran, gausah kasih fitur itu. MENYESAL PAKAI APLIKASI INI!","Beli tiket di aplikasi ini keterangannyo Gagal, tapi saldo kepotong 100% hargo tiket. men dak berniat bikin aplikasi dan sistem pembayaran, gausah kasih fitur itu. MENYESAL PAKAI APLIKASI INI!"
Aplikasi jelek. Gak enak lagi di pakai. Setiap pembayaran gagal trs,,,,negatif,,Aplikasi jelek. Ora enak maneh ing nganggo. Saben pembayaran gagal trs,Aplikasi jelek. Ora enak lagi di pakai. Setiap pembayaran gagal trs,Aplikasi jelek. Dak enak lagi di pakai. Setiap pembayaran gagal trs,Aplikasi jelek. dak enak lagi di pakai. Setiap pembayaran gagal trs
"Ada masalah saat memasukan kode pembayaran melalui mobile banking livin mandiri tidak bisa, atau kode VA tidak di ketahui. Padahal sudah sesuai dengan kode pembayaran. Mohon perbaikannya !",,,,negatif,,"Ana masalah wektu memasukan kode pembayaran melalui mobile banking livin mandiri ora bisa, utawa kode VA ora ing ketahui. Padahal wis cocok karo kode pembayaran. Nyuwun perbaikannya !","Ana masalah saat memasukan kode pembayaran melalui mobile banking livin mandiri ora bisa, atau kode VA ora di ketahui. Padahal wis sesuai karo kode pembayaran. Mohon perbaikannya !","Ado masalah saat memasukan kode pembayaran melalui mobile banking livin mandiri dak pacak, atau kode VA dak di ketahui. Padahal lah sesuai pake kode pembayaran. Mohon perbaikannyo !","ado masalah saat memasukan kode pembayaran melalui mobile banking livin mandiri dak pacak, atau kode VA dak di ketahui. Padahal lah sesuai dengan kode pembayaran. Mohon perbaikannyo !"
"Harusnya begitu top up dana langsung muncul, masa harus nunggu setengah jam gimana kalau lagi buru2, mending benerin dulu deh",,,,negatif,,"Harusnya begitu top up dana langsung muncul, mangsa kudu nunggu setengah jam gimana kalau maneh buru2, mending benerin dulu deh","Harusnya begitu top up dana langsung muncul, masa harus nunggu setengah jam kepriye yen lagi buru2, mending benerin dulu deh","Harusnyo begitu top up dana langsung muncul, masa harus nunggu setengah jam cakmno men lagi buru2, mending benerin dulu deh","Harusnyo begitu top up dana langsung muncul, masa harus nunggu setengah jam cakmno men lagi buru2, mending benerin dulu deh"
"Pembayaran berhasil, tp waktu pembayaran terus berlanjut.. akhirnya dinyatakan gagal pembayaran oleh aplikasi. Call center lemot, tidak ada respon sama sekali. Haduh, tolong kembalikan uang saya!!",,,,negatif,,"Pembayaran berhasil, tp wektu pembayaran terus berlanjut.. akhirnya dinyatakan gagal pembayaran oleh aplikasi. Call center lemot, ora ana respon padha sekali. Haduh, tulung kembalikan uang aku!!","Pembayaran berhasil, tp waktu pembayaran terus berlanjut.. akhirnya dinyatakan gagal pembayaran oleh aplikasi. Call center lemot, ora ana respon karo pisan. Haduh, tolong kembalikan dhuwit aku!!","Pembayaran berhasil, tp waktu pembayaran terus berlanjut.. akhirnyo dinyatakan gagal pembayaran oleh aplikasi. Call center lemot, dak ado respon samo nian. Haduh, tolong kembalikan duet aku!!","Pembayaran berhasil, tp waktu pembayaran terus berlanjut.. akhirnyo dinyatakan gagal pembayaran oleh aplikasi. Call center lemot, dak ado respon samo nian. Haduh, tolong kembalikan duet aku!!"
Saya toup sampe 2 kali berhasil tapi saldo di aplikasi gak ada tolong dong di bantu,,,,negatif,,Aku toup nganti 2 kali berhasil nanging saldo ing aplikasi ora ana tulung dong ing bantu,Aku toup sampe 2 kali berhasil nanging saldo di aplikasi ora ana tolong dong di bantu,Aku toup sampe 2 kali berhasil tapi saldo di aplikasi dak ado tolong dong di bantu,aku toup sampe 2 kali berhasil tapi saldo di aplikasi dak ado tolong dong di bantu
Tadi saya top up 50K..tapi masih belum masukk..tolong admin..saya sudah menunggu 15 menit lebih,,,,negatif,,Tadi aku top up 50K..nanging isih durung masukk..tulung admin..aku wis nunggu 15 menit luwih,Tadi aku top up 50K..nanging masih belum masukk..tolong admin..aku wis menunggu 15 menit lebih,Tadi aku top up 50K..tapi masih belum masukk..tolong admin..aku lah menunggu 15 menit lebih,Tadi aku top up 50K..tapi masih belum masukk..tolong admin..aku lah menunggu 15 menit lebih
"Sangaaat sangat tidak berguna!! Lemottt, mau top up kaspro lambat hrs menunggu 15-20 menit. Bener2 payaaah!!",,,,negatif,,"Sangaaat banget ora berguna!! Lemottt, arep top up kaspro lambat hrs nunggu 15-20 menit. Bener-bener payaaah!!","Sangaaat banget ora berguna!! Lemottt, arep top up kaspro alon hrs menunggu 15-20 menit. Bener2 payaaah!!","Sangaaat nian dak berguna!! Lemottt, nak top up kaspro lambat hrs menunggu 15-20 menit. Bener2 payaaah!!","Sangaaat nian dak berguna!! Lemottt, nak top up kaspro lambat hrs menunggu 15-20 menit. Bener2 payaaah!!"
"Sebelum sebelumnya aman dan tidak ada masalah , tapi saat ini saya mengalami kendala dan kerugian dalam memesan tiket sudah di payment saldo pun berkurang tetapi di apk KAI nya tidak ada notif pembayaran nya. Bagaimana ini .??? Masa harus pesen ulang.??",,,negatif,negatif,,"Sebelum sebelumnya aman lan ora ana masalah , nanging wektu iki aku ngalami kendala lan kerugian jero memesan tiket wis ing payment saldo pun murah tetapi ing apk KAI nya ora ana notif pembayaran nya. Bagaimana iki .??? Mangsa kudu pesen ulang.??","Sebelum sebelumnya aman dan ora ana masalah , nanging saat ini aku mengalami kendala dan kerugian jero memesan tiket wis di payment saldo pun berkurang tetapi di apk KAI nya ora ana notif pembayaran nya. Kepriye ini .??? Masa harus pesen ulang.??","Sebelum sebelumnyo aman dan dak ado masalah , tapi saat ini aku mengalami kendala dan kerugian dalem memesan tiket lah di payment saldo pun berkurang tetapi di apk KAI nyo dak ado notif pembayaran nyo. Cakmno ini .??? Masa harus pesen ulang.??","Sebelum sebelumnyo aman dan dak ado masalah , tapi saat ini aku mengalami kendala dan kerugian dalam memesan tiket lah di payment saldo pun berkurang tetapi di apk KAI nyo dak ado notif pembayaran nyo. cakmno ini .??? Masa harus pesen ulang.??"
"Aplikasi belum siap udh terbit ya kaya kai ini perusahan besar payahh!! Cerita nya gini,saya lgi mendesak beli pulsa di KAI Access uang kepotong tpi pulsa blm masuk sudah satu minggu belum ada respon yg baik.maap bintang 1 buat aplikasi.",,,,negatif,,"Aplikasi durung siap wis terbit ya kaya kai iki perusahan besar payahh!! Cerita nya gini,aku lgi mendesak tumbas pulsa ing KAI Access uang kepotong tpi pulsa durung mlebu wis satu minggu durung ana respon yg baik.maap bintang 1 kanggo aplikasi.","Aplikasi belum siap wis terbit ya kaya kai ini perusahan besar payahh!! Cerita nya gini,aku lgi mendesak beli pulsa di KAI Access dhuwit kepotong tpi pulsa blm masuk wis satu minggu belum ana respon yg apik.maap bintang 1 buat aplikasi.","Aplikasi belum siap lah terbit ya kaya kai ini perusahan besar payahh!! Cerita nyo gini,aku lgi mendesak beli pulsa di KAI Access duet kepotong tpi pulsa blm masuk lah satu minggu belum ado respon yg baek.maap bintang 1 buat aplikasi.","Aplikasi belum siap lah terbit ya kaya kai ini perusahan besar payahh!! Cerita nyo gini,aku lgi mendesak beli pulsa di KAI Access duet kepotong tpi pulsa blm masuk lah satu minggu belum ado respon yg baek.maap bintang 1 buat aplikasi."
"Setelah di update malah makin ribet. Disuruh pilih metode pembayaran, tapi gak muncul pilihan di hp. Ribet mau pesen tiket aja ribet",,,,negatif,,"Sawise ing nganyari malah makin ribet. Disuruh pilih cara pembayaran, nanging ora muncul pilihan ing hp. Ribet arep pesen tiket aja ribet","Setelah di update malah makin ribet. Disuruh pilih metode pembayaran, nanging ora muncul pilihan di hp. Ribet arep pesen tiket wae ribet","Setelah di update malah makin ribet. Disuruh pilih metode pembayaran, tapi dak muncul pilihan di hp. Ribet nak pesen tiket bae ribet","Setelah di update malah makin ribet. Disuruh pilih metode pembayaran, tapi dak muncul pilihan di hp. Ribet nak pesen tiket bae ribet"
"Tolong.. saya isi paket data via aplikasi ini kenapa gak masuk-masuk.. terus pas coba topup buat naik kereta, saya topup pertama 32rb tapi di saldo cuma 30rb. topup kedua 12rb tapi cuma masuk 10rb. cari riwayat transaksi dari topup sampai pembelian gak ada riwayatnya semua.. ini aplikasi apa sihh sebenernya..",,,,negatif,,"Tulung.. aku isi paket data lewat aplikasi iki kena apa ora mlebu-mlebu.. terus pas coba topup kanggo naik sepur, aku topup pertama 32rb nanging ing saldo mung 30rb. topup kedua 12rb nanging mung mlebu 10rb. cari riwayat transaksi dari topup sampai tumbas ora ana riwayatnya semua.. iki aplikasi apa sihh sebenernya..","Tolong.. aku isi paket data via aplikasi ini kena apa ora masuk-masuk.. terus pas coba topup buat naik kereta, aku topup pertama 32rb nanging di saldo mung 30rb. topup kedua 12rb nanging mung masuk 10rb. cari riwayat transaksi dari topup sampai pembelian ora ana riwayatnya kabeh.. ini aplikasi apa sihh sebenernya..","Tolong.. aku isi paket data via aplikasi ini ngapo dak masuk-masuk.. terus pas coba topup buat naik kereta, aku topup pertama 32rb tapi di saldo cuman 30rb. topup kedua 12rb tapi cuman masuk 10rb. cari riwayat transaksi dari topup sampai pembelian dak ado riwayatnyo galo.. ini aplikasi apo sihh sebenernyo..","Tolong.. aku isi paket data via aplikasi ini ngapo dak masuk-masuk.. terus pas coba topup buat naik kereta, aku topup pertama 32rb tapi di saldo cuman 30rb. topup kedua 12rb tapi cuman masuk 10rb. cari riwayat transaksi dari topup sampai pembelian dak ado riwayatnyo semua.. ini aplikasi apo sihh sebenernyo.."
"Setiap pesen tiket dan melakukan pembayaran lewat ovo selalu gak bisa laporannya terjadi kesalahan terus, gimana si ini mana lemot bgt, trus skrng jumlah tiketnya juga di batas. Perbaiki donggggg",,,,negatif,,"Saben pesen tiket lan melakukan pembayaran lewat ovo selalu ora bisa laporane terjadi kesalahan terus, gimana si iki endi lemot bgt, trus skrng jumlah tiketnya uga ing batas. Benerake donggggg","Setiap pesen tiket dan melakukan pembayaran lewat ovo selalu ora bisa laporannya terjadi kesalahan terus, kepriye si ini mana lemot banget, trus skrng jumlah tiketnya uga di batas. Perbaiki donggggg","Setiap pesen tiket dan melakukan pembayaran lewat ovo selalu dak pacak laporannyo terjadi kesalahan terus, cakmno si ini mana lemot nian, trus skrng jumlah tiketnyo jugo di batas. Perbaiki donggggg","Setiap pesen tiket dan melakukan pembayaran lewat ovo selalu dak pacak laporannyo terjadi kesalahan terus, cakmno si ini mana lemot bgt, trus skrng jumlah tiketnyo jugo di batas. Perbaiki donggggg"
"Susah banget mesen lewat sini padahal dulu gampang banget udah dapet antrian tp ga bisa bayar, tolong di kembangkan kembali apk nya",,,positif,negatif,,"Susah banget mesen lewat sini padahal dulu gampang banget wis dapet antrean tp ora bisa bayar, tulung ing kembangkan bali apk nya","Susah banget mesen lewat sini padahal dulu gampang banget wis dapet antrian tp ora bisa bayar, tolong di kembangkan kembali apk nya","Susah nian mesen lewat sini padahal dulu gampang nian lah dapet antrian tp dak pacak bayar, tolong di kembangkan kembali apk nyo","Susah nian mesen lewat sini padahal dulu gampang nian lah dapet antrian tp ga pacak bayar, tolong di kembangkan kembali apk nyo"
"Pernah beli tiket uang sudah dipotong tiket tidak dapat, karena cuman 3rb tidak komplainlah, terakhir transfer ke kartu multi trip, tidak seberapa sih nominalnya cuman 17rb, sudah coba telpon 121 nya dan dikirim ke email juga sesuai arahan, tapi tidak ada tindak lanjutnya😡😡😡",,,negatif,negatif,,"Pernah tumbas tiket uang wis dipotong tiket ora dapat, karena cuman 3rb ora komplainlah, terakhir transfer menyang kartu multi trip, ora seberapa sih nominalnya cuman 17rb, wis coba telpon 121 nya lan dikirim menyang email uga cocok arahan, nanging ora ana tindak lanjutnya😡😡😡","Pernah beli tiket dhuwit wis dipotong tiket ora dapat, karena cuman 3rb ora komplainlah, terakhir transfer ke kartu multi trip, ora seberapa sih nominalnya cuman 17rb, wis coba telpon 121 nya dan dikirim ke email uga sesuai arahan, nanging ora ana tindak lanjutnya😡😡😡","Pernah beli tiket duet lah dipotong tiket dak dapat, karena cuman 3rb dak komplainlah, terakhir transfer ke kartu multi trip, dak seberapa sih nominalnyo cuman 17rb, lah coba telpon 121 nyo dan dikirim ke email jugo sesuai arahan, tapi dak ado tindak lanjutnyo😡😡😡","Pernah beli tiket duet lah dipotong tiket dak dapat, karena cuman 3rb dak komplainlah, terakhir transfer ke kartu multi trip, dak seberapa sih nominalnyo cuman 17rb, lah coba telpon 121 nyo dan dikirim ke email jugo sesuai arahan, tapi dak ado tindak lanjutnyo😡😡😡"
Parah kelamaan perbaikan KAI paynya Saldo saya ke tahan ga bisa2 buat beli tiket dll... Diperbaiki secepatnya..jgn nunggu lama customer..kecewa,,,,negatif,,Parah kelamaan perbaikan KAI paynya Saldo aku menyang tahan ora bisa2 kanggo tumbas tiket dll... Benerake secepatnya..jgn nunggu suwe customer..kecewa,Parah kelamaan perbaikan KAI paynya Saldo aku ke tahan ora bisa2 buat beli tiket dll... Diperbaiki secepatnya..jgn nunggu lama customer..kecewa,Parah kelamaan perbaikan KAI paynyo Saldo aku ke tahan dak bisa2 buat beli tiket dll... Diperbaiki secepatnyo..jgn nunggu lama customer..kecewa,Parah kelamaan perbaikan KAI paynyo Saldo aku ke tahan ga bisa2 buat beli tiket dll... Diperbaiki secepatnyo..jgn nunggu lama customer..kecewa
"Pembayaran jadi ribet bngt, mending yg lama. Pembayaran jadi sering gagal. App error. Bikin ketinggalan kereta. Top up 20k masuknya 16,5, 8k masuk 6k aneh bngt. Sisa saldonya kmnaa????. Sangat buruk",,,,negatif,,"Pembayaran dadi ribet bngt, mending yg suwe. Pembayaran dadi sering gagal. App error. Bikin ketinggalan sepur. Top up 20k mlebune 16,5, 8k mlebu 6k aneh bngt. Sisa saldone kmnaa????. Banget buruk","Pembayaran jadi ribet bngt, mending yg lama. Pembayaran jadi sering gagal. App rusak. Bikin ketinggalan kereta. Top up 20k masuknya 16,5, 8k masuk 6k aneh bngt. Sisa saldonya kmnaa????. Banget ala","Pembayaran jadi ribet bngt, mending yg lama. Pembayaran jadi sering gagal. App error. Bikin ketinggalan kereta. Top up 20k masuknyo 16,5, 8k masuk 6k aneh bngt. Sisa saldonyo kmnaa????. Nian buruk","Pembayaran jadi ribet bngt, mending yg lama. Pembayaran jadi sering gagal. App error. Bikin ketinggalan kereta. Top up 20k masuknyo 16,5, 8k masuk 6k aneh bngt. Sisa saldonyo kmnaa????. nian buruk"
Aplikasi buruk sekali nggak bisadaftar akun sekainya bisa transaksi selalu gagal,,,,,negatif,Aplikasi buruk sekali ora bisadaftar akun sekainya bisa transaksi selalu gagal,Aplikasi ala pisan ora bisadaftar akun sekainya bisa transaksi selalu gagal,Aplikasi buruk nian dak bisadaftar akun sekainyo pacak transaksi selalu gagal,Aplikasi buruk nian dak bisadaftar akun sekainyo pacak transaksi selalu gagal
"Beli tiket ada notif pembayaran gagal tpi saldo kepotong,tlp sc pengembalian dana 14-30 hari. Zaman sdh serba canggih pengembalian dana selama itu. Ngapain aja woyyy????? Tolong ditingkatkan pelayanannya.",,,,negatif,,"Tumbas tiket ana notif pembayaran gagal tpi saldo kepotong,tlp sc pengembalian dana 14-30 dina. Zaman sdh serba canggih pengembalian dana selama kuwi. Ngapain aja woyyy????? Tulung ditingkatkan pelayanannya.","Beli tiket ana notif pembayaran gagal tpi saldo kepotong,tlp sc pengembalian dana 14-30 hari. Zaman sdh serba canggih pengembalian dana selama itu. Ngapain wae woyyy????? Tolong ditingkatkan pelayanannya.","Beli tiket ado notif pembayaran gagal tpi saldo kepotong,tlp sc pengembalian dana 14-30 hari. Zaman sdh serba canggih pengembalian dana selama itu. Ngapain bae woyyy????? Tolong ditingkatkan pelayanannyo.","Beli tiket ado notif pembayaran gagal tpi saldo kepotong,tlp sc pengembalian dana 14-30 hari. Zaman sdh serba canggih pengembalian dana selama itu. Ngapain bae woyyy????? Tolong ditingkatkan pelayanannyo."
"Aplikasi pembelian pulsa dan token pln tidak bisa bayar, setiap mau bayar muncul kadaluwarsa ""waktu pemesanan anda telah habis, silahkan lakukan pemesanan ulang"". Padahal mau masukkan pin, eh sudah muncul notifikasi ini ! Diulang2 jg masih sama. Mohon bisa diperbaiki, terimakasih.",,,,negatif,,"Aplikasi tumbas pulsa lan token pln ora bisa bayar, saben arep bayar muncul kadaluwarsa ""wektu pesenan anda telah habis, silahkan lakukan pesenan ulang"". Padahal arep masukkan pin, eh wis muncul notifikasi iki ! Diulang2 jg isih padha. Nyuwun bisa benerake, terimakasih.","Aplikasi pembelian pulsa dan token pln ora bisa bayar, setiap arep bayar muncul kadaluwarsa ""waktu pemesanan anda telah habis, silahkan lakukan pemesanan ulang"". Padahal arep masukkan pin, eh wis muncul notifikasi ini ! Diulang2 jg masih karo. Mohon bisa diperbaiki, terimakasih.","Aplikasi pembelian pulsa dan token pln dak pacak bayar, setiap nak bayar muncul kadaluwarsa ""waktu pemesanan anda telah habis, silahkan lakukan pemesanan ulang"". Padahal nak masukkan pin, eh lah muncul notifikasi ini ! Diulang2 jg masih samo. Mohon pacak diperbaiki, terimakasih.","Aplikasi pembelian pulsa dan token pln dak pacak bayar, setiap nak bayar muncul kadaluwarsa ""waktu pemesanan anda telah habis, silahkan lakukan pemesanan ulang"". Padahal nak masukkan pin, eh lah muncul notifikasi ini ! Diulang2 jg masih samo. Mohon pacak diperbaiki, terimakasih."
"Selalu gagal saat pembayaran, saldo sudah terpotong tapi tiket tidak rilis juga",,,negatif,negatif,,"Selalu gagal wektu pembayaran, saldo wis terpotong nanging tiket ora rilis uga","Selalu gagal saat pembayaran, saldo wis terpotong nanging tiket ora rilis uga","Selalu gagal saat pembayaran, saldo lah terpotong tapi tiket dak rilis jugo","Selalu gagal saat pembayaran, saldo lah terpotong tapi tiket dak rilis jugo"
"Top up KAI pay udah masuknya lama, potongannya GEDE. Gak ada notif pula potongannya berapa. Alhasil duit nggak cukup buat pesen tiket. Ditarik juga nggak bisa. Udah bener2 integrasi sama LinkAja malah rebranding wallet gajelas gini.",,,,negatif,,"Top up KAI pay wis mlebune suwe, potongannya GEDE. Ora ana notif pula potongannya berapa. Alhasil duit ora cukup kanggo pesen tiket. Ditarik uga ora bisa. Wis bener-bener integrasi padha LinkAja malah rebranding wallet gajelas gini.","Top up KAI pay wis masuknya lama, potongannya GEDE. Ora ana notif pula potongannya berapa. Alhasil duit ora cukup buat pesen tiket. Ditarik uga ora bisa. Wis bener2 integrasi karo LinkAja malah rebranding wallet gajelas gini.","Top up KAI pay lah masuknyo lama, potongannyo GEDE. Dak ado notif pula potongannyo berapa. Alhasil duit dak cukup buat pesen tiket. Ditarik jugo dak pacak. Lah bener2 integrasi samo LinkAja malah rebranding wallet gajelas gini.","Top up KAI pay lah masuknyo lama, potongannyo GEDE. dak ado notif pula potongannyo berapa. Alhasil duit dak cukup buat pesen tiket. Ditarik jugo dak pacak. lah bener2 integrasi samo LinkAja malah rebranding wallet gajelas gini."
"Aplikasi aneh, penyakitnya itu-itu mulu kalo ngga e-tiketnya ga keluar ya time out pas pembayaran, tolong dong kalo emg gabisa kerja bikin aplikasi yg bagus mending diganti aja pekerjanya, atau ngga mending dipisah aplikasi sesuai sama jenis-jenis kereta biar ga eror mulu tuh aplikasi karna kebanyakan yg make.",,,negatif,negatif,,"Aplikasi aneh, penyakitnya kuwi-kuwi terus yen ora e-tiketnya ora metu ya time out pas pembayaran, tulung dong yen emg gabisa kerja bikin aplikasi yg apik mending diganti aja pekerjanya, utawa ora mending dipisah aplikasi cocok padha jenis-jenis sepur ben ora rusak terus tuh aplikasi karna kakehan yg make.","Aplikasi aneh, penyakitnya itu-itu mulu yen ora e-tiketnya ora keluar ya time out pas pembayaran, tolong dong yen emg gabisa kerja bikin aplikasi yg apik mending diganti wae pekerjanya, atau ora mending dipisah aplikasi sesuai karo jenis-jenis kereta biar ora eror mulu tuh aplikasi karna kebanyakan yg make.","Aplikasi aneh, penyakitnyo itu-itu mulu men dak e-tiketnyo dak keluar ya time out pas pembayaran, tolong dong men emg gabisa kerja bikin aplikasi yg bagus mending diganti bae pekerjanyo, atau dak mending dipisah aplikasi sesuai samo jenis-jenis kereta biar dak eror mulu tuh aplikasi karna kebanyakan yg make.","Aplikasi aneh, penyakitnyo itu-itu mulu men dak e-tiketnyo ga keluar ya time out pas pembayaran, tolong dong men emg gabisa kerja bikin aplikasi yg bagus mending diganti bae pekerjanyo, atau dak mending dipisah aplikasi sesuai samo jenis-jenis kereta biar ga eror mulu tuh aplikasi karna kebanyakan yg make."
"Aplikasi jelek belum stabil masih banyak masalah, saya 2 hari war tiket,hari ke 1 ga bisa war tiket karena aplikasi error,hari 2 war pke aplikasi gagal juga, berkali kali harus aktivasi KAI Pay,akhirnya pke website kai baru bisa dapat tiket, perbaiki lagi aplikasi",,,negatif,,,"Aplikasi jelek durung stabil isih akeh masalah, aku 2 dina war tiket,dina menyang 1 ora bisa war tiket karena aplikasi error,dina 2 war pke aplikasi gagal uga, berkali kali kudu aktivasi KAI Pay,akhirnya pke website kai anyar bisa dapat tiket, benerake maneh aplikasi","Aplikasi jelek belum stabil masih banyak masalah, aku 2 hari war tiket,hari ke 1 ora bisa war tiket karena aplikasi rusak,hari 2 war pke aplikasi gagal uga, berkali kali harus aktivasi KAI Pay,akhirnya pke website kai baru bisa dapat tiket, perbaiki lagi aplikasi","Aplikasi jelek belum stabil masih banyak masalah, aku 2 hari war tiket,hari ke 1 dak pacak war tiket karena aplikasi error,hari 2 war pke aplikasi gagal jugo, berkali kali harus aktivasi KAI Pay,akhirnyo pke website kai baru pacak dapat tiket, perbaiki lagi aplikasi","Aplikasi jelek belum stabil masih banyak masalah, aku 2 hari war tiket,hari ke 1 ga pacak war tiket karena aplikasi error,hari 2 war pke aplikasi gagal jugo, berkali kali harus aktivasi KAI Pay,akhirnyo pke website kai baru pacak dapat tiket, perbaiki lagi aplikasi"
"Semua metode pembayaran tidak dapat digunakan, dapat tiket tapi tidak bisa dibayar, sistem antrian tidak realtime, bug ditab tiket saya selalu gangguan, lah ini apps gunanya untuk apa, better yang dulu-dulu sebelum ada sistem antrian, toh antrian tidak tahu juga itu fair atau tidak",,,kontra,negatif,,"Semua cara pembayaran ora dapat digunakan, dapat tiket nanging ora bisa dibayar, sistem antrean ora realtime, bug ditab tiket aku selalu gangguan, yo iki apps gunanya kanggo apa, better sing dulu-dulu sebelum ana sistem antrean, toh antrean ora tahu uga kuwi fair utawa ora","Kabeh metode pembayaran ora dapat digunakan, dapat tiket nanging ora bisa dibayar, sistem antrian ora realtime, bug ditab tiket aku selalu gangguan, lah ini apps gunanya untuk apa, better yang dulu-dulu sebelum ana sistem antrian, toh antrian ora tahu uga itu fair atau ora","Galo metode pembayaran dak dapat digunakan, dapat tiket tapi dak pacak dibayar, sistem antrian dak realtime, bug ditab tiket aku selalu gangguan, lah ini apps gunanyo untuk apo, better yang dulu-dulu sebelum ado sistem antrian, toh antrian dak tahu jugo itu fair atau dak","Semua metode pembayaran dak dapat digunakan, dapat tiket tapi dak pacak dibayar, sistem antrian dak realtime, bug ditab tiket aku selalu gangguan, lah ini apps gunanyo untuk apo, better yang dulu-dulu sebelum ado sistem antrian, toh antrian dak tahu jugo itu fair atau dak"
Mana yg katanya saldo terisi setelah 15 menit ini udh lebih 15 menit saldo ga muncul2 kenapa sih hal hal kecil seperti ini harus bhong,,,,negatif,,Endi yg jarene saldo terisi sawise 15 menit iki wis luwih 15 menit saldo ora muncul2 kena apa sih hal hal kecil seperti iki kudu bhong,Mana yg katanya saldo terisi setelah 15 menit ini wis lebih 15 menit saldo ora muncul2 kena apa sih hal hal kecil kaya ini harus bhong,Mana yg katanyo saldo terisi setelah 15 menit ini lah lebih 15 menit saldo dak muncul2 ngapo sih hal hal kecil cak ini harus bhong,Mana yg katanyo saldo terisi setelah 15 menit ini lah lebih 15 menit saldo ga muncul2 ngapo sih hal hal kecil cak ini harus bhong
"apk gajelas, topup saldonya gamasuk ke apk padahal topup nya berhasil dr mbanking",,,,negatif,,"apk gajelas, topup saldone gamasuk menyang apk padahal topup nya berhasil dr mbanking","apk gajelas, topup saldonya gamasuk ke apk padahal topup nya berhasil dr mbanking","apk gajelas, topup saldonyo gamasuk ke apk padahal topup nyo berhasil dr mbanking","apk gajelas, topup saldonyo gamasuk ke apk padahal topup nyo berhasil dr mbanking"
Bangke nih di update bukannya mempermudah malah mempersulit. Mending yg lama dari pada pake yg udah update. Percuma ada aplikasi klo kyk gni kembali ke jaman manual. Pembayaran juga di batasi susah. Apaan kyk gni!!,,,,negatif,,Bangke nih ing nganyari nanging mempermudah malah mempersulit. Mending yg suwe dari pada nganggo yg wis nganyari. Percuma ana aplikasi yen kyk gni bali menyang jaman manual. Pembayaran uga ing batasi susah. Apaan kyk gni!!,Bangke nih di update bukannya mempermudah malah mempersulit. Mending yg lama dari pada pake yg wis update. Percuma ana aplikasi klo kyk gni kembali ke jaman manual. Pembayaran uga di batasi susah. Apaan kyk gni!!,Bangke nih di update bukannyo mempermudah malah mempersulit. Mending yg lama dari pada pake yg lah update. Percuma ado aplikasi klo kyk gni kembali ke jaman manual. Pembayaran jugo di batasi susah. Apaan kyk gni!!,Bangke nih di update bukannyo mempermudah malah mempersulit. Mending yg lama dari pada pake yg lah update. Percuma ado aplikasi klo kyk gni kembali ke jaman manual. Pembayaran jugo di batasi susah. Apaan kyk gni!!
payah gangguan gk bisa isi saldo jd ribet,,,,negatif,,payah gangguan ora bisa isi saldo jd ribet,payah gangguan gk bisa isi saldo jd ribet,payah gangguan gk pacak isi saldo jd ribet,payah gangguan gk pacak isi saldo jd ribet
1. Aplikasinya lemot (sering kadaluwarsa/loading lama) 2. Waktu yg singkat untuk pilih kursi sampai pembayaran 3. Pembayaran gaada metode M-banking 4. Top Up KAI pay prosesnya lama,negatif,,negatif,negatif,,1. Aplikasinya lemot (sering kadaluwarsa/muter suwe) 2. Wektu yg singkat kanggo pilih kursi sampai pembayaran 3. Pembayaran gaada cara M-banking 4. Top Up KAI pay prosesnya suwe,1. Aplikasinya lemot (sering kadaluwarsa/loading lama) 2. Waktu yg singkat untuk pilih kursi sampai pembayaran 3. Pembayaran gaada metode M-banking 4. Top Up KAI pay prosesnya lama,1. Aplikasinyo lemot (sering kadaluwarsa/loading lama) 2. Waktu yg singkat untuk pilih kursi sampai pembayaran 3. Pembayaran gaada metode M-banking 4. Top Up KAI pay prosesnyo lama,1. Aplikasinyo lemot (sering kadaluwarsa/loading lama) 2. Waktu yg singkat untuk pilih kursi sampai pembayaran 3. Pembayaran gaada metode M-banking 4. Top Up KAI pay prosesnyo lama
"Ga berguna, jalan krteta membuat masarakat resah dan terganggu ,sewaktu² kreta bisa membuat kecilakaan dan membunuh masarakat. Lebih baik kreta bikin jalan layang sendiri jangan bersentuhan dengan manusia di darat. Dan JANGAN PERNAH ISI TOPUP SALDO, SALDO TIDAK BISA DI GUNAKAN untuk beli tiket ,saldo hanya bisa untuk beli pulsa saja Sangat Memalukan Beginilah layanan publik milik pemerintah. Kebanyakan hasil korupsi. Aplikasi payah, tidak berguna., layanan online pembayaran sangat tidak berguna.",,,,negatif,,"Ora berguna, jalan krteta membuat masarakat resah lan terganggu ,sewaktu² kreta bisa membuat kecilakaan lan membunuh masarakat. Luwih baik kreta bikin jalan layang sendiri aja bersentuhan karo manusia ing darat. Lan AJA PERNAH ISI TOPUP SALDO, SALDO ORA BISA ING ENGGO kanggo tumbas tiket ,saldo hanya bisa kanggo tumbas pulsa saja Banget Memalukan Beginilah layanan publik milik pemerintah. Kakehan asil korupsi. Aplikasi payah, ora berguna., layanan online pembayaran banget ora berguna.","Ora berguna, jalan krteta membuat masarakat resah dan terganggu ,sewaktu² kreta bisa membuat kecilakaan dan membunuh masarakat. Lebih apik kreta bikin jalan layang dhewe jangan bersentuhan karo manusia di darat. Dan JANGAN PERNAH ISI TOPUP SALDO, SALDO ORA BISA DI GUNAKAN untuk beli tiket ,saldo hanya bisa untuk beli pulsa wae Banget Memalukan Beginilah layanan publik milik pemerintah. Kebanyakan hasil korupsi. Aplikasi payah, ora berguna., layanan online pembayaran banget ora berguna.","Dak berguna, jalan krteta membuat masarakat resah dan terganggu ,sewaktu² kreta pacak membuat kecilakaan dan membunuh masarakat. Lebih baek kreta bikin jalan layang dewek jangan bersentuhan pake manusia di darat. Dan JANGAN PERNAH ISI TOPUP SALDO, SALDO DAK PACAK DI GUNAKAN untuk beli tiket ,saldo hanyo pacak untuk beli pulsa bae Nian Memalukan Beginilah layanan publik milik pemerintah. Kebanyakan hasil korupsi. Aplikasi payah, dak berguna., layanan online pembayaran nian dak berguna.","Ga berguna, jalan krteta membuat masarakat resah dan terganggu ,sewaktu² kreta pacak membuat kecilakaan dan membunuh masarakat. Lebih baek kreta bikin jalan layang sendiri jangan bersentuhan dengan manusia di darat. Dan JANGAN PERNAH ISI TOPUP SALDO, SALDO dak pacak DI GUNAKAN untuk beli tiket ,saldo hanyo pacak untuk beli pulsa bae nian Memalukan Beginilah layanan publik milik pemerintah. Kebanyakan hasil korupsi. Aplikasi payah, dak berguna., layanan online pembayaran nian dak berguna."
"ribet e wallet susah war susah, cancel tiket susah potonganya gede mmk",,,negatif,negatif,,"ribet e wallet susah war susah, cancel tiket susah potonganya gede mmk","ribet e wallet susah war susah, cancel tiket susah potonganya gede mmk","ribet e wallet susah war susah, cancel tiket susah potonganyo gede mmk","ribet e wallet susah war susah, cancel tiket susah potonganyo gede mmk"
Mau bayar tiket aplikasi langsung keluar dan langsung habis parah,,,,negatif,,Arep bayar tiket aplikasi langsung metu lan langsung habis parah,Arep bayar tiket aplikasi langsung keluar dan langsung habis parah,Nak bayar tiket aplikasi langsung keluar dan langsung habis parah,nak bayar tiket aplikasi langsung keluar dan langsung habis parah
"Kenapa kok aplikasi KAI skrg sangat jelek ya..gak kayak dulu...masak saya disuruh aktivasi terus..dan mau di aktivasi muncul tulisan invalid sinagture.terus gt..lalu dua hari lg baru bisa,dan saya isi saldo 20rb mau ke waru pp.nah isi 20 kok masuknya 17100..2900 nya kemana..kalo Ok enak admin gak mungkin..udah lama saya pakai aplikasi ini ndak prnh ad admin ..apalagi kalau isi 20 dipotong 2900 apa gak kebanyakan..Mau naek kereta senang irit..krn gak punya duit..malah kepotong potong",,,,negatif,negatif,"Kena apa kok aplikasi KAI skrg banget jelek ya..ora kayak dulu...masak aku disuruh aktivasi terus..lan arep ing aktivasi muncul tulisan invalid sinagture.terus gt..lalu loro dina lg anyar bisa,lan aku isi saldo 20rb arep menyang waru pp.nah isi 20 kok mlebune 17100..2900 nya kemana..yen Ok enak admin ora mungkin..wis suwe aku nganggo aplikasi iki ndak prnh ad admin ..apalagi kalau isi 20 dipotong 2900 apa ora kakehan..Arep naek sepur senang irit..krn ora punya duit..malah kepotong potong","Kena apa kok aplikasi KAI skrg banget jelek ya..ora kayak dulu...masak aku disuruh aktivasi terus..dan arep di aktivasi muncul tulisan invalid sinagture.terus gt..lalu dua hari lg baru bisa,dan aku isi saldo 20rb arep ke waru pp.nah isi 20 kok masuknya 17100..2900 nya kemana..yen Ok enak admin ora mungkin..wis lama aku pakai aplikasi ini ndak prnh ad admin ..apalagi yen isi 20 dipotong 2900 apa ora kebanyakan..Arep naek kereta senang irit..krn ora punya duit..malah kepotong potong","Ngapo kok aplikasi KAI skrg nian jelek ya..dak kayak dulu...masak aku disuruh aktivasi terus..dan nak di aktivasi muncul tulisan invalid sinagture.terus gt..lalu dua hari lg baru pacak,dan aku isi saldo 20rb nak ke waru pp.nah isi 20 kok masuknyo 17100..2900 nyo kemana..men Ok enak admin dak mungkin..lah lama aku pakai aplikasi ini ndak prnh ad admin ..apalagi men isi 20 dipotong 2900 apo dak kebanyakan..Nak naek kereta senang irit..krn dak punyo duit..malah kepotong potong","ngapo kok aplikasi KAI skrg nian jelek ya..dak kayak dulu...masak aku disuruh aktivasi terus..dan nak di aktivasi muncul tulisan invalid sinagture.terus gt..lalu dua hari lg baru pacak,dan aku isi saldo 20rb nak ke waru pp.nah isi 20 kok masuknyo 17100..2900 nyo kemana..men Ok enak admin dak mungkin..lah lama aku pakai aplikasi ini ndak prnh ad admin ..apalagi men isi 20 dipotong 2900 apo dak kebanyakan..nak naek kereta senang irit..krn dak punyo duit..malah kepotong potong"
"Aplikasi sangat lemot, untuk pembayaran selalu tertulis kadaluarsa dan harus transaksi dari awal, payah, ketika mau bayar gaada tulisan bayar malah di suruh batalkan pesanan, aneh",,,,negatif,,"Aplikasi banget lemot, kanggo pembayaran selalu tertulis kadaluarsa lan kudu transaksi dari awal, payah, ketika arep bayar gaada tulisan bayar malah ing suruh batalkan pesanan, aneh","Aplikasi banget lemot, untuk pembayaran selalu tertulis kadaluarsa dan harus transaksi dari awal, payah, ketika arep bayar gaada tulisan bayar malah di suruh batalkan pesanan, aneh","Aplikasi nian lemot, untuk pembayaran selalu tertulis kadaluarsa dan harus transaksi dari awal, payah, ketika nak bayar gaada tulisan bayar malah di suruh batalkan pesanan, aneh","Aplikasi nian lemot, untuk pembayaran selalu tertulis kadaluarsa dan harus transaksi dari awal, payah, ketika nak bayar gaada tulisan bayar malah di suruh batalkan pesanan, aneh"
"Aplikasi T*i, monopoli aja pembayaran nya cuma bisa pke KAI pay, buat apa ada metode pembayaran Bank atau e wallet. Kalo g bisa Di pake sampah. Potongan Top up nya dua kali anj emg",,,,negatif,,"Aplikasi T*i, monopoli aja pembayaran nya mung bisa pke KAI pay, kanggo apa ana cara pembayaran Bank utawa e wallet. Yen g bisa Ing nganggo sampah. Potongan Top up nya loro kali anj emg","Aplikasi T*i, monopoli wae pembayaran nya mung bisa pke KAI pay, buat apa ana metode pembayaran Bank atau e wallet. Yen g bisa Di pake sampah. Potongan Top up nya dua kali anj emg","Aplikasi T*i, monopoli bae pembayaran nyo cuman pacak pke KAI pay, buat apo ado metode pembayaran Bank atau e wallet. Men g pacak Di pake sampah. Potongan Top up nyo dua kali anj emg","Aplikasi T*i, monopoli bae pembayaran nyo cuman pacak pke KAI pay, buat apo ado metode pembayaran Bank atau e wallet. men g pacak Di pake sampah. Potongan Top up nyo dua kali anj emg"
"Makin best aplikasinya! Ini isi saldo udah berapa hari belum di kirim""? Lama banget!",,,,negatif,,"Makin best aplikasinya! Iki isi saldo wis berapa dina durung ing kirim""? Suwe banget!","Makin best aplikasinya! Ini isi saldo wis berapa hari belum di kirim""? Lama banget!","Makin best aplikasinyo! Ini isi saldo lah berapa hari belum di kirim""? Lama nian!","Makin best aplikasinyo! Ini isi saldo lah berapa hari belum di kirim""? Lama nian!"
"Saya sudah isi ulang kartu commuter, tapi saat mau update saldo sesalu gagal",,,,negatif,,"Aku wis isi ulang kartu commuter, nanging wektu arep nganyari saldo sesalu gagal","Aku wis isi ulang kartu commuter, nanging saat arep update saldo sesalu gagal","Aku lah isi ulang kartu commuter, tapi saat nak update saldo sesalu gagal","aku lah isi ulang kartu commuter, tapi saat nak update saldo sesalu gagal"
"Tidak bisa lihar pembayaran E-Wallet, tidak bisa bayar tiket",,,,negatif,,"Ora bisa lihar pembayaran E-Wallet, ora bisa bayar tiket","Ora bisa lihar pembayaran E-Wallet, ora bisa bayar tiket","Dak pacak lihar pembayaran E-Wallet, dak pacak bayar tiket","dak pacak lihar pembayaran E-Wallet, dak pacak bayar tiket"
"Dulu perasaan bagus deh,, sekarang malah ruwet,, pembayaran tiket lewat Brimo tertulis succes dan saldo terpotong, tpi di aplikasi Kai malah ada pesan pembayaran gagal. Udah mengajukan pengaduan malah gk ditanggapin. Akhirnya tiket gak dapet, uang hangus, perjalanan gagal.",,,,negatif,,"Dulu perasaan apik deh,, saiki malah ruwet,, pembayaran tiket lewat Brimo tertulis succes lan saldo terpotong, tpi ing aplikasi Kai malah ana pesen pembayaran gagal. Wis mengajukan pengaduan malah ora ditanggapin. Akhirnya tiket ora dapet, uang hangus, perjalanan gagal.","Dulu perasaan apik deh,, saiki malah ruwet,, pembayaran tiket lewat Brimo tertulis succes dan saldo terpotong, tpi di aplikasi Kai malah ana pesen pembayaran gagal. Wis mengajukan pengaduan malah gk ditanggapin. Akhirnya tiket ora dapet, dhuwit hangus, perjalanan gagal.","Dulu perasaan bagus deh,, sekarang malah ruwet,, pembayaran tiket lewat Brimo tertulis succes dan saldo terpotong, tpi di aplikasi Kai malah ado pesan pembayaran gagal. Lah mengajukan pengaduan malah gk ditanggapin. Akhirnyo tiket dak dapet, duet hangus, perjalanan gagal.","Dulu perasaan bagus deh,, sekarang malah ruwet,, pembayaran tiket lewat Brimo tertulis succes dan saldo terpotong, tpi di aplikasi Kai malah ado pesan pembayaran gagal. lah mengajukan pengaduan malah gk ditanggapin. Akhirnyo tiket dak dapet, duet hangus, perjalanan gagal."
"Aplikasinya makin hari makin buruk, Daftar penumpang yang telah ditambahkan tiba2 hilang dan harus kembali diinput manual saat pemesanan tiket. Aplikasi juga sering ngebug, error, sangat membuang waktu. Bahkan hanya untuk beli tiket berjam-jam belum beres. Tolong ditingkatkan lagi",,,negatif,,,"Aplikasinya makin dina makin buruk, Daftar penumpang sing telah ditambahkan tiba2 hilang lan kudu bali diinput manual wektu pesenan tiket. Aplikasi uga sering ngebug, error, banget membuang wektu. Bahkan hanya kanggo tumbas tiket berjam-jam durung beres. Tulung ditingkatkan maneh","Aplikasinya makin hari makin ala, Daftar penumpang yang telah ditambahkan tiba2 hilang dan harus kembali diinput manual saat pemesanan tiket. Aplikasi uga sering ngebug, rusak, banget membuang waktu. Bahkan hanya untuk beli tiket berjam-jam belum beres. Tolong ditingkatkan lagi","Aplikasinyo makin hari makin buruk, Daftar penumpang yang telah ditambahkan tiba2 hilang dan harus kembali diinput manual saat pemesanan tiket. Aplikasi jugo sering ngebug, error, nian membuang waktu. Bahkan hanyo untuk beli tiket berjam-jam belum beres. Tolong ditingkatkan lagi","Aplikasinyo makin hari makin buruk, Daftar penumpang yang telah ditambahkan tiba2 hilang dan harus kembali diinput manual saat pemesanan tiket. Aplikasi jugo sering ngebug, error, nian membuang waktu. Bahkan hanyo untuk beli tiket berjam-jam belum beres. Tolong ditingkatkan lagi"
"Ini aplikasi BUMN kan, tp sistem pengaduannya ga ada di aplikasi. Harusnya ada menu pengaduan, trus dikasih SLA waktu penyelesaiannya. Disitulah profesionalisme pelayanan Customer Service terlihat. Ini cm ada pilihan bantuan. Beda bos. Harusnya aplikasi ini terintegrasi sama Call Center KAI jg terkait pengaduan. Harga Go Show makin mahal, blm 2 tahun dah naik 2x lipat, tp pelayanan msh gini2 aja. Tolonglah ditingkatkan. Saran saya 1 aja, menu pengaduan. Contoh BUMN lain, sperti aplikasinya PLN.",,negatif,,,,"Iki aplikasi BUMN kan, tp sistem pengaduannya ora ana ing aplikasi. Harusnya ana menu pengaduan, trus dikasih SLA wektu penyelesaiannya. Disitulah profesionalisme pelayanan Customer Service terlihat. Iki cm ana pilihan bantuan. Beda bos. Harusnya aplikasi iki terintegrasi padha Call Center KAI jg terkait pengaduan. Harga Go Show makin mahal, durung 2 tahun dah naik 2x lipat, tp pelayanan msh gini2 aja. Tolonglah ditingkatkan. Saran aku 1 aja, menu pengaduan. Contoh BUMN lain, sperti aplikasinya PLN.","Ini aplikasi BUMN kan, tp sistem pengaduannya ora ana di aplikasi. Harusnya ana menu pengaduan, trus dikasih SLA waktu penyelesaiannya. Disitulah profesionalisme pelayanan Customer Service terlihat. Ini cm ana pilihan bantuan. Beda bos. Harusnya aplikasi ini terintegrasi karo Call Center KAI jg terkait pengaduan. Rega Go Show makin mahal, blm 2 tahun dah naik 2x lipat, tp pelayanan msh gini2 wae. Tolonglah ditingkatkan. Saran aku 1 wae, menu pengaduan. Contoh BUMN lain, sperti aplikasinya PLN.","Ini aplikasi BUMN kan, tp sistem pengaduannyo dak ado di aplikasi. Harusnyo ado menu pengaduan, trus dikasih SLA waktu penyelesaiannyo. Disitulah profesionalisme pelayanan Customer Service terlihat. Ini cm ado pilihan bantuan. Beda bos. Harusnyo aplikasi ini terintegrasi samo Call Center KAI jg terkait pengaduan. Hargo Go Show makin mahal, blm 2 tahun dah naik 2x lipat, tp pelayanan msh gini2 bae. Tolonglah ditingkatkan. Saran aku 1 bae, menu pengaduan. Contoh BUMN lain, sperti aplikasinyo PLN.","Ini aplikasi BUMN kan, tp sistem pengaduannyo ga ado di aplikasi. Harusnyo ado menu pengaduan, trus dikasih SLA waktu penyelesaiannyo. Disitulah profesionalisme pelayanan Customer Service terlihat. Ini cm ado pilihan bantuan. Beda bos. Harusnyo aplikasi ini terintegrasi samo Call Center KAI jg terkait pengaduan. hargo Go Show makin mahal, blm 2 tahun dah naik 2x lipat, tp pelayanan msh gini2 bae. Tolonglah ditingkatkan. Saran aku 1 bae, menu pengaduan. Contoh BUMN lain, sperti aplikasinyo PLN."
"Aplikasi sangat tidak membantu, sepertinya hanya calo yg dapat akses VVIP,tidak dapat memesan tiket, setelah tiket habis terjual baru bisa masuk ke situs yg ga jelas ini",,,negatif,,,"Aplikasi banget ora mbantu, sepertinya hanya calo yg dapat akses VVIP,ora dapat memesan tiket, sawise tiket habis terjual anyar bisa mlebu menyang situs yg ora cetha iki","Aplikasi banget ora membantu, sepertinya hanya calo yg dapat akses VVIP,ora dapat memesan tiket, setelah tiket habis terjual baru bisa masuk ke situs yg ora jelas ini","Aplikasi nian dak membantu, sepertinyo hanyo calo yg dapat akses VVIP,dak dapat memesan tiket, setelah tiket habis terjual baru pacak masuk ke situs yg dak jelas ini","Aplikasi nian dak membantu, sepertinyo hanyo calo yg dapat akses VVIP,dak dapat memesan tiket, setelah tiket habis terjual baru pacak masuk ke situs yg ga jelas ini"
"Tolong diperbaiki lagi dong, kenapa connecting trainnya gabisa, saya butuh karna perjalanan jauh, kalo cari satu2 susah 🥺. Tolong baca dong miiiiiiin",,,negatif,,,"Tulung benerake maneh dong, kena apa connecting trainnya gabisa, aku butuh karna perjalanan jauh, yen cari satu2 susah 🥺. Tulung baca dong miiiiiiin","Tolong diperbaiki lagi dong, kena apa connecting trainnya gabisa, aku butuh karna perjalanan jauh, yen cari satu2 susah 🥺. Tolong baca dong miiiiiiin","Tolong diperbaiki lagi dong, ngapo connecting trainnyo gabisa, aku butuh karna perjalanan jauh, men cari satu2 susah 🥺. Tolong baca dong miiiiiiin","Tolong diperbaiki lagi dong, ngapo connecting trainnyo gabisa, aku butuh karna perjalanan jauh, men cari satu2 susah 🥺. Tolong baca dong miiiiiiin"
"Aplikasi ora danta,,pesen tiiket udh di bela2in begadang,,ujung nya zonk",,,negatif,,,"Aplikasi ora danta,,pesen tiiket wis ing bela2in begadang,,ujung nya zonk","Aplikasi ora danta,,pesen tiiket wis di bela2in begadang,,ujung nya zonk","Aplikasi ora danta,,pesen tiiket lah di bela2in begadang,,ujung nyo zonk","Aplikasi ora danta,,pesen tiiket lah di bela2in begadang,,ujung nyo zonk"
"Apatu..bintang satu saja ya Setelah update buffer trus, cuma tampil screen aja..bkin ku terhambat & kehabisan tiket 😞",negatif,,,,,"Apatu..bintang satu saja ya Sawise nganyari buffer trus, mung tampil screen aja..bkin ku terhambat & kehabisan tiket 😞","Apatu..bintang satu wae ya Setelah update buffer trus, mung tampil screen wae..bkin ku terhambat & kehabisan tiket 😞","Apatu..bintang satu bae ya Setelah update buffer trus, cuman tampil screen bae..bkin ku terhambat & kehabisan tiket 😞","Apatu..bintang satu bae ya Setelah update buffer trus, cuman tampil screen bae..bkin ku terhambat & kehabisan tiket 😞"
Saya mau pesen tiket untuk hari Selasa kok malah yang di tampilkan oleh aplikasi nya arah keberangkatan nya berbalik dengan arah sampai..... Emang aplikasi ini makin ke sini makin ke Sono..... Makin di update makin aneh banget.... Makin katanya di perbaiki makin banyak bug nya....,,,negatif,,,Aku arep pesen tiket kanggo dina Selasa kok malah sing ing tampilkan oleh aplikasi nya arah keberangkatan nya berbalik karo arah sampai..... Emang aplikasi iki makin menyang sini makin menyang Sono..... Makin ing nganyari makin aneh banget.... Makin jarene ing benerake makin akeh bug nya....,Aku arep pesen tiket untuk hari Selasa kok malah yang di tampilkan oleh aplikasi nya arah keberangkatan nya berbalik karo arah sampai..... Emang aplikasi ini makin ke sini makin ke Sono..... Makin di update makin aneh banget.... Makin katanya di perbaiki makin banyak bug nya....,Aku nak pesen tiket untuk hari Selasa kok malah yang di tampilkan oleh aplikasi nyo arah keberangkatan nyo berbalik pake arah sampai..... Emang aplikasi ini makin ke sini makin ke Sono..... Makin di update makin aneh nian.... Makin katanyo di perbaiki makin banyak bug nyo....,aku nak pesen tiket untuk hari Selasa kok malah yang di tampilkan oleh aplikasi nyo arah keberangkatan nyo berbalik dengan arah sampai..... Emang aplikasi ini makin ke sini makin ke Sono..... Makin di update makin aneh nian.... Makin katanyo di perbaiki makin banyak bug nyo....
"Susah nambah tiket, sampai sekarang tidak bisa, aplikasi eror, jangan salah kan jaringan, semua aplikasi lain berkerja lancar tidak ada kendala jaringan. Aplikasi sekelas bumn masa kaya gini.",,,negatif,,,"Susah nambah tiket, sampai saiki ora bisa, aplikasi rusak, aja salah kan jaringan, semua aplikasi lain berkerja lancar ora ana kendala jaringan. Aplikasi sekelas bumn mangsa kaya gini.","Susah nambah tiket, sampai saiki ora bisa, aplikasi eror, jangan salah kan jaringan, kabeh aplikasi lain berkerja lancar ora ana kendala jaringan. Aplikasi sekelas bumn masa kaya gini.","Susah nambah tiket, sampai sekarang dak pacak, aplikasi eror, jangan salah kan jaringan, galo aplikasi lain berkerja lancar dak ado kendala jaringan. Aplikasi sekelas bumn masa kaya gini.","Susah nambah tiket, sampai sekarang dak pacak, aplikasi eror, jangan salah kan jaringan, semua aplikasi lain berkerja lancar dak ado kendala jaringan. Aplikasi sekelas bumn masa kaya gini."
Parahh parahhhh tolong min lah jangan di persulitkan nyari tiket,,,negatif,,,Parahh parahhhh tulung min yo aja ing persulitkan nyari tiket,Parahh parahhhh tolong min lah jangan di persulitkan nyari tiket,Parahh parahhhh tolong min lah jangan di persulitkan nyari tiket,Parahh parahhhh tolong min lah jangan di persulitkan nyari tiket
Berangkat dari rumah jam 7.30 Udah 2 kali pesen kereta api lokal lewat aplikasi di cancel karna penumpang banyak Akhir nya saya kebagian jam 10. 20 kesel banget saya menunggu kereta ber jam 2 Kalau bisa adain beli tiket secara offline kan ktp kami sudah terdaftar di kai,,,negatif,,,Berangkat dari rumah jam 7.30 Wis 2 kali pesen sepur api lokal lewat aplikasi ing cancel karna penumpang akeh Pungkasan nya aku kebagian jam 10. 20 kesel banget aku nunggu sepur ber jam 2 Kalau bisa adain tumbas tiket secara offline kan ktp kami wis terdaftar ing kai,Berangkat dari rumah jam 7.30 Wis 2 kali pesen kereta api lokal lewat aplikasi di cancel karna penumpang banyak Akhir nya aku kebagian jam 10. 20 kesel banget aku menunggu kereta ber jam 2 Yen bisa adain beli tiket secara offline kan ktp kami wis terdaftar di kai,Berangkat dari rumah jam 7.30 Lah 2 kali pesen kereta api lokal lewat aplikasi di cancel karna penumpang banyak Akhir nyo aku kebagian jam 10. 20 kesel nian aku menunggu kereta ber jam 2 Men pacak adain beli tiket secara offline kan ktp kami lah terdaftar di kai,Berangkat dari rumah jam 7.30 lah 2 kali pesen kereta api lokal lewat aplikasi di cancel karna penumpang banyak Akhir nyo aku kebagian jam 10. 20 kesel nian aku menunggu kereta ber jam 2 men pacak adain beli tiket secara offline kan ktp kami lah terdaftar di kai
Kenapa setelah diupdate menu kereta lokalnya gk ada? Gk ada pilihan keretanya.. Padahal punya suamiku ada 😤😤 Coba deh diperbaiki lg,,negatif,,,,Kena apa sawise diupdate menu sepur lokalnya ora ana? Ora ana pilihan keretanya.. Padahal punya suamiku ana 😤😤 Coba deh benerake lg,Kena apa setelah diupdate menu kereta lokalnya gk ana? Gk ana pilihan keretanya.. Padahal punya suamiku ana 😤😤 Coba deh diperbaiki lg,Ngapo setelah diupdate menu kereta lokalnyo gk ado? Gk ado pilihan keretanyo.. Padahal punyo suamiku ado 😤😤 Coba deh diperbaiki lg,ngapo setelah diupdate menu kereta lokalnyo gk ado? Gk ado pilihan keretanyo.. Padahal punyo suamiku ado 😤😤 Coba deh diperbaiki lg
"Tolol diupdate malah kocak, pesen belum bayar waktunya udah abis",,,negatif,,,"Tolol diupdate malah kocak, pesen durung bayar wektune wis entek","Tolol diupdate malah kocak, pesen belum bayar waktunya wis abis","Tolol diupdate malah kocak, pesen belum bayar waktunyo lah abis","Tolol diupdate malah kocak, pesen belum bayar waktunyo lah abis"
"Tolong yaa, untuk kereta bandara disamain jadwal dan tiketnya di vending machine. Masa gini aja beda, akhirnya saya naik yang 14:40 wib, padahal ada jadwal 13:40 wib. Akhirnya saya nunggu 1 jam lebih di stasiun. Sebenarnya ada programmernya atau ngga sih yang maintenance ini. Masa gini aja bisa beda jadwal sama tiketnya. Mikir lah. Saya kira pesen disini bisa jadi cepet, ternyata bikin tambah lama. Kecewa saya.",,,negatif,,,"Tulung yaa, kanggo sepur bandara disamain jadwal lan tiketnya ing vending machine. Mangsa gini aja beda, akhirnya aku naik sing 14:40 wib, padahal ana jadwal 13:40 wib. Akhirnya aku nunggu 1 jam luwih ing stasiun. Sebenarnya ana programmernya utawa ora sih sing maintenance iki. Mangsa gini aja bisa beda jadwal padha tiketnya. Mikir yo. Aku kira pesen disini bisa dadi cepet, kebeneran bikin tambah suwe. Kecewa aku.","Tolong yaa, untuk kereta bandara disamain jadwal dan tiketnya di vending machine. Masa gini wae beda, akhirnya aku naik yang 14:40 wib, padahal ana jadwal 13:40 wib. Akhirnya aku nunggu 1 jam lebih di stasiun. Sebenarnya ana programmernya atau ora sih yang maintenance ini. Masa gini wae bisa beda jadwal karo tiketnya. Mikir lah. Aku kira pesen disini bisa jadi cepet, ternyata bikin tambah lama. Kecewa aku.","Tolong yaa, untuk kereta bandara disamain jadwal dan tiketnyo di vending machine. Masa gini bae beda, akhirnyo aku naik yang 14:40 wib, padahal ado jadwal 13:40 wib. Akhirnyo aku nunggu 1 jam lebih di stasiun. Sebenarnyo ado programmernyo atau dak sih yang maintenance ini. Masa gini bae pacak beda jadwal samo tiketnyo. Mikir lah. Aku kira pesen disini pacak jadi cepet, ternyata bikin tambah lama. Kecewa aku.","Tolong yaa, untuk kereta bandara disamain jadwal dan tiketnyo di vending machine. Masa gini bae beda, akhirnyo aku naik yang 14:40 wib, padahal ado jadwal 13:40 wib. Akhirnyo aku nunggu 1 jam lebih di stasiun. Sebenarnyo ado programmernyo atau dak sih yang maintenance ini. Masa gini bae pacak beda jadwal samo tiketnyo. Mikir lah. aku kira pesen disini pacak jadi cepet, ternyata bikin tambah lama. Kecewa aku."
"BENER BENER BURUK SANGAT BURUKK. KEGINI SEKELAS BUMN. CALO MASIH BANYAK. JADI YANG MAU BELI TIKET EROR TERUS, TAU TAU UDAH ABIS. HAPUS AJA APLIKASI INI DARI PLAYSTORE!!!!!!!!",,,negatif,,,"BENER BENER BURUK BANGET BURUKK. KEGINI SEKELAS BUMN. CALO ISIH AKEH. DADI SING AREP TUMBAS TIKET RUSAK TERUS, NGERTI NGERTI WIS ENTEK. HAPUS AJA APLIKASI IKI DARI PLAYSTORE!!!!!!!!","BENER BENER ALA BANGET BURUKK. KEGINI SEKELAS BUMN. CALO MASIH BANYAK. JADI YANG AREP BELI TIKET EROR TERUS, TAU TAU WIS ABIS. HAPUS WAE APLIKASI INI DARI PLAYSTORE!!!!!!!!","BENER BENER BURUK NIAN BURUKK. KEGINI SEKELAS BUMN. CALO MASIH BANYAK. JADI YANG NAK BELI TIKET EROR TERUS, TAU TAU LAH ABIS. HAPUS BAE APLIKASI INI DARI PLAYSTORE!!!!!!!!","BENER BENER BURUK nian BURUKK. KEGINI SEKELAS BUMN. CALO MASIH BANYAK. JADI YANG nak BELI TIKET EROR TERUS, TAU TAU lah ABIS. HAPUS bae APLIKASI INI DARI PLAYSTORE!!!!!!!!"
"gak jelas nih aplikasi. udah pesen, udah bayar, tiba2 di batalkan. saldo nya gak balik lagi, kecewa banget. tiket gak dapet, duit nya juga ilang. terus klo top up 50 ribu, terima nya 46rb si 4rb nya kemana woyy. ini bukan masalah cuma 4rb ya. APLIKASI GAK GUNA",,,negatif,negatif,,"ora cetha nih aplikasi. wis pesen, wis bayar, tiba2 ing batalkan. saldo nya ora balik maneh, kecewa banget. tiket ora dapet, duit nya uga ilang. terus yen top up 50 ribu, matur nya 46rb si 4rb nya kemana woyy. iki bukan masalah mung 4rb ya. APLIKASI ORA GUNA","ora jelas nih aplikasi. wis pesen, wis bayar, tiba2 di batalkan. saldo nya ora balik lagi, kecewa banget. tiket ora dapet, duit nya uga ilang. terus klo top up 50 ribu, terima nya 46rb si 4rb nya kemana woyy. ini dudu masalah mung 4rb ya. APLIKASI ORA GUNA","dak jelas nih aplikasi. lah pesen, lah bayar, tiba2 di batalkan. saldo nyo dak balik lagi, kecewa nian. tiket dak dapet, duit nyo jugo ilang. terus klo top up 50 ribu, terima nyo 46rb si 4rb nyo kemana woyy. ini bukan masalah cuman 4rb ya. APLIKASI DAK GUNA","dak jelas nih aplikasi. lah pesen, lah bayar, tiba2 di batalkan. saldo nyo dak balik lagi, kecewa nian. tiket dak dapet, duit nyo jugo ilang. terus klo top up 50 ribu, terima nyo 46rb si 4rb nyo kemana woyy. ini bukan masalah cuman 4rb ya. APLIKASI dak GUNA"
"kecewa bangett. servernya gampang eror. untuk pembelian tiket cl penataran dhoho harus h-1 minggu kalo nggak gitu nggak bakal kehabisan. dari jam 00.00 udah harus war tapi gara"" server eror sampe jam 02.40 tetep gabisa. jawaban dari kai cuma disuruh nunggu sama ngecek berkala, MAU DICEK SAMPE KAPAN? SAMPE SUBUH? udah tau server jelek tapi ga dibenerin! ngrepotin aja!",,,negatif,,,"kecewa bangett. servernya gampang rusak. kanggo tumbas tiket cl penataran dhoho kudu h-1 minggu yen ora gitu ora bakal kehabisan. dari jam 00.00 wis kudu war nanging gara"" server rusak nganti jam 02.40 tetep gabisa. jawaban dari kai mung disuruh nunggu padha ngecek berkala, AREP DICEK NGANTI KAPAN? NGANTI SUBUH? wis ngerti server jelek nanging ora dibenerin! ngrepotin aja!","kecewa bangett. servernya gampang eror. untuk pembelian tiket cl penataran dhoho harus h-1 minggu yen ora gitu ora bakal kehabisan. dari jam 00.00 wis harus war nanging gara"" server eror sampe jam 02.40 tetep gabisa. jawaban dari kai mung disuruh nunggu karo ngecek berkala, AREP DICEK SAMPE KAPAN? SAMPE SUBUH? wis tau server jelek nanging ora dibenerin! ngrepotin wae!","kecewa bangett. servernyo gampang eror. untuk pembelian tiket cl penataran dhoho harus h-1 minggu men dak gitu dak bakal kehabisan. dari jam 00.00 lah harus war tapi gara"" server eror sampe jam 02.40 tetep gabisa. jawaban dari kai cuman disuruh nunggu samo ngecek berkala, NAK DICEK SAMPE KAPAN? SAMPE SUBUH? lah tau server jelek tapi dak dibenerin! ngrepotin bae!","kecewa bangett. servernyo gampang eror. untuk pembelian tiket cl penataran dhoho harus h-1 minggu men dak gitu dak bakal kehabisan. dari jam 00.00 lah harus war tapi gara"" server eror sampe jam 02.40 tetep gabisa. jawaban dari kai cuman disuruh nunggu samo ngecek berkala, nak DICEK SAMPE KAPAN? SAMPE SUBUH? lah tau server jelek tapi ga dibenerin! ngrepotin bae!"
"Pake nunggu antrian. kelamaan keburu gadapet kereta. Sangat tidak efisien, lelet sekali",,,negatif,,,"Nganggo nunggu antrean. kelamaan keburu gadapet sepur. Banget ora efisien, alon sekali","Pake nunggu antrian. kelamaan keburu gadapet kereta. Banget ora efisien, alon pisan","Pake nunggu antrian. kelamaan keburu gadapet kereta. Nian dak efisien, lelet nian","Pake nunggu antrian. kelamaan keburu gadapet kereta. nian dak efisien, lelet nian"
"Saya sudah memesan tiket dan membayar, tapi pembayaran tidak di proses sampai waktu habis ( uang saya terpotong ) dan harus membeli tiket ulang, jadi saya mebayar 2x lipat untuk sebuah tiket",,,,negatif,,"Aku wis memesan tiket lan membayar, nanging pembayaran ora ing proses sampai wektu habis ( uang aku terpotong ) lan kudu membeli tiket ulang, dadi aku mebayar 2x lipat kanggo sebuah tiket","Aku wis memesan tiket dan membayar, nanging pembayaran ora di proses sampai waktu habis ( dhuwit aku terpotong ) dan harus membeli tiket ulang, jadi aku mebayar 2x lipat untuk sebuah tiket","Aku lah memesan tiket dan membayar, tapi pembayaran dak di proses sampai waktu habis ( duet aku terpotong ) dan harus membeli tiket ulang, jadi aku mebayar 2x lipat untuk sebuah tiket","aku lah memesan tiket dan membayar, tapi pembayaran dak di proses sampai waktu habis ( duet aku terpotong ) dan harus membeli tiket ulang, jadi aku mebayar 2x lipat untuk sebuah tiket"
"Coba team pls dipermudah pesen tiket, nama dengan nik yang sama gk bisa pesen tiket di tanggal yang sama, udah search sana sini cari opsi cancel tiket susah, kan siapa tau ada perubahan jadwal jadi bener2 susah",,,negatif,,,"Coba team pls dipermudah pesen tiket, nama karo nik sing padha ora bisa pesen tiket ing tanggal sing padha, wis search sana sini cari opsi cancel tiket susah, kan siapa ngerti ana owahan jadwal dadi bener-bener susah","Coba team pls dipermudah pesen tiket, nama karo nik yang karo gk bisa pesen tiket di tanggal yang karo, wis search sana sini cari opsi cancel tiket susah, kan siapa tau ana perubahan jadwal jadi bener2 susah","Coba team pls dipermudah pesen tiket, nama pake nik yang samo gk pacak pesen tiket di tanggal yang samo, lah search sana sini cari opsi cancel tiket susah, kan siapa tau ado perubahan jadwal jadi bener2 susah","Coba team pls dipermudah pesen tiket, nama dengan nik yang samo gk pacak pesen tiket di tanggal yang samo, lah search sana sini cari opsi cancel tiket susah, kan siapa tau ado perubahan jadwal jadi bener2 susah"
"Udah pesen tiket malah gagal di pembayaran,udah gitu uang gak bisa kembali lagi",,,,negatif,,"Wis pesen tiket malah gagal ing pembayaran,wis gitu uang ora bisa bali maneh","Wis pesen tiket malah gagal di pembayaran,wis gitu dhuwit ora bisa kembali lagi","Lah pesen tiket malah gagal di pembayaran,lah gitu duet dak pacak kembali lagi","lah pesen tiket malah gagal di pembayaran,lah gitu duet dak pacak kembali lagi"
tiap musim mudik selalu susah dapat tiket tidak ada perbaikan sama sekali . cuma buang² waktu,,,negatif,,,saben musim mudik selalu susah dapat tiket ora ana perbaikan padha sekali . mung buang² wektu,tiap musim mudik selalu susah dapat tiket ora ana perbaikan karo pisan . mung buang² waktu,tiap musim mudik selalu susah dapat tiket dak ado perbaikan samo nian . cuman buang² waktu,tiap musim mudik selalu susah dapat tiket dak ado perbaikan samo nian . cuman buang² waktu
"Aplikasi sering ngedown sekarang,pasahal dulu saat beli tiket kereta lokal tidak pernah down...ini sangat meresahkan untuk kaum kelas menengah untuk memesan tiket kereta lokal di aplikasi.dan karena keterbatasan tempat jadi harus usaha saat tengah malam/seminggu sebelum berganti hari untuk memesan tiket.saya harap ditambahkan fasilitas untuk gerbong kereta lokal dhoho penataran dan diperbaiki aplikasinya.",,,negatif,,,"Aplikasi sering ngedown saiki,pasahal dulu wektu tumbas tiket sepur lokal ora pernah down...iki banget meresahkan kanggo kaum kelas menengah kanggo memesan tiket sepur lokal ing aplikasi.lan karena keterbatasan tempat dadi kudu usaha wektu tengah wengi/seminggu sebelum berganti dina kanggo memesan tiket.aku harap ditambahkan fasilitas kanggo gerbong sepur lokal dhoho penataran lan benerake aplikasinya.","Aplikasi sering ngedown saiki,pasahal dulu saat beli tiket kereta lokal ora pernah down...ini banget meresahkan untuk kaum kelas menengah untuk memesan tiket kereta lokal di aplikasi.dan karena keterbatasan tempat jadi harus usaha saat tengah malam/seminggu sebelum berganti hari untuk memesan tiket.aku harap ditambahkan fasilitas untuk gerbong kereta lokal dhoho penataran dan diperbaiki aplikasinya.","Aplikasi sering ngedown sekarang,pasahal dulu saat beli tiket kereta lokal dak pernah down...ini nian meresahkan untuk kaum kelas menengah untuk memesan tiket kereta lokal di aplikasi.dan karena keterbatasan tempat jadi harus usaha saat tengah malam/seminggu sebelum berganti hari untuk memesan tiket.aku harap ditambahkan fasilitas untuk gerbong kereta lokal dhoho penataran dan diperbaiki aplikasinyo.","Aplikasi sering ngedown sekarang,pasahal dulu saat beli tiket kereta lokal dak pernah down...ini nian meresahkan untuk kaum kelas menengah untuk memesan tiket kereta lokal di aplikasi.dan karena keterbatasan tempat jadi harus usaha saat tengah malam/seminggu sebelum berganti hari untuk memesan tiket.aku harap ditambahkan fasilitas untuk gerbong kereta lokal dhoho penataran dan diperbaiki aplikasinyo."
"Saya mau ke Sidoarjo tapi ketika saya cari tidak ada kereta tersedia, padahal kereta Dhoho / Penataran melewati jalur tersebut, agar bisa mencapai di tujuan tersebut harus memesan 2 tiket Tulungagung -Blitar dan Blitar-sidoarjo seharusnya ketika di cari pada kolom pencarian langsung diberikan penjelasan kalau menuju kota ini harus memesan dua tiket ""ini"" dan ""ini"". Masa sih sekelas KAI gabisa bikin sistem yang memudahkan seperti itu?",,,negatif,,,"Aku arep menyang Sidoarjo nanging ketika aku cari ora ana sepur tersedia, padahal sepur Dhoho / Penataran melewati jalur tersebut, agar bisa mencapai ing tujuan tersebut kudu memesan 2 tiket Tulungagung -Blitar lan Blitar-sidoarjo seharusnya ketika ing cari pada kolom pencarian langsung diberikan penjelasan kalau menuju kota iki kudu memesan loro tiket ""iki"" lan ""iki"". Mangsa sih sekelas KAI gabisa bikin sistem sing nggampangake seperti kuwi?","Aku arep ke Sidoarjo nanging ketika aku cari ora ana kereta tersedia, padahal kereta Dhoho / Penataran melewati jalur tersebut, agar bisa mencapai di tujuan tersebut harus memesan 2 tiket Tulungagung -Blitar dan Blitar-sidoarjo seharusnya ketika di cari pada kolom pencarian langsung diberikan penjelasan yen menuju kota ini harus memesan dua tiket ""ini"" dan ""ini"". Masa sih sekelas KAI gabisa bikin sistem yang memudahkan kaya itu?","Aku nak ke Sidoarjo tapi ketika aku cari dak ado kereta tersedia, padahal kereta Dhoho / Penataran melewati jalur tersebut, agar pacak mencapai di tujuan tersebut harus memesan 2 tiket Tulungagung -Blitar dan Blitar-sidoarjo seharusnyo ketika di cari pada kolom pencarian langsung diberikan penjelasan men menuju kota ini harus memesan dua tiket ""ini"" dan ""ini"". Masa sih sekelas KAI gabisa bikin sistem yang memudahkan cak itu?","aku nak ke Sidoarjo tapi ketika aku cari dak ado kereta tersedia, padahal kereta Dhoho / Penataran melewati jalur tersebut, agar pacak mencapai di tujuan tersebut harus memesan 2 tiket Tulungagung -Blitar dan Blitar-sidoarjo seharusnyo ketika di cari pada kolom pencarian langsung diberikan penjelasan men menuju kota ini harus memesan dua tiket ""ini"" dan ""ini"". Masa sih sekelas KAI gabisa bikin sistem yang memudahkan cak itu?"
"Sangat kecewa dengan aplikasi KAI access.. war tiket dibelain nunggu sampe jam 12 malam, tapi selalu muncul jadwal tidak tersedia. Sudah berkali2 dicoba sampai restart HP tetap jadwal tidak tersedia. Dicoba sampai 00.30 jadwal baru tersedia tapi tiket sudah habis. Selalu seperti itu tiap war tiket. Dari ulasannya sepertinya hampir sama semua, tapi tidak ada perbaikan",,,negatif,,,"Banget kecewa karo aplikasi KAI access.. war tiket dibelain nunggu nganti jam 12 wengi, nanging selalu muncul jadwal ora tersedia. Wis berkali2 dicoba sampai restart HP tetap jadwal ora tersedia. Dicoba sampai 00.30 jadwal anyar tersedia nanging tiket wis habis. Selalu seperti kuwi saben war tiket. Dari ulasannya sepertinya hampir padha semua, nanging ora ana perbaikan","Banget kecewa karo aplikasi KAI access.. war tiket dibelain nunggu sampe jam 12 malam, nanging selalu muncul jadwal ora tersedia. Wis berkali2 dicoba sampai restart HP tetap jadwal ora tersedia. Dicoba sampai 00.30 jadwal baru tersedia nanging tiket wis habis. Selalu kaya itu tiap war tiket. Dari ulasannya sepertinya hampir karo kabeh, nanging ora ana perbaikan","Nian kecewa pake aplikasi KAI access.. war tiket dibelain nunggu sampe jam 12 malam, tapi selalu muncul jadwal dak tersedia. Lah berkali2 dicoba sampai restart HP tetap jadwal dak tersedia. Dicoba sampai 00.30 jadwal baru tersedia tapi tiket lah habis. Selalu cak itu tiap war tiket. Dari ulasannyo sepertinyo hampir samo galo, tapi dak ado perbaikan","nian kecewa dengan aplikasi KAI access.. war tiket dibelain nunggu sampe jam 12 malam, tapi selalu muncul jadwal dak tersedia. lah berkali2 dicoba sampai restart HP tetap jadwal dak tersedia. Dicoba sampai 00.30 jadwal baru tersedia tapi tiket lah habis. Selalu cak itu tiap war tiket. Dari ulasannyo sepertinyo hampir samo semua, tapi dak ado perbaikan"
"Aplikasinya makin aneh, buat beli yang commputer line lalu bayar gabisa, nyoba yang antar kota ga ada jadwal keretanya. Gimana si aneh banget, mau pp Surabaya-lamongan jadi ribet, enakan sebelum di-update, tolong dong diperbaiki lagi",,,negatif,negatif,,"Aplikasinya makin aneh, kanggo tumbas sing commputer line lalu bayar gabisa, nyoba sing antar kota ora ana jadwal keretanya. Gimana si aneh banget, arep pp Surabaya-lamongan dadi ribet, enakan sebelum ing-nganyari, tulung dong benerake maneh","Aplikasinya makin aneh, buat beli yang commputer line lalu bayar gabisa, nyoba yang antar kota ora ana jadwal keretanya. Kepriye si aneh banget, arep pp Surabaya-lamongan jadi ribet, enakan sebelum di-update, tolong dong diperbaiki lagi","Aplikasinyo makin aneh, buat beli yang commputer line lalu bayar gabisa, nyoba yang antar kota dak ado jadwal keretanyo. Cakmno si aneh nian, nak pp Surabaya-lamongan jadi ribet, enakan sebelum di-update, tolong dong diperbaiki lagi","Aplikasinyo makin aneh, buat beli yang commputer line lalu bayar gabisa, nyoba yang antar kota ga ado jadwal keretanyo. cakmno si aneh nian, nak pp Surabaya-lamongan jadi ribet, enakan sebelum di-update, tolong dong diperbaiki lagi"
Tolong kalo bikin aplikasi itu yang niat dongg..masa mau ngajukan pembatalan aja harus datang ke stasiun,,,negatif,,,Tulung yen bikin aplikasi kuwi sing niat dongg..mangsa arep ngajukan pembatalan aja kudu datang menyang stasiun,Tolong yen bikin aplikasi itu yang niat dongg..masa arep ngajukan pembatalan wae harus datang ke stasiun,Tolong men bikin aplikasi itu yang niat dongg..masa nak ngajukan pembatalan bae harus datang ke stasiun,Tolong men bikin aplikasi itu yang niat dongg..masa nak ngajukan pembatalan bae harus datang ke stasiun
"aplikasi kayak gini kok gk ada perbaikan sama sekali, tiket makin mahal, sok sok an pesan diwajibkan lewat online tapi malah aplikasinya kureng banget. selalu error pas war tiket sampek setengah jam lebih",,,negatif,,,"aplikasi kayak gini kok ora ana perbaikan padha sekali, tiket makin mahal, sok sok an pesen diwajibkan lewat online nanging malah aplikasinya kureng banget. selalu error pas war tiket sampek setengah jam luwih","aplikasi kayak gini kok gk ana perbaikan karo pisan, tiket makin mahal, sok sok an pesen diwajibkan lewat online nanging malah aplikasinya kureng banget. selalu rusak pas war tiket sampek setengah jam lebih","aplikasi kayak gini kok gk ado perbaikan samo nian, tiket makin mahal, sok sok an pesan diwajibkan lewat online tapi malah aplikasinyo kureng nian. selalu error pas war tiket sampek setengah jam lebih","aplikasi kayak gini kok gk ado perbaikan samo nian, tiket makin mahal, sok sok an pesan diwajibkan lewat online tapi malah aplikasinyo kureng nian. selalu error pas war tiket sampek setengah jam lebih"
"Yaallah kak, baru aja bayar dan udh berhasil malah waktu habis. Jadi uang ku hangus, jahat banget sih",,,,negatif,,"Yaallah kak, anyar aja bayar lan wis berhasil malah wektu habis. Dadi uang ku hangus, jahat banget sih","Yaallah kak, baru wae bayar dan wis berhasil malah waktu habis. Jadi dhuwit ku hangus, jahat banget sih","Yaallah kak, baru bae bayar dan lah berhasil malah waktu habis. Jadi duet ku hangus, jahat nian sih","Yaallah kak, baru bae bayar dan lah berhasil malah waktu habis. Jadi duet ku hangus, jahat nian sih"
"Beli online di app milik KAI sendiri biar bisa lebih nyaman dan cepet ternyata sama aja kayak d offline harus antrian lama dan sering time out.... Sabar nunggu & refresh sampe hampir 30 menit Ujung2nya beli di apps penyedia tiket yg lain saking jengkelnya antrian lama, di apps yg lain malah gk pake antri langsung beres. Duh serius gk guna banget app ini cuman bikin buang waktu aja sebel. Mana saya nungguin sampe dini hari lagi :(",,,negatif,,,"Tumbas online ing app milik KAI sendiri ben bisa luwih penak lan cepet kebeneran padha aja kayak d offline kudu antrean suwe lan sering time out.... Sabar nunggu & refresh nganti hampir 30 menit Ujung2nya tumbas ing apps penyedia tiket yg lain saking jengkelnya antrean suwe, ing apps yg lain malah ora nganggo antri langsung beres. Duh serius ora guna banget app iki cuman bikin buang wektu aja sebel. Endi aku nungguin nganti dini dina maneh :(","Beli online di app milik KAI dhewe biar bisa lebih nyaman dan cepet ternyata karo wae kayak d offline harus antrian lama dan sering time out.... Sabar nunggu & refresh sampe hampir 30 menit Ujung2nya beli di apps penyedia tiket yg lain saking jengkelnya antrian lama, di apps yg lain malah gk pake antri langsung beres. Duh serius gk guna banget app ini cuman bikin buang waktu wae sebel. Mana aku nungguin sampe dini hari lagi :(","Beli online di app milik KAI dewek biar pacak lebih nyaman dan cepet ternyata samo bae kayak d offline harus antrian lama dan sering time out.... Sabar nunggu & refresh sampe hampir 30 menit Ujung2nyo beli di apps penyedia tiket yg lain saking jengkelnyo antrian lama, di apps yg lain malah gk pake antri langsung beres. Duh serius gk guna nian app ini cuman bikin buang waktu bae sebel. Mana aku nungguin sampe dini hari lagi :(","Beli online di app milik KAI sendiri biar pacak lebih nyaman dan cepet ternyata samo bae kayak d offline harus antrian lama dan sering time out.... Sabar nunggu & refresh sampe hampir 30 menit Ujung2nyo beli di apps penyedia tiket yg lain saking jengkelnyo antrian lama, di apps yg lain malah gk pake antri langsung beres. Duh serius gk guna nian app ini cuman bikin buang waktu bae sebel. Mana aku nungguin sampe dini hari lagi :("
Kenapa tiba tiba jadwal kereta gamau muncul? Padahal sinyal ga lemot,,,negatif,,,Kena apa tiba tiba jadwal sepur gamau muncul? Padahal sinyal ora lemot,Kena apa tiba tiba jadwal kereta gamau muncul? Padahal sinyal ora lemot,Ngapo tiba tiba jadwal kereta gamau muncul? Padahal sinyal dak lemot,ngapo tiba tiba jadwal kereta gamau muncul? Padahal sinyal ga lemot
"Kasih bintang 1 aja, bukannya makin baik malah makin menyulitkan, mencari all stasiun udah ga bisa harus bener bener stasiun yang dituju, semisal cari semua stasiun di jakarta udah ga bisa harus spesifik, sangat menyusahkan kembalikan fitur pencarian semua stasiun di kota yg di cari",,,negatif,,,"Nuwun bintang 1 aja, nanging makin baik malah makin menyulitkan, mencari all stasiun wis ora bisa kudu bener bener stasiun sing dituju, semisal cari semua stasiun ing jakarta wis ora bisa kudu spesifik, banget menyusahkan kembalikan fitur pencarian semua stasiun ing kota yg ing cari","Kasih bintang 1 wae, bukannya makin apik malah makin menyulitkan, mencari all stasiun wis ora bisa harus bener bener stasiun yang dituju, semisal cari kabeh stasiun di jakarta wis ora bisa harus spesifik, banget menyusahkan kembalikan fitur pencarian kabeh stasiun di kota yg di cari","Kasih bintang 1 bae, bukannyo makin baek malah makin menyulitkan, mencari all stasiun lah dak pacak harus bener bener stasiun yang dituju, semisal cari galo stasiun di jakarta lah dak pacak harus spesifik, nian menyusahkan kembalikan fitur pencarian galo stasiun di kota yg di cari","Kasih bintang 1 bae, bukannyo makin baek malah makin menyulitkan, mencari all stasiun lah ga pacak harus bener bener stasiun yang dituju, semisal cari semua stasiun di jakarta lah ga pacak harus spesifik, nian menyusahkan kembalikan fitur pencarian semua stasiun di kota yg di cari"
Waktu pemesanan sering sekali keluar sendiri atau kadaluarsa...padahal baru beberapa detik saja.. tolong d perbaiki aplikasinya .. banyak sekali pelanggan kai yg kecewa dengan aplikasi ini...... Silahkan kai komentarnya di bawah,,,negatif,,,Wektu pesenan sering sekali metu sendiri utawa kadaluarsa...padahal anyar beberapa detik saja.. tulung d benerake aplikasinya .. akeh sekali pelanggan kai yg kecewa karo aplikasi iki...... Silahkan kai komentarnya ing bawah,Waktu pemesanan sering pisan keluar dhewe atau kadaluarsa...padahal baru beberapa detik wae.. tolong d perbaiki aplikasinya .. banyak pisan pelanggan kai yg kecewa karo aplikasi ini...... Silahkan kai komentarnya di bawah,Waktu pemesanan sering nian keluar dewek atau kadaluarsa...padahal baru beberapa detik bae.. tolong d perbaiki aplikasinyo .. banyak nian pelanggan kai yg kecewa pake aplikasi ini...... Silahkan kai komentarnyo di bawah,Waktu pemesanan sering nian keluar sendiri atau kadaluarsa...padahal baru beberapa detik bae.. tolong d perbaiki aplikasinyo .. banyak nian pelanggan kai yg kecewa dengan aplikasi ini...... Silahkan kai komentarnyo di bawah
"sejak di perbarui ada antrian nyq, sehingga tambah membuat lama untuk pembelian tiket padahal di tulisan antrian nya hanya 2 menit, tapi sampai bermenit-menit tidak ada perubahan sama sekali, semakin kesini pelayanan nya semakin kurang",,,negatif,,,"sejak ing perbarui ana antrean nyq, sehingga tambah membuat suwe kanggo tumbas tiket padahal ing tulisan antrean nya hanya 2 menit, nanging sampai bermenit-menit ora ana owahan padha sekali, sansaya kesini pelayanan nya sansaya kurang","sejak di perbarui ana antrian nyq, sehingga tambah membuat lama untuk pembelian tiket padahal di tulisan antrian nya hanya 2 menit, nanging sampai bermenit-menit ora ana perubahan karo pisan, semakin kesini pelayanan nya semakin kurang","sejak di perbarui ado antrian nyq, sehingga tambah membuat lama untuk pembelian tiket padahal di tulisan antrian nyo hanyo 2 menit, tapi sampai bermenit-menit dak ado perubahan samo nian, semakin kesini pelayanan nyo semakin kurang","sejak di perbarui ado antrian nyq, sehingga tambah membuat lama untuk pembelian tiket padahal di tulisan antrian nyo hanyo 2 menit, tapi sampai bermenit-menit dak ado perubahan samo nian, semakin kesini pelayanan nyo semakin kurang"
Kereta api lokal kurang lengkap Saya mau pesen ka lokal purwosari ke wonogiri ngak ada gimana ini kai accessnya kurang up date,,,negatif,,,Sepur api lokal kurang lengkap Aku arep pesen ka lokal purwosari menyang wonogiri ngak ana gimana iki kai accessnya kurang up date,Kereta api lokal kurang lengkap Aku arep pesen ka lokal purwosari ke wonogiri ngak ana kepriye ini kai accessnya kurang up date,Kereta api lokal kurang lengkap Aku nak pesen ka lokal purwosari ke wonogiri ngak ado cakmno ini kai accessnyo kurang up date,Kereta api lokal kurang lengkap aku nak pesen ka lokal purwosari ke wonogiri ngak ado cakmno ini kai accessnyo kurang up date
Aplikasi sampah. Susah pesan tiket. Bolak balik suruh upgrade. Padahal sudah diupgrade. ZAMPAHHHHH. SAMPAHHHHH. SAMPAHHHH.,,,negatif,,,Aplikasi sampah. Susah pesen tiket. Bolak balik suruh upgrade. Padahal wis diupgrade. ZAMPAHHHHH. SAMPAHHHHH. SAMPAHHHH.,Aplikasi sampah. Susah pesen tiket. Bolak balik suruh upgrade. Padahal wis diupgrade. ZAMPAHHHHH. SAMPAHHHHH. SAMPAHHHH.,Aplikasi sampah. Susah pesan tiket. Bolak balik suruh upgrade. Padahal lah diupgrade. ZAMPAHHHHH. SAMPAHHHHH. SAMPAHHHH.,Aplikasi sampah. Susah pesan tiket. Bolak balik suruh upgrade. Padahal lah diupgrade. ZAMPAHHHHH. SAMPAHHHHH. SAMPAHHHH.
"Aplikasi tolol antrian udh 2 menit lagi , malah jadi 22 menit gitu terus , padahal sinyal bagus , ga guna",,,negatif,,,"Aplikasi tolol antrean wis 2 menit maneh , malah dadi 22 menit gitu terus , padahal sinyal apik , ora guna","Aplikasi tolol antrian wis 2 menit lagi , malah jadi 22 menit gitu terus , padahal sinyal apik , ora guna","Aplikasi tolol antrian lah 2 menit lagi , malah jadi 22 menit gitu terus , padahal sinyal bagus , dak guna","Aplikasi tolol antrian lah 2 menit lagi , malah jadi 22 menit gitu terus , padahal sinyal bagus , ga guna"
Di saat di butuhin jam sibuk malah gk bisa beli teket,,,negatif,,,Ing wektu ing butuhin jam sibuk malah ora bisa tumbas teket,Di saat di butuhin jam sibuk malah gk bisa beli teket,Di saat di butuhin jam sibuk malah gk pacak beli teket,Di saat di butuhin jam sibuk malah gk pacak beli teket
"Serba susah anjKehilangan 310rb gara gara sistem Bayarku pakek qris yup, di aplikasi yup keterangan nya sudah sukses bayar tapi di aplikasi KAI tiketku gak muncul, sudah telfon CS katanya time out, suruh konfirmasi di IG di FB semua sudah aku lakukan biar bisa pengembalian uangku nyatanya omong kosong KAI gak mau rugi ,masalahku dari bulan Desember tgl 12 dan aku nulis ulasa ini tgl 3 February tidak ada kejelasan sudah DM berkali kali cuma di read doang , mengecewakan,310rb itu banyak bagi ku.",,,,negatif,,"Serba susah anjKehilangan 310rb gara gara sistem Bayarku pakek qris yup, ing aplikasi yup keterangan nya wis sukses bayar nanging ing aplikasi KAI tiketku ora muncul, wis telfon CS jarene time out, suruh konfirmasi ing IG ing FB semua wis aku lakukan ben bisa pengembalian uangku nyatanya omong kosong KAI ora arep rugi ,masalahku dari bulan Desember tgl 12 lan aku nulis ulasa iki tgl 3 February ora ana kejelasan wis DM berkali kali mung ing read doang , mengecewakan,310rb kuwi akeh bagi ku.","Serba susah anjKehilangan 310rb gara gara sistem Bayarku pakek qris yup, di aplikasi yup keterangan nya wis sukses bayar nanging di aplikasi KAI tiketku ora muncul, wis telfon CS katanya time out, suruh konfirmasi di IG di FB kabeh wis aku lakukan biar bisa pengembalian uangku nyatanya omong kosong KAI ora arep rugi ,masalahku dari bulan Desember tgl 12 dan aku nulis ulasa ini tgl 3 February ora ana kejelasan wis DM berkali kali mung di read doang , mengecewakan,310rb itu banyak bagi ku.","Serba susah anjKehilangan 310rb gara gara sistem Bayarku pakek qris yup, di aplikasi yup keterangan nyo lah sukses bayar tapi di aplikasi KAI tiketku dak muncul, lah telfon CS katanyo time out, suruh konfirmasi di IG di FB galo lah aku lakukan biar pacak pengembalian uangku nyatanyo omong kosong KAI dak nak rugi ,masalahku dari bulan Desember tgl 12 dan aku nulis ulasa ini tgl 3 February dak ado kejelasan lah DM berkali kali cuman di read doang , mengecewakan,310rb itu banyak bagi ku.","Serba susah anjKehilangan 310rb gara gara sistem Bayarku pakek qris yup, di aplikasi yup keterangan nyo lah sukses bayar tapi di aplikasi KAI tiketku dak muncul, lah telfon CS katanyo time out, suruh konfirmasi di IG di FB semua lah aku lakukan biar pacak pengembalian uangku nyatanyo omong kosong KAI dak nak rugi ,masalahku dari bulan Desember tgl 12 dan aku nulis ulasa ini tgl 3 February dak ado kejelasan lah DM berkali kali cuman di read doang , mengecewakan,310rb itu banyak bagi ku."
"Halo, saran saya di pilihan menentukan kursi itu harus ada arah kereta kepalanya dimana.. saya pesan luxury 2A dari arah Surabaya ke Jakarta malah ditaruh paling ujung buntut. Mestinya kalau dari aplikasi kelihatan paling depan. Mohon ini diperhatikan.",,negatif,,,,"Halo, saran aku ing pilihan menentukan kursi kuwi kudu ana arah sepur kepalanya dimana.. aku pesen luxury 2A dari arah Surabaya menyang Jakarta malah ditaruh paling ujung buntut. Mestinya kalau dari aplikasi kelihatan paling depan. Nyuwun iki diperhatikan.","Halo, saran aku di pilihan menentukan kursi itu harus ana arah kereta kepalanya dimana.. aku pesen luxury 2A dari arah Surabaya ke Jakarta malah ditaruh paling ujung buntut. Mestinya yen dari aplikasi kelihatan paling depan. Mohon ini diperhatikan.","Halo, saran aku di pilihan menentukan kursi itu harus ado arah kereta kepalanyo dimana.. aku pesan luxury 2A dari arah Surabaya ke Jakarta malah ditaruh paling ujung buntut. Mestinyo men dari aplikasi kelihatan paling depan. Mohon ini diperhatikan.","Halo, saran aku di pilihan menentukan kursi itu harus ado arah kereta kepalanyo dimana.. aku pesan luxury 2A dari arah Surabaya ke Jakarta malah ditaruh paling ujung buntut. Mestinyo men dari aplikasi kelihatan paling depan. Mohon ini diperhatikan."
Ini kenapa ga bisa pesen tiket kereta woyy,,,negatif,,,Iki kena apa ora bisa pesen tiket sepur woyy,Ini kena apa ora bisa pesen tiket kereta woyy,Ini ngapo dak pacak pesen tiket kereta woyy,Ini ngapo ga pacak pesen tiket kereta woyy
"semenjak diupdate sistem antri tidak tertib. selain lama(tidak sesuai menit yang tertera), antrian kadang berubah2, sdh masuk antrean 12 tiba-tiba berubah menjadi 14. setelah melewati antrian kadang masih error juga saat mau masuk ke pemesanan tiket, padahal sdh melewati sistem antrian, ujung-ujungnya begitu masuk tiket habis. yang tertib dong sistemnya. Kalau mau pakai sistem antrian yang jelaslah, kalo sdh mengikuti antrian tolong benahi sistemnya agar yg sdh mendapatkan antrian tidak dirugikn",,,negatif,,,"semenjak diupdate sistem antri ora tertib. selain suwe(ora cocok menit sing tertera), antrean kadhang berubah2, sdh mlebu antrean 12 tiba-tiba berubah dadi 14. sawise melewati antrean kadhang isih error uga wektu arep mlebu menyang pesenan tiket, padahal sdh melewati sistem antrean, ujung-ujungnya begitu mlebu tiket habis. sing tertib dong sistemnya. Kalau arep nganggo sistem antrean sing jelaslah, yen sdh mengikuti antrean tulung benahi sistemnya agar yg sdh mendapatkan antrean ora dirugikn","semenjak diupdate sistem antri ora tertib. selain lama(ora sesuai menit yang tertera), antrian kadang berubah2, sdh masuk antrean 12 tiba-tiba berubah menjadi 14. setelah melewati antrian kadang masih rusak uga saat arep masuk ke pemesanan tiket, padahal sdh melewati sistem antrian, ujung-ujungnya begitu masuk tiket habis. yang tertib dong sistemnya. Yen arep pakai sistem antrian yang jelaslah, yen sdh mengikuti antrian tolong benahi sistemnya agar yg sdh mendapatkan antrian ora dirugikn","semenjak diupdate sistem antri dak tertib. selain lama(dak sesuai menit yang tertera), antrian kadang berubah2, sdh masuk antrean 12 tiba-tiba berubah menjadi 14. setelah melewati antrian kadang masih error jugo saat nak masuk ke pemesanan tiket, padahal sdh melewati sistem antrian, ujung-ujungnyo begitu masuk tiket habis. yang tertib dong sistemnyo. Men nak pakai sistem antrian yang jelaslah, men sdh mengikuti antrian tolong benahi sistemnyo agar yg sdh mendapatkan antrian dak dirugikn","semenjak diupdate sistem antri dak tertib. selain lama(dak sesuai menit yang tertera), antrian kadang berubah2, sdh masuk antrean 12 tiba-tiba berubah menjadi 14. setelah melewati antrian kadang masih error jugo saat nak masuk ke pemesanan tiket, padahal sdh melewati sistem antrian, ujung-ujungnyo begitu masuk tiket habis. yang tertib dong sistemnyo. men nak pakai sistem antrian yang jelaslah, men sdh mengikuti antrian tolong benahi sistemnyo agar yg sdh mendapatkan antrian dak dirugikn"
"Server lemot terus, ga berguna dipantengin hampir 3 jam ga dapet-dapet tiket, pusing kepala mantengin hp",,,negatif,,,"Server lemot terus, ora berguna dipantengin hampir 3 jam ora dapet-dapet tiket, pusing kepala mantengin hp","Server lemot terus, ora berguna dipantengin hampir 3 jam ora dapet-dapet tiket, pusing kepala mantengin hp","Server lemot terus, dak berguna dipantengin hampir 3 jam dak dapet-dapet tiket, pusing kepala mantengin hp","Server lemot terus, ga berguna dipantengin hampir 3 jam ga dapet-dapet tiket, pusing kepala mantengin hp"
kendala no seat available padahal masih ada sisa kursi. ga bisa ke pake bos apk nya,,,negatif,,,kendala no seat available padahal isih ana sisa kursi. ora bisa menyang nganggo bos apk nya,kendala no seat available padahal masih ana sisa kursi. ora bisa ke pake bos apk nya,kendala no seat available padahal masih ado sisa kursi. dak pacak ke pake bos apk nyo,kendala no seat available padahal masih ado sisa kursi. ga pacak ke pake bos apk nyo
"Seperti apk pemerintahan lain nya JELEK... kurang optimal, tiket gak lengkap, mau ganti jadwal pemberangkatan gak bisa bisa, gak bisa ganti jadwal kalo gak ada nama yg punya aplikasi nya di waktu perjalanan itu....sadar diri bapak2 yg disana, gimana mau Indonesia emas ditahun 2045 kalo gini cara nya",,,negatif,,,"Seperti apk pemerintahan lain nya JELEK... kurang optimal, tiket ora lengkap, arep ganti jadwal pemberangkatan ora bisa bisa, ora bisa ganti jadwal yen ora ana nama yg punya aplikasi nya ing wektu perjalanan kuwi....sadar diri bapak2 yg disana, gimana arep Indonesia emas ditahun 2045 yen gini cara nya","Kaya apk pemerintahan lain nya JELEK... kurang optimal, tiket ora lengkap, arep ganti jadwal pemberangkatan ora bisa bisa, ora bisa ganti jadwal yen ora ana nama yg punya aplikasi nya di waktu perjalanan itu....sadar diri bapak2 yg disana, kepriye arep Indonesia emas ditahun 2045 yen gini cara nya","Cak apk pemerintahan lain nyo JELEK... kurang optimal, tiket dak lengkap, nak ganti jadwal pemberangkatan dak pacak pacak, dak pacak ganti jadwal men dak ado nama yg punyo aplikasi nyo di waktu perjalanan itu....sadar diri bapak2 yg disana, cakmno nak Indonesia emas ditahun 2045 men gini caro nyo","cak apk pemerintahan lain nyo JELEK... kurang optimal, tiket dak lengkap, nak ganti jadwal pemberangkatan dak pacak pacak, dak pacak ganti jadwal men dak ado nama yg punyo aplikasi nyo di waktu perjalanan itu....sadar diri bapak2 yg disana, cakmno nak Indonesia emas ditahun 2045 men gini caro nyo"
"Astagaa ini kenapa saya pesan tiket, udah saya bayar dengan QR dan ada bukti pembayaran yang berhasil juga di rek tp di apk nya tertera sedang menunggu pembayaran dan saya kira mungkin jaringan tp setelah ditunggu"" kenapa hanguss! Sedangkan transaksi pembayaran nya sudah berhasil. Tolong dong ini gimna",,,,negatif,,"Astagaa iki kena apa aku pesen tiket, wis aku bayar karo QR lan ana bukti pembayaran sing berhasil uga ing rek tp ing apk nya tertera sedang nunggu pembayaran lan aku kira mungkin jaringan tp sawise ditunggu"" kena apa hanguss! Sedangkan transaksi pembayaran nya wis berhasil. Tulung dong iki gimna","Astagaa ini kena apa aku pesen tiket, wis aku bayar karo QR dan ana bukti pembayaran yang berhasil uga di rek tp di apk nya tertera sedang menunggu pembayaran dan aku kira mungkin jaringan tp setelah ditunggu"" kena apa hanguss! Sedangkan transaksi pembayaran nya wis berhasil. Tolong dong ini gimna","Astagaa ini ngapo aku pesan tiket, lah aku bayar pake QR dan ado bukti pembayaran yang berhasil jugo di rek tp di apk nyo tertera sedang menunggu pembayaran dan aku kira mungkin jaringan tp setelah ditunggu"" ngapo hanguss! Sedangkan transaksi pembayaran nyo lah berhasil. Tolong dong ini gimna","Astagaa ini ngapo aku pesan tiket, lah aku bayar dengan QR dan ado bukti pembayaran yang berhasil jugo di rek tp di apk nyo tertera sedang menunggu pembayaran dan aku kira mungkin jaringan tp setelah ditunggu"" ngapo hanguss! Sedangkan transaksi pembayaran nyo lah berhasil. Tolong dong ini gimna"
Tidak bisa beli go show kereta incaran gara2 sistem antrian,,,negatif,,,Ora bisa tumbas go show sepur incaran gara2 sistem antrean,Ora bisa beli go show kereta incaran gara2 sistem antrian,Dak pacak beli go show kereta incaran gara2 sistem antrian,dak pacak beli go show kereta incaran gara2 sistem antrian
"Kecewa searching tujuan yg benar tapi dapetnya gasesuai tujuan alhasil turun sebelum stasiun tujuan deh, terus apknya lemot",,,negatif,,,"Kecewa searching tujuan yg benar nanging dapetnya gasesuai tujuan alhasil turun sebelum stasiun tujuan deh, terus apk lemot","Kecewa searching tujuan yg bener nanging dapetnya gasesuai tujuan alhasil turun sebelum stasiun tujuan deh, terus apknya lemot","Kecewa searching tujuan yg bener tapi dapetnyo gasesuai tujuan alhasil turun sebelum stasiun tujuan deh, terus apknyo lemot","Kecewa searching tujuan yg benar tapi dapetnyo gasesuai tujuan alhasil turun sebelum stasiun tujuan deh, terus apknyo lemot"
"kebanyakan bug, nggak bisa booking",,,negatif,,,"kakehan bug, ora bisa pesen","kebanyakan bug, ora bisa booking","kebanyakan bug, dak pacak booking","kebanyakan bug, dak pacak booking"
"Sistem antrean ini mempersulit sih, baru jam 00.02 tiket udah habis, terus pas udah masuk ke halaman eh time out Mulu gajelas emang. Mempersulit orang bukannya semakin maju ini malah semakin mundur. Harusnya KAI lebih update dari yg sebelumnya dong ini apaan semakin kesini sistem makin busuk. Kecewa banget",,,negatif,,,"Sistem antrean iki mempersulit sih, anyar jam 00.02 tiket wis habis, terus pas wis mlebu menyang halaman eh time out Terus gajelas emang. Mempersulit orang nanging sansaya maju iki malah sansaya mundur. Harusnya KAI luwih nganyari dari yg sebelumnya dong iki apaan sansaya kesini sistem makin busuk. Kecewa banget","Sistem antrean ini mempersulit sih, baru jam 00.02 tiket wis habis, terus pas wis masuk ke halaman eh time out Mulu gajelas emang. Mempersulit wong bukannya semakin maju ini malah semakin mundur. Harusnya KAI lebih update dari yg sebelumnya dong ini apaan semakin kesini sistem makin busuk. Kecewa banget","Sistem antrean ini mempersulit sih, baru jam 00.02 tiket lah habis, terus pas lah masuk ke halaman eh time out Mulu gajelas emang. Mempersulit wong bukannyo semakin maju ini malah semakin mundur. Harusnyo KAI lebih update dari yg sebelumnyo dong ini apaan semakin kesini sistem makin busuk. Kecewa nian","Sistem antrean ini mempersulit sih, baru jam 00.02 tiket lah habis, terus pas lah masuk ke halaman eh time out Mulu gajelas emang. Mempersulit wong bukannyo semakin maju ini malah semakin mundur. Harusnyo KAI lebih update dari yg sebelumnyo dong ini apaan semakin kesini sistem makin busuk. Kecewa nian"
"applikasi banyak bug, untuk pembatalan tiket tidak bisa padahal keberangkatan masih diatas 2 jam setelah 2 jam sebelum keberangkatan malah ngeblok menu pembatalan.",,,negatif,,,"applikasi akeh bug, kanggo pembatalan tiket ora bisa padahal keberangkatan isih diatas 2 jam sawise 2 jam sebelum keberangkatan malah ngeblok menu pembatalan.","applikasi banyak bug, untuk pembatalan tiket ora bisa padahal keberangkatan masih diatas 2 jam setelah 2 jam sebelum keberangkatan malah ngeblok menu pembatalan.","applikasi banyak bug, untuk pembatalan tiket dak pacak padahal keberangkatan masih diatas 2 jam setelah 2 jam sebelum keberangkatan malah ngeblok menu pembatalan.","applikasi banyak bug, untuk pembatalan tiket dak pacak padahal keberangkatan masih diatas 2 jam setelah 2 jam sebelum keberangkatan malah ngeblok menu pembatalan."
"Semenjak update harus mengantri untuk pemesanan tiket dan cukup lama, ketika waktu stuck di 1 menit tidak masuk masuk ke pemesanan tiket. Kembaliin aja seperti sedia kala cara pemesanan tanpa harus mengantri. Jika harus mengantri tolong di perbaiki kendala dan bug nya. Terima Kasih.",,,negatif,,,"Semenjak nganyari kudu ngantri kanggo pesenan tiket lan cukup suwe, ketika wektu stuck ing 1 menit ora mlebu mlebu menyang pesenan tiket. Kembaliin aja seperti sedia kala cara pesenan tanpa kudu ngantri. Jika kudu ngantri tulung ing benerake kendala lan bug nya. Matur Nuwun.","Semenjak update harus mengantri untuk pemesanan tiket dan cukup lama, ketika waktu stuck di 1 menit ora masuk masuk ke pemesanan tiket. Kembaliin wae kaya sedia kala cara pemesanan tanpa harus mengantri. Jika harus mengantri tolong di perbaiki kendala dan bug nya. Terima Kasih.","Semenjak update harus mengantri untuk pemesanan tiket dan cukup lama, ketika waktu stuck di 1 menit dak masuk masuk ke pemesanan tiket. Kembaliin bae cak sedia kala caro pemesanan tanpa harus mengantri. Jika harus mengantri tolong di perbaiki kendala dan bug nyo. Terima Kasih.","Semenjak update harus mengantri untuk pemesanan tiket dan cukup lama, ketika waktu stuck di 1 menit dak masuk masuk ke pemesanan tiket. Kembaliin bae cak sedia kala caro pemesanan tanpa harus mengantri. Jika harus mengantri tolong di perbaiki kendala dan bug nyo. Terima Kasih."
"jelek, tiap beli tiket selalu error. mana ga sekali dua kali aja, kesabaranku nyoba 50 menit sia sia. ga jelas sekali",,,negatif,,,"jelek, saben tumbas tiket selalu error. endi ora sekali loro kali aja, kesabaranku nyoba 50 menit sia sia. ora cetha sekali","jelek, tiap beli tiket selalu rusak. mana ora pisan dua kali wae, kesabaranku nyoba 50 menit sia sia. ora jelas pisan","jelek, tiap beli tiket selalu error. mana dak nian dua kali bae, kesabaranku nyoba 50 menit sia sia. dak jelas nian","jelek, tiap beli tiket selalu error. mana ga nian dua kali bae, kesabaranku nyoba 50 menit sia sia. ga jelas nian"
"buang waktu, mantengin layar hp 1 jam cuma buat antre terus lihat tiket habis.. semakin banyak calo tiket, balik kayak dulu lgi jadinya",,,negatif,,,"buang wektu, mantengin layar hp 1 jam mung kanggo antre terus deleng tiket habis.. sansaya akeh calo tiket, balik kayak dulu lgi jadinya","buang waktu, mantengin layar hp 1 jam mung buat antre terus deleng tiket habis.. semakin banyak calo tiket, balik kayak dulu lgi jadinya","buang waktu, mantengin layar hp 1 jam cuman buat antre terus tengok tiket habis.. semakin banyak calo tiket, balik kayak dulu lgi jadinyo","buang waktu, mantengin layar hp 1 jam cuman buat antre terus lihat tiket habis.. semakin banyak calo tiket, balik kayak dulu lgi jadinyo"
"Aplikasi KAI Access mengecewakan. Verifikasi nomor rekening untuk pembatalan tiket terus gagal meskipun data sudah sesuai. Saya sudah ikuti semua langkah troubleshooting, tapi tetap tidak berhasil, hingga tiket hangus tanpa bisa dibatalkan. CS hanya memberi jawaban umum tanpa solusi konkret, sementara waktu terus berjalan. Aplikasi ini malah menyulitkan pengguna. Mohon segera perbaiki sistemnya agar tidak ada pengguna lain yang dirugikan seperti saya.",,,negatif,,,"Aplikasi KAI Access mengecewakan. Verifikasi nomor rekening kanggo pembatalan tiket terus gagal meskipun data wis cocok. Aku wis ikuti semua langkah troubleshooting, nanging tetap ora berhasil, hingga tiket hangus tanpa bisa dibatalkan. CS hanya memberi jawaban umum tanpa solusi konkret, sementara wektu terus berjalan. Aplikasi iki malah menyulitkan pengguna. Nyuwun cepet benerake sistemnya agar ora ana pengguna lain sing dirugikan seperti aku.","Aplikasi KAI Access mengecewakan. Verifikasi nomor rekening untuk pembatalan tiket terus gagal meskipun data wis sesuai. Aku wis ikuti kabeh langkah troubleshooting, nanging tetap ora berhasil, hingga tiket hangus tanpa bisa dibatalkan. CS hanya memberi jawaban umum tanpa solusi konkret, sementara waktu terus berjalan. Aplikasi ini malah menyulitkan pengguna. Mohon segera perbaiki sistemnya agar ora ana pengguna lain yang dirugikan kaya aku.","Aplikasi KAI Access mengecewakan. Verifikasi nomor rekening untuk pembatalan tiket terus gagal meskipun data lah sesuai. Aku lah ikuti galo langkah troubleshooting, tapi tetap dak berhasil, hingga tiket hangus tanpa pacak dibatalkan. CS hanyo memberi jawaban umum tanpa solusi konkret, sementara waktu terus berjalan. Aplikasi ini malah menyulitkan pengguna. Mohon segera perbaiki sistemnyo agar dak ado pengguna lain yang dirugikan cak aku.","Aplikasi KAI Access mengecewakan. Verifikasi nomor rekening untuk pembatalan tiket terus gagal meskipun data lah sesuai. aku lah ikuti semua langkah troubleshooting, tapi tetap dak berhasil, hingga tiket hangus tanpa pacak dibatalkan. CS hanyo memberi jawaban umum tanpa solusi konkret, sementara waktu terus berjalan. Aplikasi ini malah menyulitkan pengguna. Mohon segera perbaiki sistemnyo agar dak ado pengguna lain yang dirugikan cak aku."
Aplikasi tidak berguna dan sangat menyusahkan. semenjak ada aplikasi sering tidak dapat tiket. pertama aplikasi selalu minta update. pembelian tiket lokal sudah pesen H-7 rela begadang jam 24.00 malah server selalu down jadwal tidak muncul baru mau muncul saat tiket sudah terjual habis. kalau bisa kasih nilai minus mungkin ku kasih nilai minus. perbaiki lagi sistem ini !,negatif,,negatif,,,Aplikasi ora berguna lan banget menyusahkan. semenjak ana aplikasi sering ora dapat tiket. pertama aplikasi selalu minta nganyari. tumbas tiket lokal wis pesen H-7 rela begadang jam 24.00 malah server selalu down jadwal ora muncul anyar arep muncul wektu tiket wis terjual habis. kalau bisa nuwun nilai minus mungkin ku nuwun nilai minus. benerake maneh sistem iki !,Aplikasi ora berguna dan banget menyusahkan. semenjak ana aplikasi sering ora dapat tiket. pertama aplikasi selalu minta update. pembelian tiket lokal wis pesen H-7 rela begadang jam 24.00 malah server selalu down jadwal ora muncul baru arep muncul saat tiket wis terjual habis. yen bisa kasih nilai minus mungkin ku kasih nilai minus. perbaiki lagi sistem ini !,Aplikasi dak berguna dan nian menyusahkan. semenjak ado aplikasi sering dak dapat tiket. pertama aplikasi selalu minta update. pembelian tiket lokal lah pesen H-7 rela begadang jam 24.00 malah server selalu down jadwal dak muncul baru nak muncul saat tiket lah terjual habis. men pacak kasih nilai minus mungkin ku kasih nilai minus. perbaiki lagi sistem ini !,Aplikasi dak berguna dan nian menyusahkan. semenjak ado aplikasi sering dak dapat tiket. pertama aplikasi selalu minta update. pembelian tiket lokal lah pesen H-7 rela begadang jam 24.00 malah server selalu down jadwal dak muncul baru nak muncul saat tiket lah terjual habis. men pacak kasih nilai minus mungkin ku kasih nilai minus. perbaiki lagi sistem ini !
"Harusnya lebih perbaikin kinerja aplikasi terlebih dahulu, loading relatif lama padahal jaringan bagus, trus pembayaran juga sering error, hari ini gajadi naik kereta gara gara belum pesan tiket karna lupa gara garanya waktu beli tiket by aplikasi error pas pembayaran, kirain udah sukses pas mau naik kereta ternyata belum ada tiket, mohon update yg teebaru lebih kesitu aja dulu biar lebih nyaman dipake nya",negatif,,,negatif,,"Harusnya luwih perbaikin kinerja aplikasi terlebih dahulu, muter relatif suwe padahal jaringan apik, trus pembayaran uga sering error, dina iki gajadi naik sepur gara gara durung pesen tiket karna lupa gara garanya wektu tumbas tiket by aplikasi error pas pembayaran, kirain wis sukses pas arep naik sepur kebeneran durung ana tiket, nyuwun nganyari yg teebaru luwih kesitu aja dulu ben luwih penak dipake nya","Harusnya lebih perbaikin kinerja aplikasi terlebih dahulu, loading relatif lama padahal jaringan apik, trus pembayaran uga sering rusak, hari ini gajadi naik kereta gara gara belum pesen tiket karna lupa gara garanya waktu beli tiket by aplikasi rusak pas pembayaran, kirain wis sukses pas arep naik kereta ternyata belum ana tiket, mohon update yg teebaru lebih kesitu wae dulu biar lebih nyaman dipake nya","Harusnyo lebih perbaikin kinerja aplikasi terlebih dahulu, loading relatif lama padahal jaringan bagus, trus pembayaran jugo sering error, hari ini gajadi naik kereta gara gara belum pesan tiket karna lupa gara garanyo waktu beli tiket by aplikasi error pas pembayaran, kirain lah sukses pas nak naik kereta ternyata belum ado tiket, mohon update yg teebaru lebih kesitu bae dulu biar lebih nyaman dipake nyo","Harusnyo lebih perbaikin kinerja aplikasi terlebih dahulu, loading relatif lama padahal jaringan bagus, trus pembayaran jugo sering error, hari ini gajadi naik kereta gara gara belum pesan tiket karna lupa gara garanyo waktu beli tiket by aplikasi error pas pembayaran, kirain lah sukses pas nak naik kereta ternyata belum ado tiket, mohon update yg teebaru lebih kesitu bae dulu biar lebih nyaman dipake nyo"
"masa udh muncul tanggalnya tp tiket"" nya ga muncul, sering bgt gabisa beli tiket gegara eror jd saya harus beli tiket di waktu yg ga tepat",,,negatif,,,"mangsa wis muncul tanggalnya tp tiket"" nya ora muncul, sering bgt gabisa tumbas tiket gegara rusak jd aku kudu tumbas tiket ing wektu yg ora tepat","masa wis muncul tanggalnya tp tiket"" nya ora muncul, sering banget gabisa beli tiket gegara eror jd aku harus beli tiket di waktu yg ora tepat","masa lah muncul tanggalnyo tp tiket"" nyo dak muncul, sering nian gabisa beli tiket gegara eror jd aku harus beli tiket di waktu yg dak tepat","masa lah muncul tanggalnyo tp tiket"" nyo ga muncul, sering bgt gabisa beli tiket gegara eror jd aku harus beli tiket di waktu yg ga tepat"
"setiap tahun kalo pas musim mudik cari tiket selalu susah,dikasih sistem antri makin susah,kok gak pernah belajar dari pengalaman ya kai,heranya agen atau calo selalu bisa dapet,gak pernah dipermudah kalo pas beli tiket lebaran , mending kalo g siap dengan perubahan kembalikan aja sistem manual antri kayak jaman dulu,, yg penjualan hanya lewat stasiun,ini lewat onli6bergadang berhari hari juga g dapet mending antri di stasiun sekalian",,,negatif,,,"saben tahun yen pas musim mudik cari tiket selalu susah,dikasih sistem antri makin susah,kok ora pernah belajar dari pengalaman ya kai,heranya agen utawa calo selalu bisa dapet,ora pernah dipermudah yen pas tumbas tiket lebaran , mending yen g siap karo owahan kembalikan aja sistem manual antri kayak jaman dulu,, yg penjualan hanya lewat stasiun,iki lewat onli6bergadang berhari dina uga g dapet mending antri ing stasiun sekalian","setiap tahun yen pas musim mudik cari tiket selalu susah,dikasih sistem antri makin susah,kok ora pernah belajar dari pengalaman ya kai,heranya agen atau calo selalu bisa dapet,ora pernah dipermudah yen pas beli tiket lebaran , mending yen g siap karo perubahan kembalikan wae sistem manual antri kayak jaman dulu,, yg penjualan hanya lewat stasiun,ini lewat onli6bergadang berhari hari uga g dapet mending antri di stasiun sekalian","setiap tahun men pas musim mudik cari tiket selalu susah,dikasih sistem antri makin susah,kok dak pernah belajar dari pengalaman ya kai,heranyo agen atau calo selalu pacak dapet,dak pernah dipermudah men pas beli tiket lebaran , mending men g siap pake perubahan kembalikan bae sistem manual antri kayak jaman dulu,, yg penjualan hanyo lewat stasiun,ini lewat onli6bergadang berhari hari jugo g dapet mending antri di stasiun sekalian","setiap tahun men pas musim mudik cari tiket selalu susah,dikasih sistem antri makin susah,kok dak pernah belajar dari pengalaman ya kai,heranyo agen atau calo selalu pacak dapet,dak pernah dipermudah men pas beli tiket lebaran , mending men g siap dengan perubahan kembalikan bae sistem manual antri kayak jaman dulu,, yg penjualan hanyo lewat stasiun,ini lewat onli6bergadang berhari hari jugo g dapet mending antri di stasiun sekalian"
Kenapa kok g bisa aplikasinya? Katanya karena ada bug atau apa? Mau pesen tiket jadi gak bisa,negatif,,,,,Kena apa kok g bisa aplikasinya? Jarene karena ana bug utawa apa? Arep pesen tiket dadi ora bisa,Kena apa kok g bisa aplikasinya? Katanya karena ana bug atau apa? Arep pesen tiket jadi ora bisa,Ngapo kok g pacak aplikasinyo? Katanyo karena ado bug atau apo? Nak pesen tiket jadi dak pacak,ngapo kok g pacak aplikasinyo? Katanyo karena ado bug atau apo? nak pesen tiket jadi dak pacak
"Aplikasi ga guna udh 5 tahun war tiket lebaran ga pernah jelas statusnya time out, padahal udh antri 30 menit udh masuk malah time out loading ga ada maintenance apa tiap tahun selalu begitu hapus aja ga guna",,,negatif,,,"Aplikasi ora guna wis 5 tahun war tiket lebaran ora pernah cetha statusnya time out, padahal wis antri 30 menit wis mlebu malah time out muter ora ana maintenance apa saben tahun selalu begitu hapus aja ora guna","Aplikasi ora guna wis 5 tahun war tiket lebaran ora pernah jelas statusnya time out, padahal wis antri 30 menit wis masuk malah time out loading ora ana maintenance apa tiap tahun selalu begitu hapus wae ora guna","Aplikasi dak guna lah 5 tahun war tiket lebaran dak pernah jelas statusnyo time out, padahal lah antri 30 menit lah masuk malah time out loading dak ado maintenance apo tiap tahun selalu begitu hapus bae dak guna","Aplikasi ga guna lah 5 tahun war tiket lebaran ga pernah jelas statusnyo time out, padahal lah antri 30 menit lah masuk malah time out loading ga ado maintenance apo tiap tahun selalu begitu hapus bae ga guna"
"Sudah melakukan pembayaran tiket menggunakan Qris lewat Dana tetapi tiket masih keterangan belum dibayar, sampai dengan waktu menunggu pembayaran habis akhirnya tiket hilang dan uang dari Dana sudah dipotong, 2 kali pengalaman seperti ini dari tahun 2021 dan saat ini dan akhirnya saya sudah tidak bisa toleransi, tiket yg dibeli pada 2021 kereta Kahuripan dengan tujuan dari Kiara condong ke Lempuyangan, kasus sama pembayaran ganda",,,negatif,negatif,,"Wis melakukan pembayaran tiket menggunakan Qris lewat Dana tetapi tiket isih keterangan durung dibayar, sampai karo wektu nunggu pembayaran habis akhirnya tiket hilang lan uang dari Dana wis dipotong, 2 kali pengalaman seperti iki dari tahun 2021 lan wektu iki lan akhirnya aku wis ora bisa toleransi, tiket yg dibeli pada 2021 sepur Kahuripan karo tujuan dari Kiara condong menyang Lempuyangan, kasus padha pembayaran ganda","Wis melakukan pembayaran tiket menggunakan Qris lewat Dana tetapi tiket masih keterangan belum dibayar, sampai karo waktu menunggu pembayaran habis akhirnya tiket hilang dan dhuwit dari Dana wis dipotong, 2 kali pengalaman kaya ini dari tahun 2021 dan saat ini dan akhirnya aku wis ora bisa toleransi, tiket yg dibeli pada 2021 kereta Kahuripan karo tujuan dari Kiara condong ke Lempuyangan, kasus karo pembayaran ganda","Lah melakukan pembayaran tiket menggunakan Qris lewat Dana tetapi tiket masih keterangan belum dibayar, sampai pake waktu menunggu pembayaran habis akhirnyo tiket hilang dan duet dari Dana lah dipotong, 2 kali pengalaman cak ini dari tahun 2021 dan saat ini dan akhirnyo aku lah dak pacak toleransi, tiket yg dibeli pada 2021 kereta Kahuripan pake tujuan dari Kiara condong ke Lempuyangan, kasus samo pembayaran ganda","lah melakukan pembayaran tiket menggunakan Qris lewat Dana tetapi tiket masih keterangan belum dibayar, sampai dengan waktu menunggu pembayaran habis akhirnyo tiket hilang dan duet dari Dana lah dipotong, 2 kali pengalaman cak ini dari tahun 2021 dan saat ini dan akhirnyo aku lah dak pacak toleransi, tiket yg dibeli pada 2021 kereta Kahuripan dengan tujuan dari Kiara condong ke Lempuyangan, kasus samo pembayaran ganda"
Habis update malah gak bisa dipake buat war tiket arus balik.sangat mengwcewakan.sistem antrian juga tidak masuk masuk dapat giliran.,,,negatif,,,Habis nganyari malah ora bisa dipake kanggo war tiket arus balik.banget mengwcewakan.sistem antrean uga ora mlebu mlebu dapat giliran.,Habis update malah ora bisa dipake buat war tiket arus balik.banget mengwcewakan.sistem antrian uga ora masuk masuk dapat giliran.,Habis update malah dak pacak dipake buat war tiket arus balik.nian mengwcewakan.sistem antrian jugo dak masuk masuk dapat giliran.,Habis update malah dak pacak dipake buat war tiket arus balik.nian mengwcewakan.sistem antrian jugo dak masuk masuk dapat giliran.
"Transaksi gagal, tapi saldo kepotong. Hari ini dari sore jam 3, aplikasi tidak bisa booking tiket, ke loket stasiun sama aja karena satu sistem, perbaikilah kasian yang nunggu-nunggu gak jelas. Ada promo juga, kalau aplikasinya gak siap/banyak bug/server erorr ya sama saja.",,,,negatif,,"Transaksi gagal, nanging saldo kepotong. Dina iki dari sore jam 3, aplikasi ora bisa pesen tiket, menyang loket stasiun padha aja karena satu sistem, perbaikilah kasian sing nunggu-nunggu ora cetha. Ana promo uga, kalau aplikasinya ora siap/akeh bug/server erorr ya padha saja.","Transaksi gagal, nanging saldo kepotong. Hari ini dari sore jam 3, aplikasi ora bisa booking tiket, ke loket stasiun karo wae karena satu sistem, perbaikilah kasian yang nunggu-nunggu ora jelas. Ana promo uga, yen aplikasinya ora siap/banyak bug/server erorr ya karo wae.","Transaksi gagal, tapi saldo kepotong. Hari ini dari sore jam 3, aplikasi dak pacak booking tiket, ke loket stasiun samo bae karena satu sistem, perbaikilah kasian yang nunggu-nunggu dak jelas. Ado promo jugo, men aplikasinyo dak siap/banyak bug/server erorr ya samo bae.","Transaksi gagal, tapi saldo kepotong. Hari ini dari sore jam 3, aplikasi dak pacak booking tiket, ke loket stasiun samo bae karena satu sistem, perbaikilah kasian yang nunggu-nunggu dak jelas. ado promo jugo, men aplikasinyo dak siap/banyak bug/server erorr ya samo bae."
Sangat membantu...tapi sayang selalu tidak kebagian tiket yang murah...,,,positif,,,Banget mbantu...nanging sayang selalu ora kebagian tiket sing murah...,Banget membantu...nanging sayang selalu ora kebagian tiket yang murah...,Nian membantu...tapi sayang selalu dak kebagian tiket yang murah...,nian membantu...tapi sayang selalu dak kebagian tiket yang murah...
"Ini kenapa jadi ribet mau pesen tiket buka aplikasi antri udah gitu gak sesuai estimasi waktu antrinya, giliran udah masuk mau pesen tiket gagal terus tau2 masa pemesanan tiket telah habis disuruh antri lagi bangke bangke, coba lah di perbaiki lagi ini aplikasi nya!!!!!",,,negatif,,,"Iki kena apa dadi ribet arep pesen tiket buka aplikasi antri wis gitu ora cocok estimasi wektu antrinya, giliran wis mlebu arep pesen tiket gagal terus tau2 mangsa pesenan tiket telah habis disuruh antri maneh bangke bangke, coba yo ing benerake maneh iki aplikasi nya!!!!!","Ini kena apa jadi ribet arep pesen tiket buka aplikasi antri wis gitu ora sesuai estimasi waktu antrinya, giliran wis masuk arep pesen tiket gagal terus tau2 masa pemesanan tiket telah habis disuruh antri lagi bangke bangke, coba lah di perbaiki lagi ini aplikasi nya!!!!!","Ini ngapo jadi ribet nak pesen tiket buka aplikasi antri lah gitu dak sesuai estimasi waktu antrinyo, giliran lah masuk nak pesen tiket gagal terus tau2 masa pemesanan tiket telah habis disuruh antri lagi bangke bangke, coba lah di perbaiki lagi ini aplikasi nyo!!!!!","Ini ngapo jadi ribet nak pesen tiket buka aplikasi antri lah gitu dak sesuai estimasi waktu antrinyo, giliran lah masuk nak pesen tiket gagal terus tau2 masa pemesanan tiket telah habis disuruh antri lagi bangke bangke, coba lah di perbaiki lagi ini aplikasi nyo!!!!!"
"Aplikasi gak jelas time out mulu giliran bisa tiba"" tiket abis, bilang alesan internet gak stabil gua pke wifi boss apanya yg gak stabil,,,,",,,negatif,,,"Aplikasi ora cetha time out terus giliran bisa tiba"" tiket entek, bilang alesan internet ora stabil gua pke wifi boss apanya yg ora stabil,,,,","Aplikasi ora jelas time out mulu giliran bisa tiba"" tiket abis, bilang alesan internet ora stabil gua pke wifi boss apanya yg ora stabil,,,,","Aplikasi dak jelas time out mulu giliran pacak tiba"" tiket abis, bilang alesan internet dak stabil gua pke wifi boss apanyo yg dak stabil,,,,","Aplikasi dak jelas time out mulu giliran pacak tiba"" tiket abis, bilang alesan internet dak stabil gua pke wifi boss apanyo yg dak stabil,,,,"
semenjak update setelah natal aplikasi jadi memiliki banyak bug seperti forced close dan tampilan aplikasi telah berhenti dan yang lebih parah saya telah beli tiket kereta pulang pergi untuks bekerja saya trlah membayar tiket tersebut dan di akun dana saya juga saldo terpotong saya cek diriwayat transaksi akun dana pembayaran berhasil namun ketika saya cek di kai access tiket saya tidak ada hal ini merugikan costumer yang ingin menaiki kereta apalagi costumer yang membeli tiket untuk bekerja,negatif,,negatif,,,semenjak nganyari sawise natal aplikasi dadi memiliki akeh bug seperti forced close lan tampilan aplikasi telah berhenti lan sing luwih parah aku telah tumbas tiket sepur pulang lunga untuks bekerja aku trlah membayar tiket tersebut lan ing akun dana aku uga saldo terpotong aku cek diriwayat transaksi akun dana pembayaran berhasil namun ketika aku cek ing kai access tiket aku ora ana hal iki merugikan costumer sing ingin menaiki sepur apalagi costumer sing membeli tiket kanggo bekerja,semenjak update setelah natal aplikasi jadi memiliki banyak bug kaya forced close dan tampilan aplikasi telah berhenti dan yang lebih parah aku telah beli tiket kereta pulang pergi untuks bekerja aku trlah membayar tiket tersebut dan di akun dana aku uga saldo terpotong aku cek diriwayat transaksi akun dana pembayaran berhasil namun ketika aku cek di kai access tiket aku ora ana hal ini merugikan costumer yang ingin menaiki kereta apalagi costumer yang membeli tiket untuk bekerja,semenjak update setelah natal aplikasi jadi memiliki banyak bug cak forced close dan tampilan aplikasi telah berhenti dan yang lebih parah aku telah beli tiket kereta pulang pergi untuks bekerja aku trlah membayar tiket tersebut dan di akun dana aku jugo saldo terpotong aku cek diriwayat transaksi akun dana pembayaran berhasil namun ketika aku cek di kai access tiket aku dak ado hal ini merugikan costumer yang ingin menaiki kereta apalagi costumer yang membeli tiket untuk bekerja,semenjak update setelah natal aplikasi jadi memiliki banyak bug cak forced close dan tampilan aplikasi telah berhenti dan yang lebih parah aku telah beli tiket kereta pulang pergi untuks bekerja aku trlah membayar tiket tersebut dan di akun dana aku jugo saldo terpotong aku cek diriwayat transaksi akun dana pembayaran berhasil namun ketika aku cek di kai access tiket aku dak ado hal ini merugikan costumer yang ingin menaiki kereta apalagi costumer yang membeli tiket untuk bekerja
"Ini kenapa tiap mau war tiket pasti ada tulisan dalam antrian dan waktu tunggunya lama banget? 1 menit aja seperti 10 menit nunggunya, makin lama makin turun kualitas aplikasi ini.",,,negatif,,,"Iki kena apa saben arep war tiket pasti ana tulisan jero antrean lan wektu tunggunya suwe banget? 1 menit aja seperti 10 menit nunggunya, makin suwe makin turun kualitas aplikasi iki.","Ini kena apa tiap arep war tiket pasti ana tulisan jero antrian dan waktu tunggunya lama banget? 1 menit wae kaya 10 menit nunggunya, makin lama makin turun kualitas aplikasi ini.","Ini ngapo tiap nak war tiket pasti ado tulisan dalem antrian dan waktu tunggunyo lama nian? 1 menit bae cak 10 menit nunggunyo, makin lama makin turun kualitas aplikasi ini.","Ini ngapo tiap nak war tiket pasti ado tulisan dalam antrian dan waktu tunggunyo lama nian? 1 menit bae cak 10 menit nunggunyo, makin lama makin turun kualitas aplikasi ini."
"Benerin dulu dah, masa tiket tersedia tapi no seat available",,,negatif,,,"Benerin dulu dah, mangsa tiket tersedia nanging no seat available","Benerin dulu dah, masa tiket tersedia nanging no seat available","Benerin dulu dah, masa tiket tersedia tapi no seat available","Benerin dulu dah, masa tiket tersedia tapi no seat available"
"Mohon maaf aku kasih bintang 1 karna pelayanan pemesanan tiket mengecewakan,sesudah tiket berhasil dipesan dan dibayar,malah hilang pas mau berangkat,terpaksa pesan dadakan lagi,saldo gak kembali pula,untuk jarak gak terlalu jauh dan kelas ekonomi,coba kalo pesan tiket yang jauh hangus sudah, setidaknya ada pengembalian saldo kembali,sampai hari ini tidak ada pengembalian saldo",,,negatif,negatif,,"Nyuwun maaf aku nuwun bintang 1 karna pelayanan pesenan tiket mengecewakan,sesudah tiket berhasil dipesan lan dibayar,malah hilang pas arep berangkat,terpaksa pesen dadakan maneh,saldo ora bali pula,kanggo jarak ora terlalu jauh lan kelas ekonomi,coba yen pesen tiket sing jauh hangus wis, setidaknya ana pengembalian saldo bali,sampai dina iki ora ana pengembalian saldo","Mohon maaf aku kasih bintang 1 karna pelayanan pemesanan tiket mengecewakan,sesudah tiket berhasil dipesan dan dibayar,malah hilang pas arep berangkat,terpaksa pesen dadakan lagi,saldo ora kembali pula,untuk jarak ora terlalu jauh dan kelas ekonomi,coba yen pesen tiket yang jauh hangus wis, setidaknya ana pengembalian saldo kembali,sampai hari ini ora ana pengembalian saldo","Mohon maaf aku kasih bintang 1 karna pelayanan pemesanan tiket mengecewakan,sesudah tiket berhasil dipesan dan dibayar,malah hilang pas nak berangkat,terpaksa pesan dadakan lagi,saldo dak kembali pula,untuk jarak dak terlalu jauh dan kelas ekonomi,coba men pesan tiket yang jauh hangus lah, setidaknyo ado pengembalian saldo kembali,sampai hari ini dak ado pengembalian saldo","Mohon maaf aku kasih bintang 1 karna pelayanan pemesanan tiket mengecewakan,sesudah tiket berhasil dipesan dan dibayar,malah hilang pas nak berangkat,terpaksa pesan dadakan lagi,saldo dak kembali pula,untuk jarak dak terlalu jauh dan kelas ekonomi,coba men pesan tiket yang jauh hangus lah, setidaknyo ado pengembalian saldo kembali,sampai hari ini dak ado pengembalian saldo"
"kocak banget sumpah !!! buat pesen tiket gak bisa. buat lihat jadwal tiket juga gak bisa 🤣🤣 naik kereta ribetnya ngalah""in naik pesawat 🤣🤣🤣🤣",,,negatif,,,"kocak banget sumpah !!! kanggo pesen tiket ora bisa. kanggo deleng jadwal tiket uga ora bisa 🤣🤣 naik sepur ribetnya ngalah""in naik pesawat 🤣🤣🤣🤣","kocak banget sumpah !!! buat pesen tiket ora bisa. buat deleng jadwal tiket uga ora bisa 🤣🤣 naik kereta ribetnya ngalah""in naik pesawat 🤣🤣🤣🤣","kocak nian sumpah !!! buat pesen tiket dak pacak. buat tengok jadwal tiket jugo dak pacak 🤣🤣 naik kereta ribetnyo ngalah""in naik pesawat 🤣🤣🤣🤣","kocak nian sumpah !!! buat pesen tiket dak pacak. buat lihat jadwal tiket jugo dak pacak 🤣🤣 naik kereta ribetnyo ngalah""in naik pesawat 🤣🤣🤣🤣"
Kenapa aplikasi error terus jadi ga berguna banget ini aplikasi pesan tiket susah katanya suruh online bangke....,,,negatif,,,Kena apa aplikasi error terus dadi ora berguna banget iki aplikasi pesen tiket susah jarene suruh online bangke....,Kena apa aplikasi rusak terus jadi ora berguna banget ini aplikasi pesen tiket susah katanya suruh online bangke....,Ngapo aplikasi error terus jadi dak berguna nian ini aplikasi pesan tiket susah katanyo suruh online bangke....,ngapo aplikasi error terus jadi ga berguna nian ini aplikasi pesan tiket susah katanyo suruh online bangke....
"tiket kereta tambahan tiba"" habis terus,sudah nunggu dan bolak balik cek gk ada,terus tiba"" ada tapi sudah habis,gimana ini",,,negatif,,,"tiket sepur tambahan tiba"" habis terus,wis nunggu lan bolak balik cek ora ana,terus tiba"" ana nanging wis habis,gimana iki","tiket kereta tambahan tiba"" habis terus,wis nunggu dan bolak balik cek gk ana,terus tiba"" ana nanging wis habis,kepriye ini","tiket kereta tambahan tiba"" habis terus,lah nunggu dan bolak balik cek gk ado,terus tiba"" ado tapi lah habis,cakmno ini","tiket kereta tambahan tiba"" habis terus,lah nunggu dan bolak balik cek gk ado,terus tiba"" ado tapi lah habis,cakmno ini"
"Kalian bisa ga bikin apk yg lebih profesional yang tidak menyusahkan konsumen? Disuruh nunggu ternyata gada jadwalnya. Apk sering Lola, tiket minta ampun mahal dan ga worth it. Ini jujur nih. Intropeksi dah",,,negatif,,,"Kalian bisa ora bikin apk yg luwih profesional sing ora menyusahkan konsumen? Disuruh nunggu kebeneran gada jadwalnya. Apk sering Lola, tiket minta ampun mahal lan ora worth it. Iki jujur nih. Intropeksi dah","Kalian bisa ora bikin apk yg lebih profesional yang ora menyusahkan konsumen? Disuruh nunggu ternyata gada jadwalnya. Apk sering Lola, tiket minta ampun mahal dan ora worth it. Ini jujur nih. Intropeksi dah","Kalian pacak dak bikin apk yg lebih profesional yang dak menyusahkan konsumen? Disuruh nunggu ternyata gada jadwalnyo. Apk sering Lola, tiket minta ampun mahal dan dak worth it. Ini jujur nih. Intropeksi dah","Kalian pacak ga bikin apk yg lebih profesional yang dak menyusahkan konsumen? Disuruh nunggu ternyata gada jadwalnyo. Apk sering Lola, tiket minta ampun mahal dan ga worth it. Ini jujur nih. Intropeksi dah"
sudah 30 hari belum ada pengembalian dana dari pembatalan tiket kereta,,,,negatif,,wis 30 dina durung ana pengembalian dana dari pembatalan tiket sepur,wis 30 hari belum ana pengembalian dana dari pembatalan tiket kereta,lah 30 hari belum ado pengembalian dana dari pembatalan tiket kereta,lah 30 hari belum ado pengembalian dana dari pembatalan tiket kereta
susah bgt cuma mau pesen tiket,,,negatif,,,susah bgt mung arep pesen tiket,susah banget mung arep pesen tiket,susah nian cuman nak pesen tiket,susah bgt cuman nak pesen tiket
"dri kmrn udh berkali-kali pesen tiket tpi pas pembayaran ga bisa trs dgn alasan Internet tidak tersedia padahal jaringan ku bagus, gjls bgt sih perbaiki dong",,,,negatif,,"dri kmrn wis berkali-kali pesen tiket tpi pas pembayaran ora bisa trs dgn alasan Internet ora tersedia padahal jaringan ku apik, gjls bgt sih benerake dong","dri kmrn wis berkali-kali pesen tiket tpi pas pembayaran ora bisa trs dgn alasan Internet ora tersedia padahal jaringan ku apik, gjls banget sih perbaiki dong","dri kmrn lah berkali-kali pesen tiket tpi pas pembayaran dak pacak trs dgn alasan Internet dak tersedia padahal jaringan ku bagus, gjls nian sih perbaiki dong","dri kmrn lah berkali-kali pesen tiket tpi pas pembayaran ga pacak trs dgn alasan Internet dak tersedia padahal jaringan ku bagus, gjls bgt sih perbaiki dong"
"Buat kereta lokal Cilegon-rangkasbitung kenapa sekarang harus ngewar kursi sendiri, gunanya pesan tiket online buat apa, apa bisa onthespot pasti dapat tiket...",,,negatif,,,"Kanggo sepur lokal Cilegon-rangkasbitung kena apa saiki kudu ngewar kursi sendiri, gunanya pesen tiket online kanggo apa, apa bisa onthespot pasti dapat tiket...","Buat kereta lokal Cilegon-rangkasbitung kena apa saiki harus ngewar kursi dhewe, gunanya pesen tiket online buat apa, apa bisa onthespot pasti dapat tiket...","Buat kereta lokal Cilegon-rangkasbitung ngapo sekarang harus ngewar kursi dewek, gunanyo pesan tiket online buat apo, apo pacak onthespot pasti dapat tiket...","Buat kereta lokal Cilegon-rangkasbitung ngapo sekarang harus ngewar kursi sendiri, gunanyo pesan tiket online buat apo, apo pacak onthespot pasti dapat tiket..."
"Udah berhasil bayar tiket kereta lewat qris malah katanya belom bayar, rugiii",,,,negatif,,"Wis berhasil bayar tiket sepur lewat qris malah jarene belom bayar, rugiii","Wis berhasil bayar tiket kereta lewat qris malah katanya belom bayar, rugiii","Lah berhasil bayar tiket kereta lewat qris malah katanyo belom bayar, rugiii","lah berhasil bayar tiket kereta lewat qris malah katanyo belom bayar, rugiii"
Sebelum saya update nyaman dan lancar. Ketika saya update ke yang baru. Selalu eror. Gak bisa pesen tiket. Jadi kecewa dengan kai acces. Sementara saya kasih bintang 1 ya min. Mungkin jika bisa diperbaiki lagi saya edit deh bintangnya. Terimakasih,,,negatif,,,Sebelum aku nganyari penak lan lancar. Ketika aku nganyari menyang sing anyar. Selalu rusak. Ora bisa pesen tiket. Dadi kecewa karo kai acces. Sementara aku nuwun bintang 1 ya min. Mungkin jika bisa benerake maneh aku edit deh bintang. Terimakasih,Sebelum aku update nyaman dan lancar. Ketika aku update ke yang baru. Selalu eror. Ora bisa pesen tiket. Jadi kecewa karo kai acces. Sementara aku kasih bintang 1 ya min. Mungkin jika bisa diperbaiki lagi aku edit deh bintangnya. Terimakasih,Sebelum aku update nyaman dan lancar. Ketika aku update ke yang baru. Selalu eror. Dak pacak pesen tiket. Jadi kecewa pake kai acces. Sementara aku kasih bintang 1 ya min. Mungkin jika pacak diperbaiki lagi aku edit deh bintangnyo. Terimakasih,Sebelum aku update nyaman dan lancar. Ketika aku update ke yang baru. Selalu eror. dak pacak pesen tiket. Jadi kecewa dengan kai acces. Sementara aku kasih bintang 1 ya min. Mungkin jika pacak diperbaiki lagi aku edit deh bintangnyo. Terimakasih
"Aplikasi sering error Pesen tiket kereta lokal sering down, time out Percuma pesen online tapi aplikasi error terus Mending pakai tiket offline aja Tolong dibenahi! Mau pesen tiket kereta lokal down terus sampai2 tiket habis saking lamanya nunggu karena aplikasi erorr",,,negatif,,,"Aplikasi sering error Pesen tiket sepur lokal sering down, time out Percuma pesen online nanging aplikasi error terus Mending nganggo tiket offline aja Tulung benerake! Arep pesen tiket sepur lokal down terus sampai2 tiket habis saking lamanya nunggu karena aplikasi erorr","Aplikasi sering rusak Pesen tiket kereta lokal sering down, time out Percuma pesen online nanging aplikasi rusak terus Mending pakai tiket offline wae Tolong dibenahi! Arep pesen tiket kereta lokal down terus sampai2 tiket habis saking lamanya nunggu karena aplikasi erorr","Aplikasi sering error Pesen tiket kereta lokal sering down, time out Percuma pesen online tapi aplikasi error terus Mending pakai tiket offline bae Tolong dibenahi! Nak pesen tiket kereta lokal down terus sampai2 tiket habis saking lamanyo nunggu karena aplikasi erorr","Aplikasi sering error Pesen tiket kereta lokal sering down, time out Percuma pesen online tapi aplikasi error terus Mending pakai tiket offline bae Tolong dibenahi! nak pesen tiket kereta lokal down terus sampai2 tiket habis saking lamanyo nunggu karena aplikasi erorr"
"Adekku barusan naik KAI jurusan singosari kepanjen, pas masuk gerbong ternyata tempat duduknya uda ada yang nempati, dan anehnya nomor kursi tempat duduknya sama. Akhirnya adekku yang mengalah untuk berdiri. Emang bisa gitu 1 kali pembelian masih bisa di beli orang lain? Masa iya harus pangku²an. Tolong dong untuk lebih di upgrade lagi, kalau kayak gini kan jadi merugikan penumpangnya. Ya meskipun nominal ga seberapa, yakali 1 jam berdiri dalam kereta. Cewek pula.",,,negatif,,,"Adekku barusan naik KAI jurusan singosari kepanjen, pas mlebu gerbong kebeneran tempat duduknya wis ana sing nempati, lan anehnya nomor kursi tempat duduknya padha. Akhirnya adekku sing mengalah kanggo berdiri. Emang bisa gitu 1 kali tumbas isih bisa ing tumbas orang lain? Mangsa iya kudu pangku²an. Tulung dong kanggo luwih ing upgrade maneh, kalau kayak gini kan dadi merugikan penumpangnya. Ya meskipun nominal ora seberapa, yakali 1 jam berdiri jero sepur. Cewek pula.","Adekku barusan naik KAI jurusan singosari kepanjen, pas masuk gerbong ternyata tempat duduknya uda ana yang nempati, dan anehnya nomor kursi tempat duduknya karo. Akhirnya adekku yang mengalah untuk berdiri. Emang bisa gitu 1 kali pembelian masih bisa di beli wong lain? Masa iya harus pangku²an. Tolong dong untuk lebih di upgrade lagi, yen kayak gini kan jadi merugikan penumpangnya. Ya meskipun nominal ora seberapa, yakali 1 jam berdiri jero kereta. Cewek pula.","Adekku barusan naik KAI jurusan singosari kepanjen, pas masuk gerbong ternyata tempat duduknyo uda ado yang nempati, dan anehnyo nomor kursi tempat duduknyo samo. Akhirnyo adekku yang mengalah untuk berdiri. Emang pacak gitu 1 kali pembelian masih pacak di beli wong lain? Masa iya harus pangku²an. Tolong dong untuk lebih di upgrade lagi, men kayak gini kan jadi merugikan penumpangnyo. Ya meskipun nominal dak seberapa, yakali 1 jam berdiri dalem kereta. Cewek pula.","Adekku barusan naik KAI jurusan singosari kepanjen, pas masuk gerbong ternyata tempat duduknyo uda ado yang nempati, dan anehnyo nomor kursi tempat duduknyo samo. Akhirnyo adekku yang mengalah untuk berdiri. Emang pacak gitu 1 kali pembelian masih pacak di beli wong lain? Masa iya harus pangku²an. Tolong dong untuk lebih di upgrade lagi, men kayak gini kan jadi merugikan penumpangnyo. Ya meskipun nominal ga seberapa, yakali 1 jam berdiri dalam kereta. Cewek pula."
Untuk sementara ditahun 2024 menjelang 2025 tidak bisa di andalkan untuk pemesanan secara online. Tolong di sempurna kan lagi untuk masalah refund yang terkendala dari pihak kai dan pihak pay di kai. Tolong juga kalau belum siap untuk melakukan prasarana secara online jangan lakukan secara online.),,,,negatif,,Kanggo sementara ditahun 2024 menjelang 2025 ora bisa ing andalkan kanggo pesenan secara online. Tulung ing sempurna kan maneh kanggo masalah refund sing terkendala dari pihak kai lan pihak pay ing kai. Tulung uga kalau durung siap kanggo melakukan prasarana secara online aja lakukan secara online.),Untuk sementara ditahun 2024 menjelang 2025 ora bisa di andalkan untuk pemesanan secara online. Tolong di sempurna kan lagi untuk masalah refund yang terkendala dari pihak kai dan pihak pay di kai. Tolong uga yen belum siap untuk melakukan prasarana secara online jangan lakukan secara online.),Untuk sementara ditahun 2024 menjelang 2025 dak pacak di andalkan untuk pemesanan secara online. Tolong di sempurna kan lagi untuk masalah refund yang terkendala dari pihak kai dan pihak pay di kai. Tolong jugo men belum siap untuk melakukan prasarana secara online jangan lakukan secara online.),Untuk sementara ditahun 2024 menjelang 2025 dak pacak di andalkan untuk pemesanan secara online. Tolong di sempurna kan lagi untuk masalah refund yang terkendala dari pihak kai dan pihak pay di kai. Tolong jugo men belum siap untuk melakukan prasarana secara online jangan lakukan secara online.)
"Apps tidak bisa dibuka saat akan digunakan membuka barcode tiket, sedangkan appsnya sudah diinstal, jaringan internet sudah stabil, padahal sudah ada transaksi pembelian tiketnya secara sukses.tolong sistemnya diperbaiki segera biar membuat pengguna jadi lebih mudah",,,negatif,,,"Apps ora bisa dibuka wektu akan digunakan membuka barcode tiket, sedangkan appsnya wis diinstal, jaringan internet wis stabil, padahal wis ana transaksi tumbas tiketnya secara sukses.tulung sistemnya benerake cepet ben membuat pengguna dadi luwih gampang","Apps ora bisa dibuka saat akan digunakan membuka barcode tiket, sedangkan appsnya wis diinstal, jaringan internet wis stabil, padahal wis ana transaksi pembelian tiketnya secara sukses.tolong sistemnya diperbaiki segera biar membuat pengguna jadi lebih gampang","Apps dak pacak dibuka saat akan digunakan membuka barcode tiket, sedangkan appsnyo lah diinstal, jaringan internet lah stabil, padahal lah ado transaksi pembelian tiketnyo secara sukses.tolong sistemnyo diperbaiki segera biar membuat pengguna jadi lebih gampang","Apps dak pacak dibuka saat akan digunakan membuka barcode tiket, sedangkan appsnyo lah diinstal, jaringan internet lah stabil, padahal lah ado transaksi pembelian tiketnyo secara sukses.tolong sistemnyo diperbaiki segera biar membuat pengguna jadi lebih gampang"
"Aplikasi sering pemeliharaan, aplikasi sering tidak bisa diakses meskipun internet dan signal normal 5G, update KAI Pay tidak selalu melebihi 15 menit, kualitas sistem KAI Acces buruk dibandingkan public service lannya, dan yang paling menyesatkan adalah sering terjadi tampilan sisa seat 1 yang dijual tapi tidak bisa diambil merupakan informasi yang menyesatkan, dan indikasi permainan orang dalam",negatif,,negatif,negatif,,"Aplikasi sering pemeliharaan, aplikasi sering ora bisa dibukak meskipun internet lan signal normal 5G, nganyari KAI Pay ora selalu melebihi 15 menit, kualitas sistem KAI Acces buruk dibandingkan public service lannya, lan sing paling menyesatkan adalah sering terjadi tampilan sisa seat 1 sing dijual nanging ora bisa diambil merupakan informasi sing menyesatkan, lan indikasi permainan orang jero","Aplikasi sering pemeliharaan, aplikasi sering ora bisa diakses meskipun internet dan signal normal 5G, update KAI Pay ora selalu melebihi 15 menit, kualitas sistem KAI Acces ala dibandingkan public service lannya, dan yang paling menyesatkan adalah sering terjadi tampilan sisa seat 1 yang dijual nanging ora bisa diambil merupakan informasi yang menyesatkan, dan indikasi permainan wong jero","Aplikasi sering pemeliharaan, aplikasi sering dak pacak diakses meskipun internet dan signal normal 5G, update KAI Pay dak selalu melebihi 15 menit, kualitas sistem KAI Acces buruk dibandingkan public service lannyo, dan yang paling menyesatkan adalah sering terjadi tampilan sisa seat 1 yang dijual tapi dak pacak diambil merupakan informasi yang menyesatkan, dan indikasi permainan wong dalem","Aplikasi sering pemeliharaan, aplikasi sering dak pacak diakses meskipun internet dan signal normal 5G, update KAI Pay dak selalu melebihi 15 menit, kualitas sistem KAI Acces buruk dibandingkan public service lannyo, dan yang paling menyesatkan adalah sering terjadi tampilan sisa seat 1 yang dijual tapi dak pacak diambil merupakan informasi yang menyesatkan, dan indikasi permainan wong dalam"
"aplikasi makin kesini makin buruk aja, mau pesen tiket malah sesi abis lah gajelas",,,negatif,,,"aplikasi makin kesini makin buruk aja, arep pesen tiket malah sesi entek yo gajelas","aplikasi makin kesini makin ala wae, arep pesen tiket malah sesi abis lah gajelas","aplikasi makin kesini makin buruk bae, nak pesen tiket malah sesi abis lah gajelas","aplikasi makin kesini makin buruk bae, nak pesen tiket malah sesi abis lah gajelas"
"Sekarang sulit sekali cari tiket via kai access padahal sinyal sudah full, mohon diperbaiki lagi sayang sekali kalo ada aplikasi order online tp tidak bisa digunakan",,,negatif,,,"Saiki sulit sekali cari tiket lewat kai access padahal sinyal wis full, nyuwun benerake maneh sayang sekali yen ana aplikasi order online tp ora bisa digunakan","Saiki sulit pisan cari tiket via kai access padahal sinyal wis full, mohon diperbaiki lagi sayang pisan yen ana aplikasi order online tp ora bisa digunakan","Sekarang sulit nian cari tiket via kai access padahal sinyal lah full, mohon diperbaiki lagi sayang nian men ado aplikasi order online tp dak pacak digunakan","Sekarang sulit nian cari tiket via kai access padahal sinyal lah full, mohon diperbaiki lagi sayang nian men ado aplikasi order online tp dak pacak digunakan"
"mau pesen tiket akun basic nya tiba"" ilang setelah cek nomer telfon (karena saat mesen no telp salah pas di cek di akun benar) ... mau bikin basic akun lagi biar bisa pesen gabisa (klik lanjutkan stuck disitu) mohon diperbaiki.. note: sebelumnya pesen tiket aman aja kali ini aja beda",,,,,negatif,"arep pesen tiket akun basic nya tiba"" ilang sawise cek nomer telfon (karena wektu mesen no telp salah pas ing cek ing akun benar) ... arep bikin basic akun maneh ben bisa pesen gabisa (klik lanjutkan stuck disitu) nyuwun benerake.. note: sebelumnya pesen tiket aman aja kali iki aja beda","arep pesen tiket akun basic nya tiba"" ilang setelah cek nomer telfon (karena saat mesen no telp salah pas di cek di akun bener) ... arep bikin basic akun lagi biar bisa pesen gabisa (klik lanjutkan stuck disitu) mohon diperbaiki.. note: sebelumnya pesen tiket aman wae kali ini wae beda","nak pesen tiket akun basic nyo tiba"" ilang setelah cek nomer telfon (karena saat mesen no telp salah pas di cek di akun bener) ... nak bikin basic akun lagi biar pacak pesen gabisa (klik lanjutkan stuck disitu) mohon diperbaiki.. note: sebelumnyo pesen tiket aman bae kali ini bae beda","nak pesen tiket akun basic nyo tiba"" ilang setelah cek nomer telfon (karena saat mesen no telp salah pas di cek di akun benar) ... nak bikin basic akun lagi biar pacak pesen gabisa (klik lanjutkan stuck disitu) mohon diperbaiki.. note: sebelumnyo pesen tiket aman bae kali ini bae beda"
"Maksudnya apa sih ini, mau cek jadwal kereta gak bisa, suruh pilih tujuan stasiunnya malah gak muncul pop upnya atau opsinya. gak jelas malah gak bisa ngecek jadwal keberangkatan kereta. udah bener versi sebelumnya simpel. malah dibikin bug. sampah",,,negatif,,,"Maksudnya apa sih iki, arep cek jadwal sepur ora bisa, suruh pilih tujuan stasiunnya malah ora muncul pop upnya utawa opsinya. ora cetha malah ora bisa ngecek jadwal keberangkatan sepur. wis bener versi sebelumnya simpel. malah dibikin bug. sampah","Maksudnya apa sih ini, arep cek jadwal kereta ora bisa, suruh pilih tujuan stasiunnya malah ora muncul pop upnya atau opsinya. ora jelas malah ora bisa ngecek jadwal keberangkatan kereta. wis bener versi sebelumnya simpel. malah dibikin bug. sampah","Maksudnyo apo sih ini, nak cek jadwal kereta dak pacak, suruh pilih tujuan stasiunnyo malah dak muncul pop upnyo atau opsinyo. dak jelas malah dak pacak ngecek jadwal keberangkatan kereta. lah bener versi sebelumnyo simpel. malah dibikin bug. sampah","Maksudnyo apo sih ini, nak cek jadwal kereta dak pacak, suruh pilih tujuan stasiunnyo malah dak muncul pop upnyo atau opsinyo. dak jelas malah dak pacak ngecek jadwal keberangkatan kereta. lah bener versi sebelumnyo simpel. malah dibikin bug. sampah"
Kecewa bgt makin ksni bikin kesel harus ada waktu tunggunya gk kyk dlu pas war tiket enak,,,negatif,,,Kecewa bgt makin ksni bikin kesel kudu ana wektu tunggunya ora kyk dlu pas war tiket enak,Kecewa banget makin ksni bikin kesel harus ana waktu tunggunya gk kyk dlu pas war tiket enak,Kecewa nian makin ksni bikin kesel harus ado waktu tunggunyo gk kyk dlu pas war tiket enak,Kecewa bgt makin ksni bikin kesel harus ado waktu tunggunyo gk kyk dlu pas war tiket enak
"Lemot banget. Sengala ngantri tp waktunya gak jelas. Bukan hitung mundur, malah tau2 nambah lagi. Gak guna.",,,negatif,,,"Lemot banget. Sengala ngantri tp wektune ora cetha. Bukan hitung mundur, malah tau2 nambah maneh. Ora guna.","Lemot banget. Sengala ngantri tp waktunya ora jelas. Dudu hitung mundur, malah tau2 nambah lagi. Ora guna.","Lemot nian. Sengala ngantri tp waktunyo dak jelas. Bukan hitung mundur, malah tau2 nambah lagi. Dak guna.","Lemot nian. Sengala ngantri tp waktunyo dak jelas. Bukan hitung mundur, malah tau2 nambah lagi. dak guna."
"aplikasi access KAI, makin kesini makin mengecewakan, tidak membantu/memudahkan pengguna nya. sulit sekali untuk melakukan payment tiket yg sudah d booking. mohon untuk d perbaiki. TERIMAKASIH",,,,negatif,,"aplikasi access KAI, makin kesini makin mengecewakan, ora mbantu/nggampangake pengguna nya. sulit sekali kanggo melakukan payment tiket yg wis d pesen. nyuwun kanggo d benerake. TERIMAKASIH","aplikasi access KAI, makin kesini makin mengecewakan, ora membantu/memudahkan pengguna nya. sulit pisan untuk melakukan payment tiket yg wis d booking. mohon untuk d perbaiki. TERIMAKASIH","aplikasi access KAI, makin kesini makin mengecewakan, dak membantu/memudahkan pengguna nyo. sulit nian untuk melakukan payment tiket yg lah d booking. mohon untuk d perbaiki. TERIMAKASIH","aplikasi access KAI, makin kesini makin mengecewakan, dak membantu/memudahkan pengguna nyo. sulit nian untuk melakukan payment tiket yg lah d booking. mohon untuk d perbaiki. TERIMAKASIH"
"Tolong ya KAI, web developmentnya dievaluasi dan diperbaiki lagi. Capek bgt aplk error sampe ketinggalan KERETA!! Cuma krn loading lama bgt. Manding pake aplk pihak ke-3 drpd punya KAI'nya langsung. Nunggu loading doang udh tiket hangus,kejar-kejaran waktu, dan pake aplk lain disana harga lebih murah. Pdhl aku udh bayar lebih mahal drpd pake aplk pihak ke-3.",,,negatif,,,"Tulung ya KAI, web developmentnya dievaluasi lan benerake maneh. Sayah bgt aplk error nganti ketinggalan SEPUR!! Mung krn muter suwe bgt. Manding nganggo aplk pihak menyang-3 drpd punya KAI'nya langsung. Nunggu muter doang wis tiket hangus,kejar-kejaran wektu, lan nganggo aplk lain disana harga luwih murah. Pdhl aku wis bayar luwih mahal drpd nganggo aplk pihak menyang-3.","Tolong ya KAI, web developmentnya dievaluasi dan diperbaiki lagi. Capek banget aplk rusak sampe ketinggalan KERETA!! Mung krn loading lama banget. Manding pake aplk pihak ke-3 drpd punya KAI'nya langsung. Nunggu loading doang wis tiket hangus,kejar-kejaran waktu, dan pake aplk lain disana rega lebih murah. Pdhl aku wis bayar lebih mahal drpd pake aplk pihak ke-3.","Tolong ya KAI, web developmentnyo dievaluasi dan diperbaiki lagi. Capek nian aplk error sampe ketinggalan KERETA!! Cuman krn loading lama nian. Manding pake aplk pihak ke-3 drpd punyo KAI'nyo langsung. Nunggu loading doang lah tiket hangus,kejar-kejaran waktu, dan pake aplk lain disana hargo lebih murah. Pdhl aku lah bayar lebih mahal drpd pake aplk pihak ke-3.","Tolong ya KAI, web developmentnyo dievaluasi dan diperbaiki lagi. Capek bgt aplk error sampe ketinggalan KERETA!! cuman krn loading lama bgt. Manding pake aplk pihak ke-3 drpd punyo KAI'nyo langsung. Nunggu loading doang lah tiket hangus,kejar-kejaran waktu, dan pake aplk lain disana hargo lebih murah. Pdhl aku lah bayar lebih mahal drpd pake aplk pihak ke-3."
Ini kenapa ya gaada pilihan stasiun untuk kereta lokal? Mau pesan tiket jadi gabisa terus,,,negatif,,,Iki kena apa ya gaada pilihan stasiun kanggo sepur lokal? Arep pesen tiket dadi gabisa terus,Ini kena apa ya gaada pilihan stasiun untuk kereta lokal? Arep pesen tiket jadi gabisa terus,Ini ngapo ya gaada pilihan stasiun untuk kereta lokal? Nak pesan tiket jadi gabisa terus,Ini ngapo ya gaada pilihan stasiun untuk kereta lokal? nak pesan tiket jadi gabisa terus
"Di bela²in melek sampe jam 12 malam buat beli tiket, jam 00.00 login tiketnya masih belum kebuka, di refresh berkali² kira² stengah jam, masih belum kebuka, data seluler ke wifi, wifi ke data selular, saya relogin juga, giliran tiket nya sudah buka, eh...gak tau nya sudah habis...",,,negatif,,,"Ing bela²in melek nganti jam 12 wengi kanggo tumbas tiket, jam 00.00 login tiketnya isih durung kebuka, ing refresh berkali² kira² stengah jam, isih durung kebuka, data seluler menyang wifi, wifi menyang data selular, aku relogin uga, giliran tiket nya wis buka, eh...ora ngerti nya wis habis...","Di bela²in melek sampe jam 12 malam buat beli tiket, jam 00.00 login tiketnya masih belum kebuka, di refresh berkali² kira² stengah jam, masih belum kebuka, data seluler ke wifi, wifi ke data selular, aku relogin uga, giliran tiket nya wis buka, eh...ora tau nya wis habis...","Di bela²in melek sampe jam 12 malam buat beli tiket, jam 00.00 login tiketnyo masih belum kebuka, di refresh berkali² kira² stengah jam, masih belum kebuka, data seluler ke wifi, wifi ke data selular, aku relogin jugo, giliran tiket nyo lah buka, eh...dak tau nyo lah habis...","Di bela²in melek sampe jam 12 malam buat beli tiket, jam 00.00 login tiketnyo masih belum kebuka, di refresh berkali² kira² stengah jam, masih belum kebuka, data seluler ke wifi, wifi ke data selular, aku relogin jugo, giliran tiket nyo lah buka, eh...dak tau nyo lah habis..."
"Tolong di perbaiki lah, mau pesan tiket tidak bisa. Suruh melengkapi data diri, tapi data diri tidak bisa di lengkapi",,,negatif,,,"Tulung ing benerake yo, arep pesen tiket ora bisa. Suruh melengkapi data diri, nanging data diri ora bisa ing lengkapi","Tolong di perbaiki lah, arep pesen tiket ora bisa. Suruh melengkapi data diri, nanging data diri ora bisa di lengkapi","Tolong di perbaiki lah, nak pesan tiket dak pacak. Suruh melengkapi data diri, tapi data diri dak pacak di lengkapi","Tolong di perbaiki lah, nak pesan tiket dak pacak. Suruh melengkapi data diri, tapi data diri dak pacak di lengkapi"
"Aplikasi suka eror pemesanan tiket jadwal tidak muncul, padahal setiap hari ada terus jadwal kereta",,,negatif,,,"Aplikasi suka rusak pesenan tiket jadwal ora muncul, padahal saben dina ana terus jadwal sepur","Aplikasi suka eror pemesanan tiket jadwal ora muncul, padahal setiap hari ana terus jadwal kereta","Aplikasi suka eror pemesanan tiket jadwal dak muncul, padahal setiap hari ado terus jadwal kereta","Aplikasi suka eror pemesanan tiket jadwal dak muncul, padahal setiap hari ado terus jadwal kereta"
"Mau pesen tiket lebaran aja susahnya minta ampun, ditiket tertulis masih tersedia giliran udh masukin semua data2 lengkap ujung2'ny tidak tersedia kursi. Terus kemana perginy itu tiket kereta api (apakah kecalo semua min)..",,,negatif,,,"Arep pesen tiket lebaran aja susahnya minta ampun, ditiket tertulis isih tersedia giliran wis masukin semua data2 lengkap ujung2'ny ora tersedia kursi. Terus kemana perginy kuwi tiket sepur api (apakah kecalo semua min)..","Arep pesen tiket lebaran wae susahnya minta ampun, ditiket tertulis masih tersedia giliran wis masukin kabeh data2 lengkap ujung2'ny ora tersedia kursi. Terus kemana perginy itu tiket kereta api (apakah kecalo kabeh min)..","Nak pesen tiket lebaran bae susahnyo minta ampun, ditiket tertulis masih tersedia giliran lah masukin galo data2 lengkap ujung2'ny dak tersedia kursi. Terus kemana perginy itu tiket kereta api (apakah kecalo galo min)..","nak pesen tiket lebaran bae susahnyo minta ampun, ditiket tertulis masih tersedia giliran lah masukin semua data2 lengkap ujung2'ny dak tersedia kursi. Terus kemana perginy itu tiket kereta api (apakah kecalo semua min).."
"Aplikasi apaan,, beli tiket jam 00.00 udh ngantri stengah jam,, udah ngisi data giliran klik not avatle mksudnya gmn? Niat jual tiket gk woyyy",,,negatif,,,"Aplikasi apaan,, tumbas tiket jam 00.00 wis ngantri stengah jam,, wis ngisi data giliran klik not avatle mksudnya gmn? Niat jual tiket ora woyyy","Aplikasi apaan,, beli tiket jam 00.00 wis ngantri stengah jam,, wis ngisi data giliran klik not avatle mksudnya gmn? Niat jual tiket gk woyyy","Aplikasi apaan,, beli tiket jam 00.00 lah ngantri stengah jam,, lah ngisi data giliran klik not avatle mksudnyo gmn? Niat jual tiket gk woyyy","Aplikasi apaan,, beli tiket jam 00.00 lah ngantri stengah jam,, lah ngisi data giliran klik not avatle mksudnyo gmn? Niat jual tiket gk woyyy"
Ceritanya nge war tiket kereta..😓kebanyalan loading. Malah cepetan pake aplikasi pihak ketiga.. KAI diperbaiki lagi donk aplikasinya,,,negatif,,,Ceritanya nge war tiket sepur..😓kebanyalan muter. Malah cepetan nganggo aplikasi pihak ketiga.. KAI benerake maneh donk aplikasinya,Ceritanya nge war tiket kereta..😓kebanyalan loading. Malah cepetan pake aplikasi pihak ketiga.. KAI diperbaiki lagi donk aplikasinya,Ceritanyo nge war tiket kereta..😓kebanyalan loading. Malah cepetan pake aplikasi pihak ketiga.. KAI diperbaiki lagi donk aplikasinyo,Ceritanyo nge war tiket kereta..😓kebanyalan loading. Malah cepetan pake aplikasi pihak ketiga.. KAI diperbaiki lagi donk aplikasinyo
"Skrg ada sistem antrian, menurut saya malah kurang user friendly. Apa guna ada antrian kalo setelah lewati antrian ternyata malah ga bisa transaksi. Tolong dong kembalikan ke versi sebelumnya tanpa fitur atrian...",,,negatif,,,"Skrg ana sistem antrean, menurut aku malah kurang user friendly. Apa guna ana antrean yen sawise lewati antrean kebeneran malah ora bisa transaksi. Tulung dong kembalikan menyang versi sebelumnya tanpa fitur atrian...","Skrg ana sistem antrian, menurut aku malah kurang user friendly. Apa guna ana antrian yen setelah lewati antrian ternyata malah ora bisa transaksi. Tolong dong kembalikan ke versi sebelumnya tanpa fitur atrian...","Skrg ado sistem antrian, menurut aku malah kurang user friendly. Apo guna ado antrian men setelah lewati antrian ternyata malah dak pacak transaksi. Tolong dong kembalikan ke versi sebelumnyo tanpa fitur atrian...","Skrg ado sistem antrian, menurut aku malah kurang user friendly. apo guna ado antrian men setelah lewati antrian ternyata malah ga pacak transaksi. Tolong dong kembalikan ke versi sebelumnyo tanpa fitur atrian..."
Update malah semakin buruk. Pake menit antrian segala. Gak jelas bgt malah semakin lama. Kita butuh yg aplikasi yg cepat. Bukan malah ada antrian juga kayak gini. Segera di perbaiki lagi deh.,,,negatif,,,Nganyari malah sansaya buruk. Nganggo menit antrean segala. Ora cetha bgt malah sansaya suwe. Kowe butuh yg aplikasi yg cepet. Bukan malah ana antrean uga kayak gini. Cepet ing benerake maneh deh.,Update malah semakin ala. Pake menit antrian segala. Ora jelas banget malah semakin lama. Kabeh butuh yg aplikasi yg cepet. Dudu malah ana antrian uga kayak gini. Segera di perbaiki lagi deh.,Update malah semakin buruk. Pake menit antrian segala. Dak jelas nian malah semakin lama. Kito butuh yg aplikasi yg cepet. Bukan malah ado antrian jugo kayak gini. Segera di perbaiki lagi deh.,Update malah semakin buruk. Pake menit antrian segala. dak jelas bgt malah semakin lama. kito butuh yg aplikasi yg cepet. Bukan malah ado antrian jugo kayak gini. Segera di perbaiki lagi deh.
"saya mau menanyakannya kenapa tiket yg muncul harganya mahal2 padahal saya udh nungguin di jam 12 malem supaya dapet tiket yg murah, tiket yg murah selalu gak bisa di beli(habis)",,,negatif,,,"aku arep menanyakannya kena apa tiket yg muncul harganya mahal2 padahal aku wis nungguin ing jam 12 malem supaya dapet tiket yg murah, tiket yg murah selalu ora bisa ing tumbas(habis)","aku arep menanyakannya kena apa tiket yg muncul harganya mahal2 padahal aku wis nungguin di jam 12 malem supaya dapet tiket yg murah, tiket yg murah selalu ora bisa di beli(habis)","aku nak menanyakannyo ngapo tiket yg muncul harganyo mahal2 padahal aku lah nungguin di jam 12 malem supaya dapet tiket yg murah, tiket yg murah selalu dak pacak di beli(habis)","aku nak menanyakannyo ngapo tiket yg muncul harganyo mahal2 padahal aku lah nungguin di jam 12 malem supaya dapet tiket yg murah, tiket yg murah selalu dak pacak di beli(habis)"
"Aplikasi ini sebelum nya bagus dan gampang gada BUG kaya yang sekarang, susah pemesanan tiket dengan jumlah lebih dari 1 orang, yang kaya gini nih kalo dipegang ama orang yang cuman ngandelin design tapi fungsi nya kaga, bug dimana mana QR kaga muncul, udah milih penumpang pas di next notif bacaan succes tapi kaga ke metode pembayaran, emang bapuk... perbaikin lagi deh aplikasi nya, jangan cuman ngandelin design tapi fungsi nya banyak problem",,positif,negatif,,,"Aplikasi iki sebelum nya apik lan gampang gada BUG kaya sing saiki, susah pesenan tiket karo jumlah luwih dari 1 orang, sing kaya gini nih yen dipegang ama orang sing cuman ngandelin design nanging fungsi nya kaga, bug dimana endi QR kaga muncul, wis milih penumpang pas ing next notif bacaan succes nanging kaga menyang cara pembayaran, emang bapuk... perbaikin maneh deh aplikasi nya, aja cuman ngandelin design nanging fungsi nya akeh problem","Aplikasi ini sebelum nya apik dan gampang gada BUG kaya yang saiki, susah pemesanan tiket karo jumlah lebih dari 1 wong, yang kaya gini nih yen dipegang ama wong yang cuman ngandelin design nanging fungsi nya kaga, bug dimana mana QR kaga muncul, wis milih penumpang pas di next notif bacaan succes nanging kaga ke metode pembayaran, emang bapuk... perbaikin lagi deh aplikasi nya, jangan cuman ngandelin design nanging fungsi nya banyak problem","Aplikasi ini sebelum nyo bagus dan gampang gada BUG kaya yang sekarang, susah pemesanan tiket pake jumlah lebih dari 1 wong, yang kaya gini nih men dipegang ama wong yang cuman ngandelin design tapi fungsi nyo kaga, bug dimana mana QR kaga muncul, lah milih penumpang pas di next notif bacaan succes tapi kaga ke metode pembayaran, emang bapuk... perbaikin lagi deh aplikasi nyo, jangan cuman ngandelin design tapi fungsi nyo banyak problem","Aplikasi ini sebelum nyo bagus dan gampang gada BUG kaya yang sekarang, susah pemesanan tiket dengan jumlah lebih dari 1 wong, yang kaya gini nih men dipegang ama wong yang cuman ngandelin design tapi fungsi nyo kaga, bug dimana mana QR kaga muncul, lah milih penumpang pas di next notif bacaan succes tapi kaga ke metode pembayaran, emang bapuk... perbaikin lagi deh aplikasi nyo, jangan cuman ngandelin design tapi fungsi nyo banyak problem"
"Ribet ya KAI, mau tukar jadwal tiket ortu gak bisa karena yg punya akun KAI ACCES atas nama sy, sedangkan tiket atas nama ortu, masa ortu sy yg sudah tua harus ke stasiun dulu!!?? Gmn sih kalian, klo boking aja bisa, sekalinya tukar jadwal super ribet, masih aja bikin kebijakan yg menyulitkan konsumen, padahal kita bayar gaji anda toh",,,negatif,,,"Ribet ya KAI, arep tukar jadwal tiket ortu ora bisa karena yg punya akun KAI ACCES atas nama sy, sedangkan tiket atas nama ortu, mangsa ortu sy yg wis tua kudu menyang stasiun dulu!!?? Gmn sih kalian, yen boking aja bisa, sekalinya tukar jadwal super ribet, isih aja bikin kebijakan yg menyulitkan konsumen, padahal kowe bayar gaji anda toh","Ribet ya KAI, arep tukar jadwal tiket ortu ora bisa karena yg punya akun KAI ACCES atas nama sy, sedangkan tiket atas nama ortu, masa ortu sy yg wis tua harus ke stasiun dulu!!?? Gmn sih kalian, klo boking wae bisa, sekalinya tukar jadwal super ribet, masih wae bikin kebijakan yg menyulitkan konsumen, padahal kabeh bayar gaji anda toh","Ribet ya KAI, nak tukar jadwal tiket ortu dak pacak karena yg punyo akun KAI ACCES atas nama sy, sedangkan tiket atas nama ortu, masa ortu sy yg lah tua harus ke stasiun dulu!!?? Gmn sih kalian, klo boking bae pacak, sekalinyo tukar jadwal super ribet, masih bae bikin kebijakan yg menyulitkan konsumen, padahal kito bayar gaji anda toh","Ribet ya KAI, nak tukar jadwal tiket ortu dak pacak karena yg punyo akun KAI ACCES atas nama sy, sedangkan tiket atas nama ortu, masa ortu sy yg lah tua harus ke stasiun dulu!!?? Gmn sih kalian, klo boking bae pacak, sekalinyo tukar jadwal super ribet, masih bae bikin kebijakan yg menyulitkan konsumen, padahal kito bayar gaji anda toh"
"sumpah nih apk makin lama makin gajelas, dikit² trouble, dikit² eror, mau pesen tiket jadi gbisa ujung² nya kehabisan tiket. ayo dong dibenahi lagi biar kualitas nya oke, kalo kek gini kan pengguna jadi males banget buat make apk nya, mana kalo pesen tiket dadakan di stasiun juga suka gada gara² udah ludes penjualan lewat apk",,,negatif,,,"sumpah nih apk makin suwe makin gajelas, dikit² trouble, dikit² rusak, arep pesen tiket dadi gbisa ujung² nya kehabisan tiket. ayo dong benerake maneh ben kualitas nya wis apik, yen kek gini kan pengguna dadi males banget kanggo make apk nya, endi yen pesen tiket dadakan ing stasiun uga suka gada gara² wis ludes penjualan lewat apk","sumpah nih apk makin lama makin gajelas, dikit² trouble, dikit² eror, arep pesen tiket jadi gbisa ujung² nya kehabisan tiket. ayo dong dibenahi lagi biar kualitas nya oke, yen kek gini kan pengguna jadi males banget buat make apk nya, mana yen pesen tiket dadakan di stasiun uga suka gada gara² wis ludes penjualan lewat apk","sumpah nih apk makin lama makin gajelas, dikit² trouble, dikit² eror, nak pesen tiket jadi gbisa ujung² nyo kehabisan tiket. ayo dong dibenahi lagi biar kualitas nyo oke, men kek gini kan pengguna jadi males nian buat make apk nyo, mana men pesen tiket dadakan di stasiun jugo suka gada gara² lah ludes penjualan lewat apk","sumpah nih apk makin lama makin gajelas, dikit² trouble, dikit² eror, nak pesen tiket jadi gbisa ujung² nyo kehabisan tiket. ayo dong dibenahi lagi biar kualitas nyo oke, men kek gini kan pengguna jadi males nian buat make apk nyo, mana men pesen tiket dadakan di stasiun jugo suka gada gara² lah ludes penjualan lewat apk"
"diarahkan beli tiket online, tapi aplikasi eror terus hahaha. nice",negatif,,,,,"diarahkan tumbas tiket online, nanging aplikasi rusak terus hahaha. nice","diarahkan beli tiket online, nanging aplikasi eror terus hahaha. nice","diarahkan beli tiket online, tapi aplikasi eror terus hahaha. nice","diarahkan beli tiket online, tapi aplikasi eror terus hahaha. nice"
Ini gimana mau pesan tiket susah bgt... OTP masuknya lama.. Mana ketika di masukkan error mulu. Apa gunanya nihh aplikasi.. Bli tiket d tempatpun ga bisa. Tlong di perbaiki lagi nih aplikasi. Harusnya mempermudah malah bikin sulit. Sekian.,,,negatif,,negatif,Iki gimana arep pesen tiket susah bgt... OTP mlebune suwe.. Endi ketika ing masukkan error terus. Apa gunanya nihh aplikasi.. Bli tiket d tempatpun ora bisa. Tlong ing benerake maneh nih aplikasi. Harusnya mempermudah malah bikin sulit. Sekian.,Ini kepriye arep pesen tiket susah banget... OTP masuknya lama.. Mana ketika di masukkan rusak mulu. Apa gunanya nihh aplikasi.. Bli tiket d tempatpun ora bisa. Tlong di perbaiki lagi nih aplikasi. Harusnya mempermudah malah bikin sulit. Sekian.,Ini cakmno nak pesan tiket susah nian... OTP masuknyo lama.. Mana ketika di masukkan error mulu. Apo gunanyo nihh aplikasi.. Bli tiket d tempatpun dak pacak. Tlong di perbaiki lagi nih aplikasi. Harusnyo mempermudah malah bikin sulit. Sekian.,Ini cakmno nak pesan tiket susah bgt... OTP masuknyo lama.. Mana ketika di masukkan error mulu. apo gunanyo nihh aplikasi.. Bli tiket d tempatpun ga pacak. Tlong di perbaiki lagi nih aplikasi. Harusnyo mempermudah malah bikin sulit. Sekian.
"Parah aplikasi nya tidak membantu sama sekali mau pesan tiket harus update ke basic dan isi data, udh diisi lengkap pas klik daftar nge lag terus, kalau kai gak siap meluncurkan aplikasi mendingan gak usah bukan membantu malah menyusahkan, sekelas perusahaan BUMN loh, membuat aplikasi tidak siap",,,,,negatif,"Parah aplikasi nya ora mbantu padha sekali arep pesen tiket kudu nganyari menyang basic lan isi data, wis diisi lengkap pas klik daftar nge lag terus, kalau kai ora siap meluncurkan aplikasi mendingan ora perlu bukan mbantu malah menyusahkan, sekelas perusahaan BUMN loh, membuat aplikasi ora siap","Parah aplikasi nya ora membantu karo pisan arep pesen tiket harus update ke basic dan isi data, wis diisi lengkap pas klik daftar nge lag terus, yen kai ora siap meluncurkan aplikasi mendingan ora usah dudu membantu malah menyusahkan, sekelas perusahaan BUMN loh, membuat aplikasi ora siap","Parah aplikasi nyo dak membantu samo nian nak pesan tiket harus update ke basic dan isi data, lah diisi lengkap pas klik daftar nge lag terus, men kai dak siap meluncurkan aplikasi mendingan dak usah bukan membantu malah menyusahkan, sekelas perusahaan BUMN loh, membuat aplikasi dak siap","Parah aplikasi nyo dak membantu samo nian nak pesan tiket harus update ke basic dan isi data, lah diisi lengkap pas klik daftar nge lag terus, men kai dak siap meluncurkan aplikasi mendingan dak usah bukan membantu malah menyusahkan, sekelas perusahaan BUMN loh, membuat aplikasi dak siap"
"Hallo kak,mohon maaf nih kenapa yah saya sudah beberapa kali melakukan pembayaran pembelian tiket dan saldo sudah terambil,tetapi pembayarannya belum lunas terus,pedahal saldonya sudah berkurang dan ketika waktunya abis tiketnya hilang dan saldonya tidak bisa kembali,mohon tindaknya yah dari pihak access,kalo gini soalnya rugii dong",,,,negatif,,"Hallo kak,nyuwun maaf nih kena apa ya aku wis beberapa kali melakukan pembayaran tumbas tiket lan saldo wis terambil,tetapi pembayarane durung lunas terus,pedahal saldone wis murah lan ketika wektune entek tiketnya hilang lan saldone ora bisa bali,nyuwun tindaknya ya dari pihak access,yen gini soalnya rugii dong","Hallo kak,mohon maaf nih kena apa yah aku wis beberapa kali melakukan pembayaran pembelian tiket dan saldo wis terambil,tetapi pembayarannya belum lunas terus,pedahal saldonya wis berkurang dan ketika waktunya abis tiketnya hilang dan saldonya ora bisa kembali,mohon tindaknya yah dari pihak access,yen gini soalnya rugii dong","Hallo kak,mohon maaf nih ngapo yah aku lah beberapa kali melakukan pembayaran pembelian tiket dan saldo lah terambil,tetapi pembayarannyo belum lunas terus,pedahal saldonyo lah berkurang dan ketika waktunyo abis tiketnyo hilang dan saldonyo dak pacak kembali,mohon tindaknyo yah dari pihak access,men gini soalnyo rugii dong","Hallo kak,mohon maaf nih ngapo yah aku lah beberapa kali melakukan pembayaran pembelian tiket dan saldo lah terambil,tetapi pembayarannyo belum lunas terus,pedahal saldonyo lah berkurang dan ketika waktunyo abis tiketnyo hilang dan saldonyo dak pacak kembali,mohon tindaknyo yah dari pihak access,men gini soalnyo rugii dong"
"War tiket lebran 2025 ini bner2 KAI g bsa diandelin.begadang mulu tapi g dpet tiket juga.tlong dong kayak tahun2 sebelumnya,walau begadang tapi masih bisa di acces.bner2 kecewa bgt",,,negatif,,,"War tiket lebran 2025 iki bner2 KAI g bsa diandelin.begadang terus nanging g dpet tiket uga.tlong dong kayak tahun2 sebelumnya,walau begadang nanging isih bisa ing acces.bner2 kecewa bgt","War tiket lebran 2025 ini bner2 KAI g bsa diandelin.begadang mulu nanging g dpet tiket uga.tlong dong kayak tahun2 sebelumnya,walau begadang nanging masih bisa di acces.bner2 kecewa banget","War tiket lebran 2025 ini bner2 KAI g bsa diandelin.begadang mulu tapi g dpet tiket jugo.tlong dong kayak tahun2 sebelumnyo,walau begadang tapi masih pacak di acces.bner2 kecewa nian","War tiket lebran 2025 ini bner2 KAI g bsa diandelin.begadang mulu tapi g dpet tiket jugo.tlong dong kayak tahun2 sebelumnyo,walau begadang tapi masih pacak di acces.bner2 kecewa bgt"
"ini pasti ada oknum yg curang, tiket habis terus,, secara logika saja saya pantengin terus aplikasinya sampe war tiket selalu tunggu antrian, dalam waktu 30 menit, tiket semua habis terjual. aneh.. tingkat keamanan kurang bagus. ada joki di balik semua ini.",,,negatif,,,"iki pasti ana oknum yg curang, tiket habis terus,, secara logika saja aku pantengin terus aplikasinya nganti war tiket selalu tunggu antrean, jero wektu 30 menit, tiket semua habis terjual. aneh.. tingkat keamanan kurang apik. ana joki ing balik semua iki.","ini pasti ana oknum yg curang, tiket habis terus,, secara logika wae aku pantengin terus aplikasinya sampe war tiket selalu tunggu antrian, jero waktu 30 menit, tiket kabeh habis terjual. aneh.. tingkat keamanan kurang apik. ana joki di balik kabeh ini.","ini pasti ado oknum yg curang, tiket habis terus,, secara logika bae aku pantengin terus aplikasinyo sampe war tiket selalu tunggu antrian, dalem waktu 30 menit, tiket galo habis terjual. aneh.. tingkat keamanan kurang bagus. ado joki di balik galo ini.","ini pasti ado oknum yg curang, tiket habis terus,, secara logika bae aku pantengin terus aplikasinyo sampe war tiket selalu tunggu antrian, dalam waktu 30 menit, tiket semua habis terjual. aneh.. tingkat keamanan kurang bagus. ado joki di balik semua ini."
"Ya ampun 3 hari bela-belain melek sampe subuh demi tiket mudik, dr mulai tengah malam sampe subuh tuh tiket ngga dapet2 ya.. bener bener aneh..masa gagal terus padahal tiket masih banyak sampe saya ulang-ulang, sampe pegel pegang hp mantengin aplikasi ini bolak balik juga di apps tokped..tp satupun kaga ada yg bisa di pesan tiketnya.. Eh pagi2 udah jam 6 an, kok tau2 udah habis sama seperti hr sebelumnya..gile keselnya, app apaan ini menyulitkan pengguna bukannya memudahkan.",,,negatif,,,"Ya ampun 3 dina bela-belain melek nganti subuh demi tiket mudik, dr mulai tengah wengi nganti subuh tuh tiket ora dapet2 ya.. bener bener aneh..mangsa gagal terus padahal tiket isih akeh nganti aku ulang-ulang, nganti pegel pegang hp mantengin aplikasi iki bolak balik uga ing apps tokped..tp satupun kaga ana yg bisa ing pesen tiketnya.. Eh pagi2 wis jam 6 an, kok tau2 wis habis padha seperti hr sebelumnya..gile keselnya, app apaan iki menyulitkan pengguna nanging nggampangake.","Ya ampun 3 hari bela-belain melek sampe subuh demi tiket mudik, dr mulai tengah malam sampe subuh tuh tiket ora dapet2 ya.. bener bener aneh..masa gagal terus padahal tiket masih banyak sampe aku ulang-ulang, sampe pegel pegang hp mantengin aplikasi ini bolak balik uga di apps tokped..tp satupun kaga ana yg bisa di pesen tiketnya.. Eh pagi2 wis jam 6 an, kok tau2 wis habis karo kaya hr sebelumnya..gile keselnya, app apaan ini menyulitkan pengguna bukannya memudahkan.","Ya ampun 3 hari bela-belain melek sampe subuh demi tiket mudik, dr mulai tengah malam sampe subuh tuh tiket dak dapet2 ya.. bener bener aneh..masa gagal terus padahal tiket masih banyak sampe aku ulang-ulang, sampe pegel pegang hp mantengin aplikasi ini bolak balik jugo di apps tokped..tp satupun kaga ado yg pacak di pesan tiketnyo.. Eh pagi2 lah jam 6 an, kok tau2 lah habis samo cak hr sebelumnyo..gile keselnyo, app apaan ini menyulitkan pengguna bukannyo memudahkan.","Ya ampun 3 hari bela-belain melek sampe subuh demi tiket mudik, dr mulai tengah malam sampe subuh tuh tiket dak dapet2 ya.. bener bener aneh..masa gagal terus padahal tiket masih banyak sampe aku ulang-ulang, sampe pegel pegang hp mantengin aplikasi ini bolak balik jugo di apps tokped..tp satupun kaga ado yg pacak di pesan tiketnyo.. Eh pagi2 lah jam 6 an, kok tau2 lah habis samo cak hr sebelumnyo..gile keselnyo, app apaan ini menyulitkan pengguna bukannyo memudahkan."
Kenapa saya tidak bisa memilih kursi? Padahal keterangannya masih tersedia???????????,,,negatif,,,Kena apa aku ora bisa memilih kursi? Padahal keterangannya isih tersedia???????????,Kena apa aku ora bisa memilih kursi? Padahal keterangannya masih tersedia???????????,Ngapo aku dak pacak memilih kursi? Padahal keterangannyo masih tersedia???????????,ngapo aku dak pacak memilih kursi? Padahal keterangannyo masih tersedia???????????
Kai nih kenapa sekarang sering tiketnya goib ya. Baru beberapa menit dari jam 00.00 udah kagak bisa dibeli aja. Terus pas tinggal bayar malah loading terus padahal jaringan bagus gak ada masalah. Update doang tapi gak ada yang diselesaikan bugnya,,,negatif,negatif,,Kai nih kena apa saiki sering tiketnya goib ya. Anyar beberapa menit dari jam 00.00 wis kagak bisa dibeli aja. Terus pas tinggal bayar malah muter terus padahal jaringan apik ora ana masalah. Nganyari doang nanging ora ana sing diselesaikan bugnya,Kai nih kena apa saiki sering tiketnya goib ya. Baru beberapa menit dari jam 00.00 wis kagak bisa dibeli wae. Terus pas tinggal bayar malah loading terus padahal jaringan apik ora ana masalah. Update doang nanging ora ana yang diselesaikan bugnya,Kai nih ngapo sekarang sering tiketnyo goib ya. Baru beberapa menit dari jam 00.00 lah kagak pacak dibeli bae. Terus pas tinggal bayar malah loading terus padahal jaringan bagus dak ado masalah. Update doang tapi dak ado yang diselesaikan bugnyo,Kai nih ngapo sekarang sering tiketnyo goib ya. Baru beberapa menit dari jam 00.00 lah kagak pacak dibeli bae. Terus pas tinggal bayar malah loading terus padahal jaringan bagus dak ado masalah. Update doang tapi dak ado yang diselesaikan bugnyo
lemottt ada masa antriann bikin gangguuu dan ga bisa liatt jadwal kereta di tanggal berikut nya,,,negatif,,,lemottt ana mangsa antriann bikin gangguuu lan ora bisa liatt jadwal sepur ing tanggal berikut nya,lemottt ana masa antriann bikin gangguuu dan ora bisa liatt jadwal kereta di tanggal berikut nya,lemottt ado masa antriann bikin gangguuu dan dak pacak liatt jadwal kereta di tanggal berikut nyo,lemottt ado masa antriann bikin gangguuu dan ga pacak liatt jadwal kereta di tanggal berikut nyo
"Sudah lama pake aplikasi ini, kenapa skr mau booking aja susah kali. Time out terus. Cepat di perbaikin.",,,negatif,,,"Wis suwe nganggo aplikasi iki, kena apa skr arep pesen aja susah kali. Time out terus. Cepet ing perbaikin.","Wis lama pake aplikasi ini, kena apa skr arep booking wae susah kali. Time out terus. Cepet di perbaikin.","Lah lama pake aplikasi ini, ngapo skr nak booking bae susah kali. Time out terus. Cepet di perbaikin.","lah lama pake aplikasi ini, ngapo skr nak booking bae susah kali. Time out terus. cepet di perbaikin."
"sanggat di sayangakan untuk aplikasi yg notabene dari BUMN tapi khusus penjualan tiket lebaran sanggat susah di beli,kurang adil untuk penguna,estimasi waktu tunggu antrian yg ga tepat waktu,setelah masuk jga,sering timeout,sibuk,dan banyak lagi. mohon untuk aplikasi ini yg memeng punya BUMN(Negara RI) bisa di perbaiki,jadi untuk penguna yg mau beli tiket khususny untuk lebaran Idhul Fitri bisa di akses dengan mudah dan cepat.",,,negatif,,,"sanggat ing sayangakan kanggo aplikasi yg notabene dari BUMN nanging khusus penjualan tiket lebaran sanggat susah ing tumbas,kurang adil kanggo penguna,estimasi wektu tunggu antrean yg ora tepat wektu,sawise mlebu uga,sering timeout,sibuk,lan akeh maneh. nyuwun kanggo aplikasi iki yg memeng punya BUMN(Negara RI) bisa ing benerake,dadi kanggo penguna yg arep tumbas tiket khususny kanggo lebaran Idhul Fitri bisa ing akses karo gampang lan cepet.","sanggat di sayangakan untuk aplikasi yg notabene dari BUMN nanging khusus penjualan tiket lebaran sanggat susah di beli,kurang adil untuk penguna,estimasi waktu tunggu antrian yg ora tepat waktu,setelah masuk jga,sering timeout,sibuk,dan banyak lagi. mohon untuk aplikasi ini yg memeng punya BUMN(Negara RI) bisa di perbaiki,jadi untuk penguna yg arep beli tiket khususny untuk lebaran Idhul Fitri bisa di akses karo gampang dan cepet.","sanggat di sayangakan untuk aplikasi yg notabene dari BUMN tapi khusus penjualan tiket lebaran sanggat susah di beli,kurang adil untuk penguna,estimasi waktu tunggu antrian yg dak tepat waktu,setelah masuk jga,sering timeout,sibuk,dan banyak lagi. mohon untuk aplikasi ini yg memeng punyo BUMN(Negara RI) pacak di perbaiki,jadi untuk penguna yg nak beli tiket khususny untuk lebaran Idhul Fitri pacak di akses pake gampang dan cepet.","sanggat di sayangakan untuk aplikasi yg notabene dari BUMN tapi khusus penjualan tiket lebaran sanggat susah di beli,kurang adil untuk penguna,estimasi waktu tunggu antrian yg ga tepat waktu,setelah masuk jga,sering timeout,sibuk,dan banyak lagi. mohon untuk aplikasi ini yg memeng punyo BUMN(Negara RI) pacak di perbaiki,jadi untuk penguna yg nak beli tiket khususny untuk lebaran Idhul Fitri pacak di akses dengan gampang dan cepet."
"Awal mula download sih aman-aman aja bisa pesan tiket, cuman pas pengen pesen tiket kedua malah nggak bisa ada bacaan sesi anda habis maksudnya gimana ya",,,netral,,,"Awal mula download sih aman-aman aja bisa pesen tiket, cuman pas pengen pesen tiket kedua malah ora bisa ana bacaan sesi anda habis maksudnya gimana ya","Awal mula download sih aman-aman wae bisa pesen tiket, cuman pas pengen pesen tiket kedua malah ora bisa ana bacaan sesi anda habis maksudnya kepriye ya","Awal mula download sih aman-aman bae pacak pesan tiket, cuman pas pengen pesen tiket kedua malah dak pacak ado bacaan sesi anda habis maksudnyo cakmno ya","Awal mula download sih aman-aman bae pacak pesan tiket, cuman pas pengen pesen tiket kedua malah dak pacak ado bacaan sesi anda habis maksudnyo cakmno ya"
"Aplikasi gak bener, pesen lewat online aja harus nunggu antrian mana pas waktu udah 1 menit bukan nya langsung muncul malah perpanjangan waktu sampai 20 menit!! Kalo kaya gitu mah mending gausah diadain aplikasi nya sangat menyusah kan orang!! Kami mau beli tiket pake uang bukan ngutang!! Jadi jangan dipersulit untuk pembelian tiket nya!!",,,negatif,,,"Aplikasi ora bener, pesen lewat online aja kudu nunggu antrean endi pas wektu wis 1 menit bukan nya langsung muncul malah perpanjangan wektu sampai 20 menit!! Yen kaya gitu mah mending gausah diadain aplikasi nya banget menyusah kan orang!! Kami arep tumbas tiket nganggo uang bukan ngutang!! Dadi aja dipersulit kanggo tumbas tiket nya!!","Aplikasi ora bener, pesen lewat online wae harus nunggu antrian mana pas waktu wis 1 menit dudu nya langsung muncul malah perpanjangan waktu sampai 20 menit!! Yen kaya gitu mah mending gausah diadain aplikasi nya banget menyusah kan wong!! Kami arep beli tiket pake dhuwit dudu ngutang!! Jadi jangan dipersulit untuk pembelian tiket nya!!","Aplikasi dak bener, pesen lewat online bae harus nunggu antrian mana pas waktu lah 1 menit bukan nyo langsung muncul malah perpanjangan waktu sampai 20 menit!! Men kaya gitu mah mending gausah diadain aplikasi nyo nian menyusah kan wong!! Kami nak beli tiket pake duet bukan ngutang!! Jadi jangan dipersulit untuk pembelian tiket nyo!!","Aplikasi dak bener, pesen lewat online bae harus nunggu antrian mana pas waktu lah 1 menit bukan nyo langsung muncul malah perpanjangan waktu sampai 20 menit!! men kaya gitu mah mending gausah diadain aplikasi nyo nian menyusah kan wong!! Kami nak beli tiket pake duet bukan ngutang!! Jadi jangan dipersulit untuk pembelian tiket nyo!!"
"kemarin"" aman aja pakek aplikasi ini, hari pas mau beli tiket tiba"" disuruh update, oke aku update, abis di update bukannya tambah canggih tambah error, mau bayar gak bisa dengan alasan sistem sedang error tunggu beberapa saat, setelah itu mau bayar lagi cek di keranjang tidak ada, pergi ke menu tiket yang belum dibayar malah tidak ada pilihan lakukan pembayaran, ada pilihan kembali ke home sama batalkan pesanan, aplikasi macam apa ini, ini sekelas BUMN loo masak bangun sistem kayak gini,",,,negatif,negatif,,"kemarin"" aman aja pakek aplikasi iki, dina pas arep tumbas tiket tiba"" disuruh nganyari, wis apik aku nganyari, entek ing nganyari nanging tambah canggih tambah error, arep bayar ora bisa karo alasan sistem sedang error tunggu beberapa wektu, sawise kuwi arep bayar maneh cek ing keranjang ora ana, lunga menyang menu tiket sing durung dibayar malah ora ana pilihan lakukan pembayaran, ana pilihan bali menyang home padha batalkan pesanan, aplikasi macam apa iki, iki sekelas BUMN loo masak bangun sistem kayak gini,","kemarin"" aman wae pakek aplikasi ini, hari pas arep beli tiket tiba"" disuruh update, oke aku update, abis di update bukannya tambah canggih tambah rusak, arep bayar ora bisa karo alasan sistem sedang rusak tunggu beberapa saat, setelah itu arep bayar lagi cek di keranjang ora ana, pergi ke menu tiket yang belum dibayar malah ora ana pilihan lakukan pembayaran, ana pilihan kembali ke home karo batalkan pesanan, aplikasi macam apa ini, ini sekelas BUMN loo masak bangun sistem kayak gini,","kemarin"" aman bae pakek aplikasi ini, hari pas nak beli tiket tiba"" disuruh update, oke aku update, abis di update bukannyo tambah canggih tambah error, nak bayar dak pacak pake alasan sistem sedang error tunggu beberapa saat, setelah itu nak bayar lagi cek di keranjang dak ado, pergi ke menu tiket yang belum dibayar malah dak ado pilihan lakukan pembayaran, ado pilihan kembali ke home samo batalkan pesanan, aplikasi macam apo ini, ini sekelas BUMN loo masak bangun sistem kayak gini,","kemarin"" aman bae pakek aplikasi ini, hari pas nak beli tiket tiba"" disuruh update, oke aku update, abis di update bukannyo tambah canggih tambah error, nak bayar dak pacak dengan alasan sistem sedang error tunggu beberapa saat, setelah itu nak bayar lagi cek di keranjang dak ado, pergi ke menu tiket yang belum dibayar malah dak ado pilihan lakukan pembayaran, ado pilihan kembali ke home samo batalkan pesanan, aplikasi macam apo ini, ini sekelas BUMN loo masak bangun sistem kayak gini,"
"Lelet, udah cape2 nunggu antrian beli tiket, malah gagal",,,negatif,,,"Alon, wis cape2 nunggu antrean tumbas tiket, malah gagal","Alon, wis cape2 nunggu antrian beli tiket, malah gagal","Lelet, lah cape2 nunggu antrian beli tiket, malah gagal","Lelet, lah cape2 nunggu antrian beli tiket, malah gagal"
"Buat apa aplikasi tapi gak bisa milih kursi KA lokal Rangkas merak, jadi malah antri panjang buat berebut kursi",,,negatif,,,"Kanggo apa aplikasi nanging ora bisa milih kursi KA lokal Rangkas merak, dadi malah antri panjang kanggo berebut kursi","Buat apa aplikasi nanging ora bisa milih kursi KA lokal Rangkas merak, jadi malah antri panjang buat berebut kursi","Buat apo aplikasi tapi dak pacak milih kursi KA lokal Rangkas merak, jadi malah antri panjang buat berebut kursi","Buat apo aplikasi tapi dak pacak milih kursi KA lokal Rangkas merak, jadi malah antri panjang buat berebut kursi"
"Tolong di perbaiki secepatnya buat pengembalian dana dari tiket yang di batalkan, tidak bisa pakai wallet, pakai rekening harus sesuai nama penumpang yang tertera, saya cuma punya wallet jadi tolong segera di perbaiki Terimakasih :)",,,,negatif,,"Tulung ing benerake secepatnya kanggo pengembalian dana dari tiket sing ing batalkan, ora bisa nganggo wallet, nganggo rekening kudu cocok nama penumpang sing tertera, aku mung punya wallet dadi tulung cepet ing benerake Terimakasih :)","Tolong di perbaiki secepatnya buat pengembalian dana dari tiket yang di batalkan, ora bisa pakai wallet, pakai rekening harus sesuai nama penumpang yang tertera, aku mung punya wallet jadi tolong segera di perbaiki Terimakasih :)","Tolong di perbaiki secepatnyo buat pengembalian dana dari tiket yang di batalkan, dak pacak pakai wallet, pakai rekening harus sesuai nama penumpang yang tertera, aku cuman punyo wallet jadi tolong segera di perbaiki Terimakasih :)","Tolong di perbaiki secepatnyo buat pengembalian dana dari tiket yang di batalkan, dak pacak pakai wallet, pakai rekening harus sesuai nama penumpang yang tertera, aku cuman punyo wallet jadi tolong segera di perbaiki Terimakasih :)"
Aplikasi sampah. Pembatalan tiket harus tranfer atas nama pembeli tiket. Tolol. Nyusahin.,,,,negatif,,Aplikasi sampah. Pembatalan tiket kudu tranfer atas nama pembeli tiket. Tolol. Nyusahin.,Aplikasi sampah. Pembatalan tiket harus tranfer atas nama pembeli tiket. Tolol. Nyusahin.,Aplikasi sampah. Pembatalan tiket harus tranfer atas nama pembeli tiket. Tolol. Nyusahin.,Aplikasi sampah. Pembatalan tiket harus tranfer atas nama pembeli tiket. Tolol. Nyusahin.
Knp setelah d update malah bukannya tambah baik malah tambah kacau. Cek jadwal kereta kalau d lihat dr kalendernya KAI acsese sdh bs booking tiket / liat jadwal keretanya pas d klik malah jadwal tidak d temukan...,,,negatif,,,Knp sawise d nganyari malah nanging tambah baik malah tambah kacau. Cek jadwal sepur kalau d deleng dr kalendernya KAI acsese sdh bs pesen tiket / liat jadwal keretanya pas d klik malah jadwal ora d temukan...,Knp setelah d update malah bukannya tambah apik malah tambah kacau. Cek jadwal kereta yen d deleng dr kalendernya KAI acsese sdh bs booking tiket / deleng jadwal keretanya pas d klik malah jadwal ora d temukan...,Knp setelah d update malah bukannyo tambah baek malah tambah kacau. Cek jadwal kereta men d tengok dr kalendernyo KAI acsese sdh bs booking tiket / tengok jadwal keretanyo pas d klik malah jadwal dak d temukan...,Knp setelah d update malah bukannyo tambah baek malah tambah kacau. Cek jadwal kereta men d lihat dr kalendernyo KAI acsese sdh bs booking tiket / liat jadwal keretanyo pas d klik malah jadwal dak d temukan...
"Gak ada niatan kah untuk memperbaiki kualitas aplikasi ini, booking tiket H-7 harus warr dari jam 00.01 selalu trouble, bisa lanjut next step trouble lagi, tinggal 1 step pembayaran trouble lagi. Begitu seterusnya sampai baru bisa jam 03.40 dan itupun tiket udah banyak yg sold out. Sekelas KAI loh masa booking onlinenya menyusahkan begini. Malu lah",,,negatif,negatif,,"Ora ana niatan apa kanggo memperbaiki kualitas aplikasi iki, pesen tiket H-7 kudu warr dari jam 00.01 selalu trouble, bisa lanjut next step trouble maneh, tinggal 1 step pembayaran trouble maneh. Begitu seterusnya sampai anyar bisa jam 03.40 lan itupun tiket wis akeh yg sold out. Sekelas KAI loh mangsa pesen onlinenya menyusahkan begini. Malu yo","Ora ana niatan kah untuk memperbaiki kualitas aplikasi ini, booking tiket H-7 harus warr dari jam 00.01 selalu trouble, bisa lanjut next step trouble lagi, tinggal 1 step pembayaran trouble lagi. Begitu seterusnya sampai baru bisa jam 03.40 dan itupun tiket wis banyak yg sold out. Sekelas KAI loh masa booking onlinenya menyusahkan begini. Malu lah","Dak ado niatan kah untuk memperbaiki kualitas aplikasi ini, booking tiket H-7 harus warr dari jam 00.01 selalu trouble, pacak lanjut next step trouble lagi, tinggal 1 step pembayaran trouble lagi. Begitu seterusnyo sampai baru pacak jam 03.40 dan itupun tiket lah banyak yg sold out. Sekelas KAI loh masa booking onlinenyo menyusahkan begini. Malu lah","dak ado niatan kah untuk memperbaiki kualitas aplikasi ini, booking tiket H-7 harus warr dari jam 00.01 selalu trouble, pacak lanjut next step trouble lagi, tinggal 1 step pembayaran trouble lagi. Begitu seterusnyo sampai baru pacak jam 03.40 dan itupun tiket lah banyak yg sold out. Sekelas KAI loh masa booking onlinenyo menyusahkan begini. Malu lah"
"kenapa yaa aplikasinya jadi error begini padahal sebelumnya lancar lancar aja meskipun ada hambatan sedikit, kenapa ya ketika saya ingin memesan tiket dan sudah saya bayar tetapi tiket nya tidak muncul di aplikasinya, mohon segera perbaiki",,,negatif,,,"kena apa yaa aplikasinya dadi error begini padahal sebelumnya lancar lancar aja meskipun ana hambatan sedikit, kena apa ya ketika aku ingin memesan tiket lan wis aku bayar tetapi tiket nya ora muncul ing aplikasinya, nyuwun cepet benerake","kena apa yaa aplikasinya jadi rusak begini padahal sebelumnya lancar lancar wae meskipun ana hambatan sedikit, kena apa ya ketika aku ingin memesan tiket dan wis aku bayar tetapi tiket nya ora muncul di aplikasinya, mohon segera perbaiki","ngapo yaa aplikasinyo jadi error begini padahal sebelumnyo lancar lancar bae meskipun ado hambatan sedikit, ngapo ya ketika aku ingin memesan tiket dan lah aku bayar tetapi tiket nyo dak muncul di aplikasinyo, mohon segera perbaiki","ngapo yaa aplikasinyo jadi error begini padahal sebelumnyo lancar lancar bae meskipun ado hambatan sedikit, ngapo ya ketika aku ingin memesan tiket dan lah aku bayar tetapi tiket nyo dak muncul di aplikasinyo, mohon segera perbaiki"
"Selama hampir 1 tahun saya pakai Access by KAI, saya sering menemukan error di aplikasi ini. Dan error nya berulang, yakni terkait kegagalan dalam pembelian tiket Commuter Line. Apakah tidak ada perbaikan permanent yg dilakukan? ujung² nya suruh pake kartu, lah buat apa ada aplikasi kalo sering error. Tolong dong ini aplikasi kan dipake banyak orang seluruh Indonesia. Masa aplikasi sekelas milik BUMN kayak gini, error berulang. Tolong perhatian dari pihak terkait terkait hal ini.",,,negatif,,,"Selama hampir 1 tahun aku nganggo Access by KAI, aku sering menemukan error ing aplikasi iki. Lan error nya berulang, yakni terkait kegagalan jero tumbas tiket Commuter Line. Apakah ora ana perbaikan permanent yg dilakukan? ujung² nya suruh nganggo kartu, yo kanggo apa ana aplikasi yen sering error. Tulung dong iki aplikasi kan dipake akeh orang seluruh Indonesia. Mangsa aplikasi sekelas milik BUMN kayak gini, error berulang. Tulung perhatian dari pihak terkait terkait hal iki.","Selama hampir 1 tahun aku pakai Access by KAI, aku sering menemukan rusak di aplikasi ini. Dan rusak nya berulang, yakni terkait kegagalan jero pembelian tiket Commuter Line. Apakah ora ana perbaikan permanent yg dilakukan? ujung² nya suruh pake kartu, lah buat apa ana aplikasi yen sering rusak. Tolong dong ini aplikasi kan dipake banyak wong seluruh Indonesia. Masa aplikasi sekelas milik BUMN kayak gini, rusak berulang. Tolong perhatian dari pihak terkait terkait hal ini.","Selama hampir 1 tahun aku pakai Access by KAI, aku sering menemukan error di aplikasi ini. Dan error nyo berulang, yakni terkait kegagalan dalem pembelian tiket Commuter Line. Apakah dak ado perbaikan permanent yg dilakukan? ujung² nyo suruh pake kartu, lah buat apo ado aplikasi men sering error. Tolong dong ini aplikasi kan dipake banyak wong seluruh Indonesia. Masa aplikasi sekelas milik BUMN kayak gini, error berulang. Tolong perhatian dari pihak terkait terkait hal ini.","Selama hampir 1 tahun aku pakai Access by KAI, aku sering menemukan error di aplikasi ini. Dan error nyo berulang, yakni terkait kegagalan dalam pembelian tiket Commuter Line. Apakah dak ado perbaikan permanent yg dilakukan? ujung² nyo suruh pake kartu, lah buat apo ado aplikasi men sering error. Tolong dong ini aplikasi kan dipake banyak wong seluruh Indonesia. Masa aplikasi sekelas milik BUMN kayak gini, error berulang. Tolong perhatian dari pihak terkait terkait hal ini."
Aplikasi nya sudah bagus hinngga saat pembayaran susah sekali diakses dan hanya diberi waktu sedikit. Dan saat selesai pembayaran tidak ada notifikasi sama sekali tiket sudah berhasil dibayar atau tidak🤦‍♂️,,,,negatif,,Aplikasi nya wis apik hinngga wektu pembayaran susah sekali dibukak lan hanya diberi wektu sedikit. Lan wektu selesai pembayaran ora ana notifikasi padha sekali tiket wis berhasil dibayar utawa ora🤦‍♂️,Aplikasi nya wis apik hinngga saat pembayaran susah pisan diakses dan hanya diberi waktu sedikit. Dan saat selesai pembayaran ora ana notifikasi karo pisan tiket wis berhasil dibayar atau ora🤦‍♂️,Aplikasi nyo lah bagus hinngga saat pembayaran susah nian diakses dan hanyo diberi waktu sedikit. Dan saat selesai pembayaran dak ado notifikasi samo nian tiket lah berhasil dibayar atau dak🤦‍♂️,Aplikasi nyo lah bagus hinngga saat pembayaran susah nian diakses dan hanyo diberi waktu sedikit. Dan saat selesai pembayaran dak ado notifikasi samo nian tiket lah berhasil dibayar atau dak🤦‍♂️
"Gak bisa beli 2 tiket KRL, Gak bisa beliin buat penumpang terdaftar. Udah beli 2 tiket KRL @16rb malah yang bisa kepake cuma 1. Padahal mau dipake buat 2 orang.. Definisi bayar 2 kali lipat untuk 1 kali perjalanan KRL.",,,negatif,,,"Ora bisa tumbas 2 tiket KRL, Ora bisa beliin kanggo penumpang terdaftar. Wis tumbas 2 tiket KRL @16rb malah sing bisa kepake mung 1. Padahal arep dipake kanggo 2 orang.. Definisi bayar 2 kali lipat kanggo 1 kali perjalanan KRL.","Ora bisa beli 2 tiket KRL, Ora bisa beliin buat penumpang terdaftar. Wis beli 2 tiket KRL @16rb malah yang bisa kepake mung 1. Padahal arep dipake buat 2 wong.. Definisi bayar 2 kali lipat untuk 1 kali perjalanan KRL.","Dak pacak beli 2 tiket KRL, Dak pacak beliin buat penumpang terdaftar. Lah beli 2 tiket KRL @16rb malah yang pacak kepake cuman 1. Padahal nak dipake buat 2 wong.. Definisi bayar 2 kali lipat untuk 1 kali perjalanan KRL.","dak pacak beli 2 tiket KRL, dak pacak beliin buat penumpang terdaftar. lah beli 2 tiket KRL @16rb malah yang pacak kepake cuman 1. Padahal nak dipake buat 2 wong.. Definisi bayar 2 kali lipat untuk 1 kali perjalanan KRL."
Parah si udah 2 hari nungguin tiket muncul Ampe bergadang ttp ajah gak bsa buat pesen tiket nya. Gagal trus,,,negatif,,,Parah si wis 2 dina nungguin tiket muncul Ampe bergadang ttp ajah ora bsa kanggo pesen tiket nya. Gagal trus,Parah si wis 2 hari nungguin tiket muncul Ampe bergadang ttp ajah ora bsa buat pesen tiket nya. Gagal trus,Parah si lah 2 hari nungguin tiket muncul Ampe bergadang ttp ajah dak bsa buat pesen tiket nyo. Gagal trus,Parah si lah 2 hari nungguin tiket muncul Ampe bergadang ttp ajah dak bsa buat pesen tiket nyo. Gagal trus
"Tidak ramah!! Kecewa!! updet status Twitter Mulu.. Aplikasi tiket yg terbilang lebih penting, tidak ada Upgred, tidak ada perubahan, tidak ada Maintenance sama sekali!! Payah payah..",,,,,,"Ora ramah!! Kecewa!! updet status Twitter Terus.. Aplikasi tiket yg terbilang luwih penting, ora ana Upgred, ora ana owahan, ora ana Maintenance padha sekali!! Payah payah..","Ora ramah!! Kecewa!! updet status Twitter Mulu.. Aplikasi tiket yg terbilang lebih penting, ora ana Upgred, ora ana perubahan, ora ana Maintenance karo pisan!! Payah payah..","Dak ramah!! Kecewa!! updet status Twitter Mulu.. Aplikasi tiket yg terbilang lebih penting, dak ado Upgred, dak ado perubahan, dak ado Maintenance samo nian!! Payah payah..","dak ramah!! Kecewa!! updet status Twitter Mulu.. Aplikasi tiket yg terbilang lebih penting, dak ado Upgred, dak ado perubahan, dak ado Maintenance samo nian!! Payah payah.."
"kenapa si jadwal tdk di temukan mulu, gue udah rela² begadang buat dapatin tiket di h-7 malah kya gini mulu",,,negatif,,,"kena apa si jadwal tdk ing temukan terus, gue wis rela² begadang kanggo dapatin tiket ing h-7 malah kya gini terus","kena apa si jadwal tdk di temukan mulu, aku wis rela² begadang buat dapatin tiket di h-7 malah kya gini mulu","ngapo si jadwal dak di temukan mulu, aku lah rela² begadang buat dapatin tiket di h-7 malah kya gini mulu","ngapo si jadwal tdk di temukan mulu, aku lah rela² begadang buat dapatin tiket di h-7 malah kya gini mulu"
Waktu tunggu antri 5 menit gatau nya sampe 1jam,,,negatif,,,Wektu tunggu antri 5 menit gatau nya nganti 1jam,Waktu tunggu antri 5 menit gatau nya sampe 1jam,Waktu tunggu antri 5 menit gatau nyo sampe 1jam,Waktu tunggu antri 5 menit gatau nyo sampe 1jam
Sudah di bayar dan Pembayaran masuk tapi tiket tidak muncul. Sangat kecewa,,,negatif,,,Wis ing bayar lan Pembayaran mlebu nanging tiket ora muncul. Banget kecewa,Wis di bayar dan Pembayaran masuk nanging tiket ora muncul. Banget kecewa,Lah di bayar dan Pembayaran masuk tapi tiket dak muncul. Nian kecewa,lah di bayar dan Pembayaran masuk tapi tiket dak muncul. nian kecewa
"Saya awal suka aplikasinya eh sekarang kecewa capek capek antri mau klik pilihan muncul antrian dari awal sudah capek nunggu 1 jam eh pilih lagi antri Dari awal lagi mohon kalu bisa masuk antri jangan antri dari awal lagi seperti beli di tiket sudah antri kemudian dilayani jangan suruh antri lagi dan lagibdam awaktu lama antri ya, mohon jika mau ada antri cukup sekali saja",,,negatif,,,"Aku awal suka aplikasinya eh saiki kecewa sayah sayah antri arep klik pilihan muncul antrean dari awal wis sayah nunggu 1 jam eh pilih maneh antri Dari awal maneh nyuwun kalu bisa mlebu antri aja antri dari awal maneh seperti tumbas ing tiket wis antri kemudian dilayani aja suruh antri maneh lan lagibdam awaktu suwe antri ya, nyuwun jika arep ana antri cukup sekali saja","Aku awal suka aplikasinya eh saiki kecewa capek capek antri arep klik pilihan muncul antrian dari awal wis capek nunggu 1 jam eh pilih lagi antri Dari awal lagi mohon kalu bisa masuk antri jangan antri dari awal lagi kaya beli di tiket wis antri kemudian dilayani jangan suruh antri lagi dan lagibdam awaktu lama antri ya, mohon jika arep ana antri cukup pisan wae","Aku awal suka aplikasinyo eh sekarang kecewa capek capek antri nak klik pilihan muncul antrian dari awal lah capek nunggu 1 jam eh pilih lagi antri Dari awal lagi mohon kalu pacak masuk antri jangan antri dari awal lagi cak beli di tiket lah antri kemudian dilayani jangan suruh antri lagi dan lagibdam awaktu lama antri ya, mohon jika nak ado antri cukup nian bae","aku awal suka aplikasinyo eh sekarang kecewa capek capek antri nak klik pilihan muncul antrian dari awal lah capek nunggu 1 jam eh pilih lagi antri Dari awal lagi mohon kalu pacak masuk antri jangan antri dari awal lagi cak beli di tiket lah antri kemudian dilayani jangan suruh antri lagi dan lagibdam awaktu lama antri ya, mohon jika nak ado antri cukup nian bae"
Ketika pesan tiket tampil diminta upgrade ke member basic. Sdh diisi sesuai tp tdk ada keterangan ok atau tdk ok upgrade tsb. Yg lbh mengesalkan tdk bisa pesan tiket. Dan yg aneh lagi tdk ada histori yg telah sy lakukan selama ini (sejak aplikasi baru ini).,,,negatif,,negatif,Ketika pesen tiket tampil diminta upgrade menyang member basic. Sdh diisi cocok tp tdk ana keterangan ok utawa tdk ok upgrade tsb. Yg luwih mengesalkan tdk bisa pesen tiket. Lan yg aneh maneh tdk ana histori yg telah sy lakukan selama iki (sejak aplikasi anyar iki).,Ketika pesen tiket tampil diminta upgrade ke member basic. Sdh diisi sesuai tp tdk ana keterangan ok atau tdk ok upgrade tsb. Yg lbh mengesalkan tdk bisa pesen tiket. Dan yg aneh lagi tdk ana histori yg telah sy lakukan selama ini (sejak aplikasi baru ini).,Ketika pesan tiket tampil diminta upgrade ke member basic. Sdh diisi sesuai tp dak ado keterangan ok atau dak ok upgrade tsb. Yg lbh mengesalkan dak pacak pesan tiket. Dan yg aneh lagi dak ado histori yg telah sy lakukan selama ini (sejak aplikasi baru ini).,Ketika pesan tiket tampil diminta upgrade ke member basic. Sdh diisi sesuai tp tdk ado keterangan ok atau tdk ok upgrade tsb. Yg lbh mengesalkan tdk pacak pesan tiket. Dan yg aneh lagi tdk ado histori yg telah sy lakukan selama ini (sejak aplikasi baru ini).
terlalu sering up date setiap mau beli tiket harus uodet lagi,,,negatif,,,terlalu sering up date saben arep tumbas tiket kudu uodet maneh,terlalu sering up date setiap arep beli tiket harus uodet lagi,terlalu sering up date setiap nak beli tiket harus uodet lagi,terlalu sering up date setiap nak beli tiket harus uodet lagi
"Kenapa ga bisa pesan dari semalam, dalam pemeliharaan terusssss",,,negatif,,,"Kena apa ora bisa pesen dari semalam, jero pemeliharaan terusssss","Kena apa ora bisa pesen dari semalam, jero pemeliharaan terusssss","Ngapo dak pacak pesan dari semalam, dalem pemeliharaan terusssss","ngapo ga pacak pesan dari semalam, dalam pemeliharaan terusssss"
Applikasinya bagus banget tapi tolong nya bisa di perbarui applikasi buat memudahkan akses beli tiket kai nya di applikasi bye kai acces nya plissnya ...,,negatif,negatif,,,Applikasinya apik banget nanging tulung nya bisa ing perbarui applikasi kanggo nggampangake akses tumbas tiket kai nya ing applikasi bye kai acces nya plissnya ...,Applikasinya apik banget nanging tolong nya bisa di perbarui applikasi buat memudahkan akses beli tiket kai nya di applikasi bye kai acces nya plissnya ...,Applikasinyo bagus nian tapi tolong nyo pacak di perbarui applikasi buat memudahkan akses beli tiket kai nyo di applikasi bye kai acces nyo plissnyo ...,Applikasinyo bagus nian tapi tolong nyo pacak di perbarui applikasi buat memudahkan akses beli tiket kai nyo di applikasi bye kai acces nyo plissnyo ...
"war tiket tahun ini gak jelasss blasss..! pengalaman sy mending tahun² kemarin cuma bergelut dg signal dan quota, serta kecepatan checkout, gak kaya skrng masih harus ditambahin antrian sistem yg gak jelas. hadeuh.. tobat.. tobat dah",,,negatif,,,"war tiket tahun iki ora jelasss blasss..! pengalaman sy mending tahun² kemarin mung bergelut dg signal lan quota, serta kecepatan checkout, ora kaya skrng isih kudu ditambahin antrean sistem yg ora cetha. hadeuh.. tobat.. tobat dah","war tiket tahun ini ora jelasss blasss..! pengalaman sy mending tahun² kemarin mung bergelut dg signal dan quota, serta kecepatan checkout, ora kaya skrng masih harus ditambahin antrian sistem yg ora jelas. hadeuh.. tobat.. tobat dah","war tiket tahun ini dak jelasss blasss..! pengalaman sy mending tahun² kemarin cuman bergelut dg signal dan quota, serta kecepatan checkout, dak kaya skrng masih harus ditambahin antrian sistem yg dak jelas. hadeuh.. tobat.. tobat dah","war tiket tahun ini dak jelasss blasss..! pengalaman sy mending tahun² kemarin cuman bergelut dg signal dan quota, serta kecepatan checkout, dak kaya skrng masih harus ditambahin antrian sistem yg dak jelas. hadeuh.. tobat.. tobat dah"
"Masak iya booking dar pagi error trs, sekarang malah gak bisa boking dengan alasan gak jelas, tolong dong kai diperbaiki lagi aplikasinya, signal oke paket data full kok tetep gabisa, sudah diaktivasi dll masih aja error, mengecewakan",,,negatif,,,"Masak iya pesen dar pagi error trs, saiki malah ora bisa boking karo alasan ora cetha, tulung dong kai benerake maneh aplikasinya, signal wis apik paket data full kok tetep gabisa, wis diaktivasi dll isih aja error, mengecewakan","Masak iya booking dar pagi rusak trs, saiki malah ora bisa boking karo alasan ora jelas, tolong dong kai diperbaiki lagi aplikasinya, signal oke paket data full kok tetep gabisa, wis diaktivasi dll masih wae rusak, mengecewakan","Masak iya booking dar pagi error trs, sekarang malah dak pacak boking pake alasan dak jelas, tolong dong kai diperbaiki lagi aplikasinyo, signal oke paket data full kok tetep gabisa, lah diaktivasi dll masih bae error, mengecewakan","Masak iya booking dar pagi error trs, sekarang malah dak pacak boking dengan alasan dak jelas, tolong dong kai diperbaiki lagi aplikasinyo, signal oke paket data full kok tetep gabisa, lah diaktivasi dll masih bae error, mengecewakan"
"Pake antrian gak nyaman banget, tinggal bayar doang muter2 gak jelas hbs waktu ngantri lagi... mending sistem sebelumnya",,,negatif,,,"Nganggo antrean ora penak banget, tinggal bayar doang muter2 ora cetha hbs wektu ngantri maneh... mending sistem sebelumnya","Pake antrian ora nyaman banget, tinggal bayar doang muter2 ora jelas hbs waktu ngantri lagi... mending sistem sebelumnya","Pake antrian dak nyaman nian, tinggal bayar doang muter2 dak jelas hbs waktu ngantri lagi... mending sistem sebelumnyo","Pake antrian dak nyaman nian, tinggal bayar doang muter2 dak jelas hbs waktu ngantri lagi... mending sistem sebelumnyo"
"Jelek banget, mau cari tiket aja gak bisa. Selalu ada kata 'timeout' padahal jaringan juga bagus. Gak usah sok-sokan mau update deh, kualitas aplikasi lo itu makin jelek kalo di update, gak sadar apa?",,,negatif,,,"Jelek banget, arep cari tiket aja ora bisa. Selalu ana kata 'timeout' padahal jaringan uga apik. Ora perlu sok-sokan arep nganyari deh, kualitas aplikasi lo kuwi makin jelek yen ing nganyari, ora sadar apa?","Jelek banget, arep cari tiket wae ora bisa. Selalu ana kata 'timeout' padahal jaringan uga apik. Ora usah sok-sokan arep update deh, kualitas aplikasi kowe itu makin jelek yen di update, ora sadar apa?","Jelek nian, nak cari tiket bae dak pacak. Selalu ado kata 'timeout' padahal jaringan jugo bagus. Dak usah sok-sokan nak update deh, kualitas aplikasi kau itu makin jelek men di update, dak sadar apo?","Jelek nian, nak cari tiket bae dak pacak. Selalu ado kata 'timeout' padahal jaringan jugo bagus. dak usah sok-sokan nak update deh, kualitas aplikasi kau itu makin jelek men di update, dak sadar apo?"
Dari stasiun Jombang tidak ada jadwal kereta lokal ke arah Surabaya....pas coba stasiun lain ke arah Surabaya muncul untuk keberangkatan tgl 19 mei....apakah ada bug atau bagaimana? Ini kali kedua saya pesan untuk keberangkatan seminggu sebelumnya mengalami hal yg sama... Tapi setelah 30 menit baru muncul tapi tiketnya sudah tinggal sedikit (tanpa tempat duduk) Mohon diperbaiki kembali sistem aplikasinya,,,negatif,,,Dari stasiun Jombang ora ana jadwal sepur lokal menyang arah Surabaya....pas coba stasiun lain menyang arah Surabaya muncul kanggo keberangkatan tgl 19 mei....apakah ana bug utawa bagaimana? Iki kali kedua aku pesen kanggo keberangkatan seminggu sebelumnya ngalami hal yg padha... Nanging sawise 30 menit anyar muncul nanging tiketnya wis tinggal sedikit (tanpa tempat duduk) Nyuwun benerake bali sistem aplikasinya,Dari stasiun Jombang ora ana jadwal kereta lokal ke arah Surabaya....pas coba stasiun lain ke arah Surabaya muncul untuk keberangkatan tgl 19 mei....apakah ana bug atau kepriye? Ini kali kedua aku pesen untuk keberangkatan seminggu sebelumnya mengalami hal yg karo... Nanging setelah 30 menit baru muncul nanging tiketnya wis tinggal sedikit (tanpa tempat duduk) Mohon diperbaiki kembali sistem aplikasinya,Dari stasiun Jombang dak ado jadwal kereta lokal ke arah Surabaya....pas coba stasiun lain ke arah Surabaya muncul untuk keberangkatan tgl 19 mei....apakah ado bug atau cakmno? Ini kali kedua aku pesan untuk keberangkatan seminggu sebelumnyo mengalami hal yg samo... Tapi setelah 30 menit baru muncul tapi tiketnyo lah tinggal sedikit (tanpa tempat duduk) Mohon diperbaiki kembali sistem aplikasinyo,Dari stasiun Jombang dak ado jadwal kereta lokal ke arah Surabaya....pas coba stasiun lain ke arah Surabaya muncul untuk keberangkatan tgl 19 mei....apakah ado bug atau cakmno? Ini kali kedua aku pesan untuk keberangkatan seminggu sebelumnyo mengalami hal yg samo... Tapi setelah 30 menit baru muncul tapi tiketnyo lah tinggal sedikit (tanpa tempat duduk) Mohon diperbaiki kembali sistem aplikasinyo
"Kecewaa banget sama KaiAcces yang sekarang, padahal udah langganan dari dulu pake kai, sekarang di update bukanya nambah gampang malah nambah jelek bangett. Mau beli tiket nunggu antrian dulu 1 menit katanya, eh nambah2 sampe 20 menit. Isi saldo kaipay malah ngga bisa ditarik lagi harus pake apk kaspro, padahal pin udah bener ehh keblokir akun dikunci, mengecewakan sekalii kaiacces sekarang, gimana nasib saldo saya ini??? tolong diperbaiki lagi.",,,negatif,negatif,,"Kecewaa banget padha KaiAcces sing saiki, padahal wis langganan dari dulu nganggo kai, saiki ing nganyari mbokmenawa nambah gampang malah nambah jelek bangett. Arep tumbas tiket nunggu antrean dulu 1 menit jarene, eh nambah2 nganti 20 menit. Isi saldo kaipay malah ora bisa ditarik maneh kudu nganggo apk kaspro, padahal pin wis bener eh keblokir akun dikunci, mengecewakan sekalii kaiacces saiki, gimana nasib saldo aku iki??? tulung benerake maneh.","Kecewaa banget karo KaiAcces yang saiki, padahal wis langganan dari dulu pake kai, saiki di update bukanya nambah gampang malah nambah jelek bangett. Arep beli tiket nunggu antrian dulu 1 menit katanya, eh nambah2 sampe 20 menit. Isi saldo kaipay malah ora bisa ditarik lagi harus pake apk kaspro, padahal pin wis bener ehh keblokir akun dikunci, mengecewakan sekalii kaiacces saiki, kepriye nasib saldo aku ini??? tolong diperbaiki lagi.","Kecewaa nian samo KaiAcces yang sekarang, padahal lah langganan dari dulu pake kai, sekarang di update bukanyo nambah gampang malah nambah jelek bangett. Nak beli tiket nunggu antrian dulu 1 menit katanyo, eh nambah2 sampe 20 menit. Isi saldo kaipay malah dak pacak ditarik lagi harus pake apk kaspro, padahal pin lah bener ehh keblokir akun dikunci, mengecewakan sekalii kaiacces sekarang, cakmno nasib saldo aku ini??? tolong diperbaiki lagi.","Kecewaa nian samo KaiAcces yang sekarang, padahal lah langganan dari dulu pake kai, sekarang di update bukanyo nambah gampang malah nambah jelek bangett. nak beli tiket nunggu antrian dulu 1 menit katanyo, eh nambah2 sampe 20 menit. Isi saldo kaipay malah dak pacak ditarik lagi harus pake apk kaspro, padahal pin lah bener ehh keblokir akun dikunci, mengecewakan sekalii kaiacces sekarang, cakmno nasib saldo aku ini??? tolong diperbaiki lagi."
"mohon maaf seblumnya karna ngasih bintang 1, pada pihak aplikasi tolong klo bisa ditingkatkan lagi servernya biar gausah ada antrian. susah klo mau nge war tiket harus nunggu antrian dulu, sampe2 kehabisan apalagi tiket libur lebaran dalam hitungan menit udah habis, padahal udah bela""in begadang ujung""nya kehabisan. smoga didengarkan keluhan ini wkwk, terimakasih",,,negatif,,,"nyuwun maaf seblumnya karna ngasih bintang 1, pada pihak aplikasi tulung yen bisa ditingkatkan maneh servernya ben gausah ana antrean. susah yen arep nge war tiket kudu nunggu antrean dulu, sampe2 kehabisan apalagi tiket libur lebaran jero hitungan menit wis habis, padahal wis bela""in begadang ujung""nya kehabisan. smoga didengarkan keluhan iki wkwk, terimakasih","mohon maaf seblumnya karna ngasih bintang 1, pada pihak aplikasi tolong klo bisa ditingkatkan lagi servernya biar gausah ana antrian. susah klo arep nge war tiket harus nunggu antrian dulu, sampe2 kehabisan apalagi tiket libur lebaran jero hitungan menit wis habis, padahal wis bela""in begadang ujung""nya kehabisan. smoga didengarkan keluhan ini wkwk, terimakasih","mohon maaf seblumnyo karna ngasih bintang 1, pada pihak aplikasi tolong klo pacak ditingkatkan lagi servernyo biar gausah ado antrian. susah klo nak nge war tiket harus nunggu antrian dulu, sampe2 kehabisan apalagi tiket libur lebaran dalem hitungan menit lah habis, padahal lah bela""in begadang ujung""nyo kehabisan. smoga didengarkan keluhan ini wkwk, terimakasih","mohon maaf seblumnyo karna ngasih bintang 1, pada pihak aplikasi tolong klo pacak ditingkatkan lagi servernyo biar gausah ado antrian. susah klo nak nge war tiket harus nunggu antrian dulu, sampe2 kehabisan apalagi tiket libur lebaran dalam hitungan menit lah habis, padahal lah bela""in begadang ujung""nyo kehabisan. smoga didengarkan keluhan ini wkwk, terimakasih"
"Sering error, susah pesat tiket Ka Bandara. Diminta upgrade basic atau premium tapi gak bisa. Tolong perbaiki segera layanan webnya",,,negatif,,negatif,"Sering error, susah pesat tiket Ka Bandara. Diminta upgrade basic utawa premium nanging ora bisa. Tulung benerake cepet layanan webnya","Sering rusak, susah pesat tiket Ka Bandara. Diminta upgrade basic atau premium nanging ora bisa. Tolong perbaiki segera layanan webnya","Sering error, susah pesat tiket Ka Bandara. Diminta upgrade basic atau premium tapi dak pacak. Tolong perbaiki segera layanan webnyo","Sering error, susah pesat tiket Ka Bandara. Diminta upgrade basic atau premium tapi dak pacak. Tolong perbaiki segera layanan webnyo"
"Masak bentar² update, and kadang jam tidak valid",,,negatif,,negatif,"Masak bentar² nganyari, and kadhang jam ora valid","Masak bentar² update, and kadang jam ora valid","Masak bentar² update, and kadang jam dak valid","Masak bentar² update, and kadang jam dak valid"
"Aplikasinya membantu, tp seringnya ngeselinn, karena sering buffering pas lagi dibutuhin.. ayo dong perbaiki lagi apk nya..",konflik,,,,,"Aplikasinya mbantu, tp seringnya ngeselinn, karena sering buffering pas maneh dibutuhin.. ayo dong benerake maneh apk nya..","Aplikasinya membantu, tp seringnya ngeselinn, karena sering buffering pas lagi dibutuhin.. ayo dong perbaiki lagi apk nya..","Aplikasinyo membantu, tp seringnyo ngeselinn, karena sering buffering pas lagi dibutuhin.. ayo dong perbaiki lagi apk nyo..","Aplikasinyo membantu, tp seringnyo ngeselinn, karena sering buffering pas lagi dibutuhin.. ayo dong perbaiki lagi apk nyo.."
Loading lama. Pesan tiket berkali2 gagal terus. Udah milih kursi pas di pembayaran lelet banget. Akhirnya gagal. Pas pesan ulang kursi yg dipilih sebelumnya udah nggak bisa dipilih lagi. Nggak jelas apk nya,,,negatif,,,Muter suwe. Pesen tiket berkali2 gagal terus. Wis milih kursi pas ing pembayaran alon banget. Akhirnya gagal. Pas pesen ulang kursi yg dipilih sebelumnya wis ora bisa dipilih maneh. Ora cetha apk nya,Loading lama. Pesen tiket berkali2 gagal terus. Wis milih kursi pas di pembayaran alon banget. Akhirnya gagal. Pas pesen ulang kursi yg dipilih sebelumnya wis ora bisa dipilih lagi. Ora jelas apk nya,Loading lama. Pesan tiket berkali2 gagal terus. Lah milih kursi pas di pembayaran lelet nian. Akhirnyo gagal. Pas pesan ulang kursi yg dipilih sebelumnyo lah dak pacak dipilih lagi. Dak jelas apk nyo,Loading lama. Pesan tiket berkali2 gagal terus. lah milih kursi pas di pembayaran lelet nian. Akhirnyo gagal. Pas pesan ulang kursi yg dipilih sebelumnyo lah dak pacak dipilih lagi. dak jelas apk nyo
"Pakai app ini dari lama.. Dan makin kesini makin eror, gaada perbaikan samsek, sudah masukin tgl dsb milih hari keberangkatan awalnya nongol, tba² ke log out sendiri, dicoba log in lagi bahkan sampe hapus data itu tetep tulisannya tdk ada keberangkatan, tiba² jadwal keberangkatan yg awalnya nongol lenyap, mau pesen kereta untuk weekend juga war tiap jam 00.00 itu pun erornya konsisten.. ekkekeke kebantu sih kebantu, tapi tolonglah diperbaiki, jaman udah maju ini, harusnya bisa diperbaiki",,,konflik,,,"Nganggo app iki dari suwe.. Lan makin kesini makin rusak, gaada perbaikan samsek, wis masukin tgl dsb milih dina keberangkatan awalnya nongol, tba² menyang log out sendiri, dicoba log in maneh bahkan nganti hapus data kuwi tetep tulisannya tdk ana keberangkatan, tiba² jadwal keberangkatan yg awalnya nongol lenyap, arep pesen sepur kanggo weekend uga war saben jam 00.00 kuwi pun erornya konsisten.. ekkekeke kebantu sih kebantu, nanging tolonglah benerake, jaman wis maju iki, harusnya bisa benerake","Pakai app ini dari lama.. Dan makin kesini makin eror, gaada perbaikan samsek, wis masukin tgl dsb milih hari keberangkatan awalnya nongol, tba² ke log out dhewe, dicoba log in lagi bahkan sampe hapus data itu tetep tulisannya tdk ana keberangkatan, tiba² jadwal keberangkatan yg awalnya nongol lenyap, arep pesen kereta untuk weekend uga war tiap jam 00.00 itu pun erornya konsisten.. ekkekeke kebantu sih kebantu, nanging tolonglah diperbaiki, jaman wis maju ini, harusnya bisa diperbaiki","Pakai app ini dari lama.. Dan makin kesini makin eror, gaada perbaikan samsek, lah masukin tgl dsb milih hari keberangkatan awalnyo nongol, tba² ke log out dewek, dicoba log in lagi bahkan sampe hapus data itu tetep tulisannyo dak ado keberangkatan, tiba² jadwal keberangkatan yg awalnyo nongol lenyap, nak pesen kereta untuk weekend jugo war tiap jam 00.00 itu pun erornyo konsisten.. ekkekeke kebantu sih kebantu, tapi tolonglah diperbaiki, jaman lah maju ini, harusnyo pacak diperbaiki","Pakai app ini dari lama.. Dan makin kesini makin eror, gaada perbaikan samsek, lah masukin tgl dsb milih hari keberangkatan awalnyo nongol, tba² ke log out sendiri, dicoba log in lagi bahkan sampe hapus data itu tetep tulisannyo tdk ado keberangkatan, tiba² jadwal keberangkatan yg awalnyo nongol lenyap, nak pesen kereta untuk weekend jugo war tiap jam 00.00 itu pun erornyo konsisten.. ekkekeke kebantu sih kebantu, tapi tolonglah diperbaiki, jaman lah maju ini, harusnyo pacak diperbaiki"
Aplikasi lemot hp kayak gak ad guna,negatif,,,,,Aplikasi lemot hp kayak ora ad guna,Aplikasi lemot hp kayak ora ad guna,Aplikasi lemot hp kayak dak ad guna,Aplikasi lemot hp kayak dak ad guna
Sistem kacau udah masuk isi data penumpang tapi tidak bisa pilih kursi dan tidak bisa lanjut pembayaran. Setelah buka lagi aplikasinya tau tau tiket habis.,,,negatif,,,Sistem kacau wis mlebu isi data penumpang nanging ora bisa pilih kursi lan ora bisa lanjut pembayaran. Sawise buka maneh aplikasinya ngerti ngerti tiket habis.,Sistem kacau wis masuk isi data penumpang nanging ora bisa pilih kursi dan ora bisa lanjut pembayaran. Setelah buka lagi aplikasinya tau tau tiket habis.,Sistem kacau lah masuk isi data penumpang tapi dak pacak pilih kursi dan dak pacak lanjut pembayaran. Setelah buka lagi aplikasinyo tau tau tiket habis.,Sistem kacau lah masuk isi data penumpang tapi dak pacak pilih kursi dan dak pacak lanjut pembayaran. Setelah buka lagi aplikasinyo tau tau tiket habis.
"Aplikasinya yg versi terbaru sdh gak konek lagi di hp saya jd sedih deh krn gak bisa pergi"" naik kereta lagi gara"" hp jadul yg gak bisa konek dgn versi terbaru 😭😭😭",negatif,,,,,"Aplikasinya yg versi terbaru sdh ora konek maneh ing hp aku jd sedih deh krn ora bisa lunga"" naik sepur maneh gara"" hp jadul yg ora bisa konek dgn versi terbaru 😭😭😭","Aplikasinya yg versi terbaru sdh ora konek lagi di hp aku jd sedih deh krn ora bisa pergi"" naik kereta lagi gara"" hp jadul yg ora bisa konek dgn versi terbaru 😭😭😭","Aplikasinyo yg versi terbaru sdh dak konek lagi di hp aku jd sedih deh krn dak pacak pergi"" naik kereta lagi gara"" hp jadul yg dak pacak konek dgn versi terbaru 😭😭😭","Aplikasinyo yg versi terbaru sdh dak konek lagi di hp aku jd sedih deh krn dak pacak pergi"" naik kereta lagi gara"" hp jadul yg dak pacak konek dgn versi terbaru 😭😭😭"
"Jaringan lambat sekali, mau ganti metode pembayaran tidak bisa terutama metode qris. qris butuh barcode, sementara ketika salah mengclick kembali otomatis harus pesan ulang tiketnya lagi",,,,negatif,,"Jaringan lambat sekali, arep ganti cara pembayaran ora bisa terutama cara qris. qris butuh barcode, sementara ketika salah mengclick bali otomatis kudu pesen ulang tiketnya maneh","Jaringan alon pisan, arep ganti metode pembayaran ora bisa terutama metode qris. qris butuh barcode, sementara ketika salah mengclick kembali otomatis harus pesen ulang tiketnya lagi","Jaringan lambat nian, nak ganti metode pembayaran dak pacak terutama metode qris. qris butuh barcode, sementara ketika salah mengclick kembali otomatis harus pesan ulang tiketnyo lagi","Jaringan lambat nian, nak ganti metode pembayaran dak pacak terutama metode qris. qris butuh barcode, sementara ketika salah mengclick kembali otomatis harus pesan ulang tiketnyo lagi"
"Sistem nga tidak bisa menyeleksi dengan baik sejak adanya update ann baru. Lebih ke curang dan telalu menunggu lama. Website pun tidak bisa digunakan. Aneh, bagaimana ini developer?",,,negatif,,,"Sistem nga ora bisa menyeleksi karo baik sejak adanya nganyari ann anyar. Luwih menyang curang lan telalu nunggu suwe. Website pun ora bisa digunakan. Aneh, bagaimana iki developer?","Sistem nga ora bisa menyeleksi karo apik sejak adanya update ann baru. Lebih ke curang dan telalu menunggu lama. Website pun ora bisa digunakan. Aneh, kepriye ini developer?","Sistem nga dak pacak menyeleksi pake baek sejak adanyo update ann baru. Lebih ke curang dan telalu menunggu lama. Website pun dak pacak digunakan. Aneh, cakmno ini developer?","Sistem nga dak pacak menyeleksi dengan baek sejak adanyo update ann baru. Lebih ke curang dan telalu menunggu lama. Website pun dak pacak digunakan. Aneh, cakmno ini developer?"
Semoga gak lemot hp nya dan aplikasiny Buat nanti war tiket lebaran,,,netral,,,Muga-muga ora lemot hp nya lan aplikasiny Kanggo nanti war tiket lebaran,Semoga ora lemot hp nya dan aplikasiny Buat nanti war tiket lebaran,Semoga dak lemot hp nyo dan aplikasiny Buat nanti war tiket lebaran,Semoga dak lemot hp nyo dan aplikasiny Buat nanti war tiket lebaran
Perlu nambah server yg lebih gede biar tidak lemot buat pesen tiket dan pilih tempat duduk,,,negatif,,,Perlu nambah server yg luwih gede ben ora lemot kanggo pesen tiket lan pilih tempat duduk,Perlu nambah server yg lebih gede biar ora lemot buat pesen tiket dan pilih tempat duduk,Perlu nambah server yg lebih gede biar dak lemot buat pesen tiket dan pilih tempat duduk,Perlu nambah server yg lebih gede biar dak lemot buat pesen tiket dan pilih tempat duduk
"Aplikasi nya Busuk Bener, untuk Upgrade Basic aja ga bisa2, Maaf saya kasih Rating Bintang SATU 1. AGAR PENGGUNA LAIN JUGA MEMBACANYA.",,,,,negatif,"Aplikasi nya Busuk Bener, kanggo Upgrade Basic aja ora bisa2, Maaf aku nuwun Rating Bintang SATU 1. AGAR PENGGUNA LAIN UGA MEMBACANYA.","Aplikasi nya Busuk Bener, untuk Upgrade Basic wae ora bisa2, Maaf aku kasih Rating Bintang SATU 1. AGAR PENGGUNA LAIN UGA MEMBACANYA.","Aplikasi nyo Busuk Bener, untuk Upgrade Basic bae dak bisa2, Maaf aku kasih Rating Bintang SATU 1. AGAR PENGGUNA LAIN JUGO MEMBACAnyo.","Aplikasi nyo Busuk Bener, untuk Upgrade Basic bae ga bisa2, Maaf aku kasih Rating Bintang SATU 1. AGAR PENGGUNA LAIN jugo MEMBACANYA."
"Kog jd susah masuk sih KAI, sandi sudah benar masih aja salah terus,ini aplikasi yg lama udah okeh malah kayak gini sekarang",,,,,negatif,"Kog jd susah mlebu sih KAI, sandi wis benar isih aja salah terus,iki aplikasi yg suwe wis okeh malah kayak gini saiki","Kog jd susah masuk sih KAI, sandi wis bener masih wae salah terus,ini aplikasi yg lama wis okeh malah kayak gini saiki","Kog jd susah masuk sih KAI, sandi lah bener masih bae salah terus,ini aplikasi yg lama lah okeh malah kayak gini sekarang","Kog jd susah masuk sih KAI, sandi lah benar masih bae salah terus,ini aplikasi yg lama lah okeh malah kayak gini sekarang"
"Setelah di Update jadi semakin Ribet, lebih suka Versi yang lama",,negatif,,,,"Sawise ing Nganyari dadi sansaya Ribet, luwih suka Versi sing suwe","Setelah di Update jadi semakin Ribet, lebih suka Versi yang lama","Setelah di Update jadi semakin Ribet, lebih suka Versi yang lama","Setelah di Update jadi semakin Ribet, lebih suka Versi yang lama"
Dikit² update dikit² update tapi aplikasinya loading,negatif,,,,negatif,Dikit² nganyari dikit² nganyari nanging aplikasinya muter,Dikit² update dikit² update nanging aplikasinya loading,Dikit² update dikit² update tapi aplikasinyo loading,Dikit² update dikit² update tapi aplikasinyo loading
"Dear Developer, saya ga bisa cek fitur live tracking, padahal sudah update kai versi terbaru. Apakah versi hp berpengaruh pada fitur tersebut? Mohon info & perbaikannya. Thanks",,,negatif,,,"Dear Developer, aku ora bisa cek fitur live tracking, padahal wis nganyari kai versi terbaru. Apakah versi hp berpengaruh pada fitur tersebut? Nyuwun info & perbaikannya. Thanks","Dear Developer, aku ora bisa cek fitur live tracking, padahal wis update kai versi terbaru. Apakah versi hp berpengaruh pada fitur tersebut? Mohon info & perbaikannya. Thanks","Dear Developer, aku dak pacak cek fitur live tracking, padahal lah update kai versi terbaru. Apakah versi hp berpengaruh pada fitur tersebut? Mohon info & perbaikannyo. Thanks","Dear Developer, aku ga pacak cek fitur live tracking, padahal lah update kai versi terbaru. Apakah versi hp berpengaruh pada fitur tersebut? Mohon info & perbaikannyo. Thanks"
"beli tiket kereta tapi gagal (ZONK). padahal di apk lain udah berhasil pembayaran tiketnya. tolong tanggung jawabnya KAI, masak beli tiket tapi gaada tiketnya😤, Aplikasi sering lemottt, loading muluu, gangguan muluuu. tingkatin lagii dong performanya.",,,negatif,,,"tumbas tiket sepur nanging gagal (ZONK). padahal ing apk lain wis berhasil pembayaran tiketnya. tulung tanggung jawabnya KAI, masak tumbas tiket nanging gaada tiketnya😤, Aplikasi sering lemottt, muter muluu, gangguan muluuu. tingkatin lagii dong performanya.","beli tiket kereta nanging gagal (ZONK). padahal di apk lain wis berhasil pembayaran tiketnya. tolong tanggung jawabnya KAI, masak beli tiket nanging gaada tiketnya😤, Aplikasi sering lemottt, loading muluu, gangguan muluuu. tingkatin lagii dong performanya.","beli tiket kereta tapi gagal (ZONK). padahal di apk lain lah berhasil pembayaran tiketnyo. tolong tanggung jawabnyo KAI, masak beli tiket tapi gaada tiketnyo😤, Aplikasi sering lemottt, loading muluu, gangguan muluuu. tingkatin lagii dong performanyo.","beli tiket kereta tapi gagal (ZONK). padahal di apk lain lah berhasil pembayaran tiketnyo. tolong tanggung jawabnyo KAI, masak beli tiket tapi gaada tiketnyo😤, Aplikasi sering lemottt, loading muluu, gangguan muluuu. tingkatin lagii dong performanyo."
Habis di update kok malah susah mau beli tiket pake dalam antrian² yg memperlambat saja,,,negatif,,,Habis ing nganyari kok malah susah arep tumbas tiket nganggo jero antrian² yg memperlambat saja,Habis di update kok malah susah arep beli tiket pake jero antrian² yg memperlambat wae,Habis di update kok malah susah nak beli tiket pake dalem antrian² yg memperlambat bae,Habis di update kok malah susah nak beli tiket pake dalam antrian² yg memperlambat bae
Disuruh upgrade terus hampir tiap bulan seperti ini. Ketika sudah diupgrade nanti masih loading dan error' utk buka aplikasi,negatif,,,,negatif,Disuruh upgrade terus hampir saben bulan seperti iki. Ketika wis diupgrade nanti isih muter lan error' utk buka aplikasi,Disuruh upgrade terus hampir tiap bulan kaya ini. Ketika wis diupgrade nanti masih loading dan rusak' utk buka aplikasi,Disuruh upgrade terus hampir tiap bulan cak ini. Ketika lah diupgrade nanti masih loading dan error' utk buka aplikasi,Disuruh upgrade terus hampir tiap bulan cak ini. Ketika lah diupgrade nanti masih loading dan error' utk buka aplikasi
"Jelek, sering lemot, pembayaran masuk lama",negatif,,,negatif,,"Jelek, sering lemot, pembayaran mlebu suwe","Jelek, sering lemot, pembayaran masuk lama","Jelek, sering lemot, pembayaran masuk lama","Jelek, sering lemot, pembayaran masuk lama"
Saat melihat lokasi aplikasi nya jadi keluar sendiri. Mohon di perbaiki,negatif,,,,,Wektu ndeleng lokasi aplikasi nya dadi metu sendiri. Nyuwun ing benerake,Saat ndeleng lokasi aplikasi nya jadi keluar dhewe. Mohon di perbaiki,Saat menengok lokasi aplikasi nyo jadi keluar dewek. Mohon di perbaiki,Saat melihat lokasi aplikasi nyo jadi keluar sendiri. Mohon di perbaiki
Ngelawak mulu. Udah tinggal 1 menit. Malah langsung jadi 40 menit lebih. Tambah Server ngapa,,,negatif,,,Ngelawak terus. Wis tinggal 1 menit. Malah langsung dadi 40 menit luwih. Tambah Server ngapa,Ngelawak mulu. Wis tinggal 1 menit. Malah langsung jadi 40 menit lebih. Tambah Server ngapa,Ngelawak mulu. Lah tinggal 1 menit. Malah langsung jadi 40 menit lebih. Tambah Server ngapa,Ngelawak mulu. lah tinggal 1 menit. Malah langsung jadi 40 menit lebih. Tambah Server ngapa
kenapa setiap mau beli jadwal tidak tersedia terus 😭🙏🏻 sebelumnya aman aman aja lhohhh setelah update error mulu,,,negatif,,,kena apa saben arep tumbas jadwal ora tersedia terus 😭🙏🏻 sebelumnya aman aman aja lhohhh sawise nganyari error terus,kena apa setiap arep beli jadwal ora tersedia terus 😭🙏🏻 sebelumnya aman aman wae lhohhh setelah update rusak mulu,ngapo setiap nak beli jadwal dak tersedia terus 😭🙏🏻 sebelumnyo aman aman bae lhohhh setelah update error mulu,ngapo setiap nak beli jadwal dak tersedia terus 😭🙏🏻 sebelumnyo aman aman bae lhohhh setelah update error mulu
"Aplikasi ini mendeteksi apliksi buatan saya sebagai warning, padahal aplikasi saya dipublish di playstore resmi diantivirus aman, bahkan google pindai app saya juga aman. ini sangat merugikan saya. rating aplikasi ini saja 2 kenapa bisa menilai aplikasi lain? tolong developernya mikir, jgn asal tuduh. apa parameter yg anda pakai. jgn2 cuma copy paste kode dari github. fokus saja sama produkmu",negatif,,,,,"Aplikasi iki mendeteksi apliksi buatan aku sebagai warning, padahal aplikasi aku dipublish ing playstore resmi diantivirus aman, bahkan google pindai app aku uga aman. iki banget merugikan aku. rating aplikasi iki saja 2 kena apa bisa menilai aplikasi lain? tulung developernya mikir, jgn asal tuduh. apa parameter yg anda nganggo. jgn2 mung copy paste kode dari github. fokus saja padha produkmu","Aplikasi ini mendeteksi apliksi buatan aku sebagai warning, padahal aplikasi aku dipublish di playstore resmi diantivirus aman, bahkan google pindai app aku uga aman. ini banget merugikan aku. rating aplikasi ini wae 2 kena apa bisa menilai aplikasi lain? tolong developernya mikir, jgn asal tuduh. apa parameter yg anda pakai. jgn2 mung copy paste kode dari github. fokus wae karo produkmu","Aplikasi ini mendeteksi apliksi buatan aku sebagai warning, padahal aplikasi aku dipublish di playstore resmi diantivirus aman, bahkan google pindai app aku jugo aman. ini nian merugikan aku. rating aplikasi ini bae 2 ngapo pacak menilai aplikasi lain? tolong developernyo mikir, jgn asal tuduh. apo parameter yg anda pakai. jgn2 cuman copy paste kode dari github. fokus bae samo produkmu","Aplikasi ini mendeteksi apliksi buatan aku sebagai warning, padahal aplikasi aku dipublish di playstore resmi diantivirus aman, bahkan google pindai app aku jugo aman. ini nian merugikan aku. rating aplikasi ini bae 2 ngapo pacak menilai aplikasi lain? tolong developernyo mikir, jgn asal tuduh. apo parameter yg anda pakai. jgn2 cuman copy paste kode dari github. fokus bae samo produkmu"
"apk aneh...bisa download di ps, setelah terinstal tidak bisa masuk..tidak ada akses internet..apk ini hanya bisa di gunakan dengan akses wifi...untuk penggunaan data tidak akan pernah berhasil walaupun apk sudah update,jaringan bagus,tidak menggunakan vpn",negatif,,,,,"apk aneh...bisa download ing ps, sawise terinstal ora bisa mlebu..ora ana akses internet..apk iki hanya bisa ing enggo karo akses wifi...kanggo penggunaan data ora akan pernah berhasil walaupun apk wis nganyari,jaringan apik,ora menggunakan vpn","apk aneh...bisa download di ps, setelah terinstal ora bisa masuk..ora ana akses internet..apk ini hanya bisa di gunakan karo akses wifi...untuk penggunaan data ora akan pernah berhasil walaupun apk wis update,jaringan apik,ora menggunakan vpn","apk aneh...pacak download di ps, setelah terinstal dak pacak masuk..dak ado akses internet..apk ini hanyo pacak di gunakan pake akses wifi...untuk penggunaan data dak akan pernah berhasil walaupun apk lah update,jaringan bagus,dak menggunakan vpn","apk aneh...pacak download di ps, setelah terinstal dak pacak masuk..dak ado akses internet..apk ini hanyo pacak di gunakan dengan akses wifi...untuk penggunaan data dak akan pernah berhasil walaupun apk lah update,jaringan bagus,dak menggunakan vpn"
"Tolong dong aplikasi nya di maintenance lagi, percuma ada aplikasi kalo ujung ujung nya eror mulu, gw mau pesan tiket gak bisa Mulu, jadi klo emang gak niat bangun aplikasi mending gak usah aja sekalian",,,negatif,,,"Tulung dong aplikasi nya ing maintenance maneh, percuma ana aplikasi yen ujung ujung nya rusak terus, gw arep pesen tiket ora bisa Terus, dadi yen emang ora niat bangun aplikasi mending ora perlu aja sekalian","Tolong dong aplikasi nya di maintenance lagi, percuma ana aplikasi yen ujung ujung nya eror mulu, aku arep pesen tiket ora bisa Mulu, jadi klo emang ora niat bangun aplikasi mending ora usah wae sekalian","Tolong dong aplikasi nyo di maintenance lagi, percuma ado aplikasi men ujung ujung nyo eror mulu, aku nak pesan tiket dak pacak Mulu, jadi klo emang dak niat bangun aplikasi mending dak usah bae sekalian","Tolong dong aplikasi nyo di maintenance lagi, percuma ado aplikasi men ujung ujung nyo eror mulu, aku nak pesan tiket dak pacak Mulu, jadi klo emang dak niat bangun aplikasi mending dak usah bae sekalian"
"mau beli tiket suruh upgrade, giliran udah masukin data katanya datanya udah ada, terus gimana???? saya balik pesen tiket lagi ga bisa karena belom update, saya masukin data lagi dan masih kaya gitu lagi, gitu aja terosss, ga beres banget ni apk lama""",,,negatif,,,"arep tumbas tiket suruh upgrade, giliran wis masukin data jarene datanya wis ana, terus gimana???? aku balik pesen tiket maneh ora bisa karena belom nganyari, aku masukin data maneh lan isih kaya gitu maneh, gitu aja terosss, ora beres banget ni apk suwe""","arep beli tiket suruh upgrade, giliran wis masukin data katanya datanya wis ana, terus kepriye???? aku balik pesen tiket lagi ora bisa karena belom update, aku masukin data lagi dan masih kaya gitu lagi, gitu wae terosss, ora beres banget ni apk lama""","nak beli tiket suruh upgrade, giliran lah masukin data katanyo datanyo lah ado, terus cakmno???? aku balik pesen tiket lagi dak pacak karena belom update, aku masukin data lagi dan masih kaya gitu lagi, gitu bae terosss, dak beres nian ni apk lama""","nak beli tiket suruh upgrade, giliran lah masukin data katanyo datanyo lah ado, terus cakmno???? aku balik pesen tiket lagi ga pacak karena belom update, aku masukin data lagi dan masih kaya gitu lagi, gitu bae terosss, ga beres nian ni apk lama"""
"udah di updte bukannya tambah bagus malah gelas, antri waktunya bukannya ngurang malah nambah, 8 menit jadi setengah jam, waktunya habis malah jadwal tidak di temukan. gimana sih",,,negatif,,,"wis ing updte nanging tambah apik malah gelas, antri wektune nanging ngurang malah nambah, 8 menit dadi setengah jam, wektune habis malah jadwal ora ing temukan. gimana sih","wis di updte bukannya tambah apik malah gelas, antri waktunya bukannya ngurang malah nambah, 8 menit jadi setengah jam, waktunya habis malah jadwal ora di temukan. kepriye sih","lah di updte bukannyo tambah bagus malah gelas, antri waktunyo bukannyo ngurang malah nambah, 8 menit jadi setengah jam, waktunyo habis malah jadwal dak di temukan. cakmno sih","lah di updte bukannyo tambah bagus malah gelas, antri waktunyo bukannyo ngurang malah nambah, 8 menit jadi setengah jam, waktunyo habis malah jadwal dak di temukan. cakmno sih"
"CUSTOMER SERVICE GAK DI WA, TWITTER NGEBALASNYA DARI PAGI KE PAGI LAGI. PADA TIDUR X YA SEMUANYA, HELLOOO TIDAK SEMUA MASYARAKAT SETIAP HARI , HBGI KAI CHAT WA, DM IG/TWITTER SAMPE NGEBALAS LAMA AMAT. PELAYANAN KONYOL DAN ANEHNYA LAGI MASA CS TIDAK BISA NGECEK KURSI NOMOR BERAPA BERHADAPAN? PADA PEGANG SISTEM BISA2 NANTI HBGI LAGI 1JAM/ PULSA SUDAH HABIS 20RB HNY NGECEK SISTEM YANG ADA DI DEPAN MATA CS. SALDO AKU MASIH ADA 4000 DISITU, BIAYA ADMIN TOPUP MAHAL. ERROR JUGA TUH SISTEM MRKA",,,,,,"CUSTOMER SERVICE ORA ING WA, TWITTER NGEBALASNYA DARI PAGI MENYANG PAGI MANEH. PADA TIDUR X YA SEMUANYA, HELLOOO ORA SEMUA MASYARAKAT SABEN DINA , HBGI KAI CHAT WA, DM IG/TWITTER NGANTI NGEBALAS SUWE AMAT. PELAYANAN KONYOL LAN ANEHNYA MANEH MANGSA CS ORA BISA NGECEK KURSI NOMOR BERAPA BERHADAPAN? PADA PEGANG SISTEM BISA2 NANTI HBGI MANEH 1JAM/ PULSA WIS HABIS 20RB HNY NGECEK SISTEM SING ANA ING DEPAN MATA CS. SALDO AKU ISIH ANA 4000 DISITU, BIAYA ADMIN TOPUP MAHAL. ERROR UGA TUH SISTEM MRKA","CUSTOMER SERVICE ORA DI WA, TWITTER NGEBALASNYA DARI PAGI KE PAGI LAGI. PADA TIDUR X YA SEMUANYA, HELLOOO ORA KABEH MASYARAKAT SETIAP HARI , HBGI KAI CHAT WA, DM IG/TWITTER SAMPE NGEBALAS LAMA AMAT. PELAYANAN KONYOL DAN ANEHNYA LAGI MASA CS ORA BISA NGECEK KURSI NOMOR BERAPA BERHADAPAN? PADA PEGANG SISTEM BISA2 NANTI HBGI LAGI 1JAM/ PULSA WIS HABIS 20RB HNY NGECEK SISTEM YANG ANA DI DEPAN MATA CS. SALDO AKU MASIH ANA 4000 DISITU, BIAYA ADMIN TOPUP MAHAL. RUSAK UGA TUH SISTEM MRKA","CUSTOMER SERVICE DAK DI WA, TWITTER NGEBALASnyo DARI PAGI KE PAGI LAGI. PADA TIDUR X YA SEMUAnyo, HELLOOO DAK GALO MASYARAKAT SETIAP HARI , HBGI KAI CHAT WA, DM IG/TWITTER SAMPE NGEBALAS LAMA AMAT. PELAYANAN KONYOL DAN ANEHnyo LAGI MASA CS DAK PACAK NGECEK KURSI NOMOR BERAPA BERHADAPAN? PADA PEGANG SISTEM BISA2 NANTI HBGI LAGI 1JAM/ PULSA LAH HABIS 20RB HNY NGECEK SISTEM YANG ADO DI DEPAN MATA CS. SALDO AKU MASIH ADO 4000 DISITU, BIAYA ADMIN TOPUP MAHAL. ERROR JUGO TUH SISTEM MRKA","CUSTOMER SERVICE dak DI WA, TWITTER NGEBALASNYA DARI PAGI KE PAGI LAGI. PADA TIDUR X YA SEMUANYA, HELLOOO dak SEMUA MASYARAKAT SETIAP HARI , HBGI KAI CHAT WA, DM IG/TWITTER SAMPE NGEBALAS LAMA AMAT. PELAYANAN KONYOL DAN ANEHNYA LAGI MASA CS dak pacak NGECEK KURSI NOMOR BERAPA BERHADAPAN? PADA PEGANG SISTEM BISA2 NANTI HBGI LAGI 1JAM/ PULSA lah HABIS 20RB HNY NGECEK SISTEM YANG ado DI DEPAN MATA CS. SALDO AKU MASIH ado 4000 DISITU, BIAYA ADMIN TOPUP MAHAL. ERROR jugo TUH SISTEM MRKA"
Update terus bknya tambah bagus sistem tambah ruwet bkn tambah cpt atau lainya malah tambah susah,negatif,,,,,Nganyari terus bknya tambah apik sistem tambah ruwet bkn tambah cpt utawa lainya malah tambah susah,Update terus bknya tambah apik sistem tambah ruwet bkn tambah cpt atau lainya malah tambah susah,Update terus bknyo tambah bagus sistem tambah ruwet bkn tambah cpt atau lainyo malah tambah susah,Update terus bknyo tambah bagus sistem tambah ruwet bkn tambah cpt atau lainyo malah tambah susah
Tidak bisa dipesan... Selalu ada tulisan tidak ada jadwal.. Error,,,negatif,,,Ora bisa dipesan... Selalu ana tulisan ora ana jadwal.. Error,Ora bisa dipesan... Selalu ana tulisan ora ana jadwal.. Rusak,Dak pacak dipesan... Selalu ado tulisan dak ado jadwal.. Error,dak pacak dipesan... Selalu ado tulisan dak ado jadwal.. Error
Lagi lagi layanan pemerintah jika membuat aplikasi pasti ga pernah bener. Ada aja kekurangan yang meribetkan,,,,,,Maneh maneh layanan pemerintah jika membuat aplikasi pasti ora pernah bener. Ana aja kekurangan sing meribetkan,Lagi lagi layanan pemerintah jika membuat aplikasi pasti ora pernah bener. Ana wae kekurangan yang meribetkan,Lagi lagi layanan pemerintah jika membuat aplikasi pasti dak pernah bener. Ado bae kekurangan yang meribetkan,Lagi lagi layanan pemerintah jika membuat aplikasi pasti ga pernah bener. ado bae kekurangan yang meribetkan
"aplikasi sering eror, waktu mau pembayaran sering ngak bisa, tolong diperbaiki aplikasinya",,,,negatif,,"aplikasi sering rusak, wektu arep pembayaran sering ngak bisa, tulung benerake aplikasinya","aplikasi sering eror, waktu arep pembayaran sering ngak bisa, tolong diperbaiki aplikasinya","aplikasi sering eror, waktu nak pembayaran sering ngak pacak, tolong diperbaiki aplikasinyo","aplikasi sering eror, waktu nak pembayaran sering ngak pacak, tolong diperbaiki aplikasinyo"
aplikasi kok minta di update terus. heran banget ada aja terus pembaharuan. Masak tiap ganti event harus update terus pengguna. Capek ah,,,,,negatif,aplikasi kok minta ing nganyari terus. heran banget ana aja terus pembaharuan. Masak saben ganti event kudu nganyari terus pengguna. Sayah ah,aplikasi kok minta di update terus. heran banget ana wae terus pembaharuan. Masak tiap ganti event harus update terus pengguna. Capek ah,aplikasi kok minta di update terus. heran nian ado bae terus pembaharuan. Masak tiap ganti event harus update terus pengguna. Capek ah,aplikasi kok minta di update terus. heran nian ado bae terus pembaharuan. Masak tiap ganti event harus update terus pengguna. Capek ah
"Tim IT kai gabut nih, kayaknya baru ganti atasan atau udah kebanyakan orang jadi banyak yg idle dan bikin kerjaan ga perlu. Udah bagus padahal sebelum ada update lancar2 aja sekarang malah masuk antrean jadi lama banget buat pesannya. Emang kocak sih",,,negatif,,,"Tim IT kai gabut nih, kayaknya anyar ganti atasan utawa wis kakehan orang dadi akeh yg idle lan bikin kerjaan ora perlu. Wis apik padahal sebelum ana nganyari lancar2 aja saiki malah mlebu antrean dadi suwe banget kanggo pesannya. Emang kocak sih","Tim IT kai gabut nih, kayaknya baru ganti atasan atau wis kebanyakan wong jadi banyak yg idle dan bikin kerjaan ora perlu. Wis apik padahal sebelum ana update lancar2 wae saiki malah masuk antrean jadi lama banget buat pesannya. Emang kocak sih","Tim IT kai gabut nih, kayaknyo baru ganti atasan atau lah kebanyakan wong jadi banyak yg idle dan bikin kerjaan dak perlu. Lah bagus padahal sebelum ado update lancar2 bae sekarang malah masuk antrean jadi lama nian buat pesannyo. Emang kocak sih","Tim IT kai gabut nih, kayaknyo baru ganti atasan atau lah kebanyakan wong jadi banyak yg idle dan bikin kerjaan ga perlu. lah bagus padahal sebelum ado update lancar2 bae sekarang malah masuk antrean jadi lama nian buat pesannyo. Emang kocak sih"
Disuruh untuk upgrade tapi pas waktu mau upgrade sistem eror terus sudah ganti email dan nomor telepon masih sama aja eror,,,,,negatif,Disuruh kanggo upgrade nanging pas wektu arep upgrade sistem rusak terus wis ganti email lan nomor telepon isih padha aja rusak,Disuruh untuk upgrade nanging pas waktu arep upgrade sistem eror terus wis ganti email dan nomor telepon masih karo wae eror,Disuruh untuk upgrade tapi pas waktu nak upgrade sistem eror terus lah ganti email dan nomor telepon masih samo bae eror,Disuruh untuk upgrade tapi pas waktu nak upgrade sistem eror terus lah ganti email dan nomor telepon masih samo bae eror
"Aplikasi terburuk dari KAI, tampilan OK, performa sangat buruk cenderung burik!!! Aplikasi juancok!!! Rugi 1 hari hampir 1 juta. Gegara pesan Gambir keluar Jatinegara!!! Menyebalkan...",,positif,negatif,,,"Aplikasi terburuk dari KAI, tampilan OK, performa banget buruk cenderung burik!!! Aplikasi juancok!!! Rugi 1 dina hampir 1 juta. Gegara pesen Gambir metu Jatinegara!!! Menyebalkan...","Aplikasi terburuk dari KAI, tampilan OK, performa banget ala cenderung burik!!! Aplikasi juancok!!! Rugi 1 hari hampir 1 juta. Gegara pesen Gambir keluar Jatinegara!!! Menyebalkan...","Aplikasi terburuk dari KAI, tampilan OK, performa nian buruk cenderung burik!!! Aplikasi juancok!!! Rugi 1 hari hampir 1 juta. Gegara pesan Gambir keluar Jatinegara!!! Menyebalkan...","Aplikasi terburuk dari KAI, tampilan OK, performa nian buruk cenderung burik!!! Aplikasi juancok!!! Rugi 1 hari hampir 1 juta. Gegara pesan Gambir keluar Jatinegara!!! Menyebalkan..."
"Aplikasinya payah kali yang sekarang, beda sama yang versi lama nya. Untuk liat jadwal kereta api aja gak bisa, tiap di akses selalu bacaannya ""Jadwal Tidak Ditemukan"". Capek kali liatnya gitu terus. Padahal ada rencana pergi ke suatu tempat naik kereta api, tapi kalok kayak gini ya payah juga mau menyesuaikan jadwal pribadi dengan kereta api yang ada",,,negatif,,,"Aplikasinya payah kali sing saiki, beda padha sing versi suwe nya. Kanggo liat jadwal sepur api aja ora bisa, saben ing akses selalu bacaannya ""Jadwal Ora Ditemukan"". Sayah kali liatnya gitu terus. Padahal ana rencana lunga menyang suatu tempat naik sepur api, nanging kalok kayak gini ya payah uga arep menyesuaikan jadwal pribadi karo sepur api sing ana","Aplikasinya payah kali yang saiki, beda karo yang versi lama nya. Untuk deleng jadwal kereta api wae ora bisa, tiap di akses selalu bacaannya ""Jadwal Ora Ditemukan"". Capek kali liatnya gitu terus. Padahal ana rencana pergi ke suatu tempat naik kereta api, nanging kalok kayak gini ya payah uga arep menyesuaikan jadwal pribadi karo kereta api yang ana","Aplikasinyo payah kali yang sekarang, beda samo yang versi lama nyo. Untuk tengok jadwal kereta api bae dak pacak, tiap di akses selalu bacaannyo ""Jadwal Dak Ditemukan"". Capek kali liatnyo gitu terus. Padahal ado rencana pergi ke suatu tempat naik kereta api, tapi kalok kayak gini ya payah jugo nak menyesuaikan jadwal pribadi pake kereta api yang ado","Aplikasinyo payah kali yang sekarang, beda samo yang versi lama nyo. Untuk liat jadwal kereta api bae dak pacak, tiap di akses selalu bacaannyo ""Jadwal dak Ditemukan"". Capek kali liatnyo gitu terus. Padahal ado rencana pergi ke suatu tempat naik kereta api, tapi kalok kayak gini ya payah jugo nak menyesuaikan jadwal pribadi dengan kereta api yang ado"
Aplikasi ini skrg menyuru kita untuk ganti hp yg lebih tinggi speknya.sehingga di hp kita yg android sblmnya tidak bisa dipakai LG..jgan lah bgitu kalo pembaharuan aplikasi yg wajar2 aja..GK semua kita punya duit tuk ganti hp dgn spek yg tnggi.masak dhp kita yg 1 LG aplikasi kai acces dh GK bsa,negatif,,,,,Aplikasi iki skrg menyuru kowe kanggo ganti hp yg luwih tinggi speknya.sehingga ing hp kowe yg android sblmnya ora bisa dipakai LG..jgan yo bgitu yen pembaharuan aplikasi yg wajar2 aja..ORA semua kowe punya duit tuk ganti hp dgn spek yg tnggi.masak dhp kowe yg 1 LG aplikasi kai acces dh ORA bsa,Aplikasi ini skrg menyuru kabeh untuk ganti hp yg lebih tinggi speknya.sehingga di hp kabeh yg android sblmnya ora bisa dipakai LG..jgan lah bgitu yen pembaharuan aplikasi yg wajar2 wae..GK kabeh kabeh punya duit tuk ganti hp dgn spek yg tnggi.masak dhp kabeh yg 1 LG aplikasi kai acces dh GK bsa,Aplikasi ini skrg menyuru kito untuk ganti hp yg lebih tinggi speknyo.sehingga di hp kito yg android sblmnyo dak pacak dipakai LG..jgan lah bgitu men pembaharuan aplikasi yg wajar2 bae..GK galo kito punyo duit tuk ganti hp dgn spek yg tnggi.masak dhp kito yg 1 LG aplikasi kai acces dh GK bsa,Aplikasi ini skrg menyuru kito untuk ganti hp yg lebih tinggi speknyo.sehingga di hp kito yg android sblmnyo dak pacak dipakai LG..jgan lah bgitu men pembaharuan aplikasi yg wajar2 bae..GK semua kito punyo duit tuk ganti hp dgn spek yg tnggi.masak dhp kito yg 1 LG aplikasi kai acces dh GK bsa
"Akhir akhir ini aplikasi tidak bisa di acces. Padahal sudah di update versi terbaru dan tidak ada gangguan pada sinyal. Yg nampak hanya gambar hitam, tidak bisa log in apalagi memesan tiket. Mohon bantuannya agar supaya masalah ini cepat di atasi. Terima kasih",negatif,,,,,"Pungkasan pungkasan iki aplikasi ora bisa ing acces. Padahal wis ing nganyari versi terbaru lan ora ana gangguan pada sinyal. Yg nampak hanya gambar hitam, ora bisa log in apalagi memesan tiket. Nyuwun bantuannya agar supaya masalah iki cepet ing atasi. Matur nuwun","Akhir akhir ini aplikasi ora bisa di acces. Padahal wis di update versi terbaru dan ora ana gangguan pada sinyal. Yg nampak hanya gambar hitam, ora bisa log in apalagi memesan tiket. Mohon bantuannya agar supaya masalah ini cepet di atasi. Terima kasih","Akhir akhir ini aplikasi dak pacak di acces. Padahal lah di update versi terbaru dan dak ado gangguan pada sinyal. Yg nampak hanyo gambar hitam, dak pacak log in apalagi memesan tiket. Mohon bantuannyo agar supaya masalah ini cepet di atasi. Terima kasih","Akhir akhir ini aplikasi dak pacak di acces. Padahal lah di update versi terbaru dan dak ado gangguan pada sinyal. Yg nampak hanyo gambar hitam, dak pacak log in apalagi memesan tiket. Mohon bantuannyo agar supaya masalah ini cepet di atasi. Terima kasih"
"aplikasi rusak, banyak bgt bugnya. not rekomen buat booking",negatif,,,,,"aplikasi rusak, akeh bgt bugnya. not rekomen kanggo pesen","aplikasi rusak, banyak banget bugnya. not rekomen buat booking","aplikasi rusak, banyak nian bugnyo. not rekomen buat booking","aplikasi rusak, banyak bgt bugnyo. not rekomen buat booking"
"pemesanan tiket timeout terus, dicoba terus dari 2 jam sebelum berangkat sampai 5 menit sebelum jadwal kereta berangkat, ini aplikasi udah siap apa belum sih sebenarnya buat mempermudah pelayanan ?. kacau ni",,,negatif,,,"pesenan tiket timeout terus, dicoba terus dari 2 jam sebelum berangkat sampai 5 menit sebelum jadwal sepur berangkat, iki aplikasi wis siap apa durung sih sebenarnya kanggo mempermudah pelayanan ?. kacau ni","pemesanan tiket timeout terus, dicoba terus dari 2 jam sebelum berangkat sampai 5 menit sebelum jadwal kereta berangkat, ini aplikasi wis siap apa belum sih sebenarnya buat mempermudah pelayanan ?. kacau ni","pemesanan tiket timeout terus, dicoba terus dari 2 jam sebelum berangkat sampai 5 menit sebelum jadwal kereta berangkat, ini aplikasi lah siap apo belum sih sebenarnyo buat mempermudah pelayanan ?. kacau ni","pemesanan tiket timeout terus, dicoba terus dari 2 jam sebelum berangkat sampai 5 menit sebelum jadwal kereta berangkat, ini aplikasi lah siap apo belum sih sebenarnyo buat mempermudah pelayanan ?. kacau ni"
"Apk lemot, saat pengisian saldo lama sekali.",,,,negatif,,"Apk lemot, wektu pengisian saldo suwe sekali.","Apk lemot, saat pengisian saldo lama pisan.","Apk lemot, saat pengisian saldo lama nian.","Apk lemot, saat pengisian saldo lama nian."
"aplikasi lelet, respon lambat, tiket susah muncul, berantakan, kacau balau",negatif,,negatif,,,"aplikasi alon, respon lambat, tiket susah muncul, berantakan, kacau balau","aplikasi alon, respon alon, tiket susah muncul, berantakan, kacau balau","aplikasi lelet, respon lambat, tiket susah muncul, berantakan, kacau balau","aplikasi lelet, respon lambat, tiket susah muncul, berantakan, kacau balau"
"aplikasi eror melulu, pesan tiket, masuk antrian lama, setelah habis antrian, eror terus.. percuma top up",,,negatif,,,"aplikasi rusak melulu, pesen tiket, mlebu antrean suwe, sawise habis antrean, rusak terus.. percuma top up","aplikasi eror melulu, pesen tiket, masuk antrian lama, setelah habis antrian, eror terus.. percuma top up","aplikasi eror melulu, pesan tiket, masuk antrian lama, setelah habis antrian, eror terus.. percuma top up","aplikasi eror melulu, pesan tiket, masuk antrian lama, setelah habis antrian, eror terus.. percuma top up"
Maaf kasih bintang 2....aplikasinya ini memang membatu tapi harus sering di update...klo ngg di update ngg ke buka aplikasinya,,,,,konflik,Maaf nuwun bintang 2....aplikasinya iki bener-bener membatu nanging kudu sering ing nganyari...yen ngg ing nganyari ngg menyang buka aplikasinya,Maaf kasih bintang 2....aplikasinya ini memang membatu nanging harus sering di update...klo ngg di update ngg ke buka aplikasinya,Maaf kasih bintang 2....aplikasinyo ini memang membatu tapi harus sering di update...klo ngg di update ngg ke buka aplikasinyo,Maaf kasih bintang 2....aplikasinyo ini memang membatu tapi harus sering di update...klo ngg di update ngg ke buka aplikasinyo
"Aplikasinya sampah banget🙏🏻sering error dan otp tidak valid tolong di perbaiki yaaa, soalnya salah satu masalah yang orang jadi malas naik kereta karena pemesanan tiketnya aja ribet banyak kendala di aplikasinya.",,,negatif,,negatif,"Aplikasinya sampah banget🙏🏻sering error lan otp ora valid tulung ing benerake yaaa, soalnya salah satu masalah sing orang dadi malas naik sepur karena pesenan tiketnya aja ribet akeh kendala ing aplikasinya.","Aplikasinya sampah banget🙏🏻sering rusak dan otp ora valid tolong di perbaiki yaaa, soalnya salah satu masalah yang wong jadi malas naik kereta karena pemesanan tiketnya wae ribet banyak kendala di aplikasinya.","Aplikasinyo sampah nian🙏🏻sering error dan otp dak valid tolong di perbaiki yaaa, soalnyo salah satu masalah yang wong jadi malas naik kereta karena pemesanan tiketnyo bae ribet banyak kendala di aplikasinyo.","Aplikasinyo sampah nian🙏🏻sering error dan otp dak valid tolong di perbaiki yaaa, soalnyo salah satu masalah yang wong jadi malas naik kereta karena pemesanan tiketnyo bae ribet banyak kendala di aplikasinyo."
"Hallo kak, kenapa aplikasi acces by kai, saat dibuka keluar sendiri, terimakasih minta solusinya kak",negatif,,,,,"Hallo kak, kena apa aplikasi acces by kai, wektu dibuka metu sendiri, terimakasih minta solusinya kak","Hallo kak, kena apa aplikasi acces by kai, saat dibuka keluar dhewe, terimakasih minta solusinya kak","Hallo kak, ngapo aplikasi acces by kai, saat dibuka keluar dewek, terimakasih minta solusinyo kak","Hallo kak, ngapo aplikasi acces by kai, saat dibuka keluar sendiri, terimakasih minta solusinyo kak"
"bisa bisa nya baru update di playstore trus user dipaksa update, dikira semua hp pasti kompatibel sama app yang baru? sekarang malah gabisa dibuka. busuk banget",negatif,,,,,"bisa bisa nya anyar nganyari ing playstore trus user dipaksa nganyari, dikira semua hp pasti kompatibel padha app sing anyar? saiki malah gabisa dibuka. busuk banget","bisa bisa nya baru update di playstore trus user dipaksa update, dikira kabeh hp pasti kompatibel karo app yang baru? saiki malah gabisa dibuka. busuk banget","pacak pacak nyo baru update di playstore trus user dipaksa update, dikira galo hp pasti kompatibel samo app yang baru? sekarang malah gabisa dibuka. busuk nian","pacak pacak nyo baru update di playstore trus user dipaksa update, dikira semua hp pasti kompatibel samo app yang baru? sekarang malah gabisa dibuka. busuk nian"
"Susah sekali dapet tiket buat lebaran,loading terus",,,negatif,,,"Susah sekali dapet tiket kanggo lebaran,muter terus","Susah pisan dapet tiket buat lebaran,loading terus","Susah nian dapet tiket buat lebaran,loading terus","Susah nian dapet tiket buat lebaran,loading terus"
"Lemot di aplikasi. Petunjuk pelaksanaan pengisisian kai pay melalui atm mandiri jg salah. Sdh isi via mandiri jg tunggu 15menit, kalah sama pemabayran lain lgsg instan masuk. Gini kalo d kalo urusan sama aplikasi pemerintah, harus banyak2 sabar",,,,negatif,,"Lemot ing aplikasi. Petunjuk pelaksanaan pengisisian kai pay melalui atm mandiri jg salah. Sdh isi lewat mandiri jg tunggu 15menit, kalah padha pemabayran lain lgsg instan mlebu. Gini yen d yen urusan padha aplikasi pemerintah, kudu banyak2 sabar","Lemot di aplikasi. Petunjuk pelaksanaan pengisisian kai pay melalui atm mandiri jg salah. Sdh isi via mandiri jg tunggu 15menit, kalah karo pemabayran lain lgsg instan masuk. Gini yen d yen urusan karo aplikasi pemerintah, harus banyak2 sabar","Lemot di aplikasi. Petunjuk pelaksanaan pengisisian kai pay melalui atm mandiri jg salah. Sdh isi via mandiri jg tunggu 15menit, kalah samo pemabayran lain lgsg instan masuk. Gini men d men urusan samo aplikasi pemerintah, harus banyak2 sabar","Lemot di aplikasi. Petunjuk pelaksanaan pengisisian kai pay melalui atm mandiri jg salah. Sdh isi via mandiri jg tunggu 15menit, kalah samo pemabayran lain lgsg instan masuk. Gini men d men urusan samo aplikasi pemerintah, harus banyak2 sabar"
Sangat sulit di gunajan minta ugrade gagal terus aplikasi apaan ini gak rekomen.,negatif,,,,,Banget sulit ing gunajan minta ugrade gagal terus aplikasi apaan iki ora rekomen.,Banget sulit di gunajan minta ugrade gagal terus aplikasi apaan ini ora rekomen.,Nian sulit di gunajan minta ugrade gagal terus aplikasi apaan ini dak rekomen.,nian sulit di gunajan minta ugrade gagal terus aplikasi apaan ini dak rekomen.
Selalu eror dan gagal terus pemesanan tiket saat lebaran... Aneh sekali aplikasi nya... Mohon Segera di rubah sistem nya,,,negatif,,,Selalu rusak lan gagal terus pesenan tiket wektu lebaran... Aneh sekali aplikasi nya... Nyuwun Cepet ing rubah sistem nya,Selalu eror dan gagal terus pemesanan tiket saat lebaran... Aneh pisan aplikasi nya... Mohon Segera di rubah sistem nya,Selalu eror dan gagal terus pemesanan tiket saat lebaran... Aneh nian aplikasi nyo... Mohon Segera di rubah sistem nyo,Selalu eror dan gagal terus pemesanan tiket saat lebaran... Aneh nian aplikasi nyo... Mohon Segera di rubah sistem nyo
"SLOW RESPON BGT KL DIMINTA TANGGUNG JAWAB. Waktu ngewar tiket cuma dikasih beberapa menit tiba-tiba timeout. Posisi lagi payment eh waktunya abis. Alhasil uang masuk ke kai, tapi tiketnya gaada. Udah laporan beberapa kali tidak ada balasan. Tidak ditindaklanjuti juga. Customer Service tidak ada yang melayani berhari-hari alasannya banyak pesan masuk lah, banyak email masuk lah. Tolong kalian hati-hati guys, kai access susah dimintain tngg jwb👍",,,negatif,negatif,,"SLOW RESPON BGT KL DIMINTA TANGGUNG JAWAB. Wektu ngewar tiket mung dikasih beberapa menit tiba-tiba timeout. Posisi maneh payment eh wektune entek. Alhasil uang mlebu menyang kai, nanging tiketnya gaada. Wis laporan beberapa kali ora ana balasan. Ora ditindaklanjuti uga. Customer Service ora ana sing melayani berhari-dina alasannya akeh pesen mlebu yo, akeh email mlebu yo. Tulung kalian hati-hati guys, kai access susah dimintain tngg jwb👍","SLOW RESPON BANGET KL DIMINTA TANGGUNG JAWAB. Waktu ngewar tiket mung dikasih beberapa menit tiba-tiba timeout. Posisi lagi payment eh waktunya abis. Alhasil dhuwit masuk ke kai, nanging tiketnya gaada. Wis laporan beberapa kali ora ana balasan. Ora ditindaklanjuti uga. Customer Service ora ana yang melayani berhari-hari alasannya banyak pesen masuk lah, banyak email masuk lah. Tolong kalian hati-hati guys, kai access susah dimintain tngg jwb👍","SLOW RESPON NIAN KL DIMINTA TANGGUNG JAWAB. Waktu ngewar tiket cuman dikasih beberapa menit tiba-tiba timeout. Posisi lagi payment eh waktunyo abis. Alhasil duet masuk ke kai, tapi tiketnyo gaada. Lah laporan beberapa kali dak ado balasan. Dak ditindaklanjuti jugo. Customer Service dak ado yang melayani berhari-hari alasannyo banyak pesan masuk lah, banyak email masuk lah. Tolong kalian hati-hati guys, kai access susah dimintain tngg jwb👍","SLOW RESPON BGT KL DIMINTA TANGGUNG JAWAB. Waktu ngewar tiket cuman dikasih beberapa menit tiba-tiba timeout. Posisi lagi payment eh waktunyo abis. Alhasil duet masuk ke kai, tapi tiketnyo gaada. lah laporan beberapa kali dak ado balasan. dak ditindaklanjuti jugo. Customer Service dak ado yang melayani berhari-hari alasannyo banyak pesan masuk lah, banyak email masuk lah. Tolong kalian hati-hati guys, kai access susah dimintain tngg jwb👍"
Baru 2 minggu yg lalu upgrade sekarang sruh upgrade lagi...dan masalahnya ngeblok aplikasi langsung kalau gak d upgrade....aplikasi paling sering maksa upgrade,negatif,,,,,Anyar 2 minggu yg lalu upgrade saiki sruh upgrade maneh...lan masalahnya ngeblok aplikasi langsung kalau ora d upgrade....aplikasi paling sering maksa upgrade,Baru 2 minggu yg lalu upgrade saiki sruh upgrade lagi...dan masalahnya ngeblok aplikasi langsung yen ora d upgrade....aplikasi paling sering maksa upgrade,Baru 2 minggu yg lalu upgrade sekarang sruh upgrade lagi...dan masalahnyo ngeblok aplikasi langsung men dak d upgrade....aplikasi paling sering maksa upgrade,Baru 2 minggu yg lalu upgrade sekarang sruh upgrade lagi...dan masalahnyo ngeblok aplikasi langsung men dak d upgrade....aplikasi paling sering maksa upgrade
Hanya menunggu loading sajaa. Sangat sangat susah untuk di operasikan denga cepat,negatif,,,,,Hanya nunggu muter sajaa. Banget banget susah kanggo ing operasikan denga cepet,Hanya menunggu loading sajaa. Banget banget susah untuk di operasikan denga cepet,Hanyo menunggu loading sajaa. Nian nian susah untuk di operasikan denga cepet,Hanyo menunggu loading sajaa. nian nian susah untuk di operasikan denga cepet
"Sejak di perbaharui, ada fitur menunggu antrian. Bahkan saat udah isi data penumpang, mau melanjutkan, error terus sampai ga dapat tiket. Error timeout lah, error doctype.html (kode html) lah. Bikin sengsara orang aja aplikasi nya. Developernya amatir, sekelas BUMN gede aplikasinya receh kaya gini.",,,negatif,,,"Sejak ing perbaharui, ana fitur nunggu antrean. Bahkan wektu wis isi data penumpang, arep melanjutkan, error terus sampai ora dapat tiket. Error timeout yo, error doctype.html (kode html) yo. Bikin sengsara orang aja aplikasi nya. Developernya amatir, sekelas BUMN gede aplikasinya receh kaya gini.","Sejak di perbaharui, ana fitur menunggu antrian. Bahkan saat wis isi data penumpang, arep melanjutkan, rusak terus sampai ora dapat tiket. Rusak timeout lah, rusak doctype.html (kode html) lah. Bikin sengsara wong wae aplikasi nya. Developernya amatir, sekelas BUMN gede aplikasinya receh kaya gini.","Sejak di perbaharui, ado fitur menunggu antrian. Bahkan saat lah isi data penumpang, nak melanjutkan, error terus sampai dak dapat tiket. Error timeout lah, error doctype.html (kode html) lah. Bikin sengsara wong bae aplikasi nyo. Developernyo amatir, sekelas BUMN gede aplikasinyo receh kaya gini.","Sejak di perbaharui, ado fitur menunggu antrian. Bahkan saat lah isi data penumpang, nak melanjutkan, error terus sampai ga dapat tiket. Error timeout lah, error doctype.html (kode html) lah. Bikin sengsara wong bae aplikasi nyo. Developernyo amatir, sekelas BUMN gede aplikasinyo receh kaya gini."
Di update terus malah tambah gk jelas malah error terus.. Mau booking tiket saja loadingnya lama.. Masih bagusan aplikasi yang lama... Setelah di upgrade malah gak jelas... Udah loadingnya lama sering error.!! Padahal ada seat kosong tapi di pesen gak bisa.. Tolong di perbaiki lagi aplikasinya jangan asal buat dan ambil keuntungan saja biar pengguna tidak sering kecewakecewa Mending gak usah dibuat dari pada buat aplikasi Malah gak jelas cuma ngambil keuntungan saja yang buat aplikasi ini,,,negatif,,,Ing nganyari terus malah tambah ora cetha malah error terus.. Arep pesen tiket saja loadingnya suwe.. Isih bagusan aplikasi sing suwe... Sawise ing upgrade malah ora cetha... Wis loadingnya suwe sering error.!! Padahal ana seat kosong nanging ing pesen ora bisa.. Tulung ing benerake maneh aplikasinya aja asal kanggo lan ambil keuntungan saja ben pengguna ora sering kecewakecewa Mending ora perlu dibuat dari pada kanggo aplikasi Malah ora cetha mung ngambil keuntungan saja sing kanggo aplikasi iki,Di update terus malah tambah gk jelas malah rusak terus.. Arep booking tiket wae loadingnya lama.. Masih bagusan aplikasi yang lama... Setelah di upgrade malah ora jelas... Wis loadingnya lama sering rusak.!! Padahal ana seat kosong nanging di pesen ora bisa.. Tolong di perbaiki lagi aplikasinya jangan asal buat dan ambil keuntungan wae biar pengguna ora sering kecewakecewa Mending ora usah dibuat dari pada buat aplikasi Malah ora jelas mung ngambil keuntungan wae yang buat aplikasi ini,Di update terus malah tambah gk jelas malah error terus.. Nak booking tiket bae loadingnyo lama.. Masih bagusan aplikasi yang lama... Setelah di upgrade malah dak jelas... Lah loadingnyo lama sering error.!! Padahal ado seat kosong tapi di pesen dak pacak.. Tolong di perbaiki lagi aplikasinyo jangan asal buat dan ambil keuntungan bae biar pengguna dak sering kecewakecewa Mending dak usah dibuat dari pada buat aplikasi Malah dak jelas cuman ngambil keuntungan bae yang buat aplikasi ini,Di update terus malah tambah gk jelas malah error terus.. nak booking tiket bae loadingnyo lama.. Masih bagusan aplikasi yang lama... Setelah di upgrade malah dak jelas... lah loadingnyo lama sering error.!! Padahal ado seat kosong tapi di pesen dak pacak.. Tolong di perbaiki lagi aplikasinyo jangan asal buat dan ambil keuntungan bae biar pengguna dak sering kecewakecewa Mending dak usah dibuat dari pada buat aplikasi Malah dak jelas cuman ngambil keuntungan bae yang buat aplikasi ini
"ga bisa login lagi..ngefrooze aplikasinya notifnya ""access by kai tidak menanggapi"" di coba dari bulan januari 2025 gt trs smpe skrng",,,,,negatif,"ora bisa login maneh..ngefrooze aplikasinya notifnya ""access by kai ora menanggapi"" ing coba dari bulan januari 2025 gt trs smpe skrng","ora bisa login lagi..ngefrooze aplikasinya notifnya ""access by kai ora menanggapi"" di coba dari bulan januari 2025 gt trs smpe skrng","dak pacak login lagi..ngefrooze aplikasinyo notifnyo ""access by kai dak menanggapi"" di coba dari bulan januari 2025 gt trs smpe skrng","ga pacak login lagi..ngefrooze aplikasinyo notifnyo ""access by kai dak menanggapi"" di coba dari bulan januari 2025 gt trs smpe skrng"
"Setelah update terakhir, malah tidak bisa memilih kota, harus memilih stasiun, setiap memilih kota muncul peringatan maaf sedang maintenance, dan ini sudah berlangsung 2 hari dan belum ada perbaikan, notifikasi yang muncul pun tidak bisa di akses",,,negatif,,,"Sawise nganyari terakhir, malah ora bisa memilih kota, kudu memilih stasiun, saben memilih kota muncul peringatan maaf sedang maintenance, lan iki wis berlangsung 2 dina lan durung ana perbaikan, notifikasi sing muncul pun ora bisa ing akses","Setelah update terakhir, malah ora bisa memilih kota, harus memilih stasiun, setiap memilih kota muncul peringatan maaf sedang maintenance, dan ini wis berlangsung 2 hari dan belum ana perbaikan, notifikasi yang muncul pun ora bisa di akses","Setelah update terakhir, malah dak pacak memilih kota, harus memilih stasiun, setiap memilih kota muncul peringatan maaf sedang maintenance, dan ini lah berlangsung 2 hari dan belum ado perbaikan, notifikasi yang muncul pun dak pacak di akses","Setelah update terakhir, malah dak pacak memilih kota, harus memilih stasiun, setiap memilih kota muncul peringatan maaf sedang maintenance, dan ini lah berlangsung 2 hari dan belum ado perbaikan, notifikasi yang muncul pun dak pacak di akses"
"Eror parah, ngelag muluu, lemot, pokoknya bikin ga nyaman aja",negatif,,,,,"Rusak parah, ngelag muluu, lemot, pokoknya bikin ora penak aja","Eror parah, ngelag muluu, lemot, pokoknya bikin ora nyaman wae","Eror parah, ngelag muluu, lemot, pokoknyo bikin dak nyaman bae","Eror parah, ngelag muluu, lemot, pokoknyo bikin ga nyaman bae"
Mau pesan tiket harus upgrade member basic .. Giliran mau daftar erorr mulu gak bisa2 pdahal data sdah benar.. Tolong dong di perbaiki biat makin mudah aksesnya,,,,,negatif,Arep pesen tiket kudu upgrade member basic .. Giliran arep daftar erorr terus ora bisa2 pdahal data sdah benar.. Tulung dong ing benerake biat makin gampang aksesnya,Arep pesen tiket harus upgrade member basic .. Giliran arep daftar erorr mulu ora bisa2 pdahal data sdah bener.. Tolong dong di perbaiki biat makin gampang aksesnya,Nak pesan tiket harus upgrade member basic .. Giliran nak daftar erorr mulu dak bisa2 pdahal data sdah bener.. Tolong dong di perbaiki biat makin gampang aksesnyo,nak pesan tiket harus upgrade member basic .. Giliran nak daftar erorr mulu dak bisa2 pdahal data sdah benar.. Tolong dong di perbaiki biat makin gampang aksesnyo
jelek banget aplikasi nya masa pas bagian mau keluar kga muncul tiketnya mana sering eror,,,negatif,,,jelek banget aplikasi nya mangsa pas bagian arep metu kga muncul tiketnya endi sering rusak,jelek banget aplikasi nya masa pas bagian arep keluar kga muncul tiketnya mana sering eror,jelek nian aplikasi nyo masa pas bagian nak keluar kga muncul tiketnyo mana sering eror,jelek nian aplikasi nyo masa pas bagian nak keluar kga muncul tiketnyo mana sering eror
"pesan kereta lokal saya pilih byr via qris, ketika unduh qris selalu time out, tidak hanya sekali, setiap minggu sy pesan ketika unduh qris selalu time out, alhasil setiap minggu tidak pernah dpt tiket, tolong diperbaiki, thx",,,,negatif,,"pesen sepur lokal aku pilih byr lewat qris, ketika unduh qris selalu time out, ora hanya sekali, saben minggu sy pesen ketika unduh qris selalu time out, alhasil saben minggu ora pernah dpt tiket, tulung benerake, thx","pesen kereta lokal aku pilih byr via qris, ketika unduh qris selalu time out, ora hanya pisan, setiap minggu sy pesen ketika unduh qris selalu time out, alhasil setiap minggu ora pernah dpt tiket, tolong diperbaiki, thx","pesan kereta lokal aku pilih byr via qris, ketika unduh qris selalu time out, dak hanyo nian, setiap minggu sy pesan ketika unduh qris selalu time out, alhasil setiap minggu dak pernah dpt tiket, tolong diperbaiki, thx","pesan kereta lokal aku pilih byr via qris, ketika unduh qris selalu time out, dak hanyo nian, setiap minggu sy pesan ketika unduh qris selalu time out, alhasil setiap minggu dak pernah dpt tiket, tolong diperbaiki, thx"
Masa tiap buka apk ini kudu update mulu jir. Bikin apk yg bener kek.,negatif,,,,,Mangsa saben buka apk iki kudu nganyari terus jir. Bikin apk yg bener kek.,Masa tiap buka apk ini kudu update mulu jir. Bikin apk yg bener kek.,Masa tiap buka apk ini kudu update mulu jir. Bikin apk yg bener kek.,Masa tiap buka apk ini kudu update mulu jir. Bikin apk yg bener kek.
"Aplikasi samp*h, gini amat aplikasi buatan pemerintah, masa gangguan mulu kocak wkwkwk",negatif,,,,,"Aplikasi samp*h, gini amat aplikasi buatan pemerintah, mangsa gangguan terus kocak wkwkwk","Aplikasi samp*h, gini amat aplikasi buatan pemerintah, masa gangguan mulu kocak wkwkwk","Aplikasi samp*h, gini amat aplikasi buatan pemerintah, masa gangguan mulu kocak wkwkwk","Aplikasi samp*h, gini amat aplikasi buatan pemerintah, masa gangguan mulu kocak wkwkwk"
"Sudah di update, bayar pake Qris.Kai Pay. something error . harus brp mandays untuk benerinnya ya..?? Menurut saya, Superapss sekelas ini sebaiknya cari vendor yang Ahli dibidangnya, sering error terus. BAD SUPERAPPS 👎",,,,negatif,,"Wis ing nganyari, bayar nganggo Qris.Kai Pay. something error . kudu brp mandays kanggo benerinnya ya..?? Menurut aku, Superapss sekelas iki sebaiknya cari vendor sing Ahli dibidangnya, sering error terus. BAD SUPERAPPS 👎","Wis di update, bayar pake Qris.Kai Pay. something rusak . harus brp mandays untuk benerinnya ya..?? Menurut aku, Superapss sekelas ini sebaiknya cari vendor yang Ahli dibidangnya, sering rusak terus. BAD SUPERAPPS 👎","Lah di update, bayar pake Qris.Kai Pay. something error . harus brp mandays untuk benerinnyo ya..?? Menurut aku, Superapss sekelas ini sebaiknyo cari vendor yang Ahli dibidangnyo, sering error terus. BAD SUPERAPPS 👎","lah di update, bayar pake Qris.Kai Pay. something error . harus brp mandays untuk benerinnyo ya..?? Menurut aku, Superapss sekelas ini sebaiknyo cari vendor yang Ahli dibidangnyo, sering error terus. BAD SUPERAPPS 👎"
"Aplikasi paling payah, kirim kode otp sj lemot dan gagal terus,kalah sama aplikasi pinjol",,,,,negatif,"Aplikasi paling payah, kirim kode otp sj lemot lan gagal terus,kalah padha aplikasi pinjol","Aplikasi paling payah, kirim kode otp sj lemot dan gagal terus,kalah karo aplikasi pinjol","Aplikasi paling payah, kirim kode otp sj lemot dan gagal terus,kalah samo aplikasi pinjol","Aplikasi paling payah, kirim kode otp sj lemot dan gagal terus,kalah samo aplikasi pinjol"
"Maintenance mulu, tp server masihh sering down. Mau beli tiket buat plg, emergency jd ga bisa. Gmn sih",negatif,,negatif,,,"Maintenance terus, tp server masihh sering down. Arep tumbas tiket kanggo plg, emergency jd ora bisa. Gmn sih","Maintenance mulu, tp server masihh sering down. Arep beli tiket buat plg, emergency jd ora bisa. Gmn sih","Maintenance mulu, tp server masihh sering down. Nak beli tiket buat plg, emergency jd dak pacak. Gmn sih","Maintenance mulu, tp server masihh sering down. nak beli tiket buat plg, emergency jd ga pacak. Gmn sih"
"Lemot bgt, sinyal aman penyimpanan aman apk nya lemot bgt aku udh punya akun disini giliran di login ga bisa masuk, nyusahin bgt",negatif,,,,negatif,"Lemot bgt, sinyal aman penyimpanan aman apk nya lemot bgt aku wis punya akun disini giliran ing login ora bisa mlebu, nyusahin bgt","Lemot banget, sinyal aman penyimpanan aman apk nya lemot banget aku wis punya akun disini giliran di login ora bisa masuk, nyusahin banget","Lemot nian, sinyal aman penyimpanan aman apk nyo lemot nian aku lah punyo akun disini giliran di login dak pacak masuk, nyusahin nian","Lemot bgt, sinyal aman penyimpanan aman apk nyo lemot bgt aku lah punyo akun disini giliran di login ga pacak masuk, nyusahin bgt"
"Aplikasi gak jelas , pembayaran gagal terus , udah pakai wifi tapi ada peringatan tidak ada jaringan , top up ke apk malah disuruh nunggu 15 mnt udah ditunggu tidak masuk2 dananya , tolong di perbaiki dengan baik sistem pelayanan nya",,,,negatif,,"Aplikasi ora cetha , pembayaran gagal terus , wis nganggo wifi nanging ana peringatan ora ana jaringan , top up menyang apk malah disuruh nunggu 15 mnt wis ditunggu ora masuk2 dananya , tulung ing benerake karo baik sistem pelayanan nya","Aplikasi ora jelas , pembayaran gagal terus , wis pakai wifi nanging ana peringatan ora ana jaringan , top up ke apk malah disuruh nunggu 15 mnt wis ditunggu ora masuk2 dananya , tolong di perbaiki karo apik sistem pelayanan nya","Aplikasi dak jelas , pembayaran gagal terus , lah pakai wifi tapi ado peringatan dak ado jaringan , top up ke apk malah disuruh nunggu 15 mnt lah ditunggu dak masuk2 dananyo , tolong di perbaiki pake baek sistem pelayanan nyo","Aplikasi dak jelas , pembayaran gagal terus , lah pakai wifi tapi ado peringatan dak ado jaringan , top up ke apk malah disuruh nunggu 15 mnt lah ditunggu dak masuk2 dananyo , tolong di perbaiki dengan baek sistem pelayanan nyo"
"ribet gajelas banyak masalah banyak error ,bukannya mempermudah malah mempersulit 👎",negatif,,,,,"ribet gajelas akeh masalah akeh error ,nanging mempermudah malah mempersulit 👎","ribet gajelas banyak masalah banyak rusak ,bukannya mempermudah malah mempersulit 👎","ribet gajelas banyak masalah banyak error ,bukannyo mempermudah malah mempersulit 👎","ribet gajelas banyak masalah banyak error ,bukannyo mempermudah malah mempersulit 👎"
"Mau beli tiket harus ngulang 7x input data, tgl, kursi, dan jam keberangkatan,.... Dibagian pendaftaran Shopee pay error terus. Loading ga mari mari. Sepertinya server ada di Antartika sana dan ga ada sinyal... Sy pake koneksi internet up to 200 Mbps, yg lain lain sat se...",,,,,,"Arep tumbas tiket kudu ngulang 7x input data, tgl, kursi, lan jam keberangkatan,.... Dibagian pendaftaran Shopee pay error terus. Muter ora mari mari. Sepertinya server ana ing Antartika sana lan ora ana sinyal... Sy nganggo koneksi internet up to 200 Mbps, yg lain lain sat se...","Arep beli tiket harus ngulang 7x input data, tgl, kursi, dan jam keberangkatan,.... Dibagian pendaftaran Shopee pay rusak terus. Loading ora mari mari. Sepertinya server ana di Antartika sana dan ora ana sinyal... Sy pake koneksi internet up to 200 Mbps, yg lain lain sat se...","Nak beli tiket harus ngulang 7x input data, tgl, kursi, dan jam keberangkatan,.... Dibagian pendaftaran Shopee pay error terus. Loading dak mari mari. Sepertinyo server ado di Antartika sana dan dak ado sinyal... Sy pake koneksi internet up to 200 Mbps, yg lain lain sat se...","nak beli tiket harus ngulang 7x input data, tgl, kursi, dan jam keberangkatan,.... Dibagian pendaftaran Shopee pay error terus. Loading ga mari mari. Sepertinyo server ado di Antartika sana dan ga ado sinyal... Sy pake koneksi internet up to 200 Mbps, yg lain lain sat se..."
Aplikasi rusak knapa ga di benerin?,negatif,,,,,Aplikasi rusak knapa ora ing benerin?,Aplikasi rusak knapa ora di benerin?,Aplikasi rusak knapa dak di benerin?,Aplikasi rusak knapa ga di benerin?
"Ada saja trouble nya... Pesan tiket eror, next sudah bisa ganti pembayaran nya yang eror.. Top up tiba2 kepotong 3rb pdhl g ada info pemotonganNya brpa. Sudah di belain pesen malam dini hari trouble bisa g tidur 2 jam cuma klik g bisa2, intinya tiap masuk aplikasi ini siap2 aja jadi dongkol terus",,,negatif,negatif,,"Ana saja trouble nya... Pesen tiket rusak, next wis bisa ganti pembayaran nya sing rusak.. Top up tiba2 kepotong 3rb pdhl g ana info pemotonganNya brpa. Wis ing belain pesen wengi dini dina trouble bisa g tidur 2 jam mung klik g bisa2, intinya saben mlebu aplikasi iki siap2 aja dadi dongkol terus","Ana wae trouble nya... Pesen tiket eror, next wis bisa ganti pembayaran nya yang eror.. Top up tiba2 kepotong 3rb pdhl g ana info pemotonganNya brpa. Wis di belain pesen malam dini hari trouble bisa g tidur 2 jam mung klik g bisa2, intinya tiap masuk aplikasi ini siap2 wae jadi dongkol terus","Ado bae trouble nyo... Pesan tiket eror, next lah pacak ganti pembayaran nyo yang eror.. Top up tiba2 kepotong 3rb pdhl g ado info pemotongannyo brpa. Lah di belain pesen malam dini hari trouble pacak g tidur 2 jam cuman klik g bisa2, intinyo tiap masuk aplikasi ini siap2 bae jadi dongkol terus","ado bae trouble nyo... Pesan tiket eror, next lah pacak ganti pembayaran nyo yang eror.. Top up tiba2 kepotong 3rb pdhl g ado info pemotonganNya brpa. lah di belain pesen malam dini hari trouble pacak g tidur 2 jam cuman klik g bisa2, intinyo tiap masuk aplikasi ini siap2 bae jadi dongkol terus"
"Jelek banget sengaja di uninstal karna muter"" trs saya mau beli tiket woosh, skrg di download ulang malah setiap kode di masukin ga bisa bisa gimana si!!!",,,negatif,,,"Jelek banget sengaja ing uninstal karna muter"" trs aku arep tumbas tiket woosh, skrg ing download ulang malah saben kode ing masukin ora bisa bisa gimana si!!!","Jelek banget sengaja di uninstal karna muter"" trs aku arep beli tiket woosh, skrg di download ulang malah setiap kode di masukin ora bisa bisa kepriye si!!!","Jelek nian sengaja di uninstal karna muter"" trs aku nak beli tiket woosh, skrg di download ulang malah setiap kode di masukin dak pacak pacak cakmno si!!!","Jelek nian sengaja di uninstal karna muter"" trs aku nak beli tiket woosh, skrg di download ulang malah setiap kode di masukin ga pacak pacak cakmno si!!!"
"Fitur scan di android nge bug tidak bisa digunakan, pas mau pakai, selalu mental aplikasi nya , aplikasi jelek!!! Gimana ini developer nya woy",,,negatif,,,"Fitur scan ing android nge bug ora bisa digunakan, pas arep nganggo, selalu mental aplikasi nya , aplikasi jelek!!! Gimana iki developer nya woy","Fitur scan di android nge bug ora bisa digunakan, pas arep pakai, selalu mental aplikasi nya , aplikasi jelek!!! Kepriye ini developer nya woy","Fitur scan di android nge bug dak pacak digunakan, pas nak pakai, selalu mental aplikasi nyo , aplikasi jelek!!! Cakmno ini developer nyo woy","Fitur scan di android nge bug dak pacak digunakan, pas nak pakai, selalu mental aplikasi nyo , aplikasi jelek!!! cakmno ini developer nyo woy"
"tolong dong KAI untuk jadwal commuter line nya diperbaiki khususnya jam malam, bisa delay sampe setengah jam lebih gatau pas lagi ada acara jadi hancur deadline nya",,,negatif,,,"tulung dong KAI kanggo jadwal commuter line nya benerake khususnya jam wengi, bisa delay nganti setengah jam luwih gatau pas maneh ana acara dadi hancur deadline nya","tolong dong KAI untuk jadwal commuter line nya diperbaiki khususnya jam malam, bisa delay sampe setengah jam lebih gatau pas lagi ana acara jadi hancur deadline nya","tolong dong KAI untuk jadwal commuter line nyo diperbaiki khususnyo jam malam, pacak delay sampe setengah jam lebih gatau pas lagi ado acara jadi hancur deadline nyo","tolong dong KAI untuk jadwal commuter line nyo diperbaiki khususnyo jam malam, pacak delay sampe setengah jam lebih gatau pas lagi ado acara jadi hancur deadline nyo"
"Hiks kecewa banget, aplikasi baru diperbarui, dah bergadang buat tiket lebaran, error mulu untuk semua tanggal, nanti ujung² nya habis semua, tahun lalh walaupun lagi war ga ada tu error, tapi oasti semua jadwal tertera dan pasti jelas untuk tiket habis nya",,,negatif,,,"Hiks kecewa banget, aplikasi anyar diperbarui, dah bergadang kanggo tiket lebaran, error terus kanggo semua tanggal, nanti ujung² nya habis semua, tahun lalh walaupun maneh war ora ana tu error, nanging oasti semua jadwal tertera lan pasti cetha kanggo tiket habis nya","Hiks kecewa banget, aplikasi baru diperbarui, dah bergadang buat tiket lebaran, rusak mulu untuk kabeh tanggal, nanti ujung² nya habis kabeh, tahun lalh walaupun lagi war ora ana tu rusak, nanging oasti kabeh jadwal tertera dan pasti jelas untuk tiket habis nya","Hiks kecewa nian, aplikasi baru diperbarui, dah bergadang buat tiket lebaran, error mulu untuk galo tanggal, nanti ujung² nyo habis galo, tahun lalh walaupun lagi war dak ado tu error, tapi oasti galo jadwal tertera dan pasti jelas untuk tiket habis nyo","Hiks kecewa nian, aplikasi baru diperbarui, dah bergadang buat tiket lebaran, error mulu untuk semua tanggal, nanti ujung² nyo habis semua, tahun lalh walaupun lagi war ga ado tu error, tapi oasti semua jadwal tertera dan pasti jelas untuk tiket habis nyo"
"Pelayanan KAI yang sangat baik terhapus oleh aplikasi sampah ini setelah di update versi terbaru Mei 2024. Tidak berniat ada improvement apps nya kah PT.KAI ? Apps sering hang, dan history refund tidak ada lagi hadeh, amatir sekali developer apps BUMN ini.",negatif,,,negatif,,"Pelayanan KAI sing banget baik terhapus oleh aplikasi sampah iki sawise ing nganyari versi terbaru Mei 2024. Ora berniat ana improvement apps nya apa PT.KAI ? Apps sering hang, lan history refund ora ana maneh hadeh, amatir sekali developer apps BUMN iki.","Pelayanan KAI yang banget apik terhapus oleh aplikasi sampah ini setelah di update versi terbaru Mei 2024. Ora berniat ana improvement apps nya kah PT.KAI ? Apps sering hang, dan history refund ora ana lagi hadeh, amatir pisan developer apps BUMN ini.","Pelayanan KAI yang nian baek terhapus oleh aplikasi sampah ini setelah di update versi terbaru Mei 2024. Dak berniat ado improvement apps nyo kah PT.KAI ? Apps sering hang, dan history refund dak ado lagi hadeh, amatir nian developer apps BUMN ini.","Pelayanan KAI yang nian baek terhapus oleh aplikasi sampah ini setelah di update versi terbaru Mei 2024. dak berniat ado improvement apps nyo kah PT.KAI ? Apps sering hang, dan history refund dak ado lagi hadeh, amatir nian developer apps BUMN ini."
Aplikasi nya sudah di acces keluar masuk sendiri aneh,negatif,,,,,Aplikasi nya wis ing acces metu mlebu sendiri aneh,Aplikasi nya wis di acces keluar masuk dhewe aneh,Aplikasi nyo lah di acces keluar masuk dewek aneh,Aplikasi nyo lah di acces keluar masuk sendiri aneh
"Di update malah semakin buruk saja, masuk daftar antrian malah cm bolak balik waktu tunggu nya, giliran masuk tiket udah gak ada,gak ada jadwal.parah parah,,, sangat mengecewakan",,,negatif,,,"Ing nganyari malah sansaya buruk saja, mlebu daftar antrean malah cm bolak balik wektu tunggu nya, giliran mlebu tiket wis ora ana,ora ana jadwal.parah parah,,, banget mengecewakan","Di update malah semakin ala wae, masuk daftar antrian malah cm bolak balik waktu tunggu nya, giliran masuk tiket wis ora ana,ora ana jadwal.parah parah,,, banget mengecewakan","Di update malah semakin buruk bae, masuk daftar antrian malah cm bolak balik waktu tunggu nyo, giliran masuk tiket lah dak ado,dak ado jadwal.parah parah,,, nian mengecewakan","Di update malah semakin buruk bae, masuk daftar antrian malah cm bolak balik waktu tunggu nyo, giliran masuk tiket lah dak ado,dak ado jadwal.parah parah,,, nian mengecewakan"
"Kecewa berat. Udah dipantengin smp begadang tp tiket gk muncul walaupun terus dipantau, sekalinya muncul pasti udah habis akhirnya harus milih jadwal lain. Milih jadwal lain ribet dipembayaran, pakek qris gk bisa, ada warning mulu apalah apalah. Dikit² update lg apknya, iy kl makin baik, ini malah bikin kesel. Males bgt",negatif,,negatif,negatif,,"Kecewa berat. Wis dipantengin smp begadang tp tiket ora muncul walaupun terus dipantau, sekalinya muncul pasti wis habis akhirnya kudu milih jadwal lain. Milih jadwal lain ribet dipembayaran, pakek qris ora bisa, ana warning terus apalah apalah. Dikit² nganyari lg apk, iy kl makin baik, iki malah bikin kesel. Males bgt","Kecewa berat. Wis dipantengin smp begadang tp tiket gk muncul walaupun terus dipantau, sekalinya muncul pasti wis habis akhirnya harus milih jadwal lain. Milih jadwal lain ribet dipembayaran, pakek qris gk bisa, ana warning mulu apalah apalah. Dikit² update lg apknya, iy kl makin apik, ini malah bikin kesel. Males banget","Kecewa berat. Lah dipantengin smp begadang tp tiket gk muncul walaupun terus dipantau, sekalinyo muncul pasti lah habis akhirnyo harus milih jadwal lain. Milih jadwal lain ribet dipembayaran, pakek qris gk pacak, ado warning mulu apalah apalah. Dikit² update lg apknyo, iy kl makin baek, ini malah bikin kesel. Males nian","Kecewa berat. lah dipantengin smp begadang tp tiket gk muncul walaupun terus dipantau, sekalinyo muncul pasti lah habis akhirnyo harus milih jadwal lain. Milih jadwal lain ribet dipembayaran, pakek qris gk pacak, ado warning mulu apalah apalah. Dikit² update lg apknyo, iy kl makin baek, ini malah bikin kesel. Males bgt"
setelah di update malah bad gateway terus,negatif,,,,,sawise ing nganyari malah bad gateway terus,setelah di update malah bad gateway terus,setelah di update malah bad gateway terus,setelah di update malah bad gateway terus
Coba min tolong update nya yg jelas.. tadi2 masih sisa kursi nya masih ada 2 atau 3 giliran saya pesan ko tiba2 habis.. mana lemot banget jaringan wifi saya oke.. data saya juga oke.. hemmzz di perbaiki lagi lah min...,,,negatif,,,Coba min tulung nganyari nya yg cetha.. tadi2 isih sisa kursi nya isih ana 2 utawa 3 giliran aku pesen ko tiba2 habis.. endi lemot banget jaringan wifi aku wis apik.. data aku uga wis apik.. hemmzz ing benerake maneh yo min...,Coba min tolong update nya yg jelas.. tadi2 masih sisa kursi nya masih ana 2 atau 3 giliran aku pesen ko tiba2 habis.. mana lemot banget jaringan wifi aku oke.. data aku uga oke.. hemmzz di perbaiki lagi lah min...,Coba min tolong update nyo yg jelas.. tadi2 masih sisa kursi nyo masih ado 2 atau 3 giliran aku pesan ko tiba2 habis.. mana lemot nian jaringan wifi aku oke.. data aku jugo oke.. hemmzz di perbaiki lagi lah min...,Coba min tolong update nyo yg jelas.. tadi2 masih sisa kursi nyo masih ado 2 atau 3 giliran aku pesan ko tiba2 habis.. mana lemot nian jaringan wifi aku oke.. data aku jugo oke.. hemmzz di perbaiki lagi lah min...
"Beli tiket ekonomi susah banget,padahal beli tengah malam,saya coba berulang kali tetap gak bisa.. Mohon perhatiannya kai acces. Aplikasinya di maintenance.",,,negatif,,,"Tumbas tiket ekonomi susah banget,padahal tumbas tengah wengi,aku coba berulang kali tetap ora bisa.. Nyuwun perhatiannya kai acces. Aplikasinya ing maintenance.","Beli tiket ekonomi susah banget,padahal beli tengah malam,aku coba berulang kali tetap ora bisa.. Mohon perhatiannya kai acces. Aplikasinya di maintenance.","Beli tiket ekonomi susah nian,padahal beli tengah malam,aku coba berulang kali tetap dak pacak.. Mohon perhatiannyo kai acces. Aplikasinyo di maintenance.","Beli tiket ekonomi susah nian,padahal beli tengah malam,aku coba berulang kali tetap dak pacak.. Mohon perhatiannyo kai acces. Aplikasinyo di maintenance."
Kenapa selalu diupgrade sedangkan login nya dipersusah selalu troble apk nya Saran ya kasih apk yang mudah diakses gk perlu uprage setiap minggu kasian orng yg sudah tua blm tentu bisa semua,negatif,,,,negatif,Kena apa selalu diupgrade sedangkan login nya dipersusah selalu troble apk nya Saran ya nuwun apk sing gampang dibukak ora perlu uprage saben minggu kasian orng yg wis tua durung tentu bisa semua,Kena apa selalu diupgrade sedangkan login nya dipersusah selalu troble apk nya Saran ya kasih apk yang gampang diakses gk perlu uprage setiap minggu kasian orng yg wis tua blm tentu bisa kabeh,Ngapo selalu diupgrade sedangkan login nyo dipersusah selalu troble apk nyo Saran ya kasih apk yang gampang diakses gk perlu uprage setiap minggu kasian orng yg lah tua blm tentu pacak galo,ngapo selalu diupgrade sedangkan login nyo dipersusah selalu troble apk nyo Saran ya kasih apk yang gampang diakses gk perlu uprage setiap minggu kasian orng yg lah tua blm tentu pacak semua
"Bapak/ibu pengembang app ini!!! Tolong didengar kalau sudah banyak yang mengeluh itu ya langsung di perbaiki apa yang menjadi keluhan terbanyak dari aplikasi ini. Saya tidak perlu menulis lagi apa yang jadi kendala saya terhadap app ini, karena kebanyakan kendala yang saya alami sama kaya teman-teman yang sudah mengeluh dengan app ini. TOLONG SEGERA DITINDAKLANJUTI",negatif,negatif,negatif,negatif,negatif,"Bapak/ibu pengembang app iki!!! Tulung didengar kalau wis akeh sing mengeluh kuwi ya langsung ing benerake apa sing dadi keluhan terbanyak dari aplikasi iki. Aku ora perlu menulis maneh apa sing dadi kendala aku terhadap app iki, karena kakehan kendala sing aku alami padha kaya teman-teman sing wis mengeluh karo app iki. TULUNG CEPET DITINDAKLANJUTI","Bapak/ibu pengembang app ini!!! Tolong didengar yen wis banyak yang mengeluh itu ya langsung di perbaiki apa yang menjadi keluhan terbanyak dari aplikasi ini. Aku ora perlu menulis lagi apa yang jadi kendala aku terhadap app ini, karena kebanyakan kendala yang aku alami karo kaya teman-teman yang wis mengeluh karo app ini. TOLONG SEGERA DITINDAKLANJUTI","Bapak/ibu pengembang app ini!!! Tolong didengar men lah banyak yang mengeluh itu ya langsung di perbaiki apo yang menjadi keluhan terbanyak dari aplikasi ini. Aku dak perlu menulis lagi apo yang jadi kendala aku terhadap app ini, karena kebanyakan kendala yang aku alami samo kaya teman-teman yang lah mengeluh pake app ini. TOLONG SEGERA DITINDAKLANJUTI","Bapak/ibu pengembang app ini!!! Tolong didengar men lah banyak yang mengeluh itu ya langsung di perbaiki apo yang menjadi keluhan terbanyak dari aplikasi ini. aku dak perlu menulis lagi apo yang jadi kendala aku terhadap app ini, karena kebanyakan kendala yang aku alami samo kaya teman-teman yang lah mengeluh dengan app ini. TOLONG SEGERA DITINDAKLANJUTI"
Masa gagal terus mau aktivasi nya..tolong lah di perbaiki lagi,,,,,negatif,Mangsa gagal terus arep aktivasi nya..tulung yo ing benerake maneh,Masa gagal terus arep aktivasi nya..tolong lah di perbaiki lagi,Masa gagal terus nak aktivasi nyo..tolong lah di perbaiki lagi,Masa gagal terus nak aktivasi nyo..tolong lah di perbaiki lagi
"Apk sampah,ngupdate mulu yang diupdate ga berguna,infokan it nya saha",negatif,,,,,"Apk sampah,ngupdate terus sing diupdate ora berguna,infokan it nya saha","Apk sampah,ngupdate mulu yang diupdate ora berguna,infokan it nya saha","Apk sampah,ngupdate mulu yang diupdate dak berguna,infokan it nyo saha","Apk sampah,ngupdate mulu yang diupdate ga berguna,infokan it nyo saha"
"1)Perlu ditambahkan fitur pengaduan untuk memudahkan pengguna dalam menyampaikan keluhan dan rata2 aplikasi layanan sudah memiliki fitur tersebut 2) melakukan beberapa perbaikan terhadap bugs yg ada dalam aplikasi seperti pendaftaran mapclub, tampilan page tiket saya yg suka error, dll 3) menambahkan e wallet seperti gopay, linkaja dll 4) menambahkan fitur maps kereta api dengan memanfaatkan gps jika memungkinkan sehingga user bisa memonitor posisi atau lokasi kereta api sudah dimana",,negatif,negatif,negatif,,"1)Perlu ditambahkan fitur pengaduan kanggo nggampangake pengguna jero menyampaikan keluhan lan rata2 aplikasi layanan wis memiliki fitur tersebut 2) melakukan beberapa perbaikan terhadap bugs yg ana jero aplikasi seperti pendaftaran mapclub, tampilan page tiket aku yg suka error, dll 3) menambahkan e wallet seperti gopay, linkaja dll 4) menambahkan fitur maps sepur api karo memanfaatkan gps jika memungkinkan sehingga user bisa memonitor posisi utawa lokasi sepur api wis dimana","1)Perlu ditambahkan fitur pengaduan untuk memudahkan pengguna jero menyampaikan keluhan dan rata2 aplikasi layanan wis memiliki fitur tersebut 2) melakukan beberapa perbaikan terhadap bugs yg ana jero aplikasi kaya pendaftaran mapclub, tampilan page tiket aku yg suka rusak, dll 3) menambahkan e wallet kaya gopay, linkaja dll 4) menambahkan fitur maps kereta api karo memanfaatkan gps jika memungkinkan sehingga user bisa memonitor posisi atau lokasi kereta api wis dimana","1)Perlu ditambahkan fitur pengaduan untuk memudahkan pengguna dalem menyampaikan keluhan dan rata2 aplikasi layanan lah memiliki fitur tersebut 2) melakukan beberapa perbaikan terhadap bugs yg ado dalem aplikasi cak pendaftaran mapclub, tampilan page tiket aku yg suka error, dll 3) menambahkan e wallet cak gopay, linkaja dll 4) menambahkan fitur maps kereta api pake memanfaatkan gps jika memungkinkan sehingga user pacak memonitor posisi atau lokasi kereta api lah dimana","1)Perlu ditambahkan fitur pengaduan untuk memudahkan pengguna dalam menyampaikan keluhan dan rata2 aplikasi layanan lah memiliki fitur tersebut 2) melakukan beberapa perbaikan terhadap bugs yg ado dalam aplikasi cak pendaftaran mapclub, tampilan page tiket aku yg suka error, dll 3) menambahkan e wallet cak gopay, linkaja dll 4) menambahkan fitur maps kereta api dengan memanfaatkan gps jika memungkinkan sehingga user pacak memonitor posisi atau lokasi kereta api lah dimana"
"aplikasinya mantap. mohon diperhatikan untuk perbaikan: 1. saat pembayaran lama 2. saat KA delay, record boarding pass hilang",positif,,negatif,negatif,,"aplikasinya mantap. nyuwun diperhatikan kanggo perbaikan: 1. wektu pembayaran suwe 2. wektu KA delay, record boarding pass hilang","aplikasinya mantap. mohon diperhatikan untuk perbaikan: 1. saat pembayaran lama 2. saat KA delay, record boarding pass hilang","aplikasinyo mantap. mohon diperhatikan untuk perbaikan: 1. saat pembayaran lama 2. saat KA delay, record boarding pass hilang","aplikasinyo mantap. mohon diperhatikan untuk perbaikan: 1. saat pembayaran lama 2. saat KA delay, record boarding pass hilang"
"Aplikasi super lemot dikit-dikit error harus ulang dari awal lagi, itupun pencarian tiket yang tadinya ada jadi gak ada",negatif,,negatif,,,"Aplikasi super lemot dikit-dikit error kudu ulang dari awal maneh, itupun pencarian tiket sing tadinya ana dadi ora ana","Aplikasi super lemot dikit-dikit rusak harus ulang dari awal lagi, itupun pencarian tiket yang tadinya ana jadi ora ana","Aplikasi super lemot dikit-dikit error harus ulang dari awal lagi, itupun pencarian tiket yang tadinyo ado jadi dak ado","Aplikasi super lemot dikit-dikit error harus ulang dari awal lagi, itupun pencarian tiket yang tadinyo ado jadi dak ado"
Lebih simple kai yg lama hrusnya klau sudah update lebih baik tpi ini mengecewakan sering time out.. aps juga gk lancar waktu pemesanan tiket.. Waktu pembayaran lewat m banking aja terlalu sedikit batas waktunya jdi cpet kadaluwarsa.. isi saldo kaipay juga lama masuknya..,negatif,,negatif,negatif,,Luwih gampang kai yg suwe hrusnya klau wis nganyari luwih baik tpi iki mengecewakan sering time out.. aps uga ora lancar wektu pesenan tiket.. Wektu pembayaran lewat m banking aja terlalu sedikit batas wektune jdi cpet kadaluwarsa.. isi saldo kaipay uga suwe mlebune..,Lebih simple kai yg lama hrusnya klau wis update lebih apik tpi ini mengecewakan sering time out.. aps uga gk lancar waktu pemesanan tiket.. Waktu pembayaran lewat m banking wae terlalu sedikit batas waktunya jdi cpet kadaluwarsa.. isi saldo kaipay uga lama masuknya..,Lebih simple kai yg lama hrusnyo klau lah update lebih baek tpi ini mengecewakan sering time out.. aps jugo gk lancar waktu pemesanan tiket.. Waktu pembayaran lewat m banking bae terlalu sedikit batas waktunyo jdi cpet kadaluwarsa.. isi saldo kaipay jugo lama masuknyo..,Lebih simple kai yg lama hrusnyo klau lah update lebih baek tpi ini mengecewakan sering time out.. aps jugo gk lancar waktu pemesanan tiket.. Waktu pembayaran lewat m banking bae terlalu sedikit batas waktunyo jdi cpet kadaluwarsa.. isi saldo kaipay jugo lama masuknyo..
ini aplikasi kenapa kaga bisa masuk...aneh bgt. cuma info aplikasi macet 😤😤😤,negatif,,,,,iki aplikasi kena apa kaga bisa mlebu...aneh bgt. mung info aplikasi macet 😤😤😤,ini aplikasi kena apa kaga bisa masuk...aneh banget. mung info aplikasi macet 😤😤😤,ini aplikasi ngapo kaga pacak masuk...aneh nian. cuman info aplikasi macet 😤😤😤,ini aplikasi ngapo kaga pacak masuk...aneh bgt. cuman info aplikasi macet 😤😤😤
Aplikasi sering error dan nge lag. Mana pake sistem antri2 an dan dah nunggu lama tiket malah habis. bikin orang kesel. Aplikasi pembelian tiket lain jd dibatasi akses nya bahkan bisa tiket tidak dijual disana. Jangan2 ada permainan orang dalem sama calo2. Sesekali butuh diaudit nih KAI biar gk pd KORUPSI,negatif,,negatif,,,Aplikasi sering error lan nge lag. Endi nganggo sistem antri2 an lan dah nunggu suwe tiket malah habis. bikin orang kesel. Aplikasi tumbas tiket lain jd diwatesi akses nya bahkan bisa tiket ora dijual disana. Jangan2 ana permainan orang dalem padha calo2. Sesekali butuh diaudit nih KAI ben ora pd KORUPSI,Aplikasi sering rusak dan nge lag. Mana pake sistem antri2 an dan dah nunggu lama tiket malah habis. bikin wong kesel. Aplikasi pembelian tiket lain jd dibatasi akses nya bahkan bisa tiket ora dijual disana. Jangan2 ana permainan wong dalem karo calo2. Sesekali butuh diaudit nih KAI biar gk pd KORUPSI,Aplikasi sering error dan nge lag. Mana pake sistem antri2 an dan dah nunggu lama tiket malah habis. bikin wong kesel. Aplikasi pembelian tiket lain jd dibatasi akses nyo bahkan pacak tiket dak dijual disana. Jangan2 ado permainan wong dalem samo calo2. Sesekali butuh diaudit nih KAI biar gk pd KORUPSI,Aplikasi sering error dan nge lag. Mana pake sistem antri2 an dan dah nunggu lama tiket malah habis. bikin wong kesel. Aplikasi pembelian tiket lain jd dibatasi akses nyo bahkan pacak tiket dak dijual disana. Jangan2 ado permainan wong dalem samo calo2. Sesekali butuh diaudit nih KAI biar gk pd KORUPSI
Aplikasi taik gak becus gak bener mau mesen aja susahnya minta ampun gak bisa bisa sampe berhari hari eror terus ntah apa aja errornya gak usah buat aplikasi kalau gak bisa mending tidur,,,negatif,,,Aplikasi taik ora becus ora bener arep mesen aja susahnya minta ampun ora bisa bisa nganti berhari dina rusak terus ntah apa aja errornya ora perlu kanggo aplikasi kalau ora bisa mending tidur,Aplikasi taik ora becus ora bener arep mesen wae susahnya minta ampun ora bisa bisa sampe berhari hari eror terus ntah apa wae errornya ora usah buat aplikasi yen ora bisa mending tidur,Aplikasi taik dak becus dak bener nak mesen bae susahnyo minta ampun dak pacak pacak sampe berhari hari eror terus ntah apo bae errornyo dak usah buat aplikasi men dak pacak mending tidur,Aplikasi taik dak becus dak bener nak mesen bae susahnyo minta ampun dak pacak pacak sampe berhari hari eror terus ntah apo bae errornyo dak usah buat aplikasi men dak pacak mending tidur
Ko aplikasinya b*b* ya error sih setiap hari,negatif,,,,,Ko aplikasinya b*b* ya error sih saben dina,Ko aplikasinya b*b* ya rusak sih setiap hari,Ko aplikasinyo b*b* ya error sih setiap hari,Ko aplikasinyo b*b* ya error sih setiap hari
"ketinggalan kereta gara"" servernya bermasalah😮‍💨",negatif,,,,,"ketinggalan sepur gara"" servernya bermasalah😮‍💨","ketinggalan kereta gara"" servernya bermasalah😮‍💨","ketinggalan kereta gara"" servernyo bermasalah😮‍💨","ketinggalan kereta gara"" servernyo bermasalah😮‍💨"
gatau kenpa kesel aja gitu pke aplikasi nge stuck trus pdhal saya baru top up in sengaja di aplikasi biar lebih cepet dan praktis eh pas saya buka aplikasi lemot nya minta ampun pdhal gada informasi maintenance yaa minimal kalo lagi ada maintenance tu infokan biar kitaa dari jauh jauh gabklan pesen tiket by aplikasi mnding of aja kalo gitu lwbih enak pake flez atau e-money dll,negatif,,,,,gatau kenpa kesel aja gitu pke aplikasi nge stuck trus padahal aku anyar top up in sengaja ing aplikasi ben luwih cepet lan praktis eh pas aku buka aplikasi lemot nya minta ampun padahal gada informasi maintenance yaa minimal yen maneh ana maintenance tu infokan ben kitaa dari jauh jauh gabklan pesen tiket by aplikasi mnding of aja yen gitu lwbih enak nganggo flez utawa e-money dll,gatau kenpa kesel wae gitu pke aplikasi nge stuck trus pdhal aku baru top up in sengaja di aplikasi biar lebih cepet dan praktis eh pas aku buka aplikasi lemot nya minta ampun pdhal gada informasi maintenance yaa minimal yen lagi ana maintenance tu infokan biar kitaa dari jauh jauh gabklan pesen tiket by aplikasi mnding of wae yen gitu lwbih enak pake flez atau e-money dll,gatau kenpa kesel bae gitu pke aplikasi nge stuck trus pdhal aku baru top up in sengaja di aplikasi biar lebih cepet dan praktis eh pas aku buka aplikasi lemot nyo minta ampun pdhal gada informasi maintenance yaa minimal men lagi ado maintenance tu infokan biar kitaa dari jauh jauh gabklan pesen tiket by aplikasi mnding of bae men gitu lwbih enak pake flez atau e-money dll,gatau kenpa kesel bae gitu pke aplikasi nge stuck trus pdhal aku baru top up in sengaja di aplikasi biar lebih cepet dan praktis eh pas aku buka aplikasi lemot nyo minta ampun pdhal gada informasi maintenance yaa minimal men lagi ado maintenance tu infokan biar kitaa dari jauh jauh gabklan pesen tiket by aplikasi mnding of bae men gitu lwbih enak pake flez atau e-money dll
"Ini gimana sih aplikasinya, suruh upgrade giliran udah d upgrade ada notifikasi email& phone already exist 😪😪",,,,,negatif,"Iki gimana sih aplikasinya, suruh upgrade giliran wis d upgrade ana notifikasi email& phone already exist 😪😪","Ini kepriye sih aplikasinya, suruh upgrade giliran wis d upgrade ana notifikasi email& phone already exist 😪😪","Ini cakmno sih aplikasinyo, suruh upgrade giliran lah d upgrade ado notifikasi email& phone already exist 😪😪","Ini cakmno sih aplikasinyo, suruh upgrade giliran lah d upgrade ado notifikasi email& phone already exist 😪😪"
"Grafis udah oke, tapi kenapa seriiingg banget update. Plis jangan kebanyakan update klo masih sering lemot dan error!",,positif,,,negatif,"Grafis wis wis apik, nanging kena apa seriiingg banget nganyari. Plis aja kakehan nganyari yen isih sering lemot lan error!","Grafis wis oke, nanging kena apa seriiingg banget update. Plis jangan kebanyakan update klo masih sering lemot dan rusak!","Grafis lah oke, tapi ngapo seriiingg nian update. Plis jangan kebanyakan update klo masih sering lemot dan error!","Grafis lah oke, tapi ngapo seriiingg nian update. Plis jangan kebanyakan update klo masih sering lemot dan error!"
"Evaluasi aplikasinya, semenjak di update access by kai, lebih sering error & loading nya lama bangett. Sering muncul kode error. Apalagi kalau waktu war muncul tidak bisa booking karna sudah lebih dari 15 kali, padahal user bolak balik booking ya karna di halaman tertentu aplikasi stuck, shg user terpaksa membatalkan, setelah itu akun kita tidak dpt dignkn beli tiket seharian, menyusahkan sekali, padahal sistem yg error. Lalu sering jg tiket sukses dibayar dan uang terdebit, tapi tiket tdk mncul",negatif,,negatif,,,"Evaluasi aplikasinya, semenjak ing nganyari access by kai, luwih sering error & muter nya suwe bangett. Sering muncul kode error. Apalagi kalau wektu war muncul ora bisa pesen karna wis luwih dari 15 kali, padahal user bolak balik pesen ya karna ing halaman tertentu aplikasi stuck, shg user terpaksa membatalkan, sawise kuwi akun kowe ora dpt dignkn tumbas tiket seharian, menyusahkan sekali, padahal sistem yg error. Lalu sering jg tiket sukses dibayar lan uang terdebit, nanging tiket tdk mncul","Evaluasi aplikasinya, semenjak di update access by kai, lebih sering rusak & loading nya lama bangett. Sering muncul kode rusak. Apalagi yen waktu war muncul ora bisa booking karna wis lebih dari 15 kali, padahal user bolak balik booking ya karna di halaman tertentu aplikasi stuck, shg user terpaksa membatalkan, setelah itu akun kabeh ora dpt dignkn beli tiket seharian, menyusahkan pisan, padahal sistem yg rusak. Lalu sering jg tiket sukses dibayar dan dhuwit terdebit, nanging tiket tdk mncul","Evaluasi aplikasinyo, semenjak di update access by kai, lebih sering error & loading nyo lama bangett. Sering muncul kode error. Apalagi men waktu war muncul dak pacak booking karna lah lebih dari 15 kali, padahal user bolak balik booking ya karna di halaman tertentu aplikasi stuck, shg user terpaksa membatalkan, setelah itu akun kito dak dpt dignkn beli tiket seharian, menyusahkan nian, padahal sistem yg error. Lalu sering jg tiket sukses dibayar dan duet terdebit, tapi tiket dak mncul","Evaluasi aplikasinyo, semenjak di update access by kai, lebih sering error & loading nyo lama bangett. Sering muncul kode error. Apalagi men waktu war muncul dak pacak booking karna lah lebih dari 15 kali, padahal user bolak balik booking ya karna di halaman tertentu aplikasi stuck, shg user terpaksa membatalkan, setelah itu akun kito dak dpt dignkn beli tiket seharian, menyusahkan nian, padahal sistem yg error. Lalu sering jg tiket sukses dibayar dan duet terdebit, tapi tiket tdk mncul"
"aplikasi jelek, tiba2 reset sendiri, giliran di lupa password otp ga muncul, aplikasi katrok",negatif,,,,negatif,"aplikasi jelek, tiba2 reset sendiri, giliran ing lupa password otp ora muncul, aplikasi katrok","aplikasi jelek, tiba2 reset dhewe, giliran di lupa password otp ora muncul, aplikasi katrok","aplikasi jelek, tiba2 reset dewek, giliran di lupa password otp dak muncul, aplikasi katrok","aplikasi jelek, tiba2 reset sendiri, giliran di lupa password otp ga muncul, aplikasi katrok"
Koq jadi sedikit update... Padahal sebelumnya ga ada masalah,konflik,,,,,Koq dadi sedikit nganyari... Padahal sebelumnya ora ana masalah,Koq jadi sedikit update... Padahal sebelumnya ora ana masalah,Koq jadi sedikit update... Padahal sebelumnyo dak ado masalah,Koq jadi sedikit update... Padahal sebelumnyo ga ado masalah
"Saran aku KAI gausa gaya²an update kai access dah, banyak ngebug nya sekarang jadwal sering kosong, loading lama, request time out mulu, stuck di halaman data penumpang terus, waktu udah bisa ke menu pilih kursi logout sendiri lol.. klo d website ga bisa ambil 2jam sebelum keberangkatan hhhh",negatif,,negatif,,,"Saran aku KAI gausa gaya²an nganyari kai access dah, akeh ngebug nya saiki jadwal sering kosong, muter suwe, request time out terus, stuck ing halaman data penumpang terus, wektu wis bisa menyang menu pilih kursi logout sendiri lol.. yen d website ora bisa ambil 2jam sebelum keberangkatan hhhh","Saran aku KAI gausa gaya²an update kai access dah, banyak ngebug nya saiki jadwal sering kosong, loading lama, request time out mulu, stuck di halaman data penumpang terus, waktu wis bisa ke menu pilih kursi logout dhewe lol.. klo d website ora bisa ambil 2jam sebelum keberangkatan hhhh","Saran aku KAI gausa gaya²an update kai access dah, banyak ngebug nyo sekarang jadwal sering kosong, loading lama, request time out mulu, stuck di halaman data penumpang terus, waktu lah pacak ke menu pilih kursi logout dewek lol.. klo d website dak pacak ambil 2jam sebelum keberangkatan hhhh","Saran aku KAI gausa gaya²an update kai access dah, banyak ngebug nyo sekarang jadwal sering kosong, loading lama, request time out mulu, stuck di halaman data penumpang terus, waktu lah pacak ke menu pilih kursi logout sendiri lol.. klo d website ga pacak ambil 2jam sebelum keberangkatan hhhh"
"Kok bisa aneh gini ya 🤦‍♂️ 🤦‍♂️ Tiba-tiba ada pemberitahuan bahwa akun anda telah kadaluwarsa kok bisa gitu?. Tolong pihak KAI accses yang menangani bagian aplikasi kalo bikin aplikasi tuh jangan yang ber tele-tele, pikirin kenyamanan konsumen. Kalo memang GAK NIAT Bikin Aplikasi mending GAK USAH BUAT SEKALIAN ❗❗ kerjaannya pembaruan, Dikit-dikit pembaruan malah amburadul. Situ niat Gak Sih Bikin Aplikasi 😤 😤",negatif,,,,negatif,"Kok bisa aneh gini ya 🤦‍♂️ 🤦‍♂️ Tiba-tiba ana pemberitahuan bahwa akun anda telah kadaluwarsa kok bisa gitu?. Tulung pihak KAI accses sing menangani bagian aplikasi yen bikin aplikasi tuh aja sing ber tele-tele, pikirin kenyamanan konsumen. Yen bener-bener ORA NIAT Bikin Aplikasi mending ORA PERLU KANGGO SEKALIAN ❗❗ kerjaannya pembaruan, Dikit-dikit pembaruan malah amburadul. Situ niat Ora Sih Bikin Aplikasi 😤 😤","Kok bisa aneh gini ya 🤦‍♂️ 🤦‍♂️ Tiba-tiba ana pemberitahuan bahwa akun anda telah kadaluwarsa kok bisa gitu?. Tolong pihak KAI accses yang menangani bagian aplikasi yen bikin aplikasi tuh jangan yang ber tele-tele, pikirin kenyamanan konsumen. Yen memang ORA NIAT Bikin Aplikasi mending ORA USAH BUAT SEKALIAN ❗❗ kerjaannya pembaruan, Dikit-dikit pembaruan malah amburadul. Situ niat Ora Sih Bikin Aplikasi 😤 😤","Kok pacak aneh gini ya 🤦‍♂️ 🤦‍♂️ Tiba-tiba ado pemberitahuan bahwa akun anda telah kadaluwarsa kok pacak gitu?. Tolong pihak KAI accses yang menangani bagian aplikasi men bikin aplikasi tuh jangan yang ber tele-tele, pikirin kenyamanan konsumen. Men memang DAK NIAT Bikin Aplikasi mending DAK USAH BUAT SEKALIAN ❗❗ kerjaannyo pembaruan, Dikit-dikit pembaruan malah amburadul. Situ niat Dak Sih Bikin Aplikasi 😤 😤","Kok pacak aneh gini ya 🤦‍♂️ 🤦‍♂️ Tiba-tiba ado pemberitahuan bahwa akun anda telah kadaluwarsa kok pacak gitu?. Tolong pihak KAI accses yang menangani bagian aplikasi men bikin aplikasi tuh jangan yang ber tele-tele, pikirin kenyamanan konsumen. men memang dak NIAT Bikin Aplikasi mending dak USAH BUAT SEKALIAN ❗❗ kerjaannyo pembaruan, Dikit-dikit pembaruan malah amburadul. Situ niat dak Sih Bikin Aplikasi 😤 😤"
"Skarang minimal versi harus android 8,banyak lansia pake hp android d bawah itu susah ga bisa di akses, harusnya apps penting bgini minimal android 5 udah itu paling rendah...... udah cara oembayaran Qris kadang2 erorr d waktu mepet",negatif,,,negatif,,"Skarang minimal versi kudu android 8,akeh lansia nganggo hp android d bawah kuwi susah ora bisa ing akses, harusnya apps penting bgini minimal android 5 wis kuwi paling rendah...... wis cara oembayaran Qris kadang2 erorr d wektu mepet","Skarang minimal versi harus android 8,banyak lansia pake hp android d bawah itu susah ora bisa di akses, harusnya apps penting bgini minimal android 5 wis itu paling rendah...... wis cara oembayaran Qris kadang2 erorr d waktu mepet","Skarang minimal versi harus android 8,banyak lansia pake hp android d bawah itu susah dak pacak di akses, harusnyo apps penting bgini minimal android 5 lah itu paling rendah...... lah caro oembayaran Qris kadang2 erorr d waktu mepet","Skarang minimal versi harus android 8,banyak lansia pake hp android d bawah itu susah ga pacak di akses, harusnyo apps penting bgini minimal android 5 lah itu paling rendah...... lah caro oembayaran Qris kadang2 erorr d waktu mepet"
"Aplikasi sebelumnya baik2 saja dan aman2 saja, tapi setelah di update malah jadi gak bisa di buka aplikasinya malah suruh pake perangkat hp yg lain..",negatif,,,,,"Aplikasi sebelumnya baik2 saja lan aman2 saja, nanging sawise ing nganyari malah dadi ora bisa ing buka aplikasinya malah suruh nganggo perangkat hp yg lain..","Aplikasi sebelumnya baik2 wae dan aman2 wae, nanging setelah di update malah jadi ora bisa di buka aplikasinya malah suruh pake perangkat hp yg lain..","Aplikasi sebelumnyo baik2 bae dan aman2 bae, tapi setelah di update malah jadi dak pacak di buka aplikasinyo malah suruh pake perangkat hp yg lain..","Aplikasi sebelumnyo baik2 bae dan aman2 bae, tapi setelah di update malah jadi dak pacak di buka aplikasinyo malah suruh pake perangkat hp yg lain.."
"selalu ada masalah waktu pembayaran tiket, dan selalu eror, ayolah KAI, di maintenance lagi apk nya pliss, jujur ini udah sering bngt kejadian , akhirnya ujung2 nya kehabisan tiket , Karne bolak balik log in",negatif,,,negatif,,"selalu ana masalah wektu pembayaran tiket, lan selalu rusak, ayolah KAI, ing maintenance maneh apk nya pliss, jujur iki wis sering bngt kejadian , akhirnya ujung2 nya kehabisan tiket , Karne bolak balik log in","selalu ana masalah waktu pembayaran tiket, dan selalu eror, ayolah KAI, di maintenance lagi apk nya pliss, jujur ini wis sering bngt kejadian , akhirnya ujung2 nya kehabisan tiket , Karne bolak balik log in","selalu ado masalah waktu pembayaran tiket, dan selalu eror, ayolah KAI, di maintenance lagi apk nyo pliss, jujur ini lah sering bngt kejadian , akhirnyo ujung2 nyo kehabisan tiket , Karne bolak balik log in","selalu ado masalah waktu pembayaran tiket, dan selalu eror, ayolah KAI, di maintenance lagi apk nyo pliss, jujur ini lah sering bngt kejadian , akhirnyo ujung2 nyo kehabisan tiket , Karne bolak balik log in"
"Aplikasi sering down, gk normal, gak jelas, PHP mulu, waiting list lama tp jadwal gk muncul muncul jugaaa, alhasil setelah repeat berulang dan jadwal muncul gk bisa pesen, error mulu mau loncat kebtahap pilih kursi, abis itu keluar kn yaa tp mau masuk lagi katanya udah transakni berulang jadi gk bisa pesen lagii, woyyy waktu ku dipermainkan yaaa, belom juga kelas pesen kok udah dianggep kessringan pesen, aplikasi ane aja yg gk jelas woyyy, Perbaiki donk, AKUN besar kok gini masian, kecewa ahhhh",negatif,,negatif,,,"Aplikasi sering down, ora normal, ora cetha, PHP terus, waiting list suwe tp jadwal ora muncul muncul jugaaa, alhasil sawise repeat berulang lan jadwal muncul ora bisa pesen, error terus arep loncat kebtahap pilih kursi, entek kuwi metu kn yaa tp arep mlebu maneh jarene wis transakni berulang dadi ora bisa pesen lagii, woyyy wektu ku dipermainkan yaaa, belom uga kelas pesen kok wis dianggep kessringan pesen, aplikasi ane aja yg ora cetha woyyy, Benerake donk, AKUN besar kok gini masian, kecewa ahhhh","Aplikasi sering down, gk normal, ora jelas, PHP mulu, waiting list lama tp jadwal gk muncul muncul jugaaa, alhasil setelah repeat berulang dan jadwal muncul gk bisa pesen, rusak mulu arep loncat kebtahap pilih kursi, abis itu keluar kn yaa tp arep masuk lagi katanya wis transakni berulang jadi gk bisa pesen lagii, woyyy waktu ku dipermainkan yaaa, belom uga kelas pesen kok wis dianggep kessringan pesen, aplikasi ane wae yg gk jelas woyyy, Perbaiki donk, AKUN besar kok gini masian, kecewa ahhhh","Aplikasi sering down, gk normal, dak jelas, PHP mulu, waiting list lama tp jadwal gk muncul muncul jugaaa, alhasil setelah repeat berulang dan jadwal muncul gk pacak pesen, error mulu nak loncat kebtahap pilih kursi, abis itu keluar kn yaa tp nak masuk lagi katanyo lah transakni berulang jadi gk pacak pesen lagii, woyyy waktu ku dipermainkan yaaa, belom jugo kelas pesen kok lah dianggep kessringan pesen, aplikasi ane bae yg gk jelas woyyy, Perbaiki donk, AKUN besar kok gini masian, kecewa ahhhh","Aplikasi sering down, gk normal, dak jelas, PHP mulu, waiting list lama tp jadwal gk muncul muncul jugaaa, alhasil setelah repeat berulang dan jadwal muncul gk pacak pesen, error mulu nak loncat kebtahap pilih kursi, abis itu keluar kn yaa tp nak masuk lagi katanyo lah transakni berulang jadi gk pacak pesen lagii, woyyy waktu ku dipermainkan yaaa, belom jugo kelas pesen kok lah dianggep kessringan pesen, aplikasi ane bae yg gk jelas woyyy, Perbaiki donk, AKUN besar kok gini masian, kecewa ahhhh"
"Aplikasi jelek. Saat akan melakukan pembayaran, diharuskan pakai ewallet untuk kereta lokal, kemudian pop up muncul terjadi kesalahan. Saat cek tiket, menunggu pembayaran. Hanya ada opsi batalkan pesanan atau kembali ke home. Akan lbh baik diberikan opsi bayar dengan transfer bank seperti kereta antar kota untuk memudahkan costumer.",,,negatif,negatif,,"Aplikasi jelek. Wektu akan melakukan pembayaran, diharuskan nganggo ewallet kanggo sepur lokal, kemudian pop up muncul terjadi kesalahan. Wektu cek tiket, nunggu pembayaran. Hanya ana opsi batalkan pesanan utawa bali menyang home. Akan luwih baik diberikan opsi bayar karo transfer bank seperti sepur antar kota kanggo nggampangake costumer.","Aplikasi jelek. Saat akan melakukan pembayaran, diharuskan pakai ewallet untuk kereta lokal, kemudian pop up muncul terjadi kesalahan. Saat cek tiket, menunggu pembayaran. Hanya ana opsi batalkan pesanan atau kembali ke home. Akan lbh apik diberikan opsi bayar karo transfer bank kaya kereta antar kota untuk memudahkan costumer.","Aplikasi jelek. Saat akan melakukan pembayaran, diharuskan pakai ewallet untuk kereta lokal, kemudian pop up muncul terjadi kesalahan. Saat cek tiket, menunggu pembayaran. Hanyo ado opsi batalkan pesanan atau kembali ke home. Akan lbh baek diberikan opsi bayar pake transfer bank cak kereta antar kota untuk memudahkan costumer.","Aplikasi jelek. Saat akan melakukan pembayaran, diharuskan pakai ewallet untuk kereta lokal, kemudian pop up muncul terjadi kesalahan. Saat cek tiket, menunggu pembayaran. Hanyo ado opsi batalkan pesanan atau kembali ke home. Akan lbh baek diberikan opsi bayar dengan transfer bank cak kereta antar kota untuk memudahkan costumer."
"Sekarang kok aplikasinya jadi gini ya? Sering keluar sendiri dan ketika masuk akun lamanya minta ampun, selalu salah password dan ketika meminta kode OTP pun tidak muncul², sayang banget padahal diawal² bagus banget aplikasi ini, tapi skrng malah kaya gini semoga secepatnya diperbaiki ya🙌",negatif,,,,negatif,"Saiki kok aplikasinya dadi gini ya? Sering metu sendiri lan ketika mlebu akun lamanya minta ampun, selalu salah password lan ketika meminta kode OTP pun ora muncul², sayang banget padahal diawal² apik banget aplikasi iki, nanging skrng malah kaya gini muga-muga secepatnya benerake ya🙌","Saiki kok aplikasinya jadi gini ya? Sering keluar dhewe dan ketika masuk akun lamanya minta ampun, selalu salah password dan ketika meminta kode OTP pun ora muncul², sayang banget padahal diawal² apik banget aplikasi ini, nanging skrng malah kaya gini semoga secepatnya diperbaiki ya🙌","Sekarang kok aplikasinyo jadi gini ya? Sering keluar dewek dan ketika masuk akun lamanyo minta ampun, selalu salah password dan ketika meminta kode OTP pun dak muncul², sayang nian padahal diawal² bagus nian aplikasi ini, tapi skrng malah kaya gini semoga secepatnyo diperbaiki ya🙌","Sekarang kok aplikasinyo jadi gini ya? Sering keluar sendiri dan ketika masuk akun lamanyo minta ampun, selalu salah password dan ketika meminta kode OTP pun dak muncul², sayang nian padahal diawal² bagus nian aplikasi ini, tapi skrng malah kaya gini semoga secepatnyo diperbaiki ya🙌"
APLIKASINYA LEMOOOOOT. BUAT BAYAR PAKE E-WALLET SUSAH. KALO KAGA SIAP GA USAH NGIDE BIKIN APPS SENDIRI.,negatif,,,negatif,,APLIKASINYA LEMOOOOOT. KANGGO BAYAR NGANGGO E-WALLET SUSAH. YEN KAGA SIAP ORA PERLU NGIDE BIKIN APPS SENDIRI.,APLIKASINYA LEMOOOOOT. BUAT BAYAR PAKE E-WALLET SUSAH. YEN KAGA SIAP ORA USAH NGIDE BIKIN APPS DHEWE.,APLIKASInyo LEMOOOOOT. BUAT BAYAR PAKE E-WALLET SUSAH. MEN KAGA SIAP DAK USAH NGIDE BIKIN APPS DEWEK.,APLIKASINYA LEMOOOOOT. BUAT BAYAR PAKE E-WALLET SUSAH. men KAGA SIAP GA USAH NGIDE BIKIN APPS SENDIRI.
"Aplikasi banyak bug dan aplikasi susah jaringan ampas, sekelas BUMN bikin data server aja jelek bgt lemot aplikasinya dan butuh sinyal yang kuat sedangkan kebutuhan harus serba online beli tiketnya. Menyulitkan bangsul",negatif,,,,,"Aplikasi akeh bug lan aplikasi susah jaringan ampas, sekelas BUMN bikin data server aja jelek bgt lemot aplikasinya lan butuh sinyal sing kuat sedangkan kebutuhan kudu serba online tumbas tiketnya. Menyulitkan bangsul","Aplikasi banyak bug dan aplikasi susah jaringan ampas, sekelas BUMN bikin data server wae jelek banget lemot aplikasinya dan butuh sinyal yang kuat sedangkan kebutuhan harus serba online beli tiketnya. Menyulitkan bangsul","Aplikasi banyak bug dan aplikasi susah jaringan ampas, sekelas BUMN bikin data server bae jelek nian lemot aplikasinyo dan butuh sinyal yang kuat sedangkan kebutuhan harus serba online beli tiketnyo. Menyulitkan bangsul","Aplikasi banyak bug dan aplikasi susah jaringan ampas, sekelas BUMN bikin data server bae jelek bgt lemot aplikasinyo dan butuh sinyal yang kuat sedangkan kebutuhan harus serba online beli tiketnyo. Menyulitkan bangsul"
"balikin ke awal aja apk nya sering update tp serig bug juga lol, masa awal topup kai pay 40rb tp saldo yg masuk cmn 34rb giliran topup lagi saldo tetep ga masuk pdhl dah direfresh. trs saldo ygbaru topup ni masuk kemana??? mo bayar pake qris jg gabisa, barcodenya ga keluar. anehhhhhhh!",negatif,,,negatif,,"balikin menyang awal aja apk nya sering nganyari tp serig bug uga lol, mangsa awal topup kai pay 40rb tp saldo yg mlebu cmn 34rb giliran topup maneh saldo tetep ora mlebu pdhl dah direfresh. trs saldo ygbaru topup ni mlebu kemana??? mo bayar nganggo qris jg gabisa, barcodenya ora metu. anehhhhhhh!","balikin ke awal wae apk nya sering update tp serig bug uga lol, masa awal topup kai pay 40rb tp saldo yg masuk cmn 34rb giliran topup lagi saldo tetep ora masuk pdhl dah direfresh. trs saldo ygbaru topup ni masuk kemana??? mo bayar pake qris jg gabisa, barcodenya ora keluar. anehhhhhhh!","balikin ke awal bae apk nyo sering update tp serig bug jugo lol, masa awal topup kai pay 40rb tp saldo yg masuk cmn 34rb giliran topup lagi saldo tetep dak masuk pdhl dah direfresh. trs saldo ygbaru topup ni masuk kemana??? mo bayar pake qris jg gabisa, barcodenyo dak keluar. anehhhhhhh!","balikin ke awal bae apk nyo sering update tp serig bug jugo lol, masa awal topup kai pay 40rb tp saldo yg masuk cmn 34rb giliran topup lagi saldo tetep ga masuk pdhl dah direfresh. trs saldo ygbaru topup ni masuk kemana??? mo bayar pake qris jg gabisa, barcodenyo ga keluar. anehhhhhhh!"
Kenapa sekarang kalo buka apk harus login lagi sih ? Mana error² mulu kalo mau login 😌,,,,,negatif,Kena apa saiki yen buka apk kudu login maneh sih ? Endi error² terus yen arep login 😌,Kena apa saiki yen buka apk harus login lagi sih ? Mana error² mulu yen arep login 😌,Ngapo sekarang men buka apk harus login lagi sih ? Mana error² mulu men nak login 😌,ngapo sekarang men buka apk harus login lagi sih ? Mana error² mulu men nak login 😌
"Merasa kehilangan... sampai berapa lama aplikasi ini dalam.perbaikan? sudah bisa dibuka aplikasinya, trimakasih...",netral,,,,,"Merasa kehilangan... sampai berapa suwe aplikasi iki jero.perbaikan? wis bisa dibuka aplikasinya, trimakasih...","Merasa kehilangan... sampai berapa lama aplikasi ini jero.perbaikan? wis bisa dibuka aplikasinya, trimakasih...","Merasa kehilangan... sampai berapa lama aplikasi ini dalem.perbaikan? lah pacak dibuka aplikasinyo, trimakasih...","Merasa kehilangan... sampai berapa lama aplikasi ini dalam.perbaikan? lah pacak dibuka aplikasinyo, trimakasih..."
"Usaha lagi ya developer, malu tau buat aplikasi kok banyak ga bisa nya, usaha dikit lah, ganti nomor telepon ga bisa, nomor telepon kai acces ga semua telkomsel, link aja harus pakai nkmor telkomsel, pinter dikit gitu lho, 6 bulan lalu bisa digunakan, saat pembayaran nomor telepon bisa diedit, kok sekarang enggak, malu lah maluuu, baca baca lagi kritikan orang orang, jangan nutup mata gitu lho! Sekali lagi buang uang untuk inovasi ga bernilai!",,,,,konflik,"Usaha maneh ya developer, malu ngerti kanggo aplikasi kok akeh ora bisa nya, usaha dikit yo, ganti nomor telepon ora bisa, nomor telepon kai acces ora semua telkomsel, link aja kudu nganggo nkmor telkomsel, pinter dikit gitu lho, 6 bulan lalu bisa digunakan, wektu pembayaran nomor telepon bisa diedit, kok saiki enggak, malu yo maluuu, baca baca maneh kritikan orang orang, aja nutup mata gitu lho! Sekali maneh buang uang kanggo inovasi ora bernilai!","Usaha lagi ya developer, malu tau buat aplikasi kok banyak ora bisa nya, usaha dikit lah, ganti nomor telepon ora bisa, nomor telepon kai acces ora kabeh telkomsel, link wae harus pakai nkmor telkomsel, pinter dikit gitu lho, 6 bulan lalu bisa digunakan, saat pembayaran nomor telepon bisa diedit, kok saiki enggak, malu lah maluuu, baca baca lagi kritikan wong wong, jangan nutup mata gitu lho! Pisan lagi buang dhuwit untuk inovasi ora bernilai!","Usaha lagi ya developer, malu tau buat aplikasi kok banyak dak pacak nyo, usaha dikit lah, ganti nomor telepon dak pacak, nomor telepon kai acces dak galo telkomsel, link bae harus pakai nkmor telkomsel, pinter dikit gitu lho, 6 bulan lalu pacak digunakan, saat pembayaran nomor telepon pacak diedit, kok sekarang enggak, malu lah maluuu, baca baca lagi kritikan wong wong, jangan nutup mata gitu lho! Nian lagi buang duet untuk inovasi dak bernilai!","Usaha lagi ya developer, malu tau buat aplikasi kok banyak ga pacak nyo, usaha dikit lah, ganti nomor telepon ga pacak, nomor telepon kai acces ga semua telkomsel, link bae harus pakai nkmor telkomsel, pinter dikit gitu lho, 6 bulan lalu pacak digunakan, saat pembayaran nomor telepon pacak diedit, kok sekarang enggak, malu lah maluuu, baca baca lagi kritikan wong wong, jangan nutup mata gitu lho! nian lagi buang duet untuk inovasi ga bernilai!"
"[update] +2 ⭐ untuk pelayanan yang makin baik. Applikasi jangan sering2 update yang sepele. Terlalu sering update juga cukup mengganggu saat mau pakai app. kalau bisa opsi update bisa ditunda, jadi tidak harus langsung update",negatif,,,,,"[nganyari] +2 ⭐ kanggo pelayanan sing makin baik. Applikasi aja sering2 nganyari sing sepele. Terlalu sering nganyari uga cukup mengganggu wektu arep nganggo app. kalau bisa opsi nganyari bisa ditunda, dadi ora kudu langsung nganyari","[update] +2 ⭐ untuk pelayanan yang makin apik. Applikasi jangan sering2 update yang sepele. Terlalu sering update uga cukup mengganggu saat arep pakai app. yen bisa opsi update bisa ditunda, jadi ora harus langsung update","[update] +2 ⭐ untuk pelayanan yang makin baek. Applikasi jangan sering2 update yang sepele. Terlalu sering update jugo cukup mengganggu saat nak pakai app. men pacak opsi update pacak ditunda, jadi dak harus langsung update","[update] +2 ⭐ untuk pelayanan yang makin baek. Applikasi jangan sering2 update yang sepele. Terlalu sering update jugo cukup mengganggu saat nak pakai app. men pacak opsi update pacak ditunda, jadi dak harus langsung update"
Servernya lemottt bgt. Mau reschedule aja susahhh dann lamaaa poll,,,negatif,,,Servernya lemottt bgt. Arep reschedule aja susahhh dann lamaaa poll,Servernya lemottt banget. Arep reschedule wae susahhh dann lamaaa poll,Servernyo lemottt nian. Nak reschedule bae susahhh dann lamaaa poll,Servernyo lemottt bgt. nak reschedule bae susahhh dann lamaaa poll
"aplikasinya eror, gak bisa pesan tiket lokal",,,negatif,,,"aplikasinya rusak, ora bisa pesen tiket lokal","aplikasinya eror, ora bisa pesen tiket lokal","aplikasinyo eror, dak pacak pesan tiket lokal","aplikasinyo eror, dak pacak pesan tiket lokal"
"kenapa tiap pesen tiket selalu error?? kalau ga gitu, kadang engga muncul. jadinya, suka telat dan kehabisan tiket. padahal uda begadang tengah malem buat war. sekarang juga lagi error, ada tulisan 'kadaluarsa, tiket sudah habis'. padahal tiketnya buat satu minggu lagi, bukan yang besok bangett. kecewa sih jujur sama nih aplikasi",,,negatif,,,"kena apa saben pesen tiket selalu error?? kalau ora gitu, kadhang engga muncul. jadinya, suka telat lan kehabisan tiket. padahal wis begadang tengah malem kanggo war. saiki uga maneh error, ana tulisan 'kadaluarsa, tiket wis habis'. padahal tiketnya kanggo satu minggu maneh, bukan sing besok bangett. kecewa sih jujur padha nih aplikasi","kena apa tiap pesen tiket selalu rusak?? yen ora gitu, kadang engga muncul. jadinya, suka telat dan kehabisan tiket. padahal uda begadang tengah malem buat war. saiki uga lagi rusak, ana tulisan 'kadaluarsa, tiket wis habis'. padahal tiketnya buat satu minggu lagi, dudu yang besok bangett. kecewa sih jujur karo nih aplikasi","ngapo tiap pesen tiket selalu error?? men dak gitu, kadang engga muncul. jadinyo, suka telat dan kehabisan tiket. padahal uda begadang tengah malem buat war. sekarang jugo lagi error, ado tulisan 'kadaluarsa, tiket lah habis'. padahal tiketnyo buat satu minggu lagi, bukan yang besok bangett. kecewa sih jujur samo nih aplikasi","ngapo tiap pesen tiket selalu error?? men ga gitu, kadang engga muncul. jadinyo, suka telat dan kehabisan tiket. padahal uda begadang tengah malem buat war. sekarang jugo lagi error, ado tulisan 'kadaluarsa, tiket lah habis'. padahal tiketnyo buat satu minggu lagi, bukan yang besok bangett. kecewa sih jujur samo nih aplikasi"
Pertama boking gak bisa² terus error pas balik ke aplikasi tiket sudah habis kecewa banget,,,negatif,,,Pertama boking ora bisa² terus error pas balik menyang aplikasi tiket wis habis kecewa banget,Pertama boking ora bisa² terus rusak pas balik ke aplikasi tiket wis habis kecewa banget,Pertama boking dak bisa² terus error pas balik ke aplikasi tiket lah habis kecewa nian,Pertama boking dak bisa² terus error pas balik ke aplikasi tiket lah habis kecewa nian
"Seharusnya ini ap KAI Access jangan terlalu banyak update pembaruan tidak semua pengguna Hp Android pakai hp terbaru masih banyak pake hp Android lama mentok di Internal Ram, dan banyak fitur ribet dan iklan ga jelas, mohon di rombak lagi seperti dulu, jangan Menyusahkan",negatif,,,,,"Seharusnya iki ap KAI Access aja terlalu akeh nganyari pembaruan ora semua pengguna Hp Android nganggo hp terbaru isih akeh nganggo hp Android suwe mentok ing Internal Ram, lan akeh fitur ribet lan iklan ora cetha, nyuwun ing rombak maneh seperti dulu, aja Menyusahkan","Seharusnya ini ap KAI Access jangan terlalu banyak update pembaruan ora kabeh pengguna Hp Android pakai hp terbaru masih banyak pake hp Android lama mentok di Internal Ram, dan banyak fitur ribet dan iklan ora jelas, mohon di rombak lagi kaya dulu, jangan Menyusahkan","Seharusnyo ini ap KAI Access jangan terlalu banyak update pembaruan dak galo pengguna Hp Android pakai hp terbaru masih banyak pake hp Android lama mentok di Internal Ram, dan banyak fitur ribet dan iklan dak jelas, mohon di rombak lagi cak dulu, jangan Menyusahkan","Seharusnyo ini ap KAI Access jangan terlalu banyak update pembaruan dak semua pengguna Hp Android pakai hp terbaru masih banyak pake hp Android lama mentok di Internal Ram, dan banyak fitur ribet dan iklan ga jelas, mohon di rombak lagi cak dulu, jangan Menyusahkan"
Coba tolong admin nya lebih grecep lagi setiap ngak pernah di pake selalu muncul awal mulu kalo emang ngak bisa ngak usah pake aplikasi mempersulit aja,negatif,,,,,Coba tulung admin nya luwih grecep maneh saben ngak pernah ing nganggo selalu muncul awal terus yen emang ngak bisa ngak perlu nganggo aplikasi mempersulit aja,Coba tolong admin nya lebih grecep lagi setiap ngak pernah di pake selalu muncul awal mulu yen emang ngak bisa ngak usah pake aplikasi mempersulit wae,Coba tolong admin nyo lebih grecep lagi setiap ngak pernah di pake selalu muncul awal mulu men emang ngak pacak ngak usah pake aplikasi mempersulit bae,Coba tolong admin nyo lebih grecep lagi setiap ngak pernah di pake selalu muncul awal mulu men emang ngak pacak ngak usah pake aplikasi mempersulit bae
Knp sih setelah di update aplikasi access KIA gak bisa di buka saya unsintal nyoba di download lagi sama gak bisa di buka,negatif,,,,,Knp sih sawise ing nganyari aplikasi access KIA ora bisa ing buka aku unsintal nyoba ing download maneh padha ora bisa ing buka,Knp sih setelah di update aplikasi access KIA ora bisa di buka aku unsintal nyoba di download lagi karo ora bisa di buka,Knp sih setelah di update aplikasi access KIA dak pacak di buka aku unsintal nyoba di download lagi samo dak pacak di buka,Knp sih setelah di update aplikasi access KIA dak pacak di buka aku unsintal nyoba di download lagi samo dak pacak di buka
Ini aplikasi gimana malah eror gak bisa akses nyebelin bgt sih pemberitahuan juga gak ada klo lg berkendala,negatif,,,,,Iki aplikasi gimana malah rusak ora bisa akses nyebelin bgt sih pemberitahuan uga ora ana yen lg berkendala,Ini aplikasi kepriye malah eror ora bisa akses nyebelin banget sih pemberitahuan uga ora ana klo lg berkendala,Ini aplikasi cakmno malah eror dak pacak akses nyebelin nian sih pemberitahuan jugo dak ado klo lg berkendala,Ini aplikasi cakmno malah eror dak pacak akses nyebelin bgt sih pemberitahuan jugo dak ado klo lg berkendala
"Akses untuk pesan muter² terua padahal sudah daftar jadi akun basic tapi malah keluar sendiri, diulang² tetap tidak bisa",,,negatif,,,"Akses kanggo pesen muter² terua padahal wis daftar dadi akun basic nanging malah metu sendiri, diulang² tetap ora bisa","Akses untuk pesen muter² terua padahal wis daftar jadi akun basic nanging malah keluar dhewe, diulang² tetap ora bisa","Akses untuk pesan muter² terua padahal lah daftar jadi akun basic tapi malah keluar dewek, diulang² tetap dak pacak","Akses untuk pesan muter² terua padahal lah daftar jadi akun basic tapi malah keluar sendiri, diulang² tetap dak pacak"
"Mohon maaf saya kasih 2 bintang Soalnya agak mengecewakan setiap saya mau pesen tikett kadang server eror terus dan bikin saya kehabisan tikett gara"" server eror dan troubel"" lainya. Bahkan ngecek tiketpun kadang tidak bisa dan akun sering logout"" sendirii. Mohon untuk pihak KAI untuk lebih meningkatkan lagi kualitasnya demi kenyamanan pelanggan, terimakasih🙏",negatif,,negatif,,,"Nyuwun maaf aku nuwun 2 bintang Soalnya agak mengecewakan saben aku arep pesen tikett kadhang server rusak terus lan bikin aku kehabisan tikett gara"" server rusak lan troubel"" lainya. Bahkan ngecek tiketpun kadhang ora bisa lan akun sering logout"" sendirii. Nyuwun kanggo pihak KAI kanggo luwih meningkatkan maneh kualitasnya demi kenyamanan pelanggan, terimakasih🙏","Mohon maaf aku kasih 2 bintang Soalnya agak mengecewakan setiap aku arep pesen tikett kadang server eror terus dan bikin aku kehabisan tikett gara"" server eror dan troubel"" lainya. Bahkan ngecek tiketpun kadang ora bisa dan akun sering logout"" sendirii. Mohon untuk pihak KAI untuk lebih meningkatkan lagi kualitasnya demi kenyamanan pelanggan, terimakasih🙏","Mohon maaf aku kasih 2 bintang Soalnyo agak mengecewakan setiap aku nak pesen tikett kadang server eror terus dan bikin aku kehabisan tikett gara"" server eror dan troubel"" lainyo. Bahkan ngecek tiketpun kadang dak pacak dan akun sering logout"" sendirii. Mohon untuk pihak KAI untuk lebih meningkatkan lagi kualitasnyo demi kenyamanan pelanggan, terimakasih🙏","Mohon maaf aku kasih 2 bintang Soalnyo agak mengecewakan setiap aku nak pesen tikett kadang server eror terus dan bikin aku kehabisan tikett gara"" server eror dan troubel"" lainyo. Bahkan ngecek tiketpun kadang dak pacak dan akun sering logout"" sendirii. Mohon untuk pihak KAI untuk lebih meningkatkan lagi kualitasnyo demi kenyamanan pelanggan, terimakasih🙏"
"Setelah update aplikasinya malah sering masalah, udah banyak komplenan masih aja sama kendalanya, terus terus berulang, mending balikin aja ke versi yang lama, versi ini sulit login, pembayaran sering masalah, sering banget keluar sendiri, login google ilang, bayar harus pake waktu jawa, alah ribett",negatif,,,negatif,negatif,"Sawise nganyari aplikasinya malah sering masalah, wis akeh komplenan isih aja padha kendalanya, terus terus berulang, mending balikin aja menyang versi sing suwe, versi iki sulit login, pembayaran sering masalah, sering banget metu sendiri, login google ilang, bayar kudu nganggo wektu jawa, alah ribett","Setelah update aplikasinya malah sering masalah, wis banyak komplenan masih wae karo kendalanya, terus terus berulang, mending balikin wae ke versi yang lama, versi ini sulit login, pembayaran sering masalah, sering banget keluar dhewe, login google ilang, bayar harus pake waktu jawa, alah ribett","Setelah update aplikasinyo malah sering masalah, lah banyak komplenan masih bae samo kendalanyo, terus terus berulang, mending balikin bae ke versi yang lama, versi ini sulit login, pembayaran sering masalah, sering nian keluar dewek, login google ilang, bayar harus pake waktu jawa, alah ribett","Setelah update aplikasinyo malah sering masalah, lah banyak komplenan masih bae samo kendalanyo, terus terus berulang, mending balikin bae ke versi yang lama, versi ini sulit login, pembayaran sering masalah, sering nian keluar sendiri, login google ilang, bayar harus pake waktu jawa, alah ribett"
"Jelek banget, ngedown pas tinggal pilih kursi. Kalo di apps tulisannya nunggu 30 menit buat antri, padahal nunggu sejam lebih",,,negatif,,,"Jelek banget, ngedown pas tinggal pilih kursi. Yen ing apps tulisannya nunggu 30 menit kanggo antri, padahal nunggu sejam luwih","Jelek banget, ngedown pas tinggal pilih kursi. Yen di apps tulisannya nunggu 30 menit buat antri, padahal nunggu sejam lebih","Jelek nian, ngedown pas tinggal pilih kursi. Men di apps tulisannyo nunggu 30 menit buat antri, padahal nunggu sejam lebih","Jelek nian, ngedown pas tinggal pilih kursi. men di apps tulisannyo nunggu 30 menit buat antri, padahal nunggu sejam lebih"
"Harus antre, akses dibatasi oleh timer, sering notif error, notif timeout, notif sibuk, notif sesi habis, dan banyak lagi sampah lainnya. Intinya ini system yg sangat menjengkelkan",,,negatif,,,"Kudu antre, akses diwatesi oleh timer, sering notif error, notif timeout, notif sibuk, notif sesi habis, lan akeh maneh sampah lainnya. Intinya iki system yg banget menjengkelkan","Harus antre, akses dibatasi oleh timer, sering notif rusak, notif timeout, notif sibuk, notif sesi habis, dan banyak lagi sampah lainnya. Intinya ini system yg banget menjengkelkan","Harus antre, akses dibatasi oleh timer, sering notif error, notif timeout, notif sibuk, notif sesi habis, dan banyak lagi sampah lainnyo. Intinyo ini system yg nian menjengkelkan","Harus antre, akses dibatasi oleh timer, sering notif error, notif timeout, notif sibuk, notif sesi habis, dan banyak lagi sampah lainnyo. Intinyo ini system yg nian menjengkelkan"
"Pas buka aplikasinya loading lama banget, pas mau bayar juga lama banget. Parah ga bisa di pakai kalau lagi buru""",negatif,,,negatif,,"Pas buka aplikasinya muter suwe banget, pas arep bayar uga suwe banget. Parah ora bisa ing nganggo kalau maneh buru""","Pas buka aplikasinya loading lama banget, pas arep bayar uga lama banget. Parah ora bisa di pakai yen lagi buru""","Pas buka aplikasinyo loading lama nian, pas nak bayar jugo lama nian. Parah dak pacak di pakai men lagi buru""","Pas buka aplikasinyo loading lama nian, pas nak bayar jugo lama nian. Parah ga pacak di pakai men lagi buru"""
"Mau boking tiket eror mulu, sinyal oke, kuota full, herann",,,negatif,,,"Arep boking tiket rusak terus, sinyal wis apik, kuota full, herann","Arep boking tiket eror mulu, sinyal oke, kuota full, herann","Nak boking tiket eror mulu, sinyal oke, kuota full, herann","nak boking tiket eror mulu, sinyal oke, kuota full, herann"
"Sangat susah pesan tiket, sudah nunggu jam 00.00, giliran klik bayar loading lama dan akhirnya time out. Saya coba lagi beberapa kali seperti itu, dan akhirnya kursi habis",,,,negatif,,"Banget susah pesen tiket, wis nunggu jam 00.00, giliran klik bayar muter suwe lan akhirnya time out. Aku coba maneh beberapa kali seperti kuwi, lan akhirnya kursi habis","Banget susah pesen tiket, wis nunggu jam 00.00, giliran klik bayar loading lama dan akhirnya time out. Aku coba lagi beberapa kali kaya itu, dan akhirnya kursi habis","Nian susah pesan tiket, lah nunggu jam 00.00, giliran klik bayar loading lama dan akhirnyo time out. Aku coba lagi beberapa kali cak itu, dan akhirnyo kursi habis","nian susah pesan tiket, lah nunggu jam 00.00, giliran klik bayar loading lama dan akhirnyo time out. aku coba lagi beberapa kali cak itu, dan akhirnyo kursi habis"
Makin gak jelass.. sering error sinyal.pesen tiket error muluuu 2 jam ngeklik gak bisa bisaa.. udah pesen tinggal pembayaran error mulu... ayolah KAI ... saya tahu kenyamanan di KAI itu enak.. tapi kalau masalah pemesanan tiket online keseringan error mulu.. orang pasti bakalan pilih transportasi umum lain yang lebih simple cara pemesanan nya..,,,negatif,,,Makin ora jelass.. sering error sinyal.pesen tiket error muluuu 2 jam ngeklik ora bisa bisaa.. wis pesen tinggal pembayaran error terus... ayolah KAI ... aku tahu kenyamanan ing KAI kuwi enak.. nanging kalau masalah pesenan tiket online keseringan error terus.. orang pasti bakalan pilih transportasi umum lain sing luwih gampang cara pesenan nya..,Makin ora jelass.. sering rusak sinyal.pesen tiket rusak muluuu 2 jam ngeklik ora bisa bisaa.. wis pesen tinggal pembayaran rusak mulu... ayolah KAI ... aku tahu kenyamanan di KAI itu enak.. nanging yen masalah pemesanan tiket online keseringan rusak mulu.. wong pasti bakalan pilih transportasi umum lain yang lebih simple cara pemesanan nya..,Makin dak jelass.. sering error sinyal.pesen tiket error muluuu 2 jam ngeklik dak pacak bisaa.. lah pesen tinggal pembayaran error mulu... ayolah KAI ... aku tahu kenyamanan di KAI itu enak.. tapi men masalah pemesanan tiket online keseringan error mulu.. wong pasti bakalan pilih transportasi umum lain yang lebih simple caro pemesanan nyo..,Makin dak jelass.. sering error sinyal.pesen tiket error muluuu 2 jam ngeklik dak pacak bisaa.. lah pesen tinggal pembayaran error mulu... ayolah KAI ... aku tahu kenyamanan di KAI itu enak.. tapi men masalah pemesanan tiket online keseringan error mulu.. wong pasti bakalan pilih transportasi umum lain yang lebih simple caro pemesanan nyo..
"Baru update, besoknya update, tiap buka update _-",negatif,,,,,"Anyar nganyari, besoknya nganyari, saben buka nganyari _-","Baru update, besoknya update, tiap buka update _-","Baru update, besoknyo update, tiap buka update _-","Baru update, besoknyo update, tiap buka update _-"
"Sekarang lemot kebanyak fitur, tolong dibikin simpel aja yg penting bisa sat set sat set",,negatif,,,,"Saiki lemot kebanyak fitur, tulung dibikin simpel aja yg penting bisa sat set sat set","Saiki lemot kebanyak fitur, tolong dibikin simpel wae yg penting bisa sat set sat set","Sekarang lemot kebanyak fitur, tolong dibikin simpel bae yg penting pacak sat set sat set","Sekarang lemot kebanyak fitur, tolong dibikin simpel bae yg penting pacak sat set sat set"
Pesan untuk admin KAI ACCES ! ini aplikasinya kok gini ya min ! Mau DAFTAR kek member basic tetep aja gak bisa ! Padahal udah sesuai ! Tolong di perbaiki lagi biar kita bisa menggunakan aplikasi ini ! Dan kadang sering eror ! Tolong di perbaiki lagi min !,negatif,,,,negatif,Pesen kanggo admin KAI ACCES ! iki aplikasinya kok gini ya min ! Arep DAFTAR kek member basic tetep aja ora bisa ! Padahal wis cocok ! Tulung ing benerake maneh ben kowe bisa menggunakan aplikasi iki ! Lan kadhang sering rusak ! Tulung ing benerake maneh min !,Pesen untuk admin KAI ACCES ! ini aplikasinya kok gini ya min ! Arep DAFTAR kek member basic tetep wae ora bisa ! Padahal wis sesuai ! Tolong di perbaiki lagi biar kabeh bisa menggunakan aplikasi ini ! Dan kadang sering eror ! Tolong di perbaiki lagi min !,Pesan untuk admin KAI ACCES ! ini aplikasinyo kok gini ya min ! Nak DAFTAR kek member basic tetep bae dak pacak ! Padahal lah sesuai ! Tolong di perbaiki lagi biar kito pacak menggunakan aplikasi ini ! Dan kadang sering eror ! Tolong di perbaiki lagi min !,Pesan untuk admin KAI ACCES ! ini aplikasinyo kok gini ya min ! nak DAFTAR kek member basic tetep bae dak pacak ! Padahal lah sesuai ! Tolong di perbaiki lagi biar kito pacak menggunakan aplikasi ini ! Dan kadang sering eror ! Tolong di perbaiki lagi min !
"Heran stand by beli tiket dari jam 12 malem sampe jam 3 loh keluar masuk antri doang. Udah ngisi data penumpang selalu loading sampe timeout bolak balik antri, udah lancar malah tiket habis. Aplikasi gak jelas, tolong dong diperbaiki masa bolak balik antri berjam jam cuma sampe isi data penumpang doang gak loading sih",,,negatif,,,"Heran stand by tumbas tiket dari jam 12 malem nganti jam 3 loh metu mlebu antri doang. Wis ngisi data penumpang selalu muter nganti timeout bolak balik antri, wis lancar malah tiket habis. Aplikasi ora cetha, tulung dong benerake mangsa bolak balik antri berjam jam mung nganti isi data penumpang doang ora muter sih","Heran stand by beli tiket dari jam 12 malem sampe jam 3 loh keluar masuk antri doang. Wis ngisi data penumpang selalu loading sampe timeout bolak balik antri, wis lancar malah tiket habis. Aplikasi ora jelas, tolong dong diperbaiki masa bolak balik antri berjam jam mung sampe isi data penumpang doang ora loading sih","Heran stand by beli tiket dari jam 12 malem sampe jam 3 loh keluar masuk antri doang. Lah ngisi data penumpang selalu loading sampe timeout bolak balik antri, lah lancar malah tiket habis. Aplikasi dak jelas, tolong dong diperbaiki masa bolak balik antri berjam jam cuman sampe isi data penumpang doang dak loading sih","Heran stand by beli tiket dari jam 12 malem sampe jam 3 loh keluar masuk antri doang. lah ngisi data penumpang selalu loading sampe timeout bolak balik antri, lah lancar malah tiket habis. Aplikasi dak jelas, tolong dong diperbaiki masa bolak balik antri berjam jam cuman sampe isi data penumpang doang dak loading sih"
kenapa ya ini pemerintah cari server gak pernah bagus. bagusnya dari mana coba. aku aplikasi ganti password login . gak bisa login2 masak nunggu 1 jam baru login. yok opo si niat open kereta api opo gmn. revisi lah aplikasi setidak e mbok penak tuku server. jangan di minimin anggaran untuk tiket onlinenya,,,,,negatif,kena apa ya iki pemerintah cari server ora pernah apik. bagusnya dari endi coba. aku aplikasi ganti password login . ora bisa login2 masak nunggu 1 jam anyar login. yok opo si niat open sepur api opo gmn. revisi yo aplikasi setidak e mbok penak tuku server. aja ing minimin anggaran kanggo tiket onlinenya,kena apa ya ini pemerintah cari server ora pernah apik. bagusnya dari mana coba. aku aplikasi ganti password login . ora bisa login2 masak nunggu 1 jam baru login. yok opo si niat open kereta api opo gmn. revisi lah aplikasi setidak e mbok penak tuku server. jangan di minimin anggaran untuk tiket onlinenya,ngapo ya ini pemerintah cari server dak pernah bagus. bagusnyo dari mana coba. aku aplikasi ganti password login . dak pacak login2 masak nunggu 1 jam baru login. yok opo si niat open kereta api opo gmn. revisi lah aplikasi setidak e mbok penak tuku server. jangan di minimin anggaran untuk tiket onlinenyo,ngapo ya ini pemerintah cari server dak pernah bagus. bagusnyo dari mana coba. aku aplikasi ganti password login . dak pacak login2 masak nunggu 1 jam baru login. yok opo si niat open kereta api opo gmn. revisi lah aplikasi setidak e mbok penak tuku server. jangan di minimin anggaran untuk tiket onlinenyo
"Tidak bisa di upgrade, aplikasi tidak kompatibel dengan perangkat saya, masa iya sih saya harus dipaksa beli hp baru demi bisa naik kereta, mohon kebijakan nya, saya ini sering pakai kereta api kalau keluar kota, skrg jd terkendala ,,",negatif,,,,,"Ora bisa ing upgrade, aplikasi ora kompatibel karo perangkat aku, mangsa iya sih aku kudu dipaksa tumbas hp anyar demi bisa naik sepur, nyuwun kebijakan nya, aku iki sering nganggo sepur api kalau metu kota, skrg jd terkendala ,,","Ora bisa di upgrade, aplikasi ora kompatibel karo perangkat aku, masa iya sih aku harus dipaksa beli hp baru demi bisa naik kereta, mohon kebijakan nya, aku ini sering pakai kereta api yen keluar kota, skrg jd terkendala ,,","Dak pacak di upgrade, aplikasi dak kompatibel pake perangkat aku, masa iya sih aku harus dipaksa beli hp baru demi pacak naik kereta, mohon kebijakan nyo, aku ini sering pakai kereta api men keluar kota, skrg jd terkendala ,,","dak pacak di upgrade, aplikasi dak kompatibel dengan perangkat aku, masa iya sih aku harus dipaksa beli hp baru demi pacak naik kereta, mohon kebijakan nyo, aku ini sering pakai kereta api men keluar kota, skrg jd terkendala ,,"
