content,Performa,Tampilan,Tiket,Pembayaran,Akun
Gampang diakses setiap saatj,positif,,,,
Lumayan banyak perubahan menjadi lebih gampang,,positif,,,
lebih cepet dan nyaman.,positif,,,,
Loading cepet. Simple cara pakainya. Gampang difahami. Tiket ny cukup scan barcode uga bisa.,positif,positif,positif,,
"Update-nya memang apik jero segi tampilan, nanging mobilisasinya jadi melambat. Pembayaran via e-wallet lama loading. Baru-baru ini di halaman untuk booking tiket uga lama, kadang gagal dan harus keluar-masuk apps biar tiketnya bisa 'nyangkut'.",negatif,positif,negatif,negatif,
"Aplikasi yang apik, gampang di gunakan",positif,,,,
Mantap saiki kabeh bisa ndeleng live tracking di aplikasi,,positif,,,
"Aplikasi ini mengalami perubahan semakin apik. Memudahkan jero pencarian, deleng jadwal dan pesen tiket",,,positif,,
banget lebih gampang dlm pemesan tiket ka👍👍👍💗,,,positif,,
"Untuk pesen tiket wis oke, mung aku kecewanya topup saldo kaipay nanging ora masuk masuk wis 4 hari. Wis komplen lewat dm, email nanging belum jelas itu saldo kaipay uga belum bertambah. Tolong lah min di perbaiki lagi, dan untuk pembayaran e waletnya jga, jangan mung 2 wae, mana dua duanya aplikasi yg ratingnya kurang apik🤦🏼‍♀️ Aku perbaiki bintangnya yen saldo yang aku topup wis berhasil kembali ke saldo kaipay.",negatif,,positif,negatif,
Banget puas karo aplikasi KAI memudahkan pemesanan tiket alat tranformasi jadi LBH mdh & praktis dimanapun berada terima ksh access by KAI,positif,,positif,,
"Gampang buat pembelian tiket,ora harus mengantri",,,positif,,
Access by KAI ini aplikasi yg banget membantu aku jero mobilitas pergi ke luar kota karo kereta. Banget gampang cara memesannya dan gampang cara pembayarannya.,,positif,,positif,
Banget membantu jero pemesanan dan berbagi informasi.,,positif,,,
"Booking susah... Setiap hari dibatasi untuk pembelian tiket... wis nunggu sampe jam 12 malam loading lama... Ehh wis bisa ternyata JATAH hari ini wis penuh... Padahal baru jam 00:01....Sumpah capek"" Nunggu ora ana hasil.... Mending ora usah ana aplikasi deh... Ora guna uga",negatif,,negatif,,
"Dear KAI, tolong lah di perbaiki kembali. Setelah permintaan upgrade bukannya lancar malah loading terus. Arep pake data atau WiFi karo wae loading terus alias alon.",negatif,,,,
"penurunan kualitas aplikasi, kebanyakan mafia calo kah? wis ditahap arep pembayaran malah ngebleng layar putih, tau² waktu abis dan no seat",negatif,,,,
"Aku top up KAI paynya, pengiriman sukses nanging blm ana laporan masuknya di KAI. Saldonya masih nolll pdhal katanya tunggu 15mnit, wis sejam lebih😂. Apa duitnya hangus???🙂 Untung kgk banyak aku top up. Sarannya sih klo top up langsung set masuk, GK perlu nunggu 15mnit atau lebih, dan paling penting semoga kedepannya apknya kgk eror atau lemot😭",negatif,,,negatif,
Tolong dibenahi lagi dong aplikasinya tiap arep beli tiket rusak Mulu yen ora gitu waktu nya abis terus pas Uda di tahap akhir ora bisa pakai metode debit/kredit padahal no kartu dan masa berlaku kartu Uda bener dan sesuai nanging tetap ora bisa. Bener2 aplikasi ribet,negatif,,negatif,negatif,
"Kena apa yah aplikasi Kai access saiki ribet pake menunggu antrian lama, ora bisa langsung masuk pilihan kereta dan eror sistem uga waktu antrian bukanya berkurang malah nambah, mohon segera diperbaiki sistem aplikasinya,..",negatif,,negatif,,
"Aplikasi ora berguna, kena apa setiap kali pesen tiket menjelang lebaran selalu susah ora bisa di akses padahal nunggunya antrin nya sampai satu jam lebih nanging ora bisa uga. Jadi males aku arep menggunakan aplikasi lagi...!!!",negatif,,negatif,,
"sedikit kecewa, tiket kereta api lokal sering kali rusak, tiket ke tujuan di tampilan awal habis nanging ketika pilih transit lalu di lanjutkan lagi tiketnya ana. Aku ora akan komplain ketika nomor tempat duduk berbeda tpi ini tempat duduk dan gerbong karo di kereta yang karo (nomor kereta) dan tanggal keberangkatannya karo. Mohon untuk ditingkatkan lagi efektivitas aplikasinya. Terima kasih",,negatif,negatif,,
Selalu minta update yen enggak ya ora bisa akses aplikasinya,negatif,,,,
Saiki jadi sulit banget pesen tiket pakek aplikasi nya harus upgrade terus dan gagal terus.. Padahal datanya dh sesuai kabeh. Aplikasi semakin rusak,negatif,,negatif,,
"kena apa saiki KAI jadi aplikasi sampah. pesen tiket selalu jadwal tdk ditemukan, giliran sdh ana jadwal setiap pembayaran selalu blank. sdh nyoba berkali² tetep blank!!!! yen sdh blank cm ana pilihan batal pemesanan atau balik ke home!",negatif,,negatif,negatif,
"Halo,tolong jangan di update terus ya aku arep pesen tiket jadi susah karena memori yang ora mencukupi untuk update.",,,,,
"KENA APA APLIKASINYA EROR DEHHH... VERIFIKASI MEMBER BASIC SULIT PISAN, PADAHAL SEMUANYA SESUAI APIK NOMOR TELPON DAN EMAIL.",negatif,,,,negatif
Aplikasi Banget Ala... Banyak pisan masalahnya mulai dari pengiriman Kode OTP dan Pemesanan tiket ora berjalan Optimal banget alon dan ora berhasil.,negatif,,negatif,,negatif
"Ketika War tiket tengah malam kena apa malah aplikasi eror, kadang baru bisa jam setengah 1 atau jam 1, parahhhh",negatif,,negatif,,
Keren ni apk wis war tiket 4malem hasil zonk setiap beres ngisi data diri terus tekan lanjutkan pasti selalu timeout padahal tahun tahun kemarin aman aman wae zzzz,negatif,,negatif,,
"Tolong lah ini dudu aplikasi kmaren sore,, ini termasuk app yg sdh lama.. Masa pengembangan nya sperti ora niat,, ora ana modal lah KAI? Koneksi internet oke, menu railfood dan tiket aku ora bisa dibuka.. Kocak KAI..",negatif,,negatif,,
"Ora guna, berulang kali gangguan terus. Bener-bener di persulit wong arep pulang. Pas wis berhasil war tiket tiba-tiba payment nya yg di persulit dan eror berulang kali, aplikasi pemerintah kok ancur gini",negatif,,,negatif,
ora bisa pesen tiket karo pisan yen belum update,negatif,,negatif,,
"aplikasi nya makin kesini makin mengecewakan, untuk pemesanan tiket sulit server sering down padahal wifi dan kuota aku lancar. kadang di aplikasi tiket tersedia nanging saat ingin di pesen malah ora bisa. Tolong diperbaiki lagi",negatif,,negatif,,
"Makin Diupdate makin banyak Bug nya, parahh, arep masuk akun wae, failed request data terus, kocak"", saiki plus 00.00 buat beli tiket ora muncul sampai 00.08 baru keluar tiba"" tiket wis habis, pliss lah niat ora sih bikin apk, fitur wae ditambah""i, nanging yg bener"" dibutuhin dan inti aplikasi malah ora berkerja karo apik, minimal ngotak, pliss ini KAI Ascess kepriye, mana wis 2 kali lagi wis bayar ternyata tiket ora keluar siall siall",negatif,,negatif,negatif,negatif
"Tolong dong pihak KAI benerin server nya, setiap beli tiket lebaran susah di akses ini aplikasi. Buat bikin aplikasi mahal nanging bikin susah pengguna kereta api ketika arep pesen tiket kereta lebaran, giliran beli tiket di oknum tertentu tiket masih ana padahal diaplikasi KAI access tertera habis. Kena apa bisa begitu.",negatif,,negatif,,
"Arep bayar g bisa, timeout terus, dipake nyari kereta wae lemot, ubah metode pembayaran malah balik ke halaman utama, deleng tiket yang masih proses pembayaran gagal load terus, gapaham dah pake nama access nanging aksesnya susah",negatif,,negatif,negatif,
"Aplikasinya nyusahin bnged bro, arep pesen tiket sistemnya eror Mulu, jelek BNGED pelayanan aplikasi Muak bnged",negatif,,negatif,,
"Sumpah KAI access kek eek, masa iya akunku terkeluar dhewe padahal arep beli tiket, tolong ya ditingkatin lagi ini kualitas aplikasinya!!!!",negatif,,negatif,,
"Setelah update bulan Desember, pembayaran lewat OVO menjadi ora bisa (sebelumnya bisa). Saiki jadi muncul ""Ups! Terjadi Kesalahan, ora dapat menghubungkan, pengguna wis terhubung"", kepriye ini min? sebelum update OVO lancar. Tolong min secepatnya diperbaiki.. arep mudik ni..",negatif,,,negatif,
"Tolong untuk software developer untuk di upgrade lagi server dan systemnya. Soalnya benar2 ngelag parah kadang ngebug kadang untuk update saldo kaipay maupun KMT itu susah banget. Tolong diperbaiki lagii untuk kelancaran konsumen. TOLONG DAN MOHON DIPERBAIKI SERVER, SYSTEM DAN JARINGANNYA.",negatif,,,negatif,
"Yen arep pembaruan sistem jangan di jam operasional susah untuk user arep beli tiket krl,dan uga kebiasaan log out dhewe emang paling taik bat ni aplkkasi busuk.",negatif,,negatif,,
"1. Sistem antrian ora sesuai waktu yang tampil di aplikasi. 2. Antrian wis selesai tiket ora di temukan, 3. Antri masuk lagi sampai berkali-kali 4. Pembayaran sering gagal 5. Arep bayar, Tiba-tiba aplikasi mulai dari menu utama. 6. Ngabisin waktu, quota, tenaga, harapan.",negatif,,negatif,negatif,
"Untuk pemesanan tiket masih lumayan, nanging giliran pembatalan maupun ganti jadwal biaya yg dipotong lumayan banyak, giliran nunggu seminggu (menurut peraturan kai per juni 2024) klaim refound dhuwit pembatalan yg seharusnya wis di proses tiba2 balik lagi ke sedang pengajuan, apk nya rusak atau kepriye ?",negatif,,konflik,,
Pesen tiket lokal GK bisa.. sering eror nanging yen pesen tiket antar kota yg harganya mahal langsung bisa.. 🤣🤣🤣🤣,negatif,,negatif,,
Plat merah aplikasinya kena apa sih ora pernah berguna,,,,,
Server ora mendukung untuk pemesanan tiket yang mengakibatkan gagal melakukan pembayaran dan harus mengulang dari awal untuk pesen tiket. Aplikasi jadi lemot parah dan history tiket ora keluar. Sekelas BUMN nanging server untuk aplikasi ora diperbaiki. Parah,negatif,,negatif,negatif,
"Setelah update malah banyak rusak ini, arep bayar biasa make ovo wis terhubung uga gk bisa",negatif,,,negatif,
"Setelah di-update ,bukanya mlah gmpang, tpi mlah lemot data wis lengkap tinggal klik pembayaran kena apa slalu kadaluarsa, tolong diperbaiki",negatif,,,negatif,
"Tolong diperbaiki aplikasinya sering auto logout, padahal wis top up wis masuk tiba tiba ilang saldonya, kepriye tuh. Perbaiki",negatif,,,negatif,
wis tau banyak yang akses pembelian tiket mudik. malah ora di perbesar kapasitas server nya. jadinya susah di akses. wis hampir 3 jam proses pemesanan tiket nanging ora bisa-bisa.,negatif,,negatif,,
"APLIKASI PAYAH! alon, error², wis arep bayar tiba² gaada tanda bayar, waktu habis gitu² wae terus. mending gausah sosoan pake aplikasi²an dah",negatif,,,negatif,
"Belum kepake wis kepotong, terus arep pesen tiket krl wae ora bisa, karo yen arep update kereta wae lemot banget",negatif,,negatif,negatif,
"wkwk bagian schedulingnya molor, ora bisa bikin schedule harian sampe bulan depan, konyol sekelas aplikasi pemerintah",,,,,
"Sy sempat tertahan 1 jam ..gara"" tiket gate out ora muncul...yen maintenance server waktunya yg tepat gitu kowe...jangan jam sibuk pesen tiket,malah eror..... LOLA",negatif,,negatif,,
"Malah tambah ribet pakek aplikasi baru ini harus upgrade data segala dulu gampang data yang ana wis terdaftar langsung ora harus upgrade"" segala pas di upgrade malah ora masuk"" males pakek kai mending Naing bus wae langsung stop di pingging jln.....",negatif,,,,konflik
"diupgrade bukannya makin bener, malah makin ngadii",,,,,
aplikasi gajelas arep mesen kereta malah ngebag mulu susah arep di upgrade uga dan tolong aplikasi ini selalu ngebag,negatif,,,,
"Wis beli tiket, saldo kepotong eh gangguan gabisa di buka tiketnya loading terus padahal jaringan apik, pake wifi uga tetep, mana belum di screenshot lagi. Benerin lah app nya meresahkan!! Terbukti aplikasinya ora layak bintang 2,1 padahal ini aplikasi untuk masyarakat. Meresahkan!!",negatif,,negatif,negatif,
Aplikasi suka eror. Tiap arep pesen tiket ka lokal sering eror di tahap data penumpang. sy sampai unistall aplikasi tetep eror. Tolong segera perbaiki aplikasi,negatif,,negatif,,
"Aku klik untuk memilih jadwal boarding malah disuruh harus daftar member basic/premium. Setelah daftar ke salah satu member tsb, wis isi lengkap identitas dg bener, tombol lanjutkan gabisa di klik dan gabisa pindah ke langkah selanjutnya. Applikasi yang mempersulit, kembalikan applikasi yang lama wae lebih gampang",,,negatif,,
Apik untuk pemesanan tiket. Nanging apk alon merespon ketika pesen makanan. Metode bayar ora lengkap. Apk gagal merespon auto gagal pesen makanan. Pilihannya makanan uga terbatas dan mahal² Dicoba berkali2 pun gagal. Padahal koneksi internet sya lumayan apik stabil buat jalanin apk lain lancar. Tlong perbaiki lagi,negatif,,positif,negatif,
"Ini arep ganti tampilan wae, dipaksa update utk buka aplikasinya. Lah HP kabeh masih jadul, jd ora bs lagi buka aplikasi, bisa ora sih develop aplikasi biar simpel nanging apik Terpaksa wong beli lewat ecommerce, memperkaya ""calo"" versi digital (dimana rega lebih mahal)",negatif,,,,
"Bug, ora bisa pesen tiket pulang pergi sekaligus",negatif,,negatif,,
"sering time out, makin di update makin sampah",negatif,,,,
"Keluar aplikasi langsung mulai dari awal, daftar ulang akun kaya bot, harus email dan nomor tlpn ora terdaftar malah wis terdaftar",negatif,,,,negatif
"apk lemottt. apalahhhh setiap beli tiket KA selalu timeout berkali2 ana kali 30menit lebih, hadehhhh perbaiki lagi lah sistem nya",negatif,,negatif,,
"untuk ka lokal kok jadi sering bugs,ora ana jadwal padahal aslinya kereta nya tersedia Tolong perbaiki lagi min",negatif,,negatif,,
Ini kena apa setelah di update.yang bisa di gunakan adalah kartu Axis.padahal sebelumnya enggak.mohon kepada admin agar di perbaiki,,,,,
"disuruh update muluk. bingung dah... bulan lalu dh pernah updaye, saiki suruh update lagi. ini lagi proses update, tp lemot. kesel aku",negatif,,,,
"Habis update malah rusak, minta pasword mlulu, sdh dikasih , sdh ganti tetap ora bisa masuk.",negatif,,,,negatif
"Apknya kurang apik. Ini kena apa ya yen top up masuk duitnya ke kainya lama banget, jelek aplikasinya. Di update bukannya jadi apik jadi buluk, aplikasinya tolong ya diperbaikin, jangan diperbaikinnya malah jadi pebih ala. Toling banget ya. Mohon pengertiannya.",negatif,,,negatif,
"hari ini arep login ke acces by kai ora bisa, di anggap no hp ora terdaftar dan email tdk terdaftar. padahal wis kedaftar 4 tahun lebih. update wis, restart wis, clear charge wis, install ulang wis. harus gmna lagi y, apa hrs langsung ke cs di stasiun. layanan wa slow banget, email uga lama di bls.",,,,,negatif
"Makin update makin gakaruan sistemnya. Tampilan wae oke. Lbih bgusan tmpilan lama. Skrang lemot banget, sering delay. Pembayaran ora valid padahl saldo kepotong. Minta return dana RUMIT POL. MAKIN GAJELAS",negatif,konflik,,negatif,
"Ini kepriye sih udahh update kok malah makin rusak masa arep bayar tiket harus masukin metode pembayaran lagi,gilran wis di masukan alat pembayaran malah muncul tulisan wis terhubung namun setiap arep bayar kok susah mulu sih aneh bangett tolong developer perbaiki lagi kasian banyak yang arep pakai apalagi yang gunain kereta sebagai alat transportasi untuk bekerjaa",negatif,,,negatif,
Ketika masuk masa antrian ditunggu ora selesai-selesai. Justru tiba2 eror dhewe aplikasinya. Padahal sinyal ora ana masalah. Tolong supaya performa aplikasi bisa lebih diperbaiki 🙏,negatif,,,,
"Aplikasi apaan sih ini, sering mental² dhewe padahal arep deleng kode Verifikasi, klo arep pesen harus jadi member basic, giliran arep verifikasi padahal mung arep deleng kodenya apa malah mental balik ke halaman utama lagi. Aneh banget",negatif,,,,negatif
Ini kena apa dah ana saldo jadi ora bisa dipake semanjak update padahal sebelumnya lancar lancar wae... Arep pesen tiket selalu loading terus sinyal apik msh banyak bug,negatif,,negatif,konflik,
"Aplikasi gajelas, sering rusak masalah pembayaran, pembayaran gagal nanging saldo ke potong, pembayaran berhasil nanging pulsa ora masuk. Banget merugikan.",,,,negatif,
"Tiba -tiba ana notif perbaikan sistem sehingga ora dapat melakukan pembelian tiket, ketika mengalami kendala, ora bisa dihubungi, karena ora ana layanan bantuan kami. Padahal aku adalah pengguna jasa kereta api sejak 20 thn yg lalu, walau dudu kategori aktif setiap minggu",negatif,,negatif,,
"Wis pesen tiket arep pembayaran aplikasi ke aplikasi close dan arep dilanjut bayar tiket yg wis dipesan, saat arep bayar ora ana menu lanjutan untuk pembayaran terpaksa harus dicancel dan pesen tiket dari awal lagi",,,negatif,negatif ,
"PAS PESEN TIKET BUAT HARI RAYA NUNGGUI ANTRI, NANGING PAS DAPET KURSI PELAYANANAN JERO APLIKASI TIBA² SERING RUSAK. KECEWA BANGET AKU SEBAGAI PENGGUNANYA",negatif,,negatif,,
"Aplikasinya lemot banget, pembayaran selalu gagal, minta hubungkan e wallet, setelah mencoba gagal terus, tolong koneksi aplikasi di perbaiki",negatif,,,negatif,
"Update dgn. aplikasi versi terbatu malah ora responsif, masih apik aplikasi versi yang dulu",negatif,,,,
"Tiap kali berburu tiket lebaran ora pernah dapat wis ngantri dr jam 00 kurang dan Alhamdulillah bisa masuk, dan wis dapat kereta nanging mentok ora bisa bayar errorlah, time limit lah, tolong di perbaiki 🙏🙏🙏",negatif,,negatif,negatif,
Pesen tiket lama pisan untuk buka jadwal dan saat bayar uga lama. Wis bayar arep bording barcodenya uga muncul lama. Mohon segera diperbaiki untuk aplikasinya. Karena sy menggunakan kereta commuter setiap hari untuk berangkat bekerja 🙏,negatif,,negatif,negatif,
aplikasi terlemot yg aku punya. nanging butuh. kepriye lagi. payah sih tinggal pilih kursi wae susah minta ampun. Tinggal bayar uga susah.,negatif,,negatif,negatif,
Setelah update jdi ora bisa beli railfood. Tolong diperbaiki ya,negatif,,,,
Aplikasi menyebalkan untuk proses pembayarannya terlalu ribet dan banyak bug,negatif,,,negatif,
Aplikasi ala aku wis nunggu dan dapat tiket nanging servernya selaluu lag kecewa:(,negatif,,,,
"Woyyy, ini aplikasi pemerintah kok jelek banget yah pemeliharaan nya sering rusak ora jelas, gamuncul keretanya, ini saiki mah war ticket malah tiba tiba logout terus gabisa login lagi, gabisa pulang gara gara ini, cepet perbaiki lah kepriye",negatif,,negatif,,
"Apknya ora jelas,, jelekk pokoknya!!!!",,,,,
UX ala. Pesen tiket medan-binjai dan sebaliknya masa lewat menu kereta bandara,,negatif,negatif,,
"Untuk KAI ni ya yen bikin aplikasi itu tolong beri kemajuan dan kemudahan serta data update detik itu uga. Masa isi saldo Kaspro malam masuk baru keesokan hari. Belum lagi cara pembayaran tiket kereta gk semudah aplikasi yg dulu. Bisa fleksibel di supermarket bisa, m banking bisa, trus e wallet link uga bisa. Lah saiki apkndi perbarui tampilan apik nanging jero.nya BANGET ORA MUMPUNI. Malah menghambat pembelian tiket kereta edisi mudik lebaran. Ni apk makin kedepan makin ora jelas",,,,konflik,
"Bingung milih tiket karena untuk pembelian ekonomi, ora ana keterangan ekonomi premium dan ora, mungkin bisa diberi keterangan pada laman pembelian tiket agar kami ora salah pilih dan berharap mendapat gerbong ekonomi premium. Karo tampilan untuk pembayaran melui ewalet mungkin uga bisa di upgrade. Selain kendala itu wis oke sih",positif,negatif,negatif,negatif,positif
"Aplikasinya ampas. Login kadang ora bisa padahal koneksi internet stabil. Bikin akun baru, kode OTP yang dikasih rusak terus. Ini tim IT KAI isinya anak magang kabeh ya? Buat saiki bintang 1 dulu karena emang banyak bug di sana sini. Padahal dulu aplikasinya ora ana masalah meski desain UI-nya ora sebagus saiki. Utamain fungsi, dudu tampilan. Ini aplikasi pelayanan, dudu aplikasi galeri seni.",negatif,konflik,,,negatif
"pelayanannya jadi tambah kurang efektif, tampilannya wae lengkap nanging hasilnya meribetkan pengguna.. tiket kereta gabisa dibatalkan lewat aplikasi padahal wis sesuai karo ketentuan dan wis lunas.",,konflik,negatif,,
Wis bayar pake BCA trs berhasil knp tiket ora muncul heyyy... Di dm ora respon,,,negatif,negatif,
"Ubah jadwal harus member basic, nanging pada saat arep upgrade ke basic, ora bisa - bisa, ini apk banyak erornya, bukanya memudahkan malah bikin ribet apk nya",negatif,,negatif,,negatif
"Makin di update bukannya makin apik dan lancar, malah makin sering errornya. Sering banget pas arep pesen tiket, servernya selalu ""maaf server kami bekerja terlalu keras, mohon coba lain kali"" .... lah, wong perlunya pesen tiketnya saat itu uga malah disuruh lain kali, payah 😑",negatif,,negatif,,
Pesen tiket wis ditungguin dri jam 23.59 pas 00.00 malah wis habis + gabisa buat pembayaran.,,,negatif,negatif,
"Baru menggunakan apk ini ,dan ana kejadian tak mengenakan ,entah ini pihak kai atau masinisnya, suamivsaya jadwal kereta dari angke wis terlambat dan sampai cikarang wis telat .dari jadwal tiket, dan tiket wis hangus harus pesen lagi baru untuk jam selanjutnya, pertanyaan tiket awal lan ora terpkai apakah bisa refund ke dhuwit ,disini no about money nanging tanggung jawab pihak kai nya y tlong tanggapannya",,,,,
"2 kali aku pesen tiket, pembayaran lewat qris, pembayaran wis berhasil, nanging dicek ditiket aku, tiket ora ana, babi",,,negatif,,
"Tolong servernya diperbaiki lagi, masa setiap aku pesen terutama kereta lokal harus loading terus bahkan muncul ""jadwal ora ditemukan"" Disaat pembayaran uga begitu selalu wae gagal sampai tiket pesanan aku terdahului yang lain. Yen memang ora niat jangan buka jasa transportasi!",negatif,,negatif,negatif,
Pembatalan tiket kereta pengembalian saldonya lama banget ribet,,,negatif,,
"Bintang satu dulu nanti yen wis apik bintang lima, sampai saat ini masih sering susah pisan untuk transaksi pembelian tiket. Tolong diperbaiki lagi aplikasinya untuk pelayanan lebih optimal.",,,negatif,,
"Setiap order, belom selesai pesen wis waktu anda habis.wis di cepetin ketik dan berkali-kali, wis lanjut, keterangan waktu anda habis coba beberapa saat lagi. Sering banget begitu. Lalu ngapain ana pesen online yen dikit-dikit waktu habis dan ujungnya pesen ke stasiun langsung. 😅",negatif,,,,
Aplikasi tolol .. pesen tiket 1 jam lebih ora arep masuk ke pembayaran.. giliran tiket sold out apk normal . Nyesel pake apk ini,,,negatif,negatif,
"Saran wae buat yg baru pake kai access buat metode pembayaran jangan topup kaipay krn masuknya lama keburu hangus pemesanan tiketnya, trus ana biaya adminnya 2900 lebih apik pake metode pembayaran lainnya. Diusahakan pemesanan tiket jangan batal karena refundnya lama banget 30-45 hari, keburu lupaaa 🤦. Baru kejadian refund emoney selama ini, yg lain biasanya langsung balik saat itu uga",negatif,,,negatif,
Jero antrian. Banyak pengguna. Sesi habis. Enakan tahun kemarin..huuuuuu,negatif,,,,
"kpntol penipuan wis beli tiket kereta wis boking dan wis bayar, di waktu siap berangkat perjalanan, buka aplikasi arep scan buat masuk stasiun eh aplikasi barkot malah rusak aplikasi gk jelas , ini sampe gk bisa di buka gk bisa masuk aku , ati ati ya",negatif,,negatif,,
"Sori bintang 1, aplikasi rusak terus. Saat arep pilih kursi, muncul kadaluarsa.. Padahal sy klik langsung satset pada saat isi data. Bukannya memudahkan malah merepotkan",negatif,,negatif,,
"Ana apa karo kai access? Tiap kali arep pesen tiket selalu eror jadwal g ditemukan,bahkan tiap kali arep bayar selalu wae eror.tolong dong diperbaiki.wis bela""in tengah malam g tidur nunggu buat beli tiket malah si app nya eror berkali"" dibiarin gitu wae.😒",negatif,,negatif,,
Ini kena apa setiap arep pesen tiket pas pilih bangku slalu kluar sndri karo laporan waktu kadaluarsa. Abis update kok malah ora jelas sih? Kepriye ini arep beli tiket dudu membantu nanging malah menyusahkan. Semoga segera di perbaiki.,negatif,,negatif,,
"Dulu pelayanan KAI banget apik melalui aplikasi, gampang dan cepet, setelah diupgrade justru pemesanan tiket lewat aplikasi jadi banget susah, penurunan kualitas ya, berharap KAI bisa fast respon dan diperbaiki.",konflik,,,,
"Aplikasi buatan PLAT MERAH KENA APA SELALU DONGO? Taun kemaren mending walau loding ora ana antri"" ora jelas!!! Saiki antri makin susah buat dapet tiket!!, kirain klo antri bisa lbh pasti eh malah makin wadidaw gobsnya",konflik,,,,
"tolong kembalikan sistem tahun-tahun sebelumnya.siapa cepet dia dapat.sistem antrian ini bikin buang-buang waktu,mana kadang makin lama,sisa antrian 6 menit tiba² jadi nambah 25 menit.tolong di hapus sistem antriannya!!!",,,negatif,,
"Banget mengecewakan!! Wis di belain antrean tiket ora bisa di beli karo alasan ''tensi pembayaran tinggi'' time out lah sesi habis, tiga kali antrean tiket habis! apakah ana oknum !!! Mohon penjelasan",negatif,,negatif,,
Kena apa saiki sulit untuk pemesanan tiket selalu ora tersedia tiket tolong dong di perbaiki untuk aplikasi ini kok sulit banget,,,negatif,,
"kena apa ya aplikasi sekelas BUMN kaya aplikasi murahan, tiap minggu bisa 3x maintenance nanging banget payah pisan hasilnya, mending serahkan ke swasta wae pengelolaan aplikasi tiketnya, lebih kompeten dan dapat di andalkan",negatif,,,,
"Lebih apik kaya dulu sistem siapa cepet dia dapat, sistem antrian ora jelas kapan masuknya gini ora jelas banget",,,netral,,
"aplikasinya aneh banget disuruh upgrade ke basic, wis ngsi data diri wis kirim kode otp sampe selesai, malah ora ke update akunnya disuruh upgrade lagi, gitu terusss, pesen tiket ots kehabisan terus, disuruh pesen online malah dipersulit gini hadeh 🙃👎🏼",,,,,negatif
"Aplikasi ora profesional. Masa sekelas KAI punya BUMN kaya gini aplikasinya.. Kalah karo aplikasi PLN Mobile. Buat beli tiket wae sulitnya minta ampun untuk masuk ke aplikasinya.. TIME OUT, Yen ora server berkerja keras sampai habis tiket nya.",negatif,,,,
"Aku wis tunggu sampai gk tidur supaya bisa dapet tiket kereta api untuk keberangkatan tanggal 7 April, setelah jam 12 aku buka ana notif antrian, di tunggu ora sampek 7 menit tiket wis habis, kecewa banget karo aplikasi ini, arep beli di locket langsung gk bisa, suruh ke aplikasi, setelah di aplikasi di suruh antri dan akhirnya gk dapat tiket",,,negatif,,
Makin ora oke yen lebaran. Ribet. Pembayaran jgn sejam doank. Maximal pas hari H gtu. Apa kurang seminggu.,,,,negatif,
"aplikasi bodoh.. antri tiket dari jam 23:59 dapet waktu tunggu 10 menit, nambah jadi 50 menit pas di masuk malah habis.. wis 5 hari begini terus, balikin ke sistem dulu cepet cepetan gausah pake antrian..",,,negatif,,
Pemilihan kursi ora tersedia dan eror pada saat tanggal 1 Febuari 2025 pada saat penggantian Gapeka 2025 yang baru.mohon diperbaiki karena aku biasa pesen 5 hari sebelum keberangkatan,negatif,,negatif,,
"1. Setiap kali war tiket sering pisan muncul jadwal tersedia, sehingga sering kehabisan tiket. 2. Wis beli tiket dan bayar lewat qris, padahal saldo di mbanking wis berkurang tetapi tiket yang wis dibeli ora ana. Mohon diperbaiki lagi aplikasinya.",,,negatif,negatif,
"Di upgrade malah ora pesen tiket, dari tadi arep pesen tiket selalu waktu habis padahal baru milih jam jadi ora bisa sampe selesai. Apik aplikasi yg dulu",,,negatif,,
"Untuk war tiket bengawan gmn y caranya? Jam 00.00 sampai degan jam 01.00 g ana yg dijual (dudu habis terjual ya memang g ana yg dijual), nanging jam 5 pagi statusnya kabeh terjual. Piye kuiii IT nya?? Yen memang ana logic khusus buat beli kA bengawan dijelasin dong aturan mainnya. Yok fair dong.",,,negatif,,
"Lumayan lah,nanging tolong pembatalan tiket atau merubah kereta bisa di kasih fasilitas di aplikasi ini,percuma dong upgrade ke premium nanging hanya gini² doang,dan arep aktifin kaipay ora bisa eror mulu.Tolong buat kai bisa memperbaiki lagi sistem aplikasi di KAI Acces.",negatif,,netral,negatif,
"Kai access skrng kena apa sih, beli tiket satu doang, bikin emosi, pembayaran sedang diproses, pdhal duit wis terkuras, diulang terus byrnya duit terkuras lagi. Satu tiket doang kyk beli 5 tiket. wis dpt malah tiket nya rusak, sampe stasiun ora bisa kepake, terpaksa beli tiket lagi distasiun. Kata Petugas nya nnti duit nya kembali dhewe, kembali ap? Gdk tu",,,negatif,negatif,
"Rusak mulu ya waktu pemesanan tiket akhirnya nunggu + dicoba terus sampe lama nanging endingnya tetep ora dapet tiket, kecewa bangett sih padahal temen yang ikut kena rusak bisa dapet tiketnya. Waktu bisa dapet tiket malah unveiled padahal wis buat pesanan wis milih tempat duduk tinggal bayar. Sampai kapan begini terus? Masa iya ora ana pembenahan aplikasi??",negatif,,negatif,,
"Pembatalan tiket wis berhasil nanging dana ora di kembalikan,? Kok gitu?",,,positif,negatif,
"Berburu tiket lebaran pagi ini, wis masuk (ngantri lama) pilih kursi, wis klik simpan. Ora nyangkut nyangkut ke menu pembayaran. Transaksi tinggi. Akhirnya ""Sesi Anda berakhir"". Ngantri lagi.",,,negatif,negatif,
"Parah....wis tarif reduksi per 29.Maret 2024 lenyap, ticket war uga kalah terus. Klo sdh kayak gini, fitur2 pelengkap rasanya ora perlu ana selain fitur pokok jualan tiket wae. Biar loading masuk ke aplikasi.lbh cepet. Ora kayak keong yg berulang setiap tahun jelang puasa n lebaran. Sdh banyak yg kasih rating dn ulasan. Dan sy kira itu base on the fact",negatif,,negatif,,
Mohon maaf untuk saiki aku kasih rating bintang 1 nanti jika diperbaiki aku naikan. Tolong dong servernya di benerin masa ngedown servernya yang bener ajah aku arep berangkat pagi server ngedown kayak gitu kepriye ya jangankan untuk deleng tiket aku untuk mesan tiket wae ora bisa. Tolong kembalikan ke yang dulu. User di suruh update nanging peningkatannya justru kayak gini ya buat apa,negatif,,negatif,,
"Tujuan buat aplikasi ini kepriye sih? Arep daftar wae kok ora bisa, arep pesen tiket harus isi data diri.. oke diisi .. nanging setelah itu ora bisa dilanjutkan kek mana KAI, perasaan dulu ora ribet gini deh.. perbaiki lagi, yen wis apik baru aku update ulasannya makasih",,,negatif,,negatif
"Halo kai, kena apa setiap kali mencoba memesan selalu timeout dan pemesanan kadaluarsa?? Pemesanan aku lakukan karo cepet namun keterangan selelu kaya itu. Banget ora membantu. Tolong aplikasinya di benahi kembali ya, FYI aku wis update aplikasi nya uga",negatif,,negatif,,
"Kualitas aplikasi semakin menurun terutama saat weekend server sering rusak, servernya perlu diperbaharui, pada saat pemesanan tiket waktu pembayaran ora bisa dilanjutkan",negatif,,negatif,,
"makin kesini makin menyedihkan pisan utk pemesanan tiket onlinenya. sering down server, banget susah utk dapat kursi padahal pemesanan wis di lakukan H-7 pukul 00:00 tepat. sekalinya dapet kursi, utk pembayaran trouble terus karna down server. alhasil di batalin ora bisa, di bayar uga ora bisa, kadang di bayar bisa nanging tiketnya ora dapet karna waiting timenya wis habis. padahal saldo wis kepotong. di komplain kek sampah uangnya ora balik. makin sampah ini aplikasi uga pelayanannya.",negatif,,negatif,negatif,
"Beli tiket lewat qriss, di qriss nya berhasil tpi tiketnya gaada?, dan uangnya hangus for nothing",,,negatif,negatif,
kecewa buka jam 00:00 suruh antri pas masuk seat not avaible maunya gmna,,,negatif,,
Tiap lebaran susah amat nyari tiket Sumpah apk norak,,,negatif,,
"Potongan nya bisa jelasin ora sih. Top Up 50 rb, buat bayar tiket nya 48 rb. Giliran arep cekout saldo nya malah berkurang. Aku tambah lagi top up nya 10 rb. Total yg sdh di top up kan jadi 60 rb. Aku payment yg 48 rb. Setelah done lha koq sisa saldo malah 6.200. Harusnya kn masih ana sisa 12.000. Tambahin lah buat sistem bayar nya : via OVO, SHOPEPAY, LINK atau yg lain yg. Biar ora kena potong",,,,negatif,
Aplikasi ora gampang digunakan. Arep pesen tiket harus upgrade. Wis 10 kali isi data tetep g bisa. Solusinya gmna kai,negatif,negatif,,,
"Aplikasi taun kmrn malah lebih apik di banding skrng. Taun skrng dapetin tiket susah, ora jelas Masa waktu antrian bukannya makin dikit malah makin nambah. 4 hari kmrn Wis begadang dari jam 12 sampe pagi ora dapet dapet. Jelek",,,negatif,,
"Cek jadwal kereta muter2 wae, wis nunggu lama gda pilihan tujuannya blank",,,negatif,,
"Bro, aku arep upgrade ke member basic ko gabisa mulu ya, padahal wis ana tulisannya wis berhasil nanging waktu cek profil ttp karo wae tampilannya belum terdaftar, wis 10 kali aku daftar ulang tetep karo aje, terpaksa beli tiket lewat website kai aku, yah sehat-sehat lah buat yang bikin apk, moga segera diperbaiki",,,,,negatif
"Aplikasi jadi lemot,nunggu antrian ora sesuai waktunya... Tulisan tinggal 10 menit nunggunya sampe satu jam...hadeuhhhh",negatif,,negatif,,
Knapa aku kasih 2star. 1apk sering keluar dhewe 2 apk sering minta upgrade padahal wis premium 3 aku wis bayar tiket lokal pake pembayaran qris sukses knapa ora tersedia di tiket aku 4.aku harus mengulang pesen tiket dan bayar lagi .. padahal ini BUMN seharusnya pro rakyat,negatif,,negatif,negatif,
"settingan operator untuk kreta2 yg ekonomi jurusan luar kotai,dia lebih memilih ora untuk di naiki untuk menjaga perawatan kreta ,contoh request untuk 3 kursi karo akun yg sering di gunakan akan ora muncul tetapi karo akun lain muncul,dan cermati baik2 untuk jurusan kreta ekonomi,hanya perbaikan sedikitnya wae,dari yg terdahulu dari tekstur kreta alias kreta butut,coba anda cermati karo yg sy wis praktekkan,ini BUMN yg ora layak di gunakan di masa mendatang,wajib di swasta kan sj.",,,negatif,,
"Kesel banget, wis loading lama banget, trus top up lama, direfresh berkali-kali masih wae ora muncul saldonya, dan yang paling gong adalah aku beli tiket saldoku wis kepotong nanging tiketnya ora muncul. Rugi guaaaa",negatif,,negatif,negatif,
"Kena apa kok makin sulit setelah di update, bukannya makin lebih apik makin buang waktu. Waktu antrian molor lagi. Arep nya kepriye sih!",negatif,,negatif,,
Fungsi antrian buat apa tujuannya buat memperlancar nanging malah g bisa2 beli2 uga sampai sesi habis harusnya yen dah masuk antrian proses pembelian gampang,,,negatif,,
"Aplikasj sering rusak, wis bayar tp tiket ora masuk, wis bayar nanging yang masuk aplikasi malah tiket yang dudu aku pesen, padahal wis bayar dan berkurang saldonya",negatif,,negatif,negatif,
Aplikasi jelek minta updat wis updat g bisa login lapor cs bolak balek jawaban karo wae .. mending pakek traveloka aman.. mana wis boking tiba minta updat abisbupdate log out dhewe arep login reques failed data trus.. wis lapor cs kai bolak balik teteo g bisa..akhir nya hanug deh beli lagi tiketnya.. Untung g top dhuwit dana di aplikasi vuat pembayaran.. Yen tiket lokal murah sih gpp ini mah tiket le jakarta gues 500 rebun,negatif,,negatif,,negatif
"Apknya simple si enak di pemakaiannya. Mung 1 yg masih kurang, yen lg war tiket pas wis masuk ke menu pembayaran itu selalu susah banget. Berkali kali coba dan akhirnya time out. Dan antri lagi",negatif,positif,,negatif,
"""Waktu pemesenan anda telah habis, silahkan lakukan pemesanan ulang"" semenjak diperbarui malah gini terus tulisannya. Padal pesennya uda cepet banget ngekliknya. Dulu sebelum di upgrade malah enak2 wae tuh. Skrng malah susah. Pake qrisnya pun uga aneh menurutku. Padal kan sebenernya klo di aplnya uda ana saldonya harusnya makin cpt dong. Ini malah arep apa2 susah. Trs yah misal ana yg buru2 ngekliknya gadiliat dlu gitu kan klo ana salah gabisa jg klo mo refund klo lokal. Mohon diperbaiki lg yah kai",negatif,,negatif,negatif,
"Alon, tiap top up harus nunggu lama dulu baru saldo masuk.",negatif,,,negatif,
"Kebanyakan update malah gal guna,,,aku beli tiket smpai 2kali atas nama yang karo pembayaran gagal mlah ora kembali uangnya,,,makin lama makin ta1",negatif,,negatif,negatif,
"Pembayaran susah banget pake KAI pay, loading nya banget alon, wis lebih 30 menit tinggal pembayaran malah ora muncul apa apa ini tolong dong benerinn. Wis TF saldo masa harus nunggu 15 menit!",negatif,,,negatif,
"Aku ora bisa top up saldo. Minta di upgrade tp email dan no HP already exist, arep coba pakai email lain minta otp sy skip bentat ke email buat copy kode otp saat balik lagi ke aplikasi malah balik ke tampilan awal. Kepriye aku arep ketik OTPnya yen bgtu. Tolong diperbaiki sistemnya.",,,,negatif,negatif
beli tiket kereta bandara jogja ke airport pp saldo terpotong nanging nanging status pembayaran gagal dhuwit hilang ora dapat tiket,,,negatif,negatif,
"Wis ke pemesanan tiket terus pas bayar ora bisa, aku coba bayar pake OVO kok tulisannya pembayaran belum tersedia. Ini kepriye sih? Wes yen gini terus hapus wae aplikasinya, bayar nya di stasiun wae😡😡😡😡😡😡😡",,,,negatif,
Aku topup katanya nunggu 15 menit saldo baru masuk Nanging wis 1x24 jam ora ana masuk. Gmn jih apl gajelas,,,,negatif,
Gajelas saldo wis kepotong nanging qr code ora muncul + gada riwayat transaksi padahal jelas abis bayar,,,,negatif,
Semakin update semakin susah dan ribet untuk pembelian lewat aplikasi,,negatif,,,
"Yen wis pake sistem antrian harus nya gk ana crita oberload pas bayar , kan wis antri lama ana 20 mnt an dan wis di batasi pengguna , masa wis antri lama2 wis masuk isi nama/NIK wis tinggal cek out loading terus , yg time out , yg eror , yg no seat lah ,yg ini lah itu lah , harusnya gk ana kjdian timeout kan krn dah di batasin dan wis antri d awal? Giliram dah dpt kursi pembayaranya yg gagal terus , sesusah itu war tiket lebaran , tolong d perbaiki min. Jgn d persulit tolong🙏🏻",negatif,,negatif,negatif,
"Aplikasi khusus pesen tiket wae jangan pesen yang lain. Aku beli token pembayaran wis sukses nanging di riwayat transaksi ora ana, di komplen ke cs mung suruh tunggu wis dan ora ana kabar lagi",,,negatif,,
"Aplikasi ini banget amat perlu diperbaiki, makin kesini aplikasi harus selalu diupdate. Dan tiap arep war tiket server down, timeout, kesulitan jero pembayaran dan seringnya jadwal ora tersedia.",negatif,,negatif,negatif,
"Min ini kepriye si... Aku wis bayar tiket lewat q rish... Habis tu di email dari bank uga wis berhasil melakukan pembayaran, dan wis kurang memang di saldo.... Eh pas buka apk ini masih tertulis ""menunggu pembayaran""... Mohon bantuannya min... Gini banget punya aplikasi...",,,,negatif,
"Ora jelas ni yg KAI Pay nya.. wis kalu top up lamanya minta ampun. Wis bayar admin, masih uga ana potongan.. mending pake kartu sekalian.. jadi males pakenya. Makin ora jelas..",,,,negatif,
"Kena apa ya kok KAI suka sering update. Hmmmn hari ini aku beli 2 tiket saldo wis berkurang nanging tiket ora ana. Kemudian nyoba beli lagi 2 tiket & 1, ana tulisannya tiket butuh waktu pelunasan padahal saldo wis kepotong. Saldo menipis terhitung pas sampe waktu gajian. Butuh tiket arep cekout lagi takut gagal dan saldo terus berkurang. (Ternyata saldo balik setelah 2-3 hari)",,,negatif,negatif,
Makin susah setelah di-update. Susah pas arep pembayaran. Loading terus,negatif,,,negatif,
"Tolong di perbaiki lagi dong aplikasinya, aku wis sering saldo kai berkurang karena pemesanan tiket yang wis di bayar nanging tiket Kreta api nya ora ana pemesanan padahal wis di lakukan pembayaran dan memasukan pin pembayaran, saldo ora kembali di cek riwayat pembayaran ora ana , , teruma ka lokal cicalengka padalarang , perbaiki lagi tolong",,,negatif,negatif,
"Aplikasi banget berguna banget buat yg bikin aplnya, buat nyedot dana yg di saldo, saldo gadipakai wae bisa raib, dan banget mengecewakan, wis dibeli tiketnya dan saldo Kpay terpotong namun ora bisa digunakan ora keluar barcodenya, dan sia² hangus begitu wae, akhirnya beli tiket lagi, yen ora siap karo aplikasi ora usah dibuatlah nyusahin wae.😇🤦 Arep bikin gampang apa malah bikin susah ? tolong diperbaiki yen niat mempermudah. Tks",,,negatif,negatif,
"kacau, pembayaran via e-wallet berhasil, akan tetapi tiket yang telah dibayar ora muncul. Tolong perbaiki",,,negatif,,
yen bisa beri komentar tanpa bintang wis aku komentar kan ini aplikasi Layanan tida jelas kaya: Wis melakukan transaksi pembayaran trtapi status di tiket aku masih menunggu pembayaran Hal ini membuat aku kecewa akan aplikasi ini sehingga aku harus menghubungi pihak KAI untuk meminta tanggapannya sehingga dhuwit yag telah aku transaksikan dapat kembali secepatnya Saran: pesen lah tiket melalui aplikasi Traveloka karena layanannya gampang dan cepet ora kaya aplikasi ala ini.,,,negatif,,
"Aplikasi dongo, sinyal full, pas arep bayar ora bisa milih payment, giliran dah habis ngulang lagi sampe kena limit",,,,negatif,
"Tim kai, tolong aplikasinya itu di lebih canggih, untuk top up ajah harus nunggu lama gk masuk².",,,,negatif,
Please lah ini baru wae isi saldo kena apa tiba² log out dhewe pas arep masuk ora bisa² pas coba ganti sandi berhasil eh pas mu masuk lagi gagal lagi. Balikin duit gua yen masih ora bisa di buka!!!,negatif,,,negatif,negatif
Aku banget kecewa aku beli pulsa tgl 18 januari gagal ora masuk keterangan saldo kembali nanging sampai saiki Kirim email berkali2 whatsap telpon oprator karo wae ora ana hasilnya,,,,negatif,
"jelek anjir aplikasinya pembayaran ora bisa di bayar, ora bisa deleng draf pembayaran jelek pokoknya",,,,negatif,
"Buruuuukk,... Terlalu lama saat proses top up KAI PAY, wis lebih dari 1jam nanging saldo masih belum masuk. Dan saat pembayaran pun sering gagal, padahal jaringan internet stabil",,,,negatif,
rusak mulu tiap arep war tiket. wis terlanjur ngisi saldo KAIPay malah timeout mulu. tolong diperbaiki lagi sistemnya,negatif,,,,
Makin lucu pisan aplikasi ini..sampe beli tiket 2x ..uda payment qries 2x uda kepotong saldo malah g uptde di kai..alhasil duit ilang..tiket ora dapet..kokyo jan lucu ne niat ngambil duit wong perlahan2 tp pasti..mana duit g balik lagi,,,negatif,negatif,
"Tolong management PT KAI.. yen nyari tim IT yang bener aje.. Top Up selama itu terupdatenya.. Aplikasinya terasa responsif Walaupun inovasi karo fitur trip planer cukup oke.. Nanging rasa keselnya lebih kesel karena hal2 yang esensial kaya top up lama, aplikasi ora responsif, engga konsisten karo estimasi antrian yg di apk dg realtime waktu tunggu.. tolonglah kepala IT KAI nya.. Buat nyelesain hal2 ini!",konflik,positif,negatif,negatif,
Aku wis deposit di akun nya nanging malah ora bisa pakai saldo Di masukin pin salah Gua minta lupa pin ora bisa-bisa Miris banget aplikasi nya Tolong bantu jawab cs aku supaya aku bisa perbaikin bintang ini!!!!,,,,negatif,
"Aplikasi ora jelas wis habis 100rb mung buat bolak balik beli ka lokal 15 rb an nanging ora dapet tiket, korupsi. Mana gadibalikin uangnya",,,negatif,negatif,
"Min tolong benerin, aku arep daftar metode pembayaran lama banget, metode pembayaran kartu debit/kredit nya jga dri tadi tulisan nya""upss terjadi kesalahan"", padahal sinyal aku apik, habis tu tdi uga arep membatalkan pemesanan yg pake e wallet nya ora bsa",,,negatif,negatif,
"Setiap Top Up Saldo, dudu Bertambah Tp Malah Berkurang, Dudu Hanya Pisan... Setiap Top Up Saldo Ora Pernah Sesuai karo Yang Kabeh Top Up... Kacau Sih",,,,negatif,
"Aplikasi Wis apik nih, tetapi pas wis aku simpan total penumpang, tanggal, kursi + tujuan dan nominal yg dibayar wis muncul. Kena apa saat pembayaran menggunakan Qris selalu RTO? Akhirnya ora jadi dapat tiket. Kejadian wis berkali-kali",,,konflik,negatif,
Aplikasi aneh nih wis booking menunggu pembayaran pas wis bayar kursi tiba-tiba hilang mana saldo berkurang....😎 Mohon kai untuk meningkatkan pelayanan jangan arep uangnya wae,,,negatif,negatif,
"Maaf ulasan aku kali ini aku rating bintang satu sebab pembayaran via QRIS ana problem cukup menyebalkan, setiap kali memilih pembayaran QRIS aku ora bisa mengunduh barcode nya... Otomatis aku harus membatalkan pesanan serta kursi yang wis arep aku pesen.",,,netral,negatif,
"Ribet banget setiap arep bayar tiket pake e-wallet selalu gagal padahal jaringan apik dan gaada masalah, loadingnya lama pula karena kaya gitu jadi sering ketinggalan kereta sangan ora efisien, pernah uga gagal transaksi nanging saldo tetap terpotong",,,,negatif,
"Kena apa susah pisan utk pesen tiket. Jam 00.00 wis standby, arep proses pembayaran selalu gagal. Tau2 tiketnya habis. Malah ana info dr teman yen ana permainan calo. Banget Indonesia pisan. Konsumen dibuat susah lalu dimanfaatkan.",,,,negatif,
Tolong ditingkatlan lagi aplikasinya.. aplikasinya banget alon... aku melakukan pembelian tiket KA bandara 2 kali time out terus padahal saldo audah kepotong uga 2 kali.. mengubungi CS menyertakan bukti2 ora d respon2,negatif,,negatif,negatif,
"Wis pesen, waktu klik bayar malah proses gagal, lalu diberi waktu 15 menit utk menyelesaikan pembayaran. Padahal tadi saldo kaspro wis kepotong. Stelah 15 menit tiket gagal, saldo ora kembali. Merugikan pisan.",,,,negatif,
Aplikasi BUMN. nanging kinerjanya bikin kecewa sering makan saldo banyak wong termasuk aku yg ora dikembalikan. Layanan cs tuli buta dan lumpuh. Yang ora arep berbenah dr tahun ketahun karo wae pelayananya.,,,,negatif,
"Aplikasi ora guna, pembatalan tiket ora jelas, verifikasi bank penerima ora bisa, pake e wallet ora bisa verifikasi uga. Uninstal",,,negatif,negatif,
"Banget ala. Aku wis mengalami 2x transaksi gagal pesen padahal saldo kaspro berkurang. Dan sampai skrg ora ana refund pengembalian. Aku tanya ke cs di stasiun dsuruh tunggu paling lama seminggu. Tp hasil tetap nihil. Saldo aku berkurang nanging di riwayat transaksi ora ana pemotongan, kan banget aneh, Semoga segera di perbaiki, jangan buat aplikasi gagal gini. Banget merugikan rakyat.",,,,negatif,
"banget ala, setelah top up, kabeh transaksi menjadi gagal, potongan top up uga 10 persen, alhasil saldo ora bisa di apa apa in",,,,negatif,
"Sering rusak, beli tiket saldo rekening berkurang namun tiket dinyatakan gagal. Parahnya lagi hal ini sering terjadi. Perusahaan BUMN kok kaya ini. Mohon diperbaiki sistemnya !!",negatif,,negatif,negatif,
"Pertama kali coba cari tiket solo wonogiri sulit, pembayaran belibet(kurang praktis) gagal terus. Jaringan sibuk padahal pesanya jam 00.00 WIB - 00.30 WIB gagal. Mohon bisa di perbaiki lagi",negatif,,negatif,negatif,
"Arep pesen makanan karo minuman ora bisa, lama lama ora jelas ini apk, padahal tinggal bayar tp rusak. Tolong diperbaiki bos berikan kenyamanan yang apik. apk BUMN nanging sering rusak ora jelas!",negatif,,,negatif,
"Aplikasi keseringan rusak gajelas. Wis harus war tiket, rusak pula. Wis di payment eh tiket gagal pembayarannya. Padahal saldo wis kepotong!!!!",negatif,,negatif,negatif,
Wis bayar tiket lewat QRIS nanging status di aplikasi belum terbayar,,,negatif,negatif,
"APLIKASI ORA GUNA WONG AREP BELI TIKET ORA BISA KLIK PEMBAYARAN, GILIRAN REGA TERENDAH HABIS BARU BISA",,,negatif,negatif,
Makin sni makin susah beli ticket lebaran.. Available seat tpi ora bisa dibayar.. Aplikasi apa ini banyak penipuan informasi ora valid,,,negatif,negatif,
"Parah ini aplikasi aku dah refound dana dari 2023 sampai 2024 belum masuk🤣, waktu itu aku tanya pas awal baru refound katanya nunggu 30-45 hari (untuk refound wae lama) dan aku lupa baru ingat 4 bulan setelahnya eh dana uga belum di TF entah kemana itu aplikasi scamm penipuan, yen bisa kirim foto refoundnya aku kirim deh disini biar kalian percaya intinya jangan sampai salah pesen tiket soalnya yen refound wis pasti ora di balikin🤣😂",,,,negatif,
"Aku kasih bintang dua dulu ya, karena aku wis top up kai pay, tpi dananya ora masuk ke kai pay, jadi aku harus double pembayaran menggunakan qris, tolong segera diperbaiki ya",,,,negatif,
"Tolong lahhh, jangan mempersulit wong, Aku wis top up saldo di aplikasi KAInya ora masuk"" ini... Aku butuh cepet... Wis banyak yg komplein rwting di playstore jelek ttp wae ora ana perubahan...",,,,negatif,
"Rating 0 sih, dudu 1 !!! Bayar pakai KAIPAY (KASPRO) Saldo Wis Terpotong. Nanging Tiket ora adaaaa. Wis komplain lewat Email, ora ana tanggapan, ora di Refund. Kepriye siiih? 😌",,,negatif,negatif,
"susah aplikasinya ,pesen lewat 1 menit ludes,giliran dapet ora bisa dapet qris ,gagal terus ,top up kai alon g masuk ,saldo keptong g balik ,hadeerrh perbaiki lah aplikasinya",negatif,,negatif,negatif,
"Kurang satu fitur penting yaitu: lanjutkan pembayaran. Yang saiki ini begitu keluar dari halaman pembayaran, wis ora ana cara lagi untuk membayar padahal waktu tenggat pembayaran masih ana banyak. Ini diperparah karo kebijakan yen dicancel, ora bisa memesan ulang seat yang karo.",,negatif,,negatif,
"Setelah di update apliaksinya tambah ala, aku wis pesen tiket di jam 00.05 wis melakukan pembayaran nanging beberapa menit kemudian muncul notif pembayaran gagal dan saldo aku tetap berkurang, lalu aku pesen tiket lagi dan melakukan pembayaran lagi saiki malah ora ana notif apa², aku wis rugi 48 ribu. Tolong dong KAI di perbaiki lagi aplikasinya dan kembalikan saldo aku klo kaya gini kan merugikan masyarakat uga",,,negatif,negatif,
"First try coba aplikasi Access nanging malah kecewa wis install. Login via Gmail malah forced close terus harus balik ulang lagi, padahal koneksi ora ana masalah. Ketika melengkapi data dan tinggal klik terakhir uga lemot, ora masuk-masuk. Akhirnya ngulang dari awal sampai capek. Kirim kode OTP pun harus berulang-ulang baru terkirim, harus tunggu lama. Ujung-ujung keki karena tiketnya keburu habis duluan sebelum bisa diproses. Tolong diperbaiki agar customer bisa menikmati layanan dgn apik.",negatif,,,,negatif
Yang bener dong bikin aplikasi.. Yen log in setelah salah password jangan dibikin satu jam nunggu dong.. Terus yen ana wong buru-buru kepriye?? Ini lagi ora ana tiketnya yang dikirim ke email.. Terus nanti kepriye caranya boarding pass??,negatif,,,,negatif
"makin update aplikasi bukannya gampang malah di persulittt hadehhh kepriye inii🥺, ribett harus buat akun lagi, ganti nomer lagii",,,,,negatif
"Aplikasi teraneh dan terburuk, abis update log in saldo 66.200 langsung hilang jadi 0. Parrrah",,,,negatif,
"Yaaah... Baru download gara2 penasaran deleng iklan pas di KA, wis bermasalah wae... Aku selalu dapet notif ""akun Anda belum diaktifkan, silakan cek email"" nanging emailnya entah dimana. Kontak CS sepertinya nggk 24 jam.. Duh! 😤",,,,,negatif
Mengapa aku arep login kai acces ora menerima otp padahal jaringan apik,,,,,negatif
"Isi data akun wae susah amat, ana wae masalah nya. Di pencet gabisa bisa",,,,,negatif
"Aku coba daftar member basic di kai acces,wis masukin nomor telepon (yg sebelumnya belum pernah aku masukin) nanging kena apa kok tulisannya telepon wis pernah dicantumkan. Kepriye sih payah banget aplikasi KAI ACCES nya Terus aku coba lagi pakai nomor telepon lain, pas wis masuk di verifikasi otp malah keluar dhewe dan ora bisa masuk lagi pakai nomor telepon yang baru karo alasan Nomor telepon telah dipakai. MOHON DIPERBAIKI LAGI APLIKASINYA",,,,,negatif
"Aplikasinya rusak, gabisa ngisi data diri, kepental mulu ke menu login 👎",negatif,,,,negatif
"seharusnya aplikasi ini membantu untuk booking tiket, nanging saat aku arep booking lewat aplikasi harus upgrade member basic dulu, setelah aku isi data dan kirim kode otp dan ana notif uga wis upgrade member basic, saat aku coba untuk booking lagi malah disuruh upgrade member basic lagi dan akhirnya aku ora bisa booking lewat aplikasi. Tolong mohon diperbaiki lagi agar lebih memudahkan para penumpang🙏",,,negatif,,negatif
"Cara ini memudahkan kapan diperlukan, tetapi yg paling repot klo lupa password dan nomor, sementara ordernya mungkin hanys setahun pisan dan customer nya wis manula",,konflik,,,
"aku kecewa terhadap aplikasi kai yg terbaru saat ini, seringkali rusak dan aku ora bisa masuk akun aku karo keterangan data ora valid. padahal wis bener. aku un instal berulang kali tetap karo problem yg karo. semoga segera diperbaiki ya untuk kinerja aplikasinya, supaya memberikan kemudahan untuk penumpang lainnya.",negatif,,,,negatif
"Setelah update kena apa gabisa login pake email dan nomor hp (failed request data)? Padahal wis terdaftar, kepriye nihh.. mana ana tiket keberangkatan",,,,,negatif
"Arep pesen tiket hrus dftr member basic dulu. Trus di persulit lgi ora bisa2. Pdhl smpe ganti nomer baru pun tetap ora bisa. Ni apk gimn ya, bingung dah. Di perbarui bukannya mempermudah malah mempersulit😭🙏🏻",,,,,negatif
Aplikasi lawak di download malah ora bisa register. Klik pusat bantuan malah gk ana pilihan apa2,,,,,negatif
"Ala pisan kualitas aplikasi KAU ini, request kode OTP berkali-kali buat ganti sandi, nanging OTPnya ora pernah masuk😂😂 belum lagi masalah2 yang lain, yen bisa kasih rating 0 kasih 0 deh",,,,,negatif
"bolak balik ganti versi lalu ketika aku gk mempergunakan aplikasi tiba"" keluar dhewe giliran di masukkan sandi selalu salah suka bingung jgv",,,,,negatif
"Setelah update.. disuruh upgrade ke member basic, padahal sebelumnya wis terdaftar. Makin ribet wae. Masa iya harus ganti nomor HP karo @mail baru.. Kan kocak..",,,,,negatif
"Lupa sandi gagal. Lemot API sms nya. Padahal enak pake API email lebih gampang dan cepet. Sekalian login pakai email wae, jangan nomer. Selalu lemot kode sms itu.",,,,,konflik
"Hari² bermasalah mulu. Ora bisa log in, dftar akun baru jg ora bisa. Boro² arep pesen tiket. Hadehhh",,,,,negatif
"dancok keluar dhewe, arep login lagi ora bisa, Super lemot, ana udang dibalik batu",,,,,negatif
Kena apa aplikasi ini saiki ora bisa login,,,,,negatif
Akun lama ora bsa dbuka..mnta sandi sya lupa sandi nya cba msuk pke lupa sandi gagal trs...daftar baru pke email.jga g bsa gmna ini,,,,,negatif
Memasukkan kode otp keterangan not valid padahal wis bener saat daftar jadi pengguna basic. APLIKASI SAMPAH!!!,,,,,negatif
"Maaf, ini apa ora ana pembaruan yg lebih nyaman ya,,, masak aplikasi ora jelas kayak gini ,,, Hapus akun ora bisa, daftar akun baru sulit...... Ini gimna kelanjutannya... Tolong lah lebih di perhatikan ... Agar pengguna jga Nyaman akses.nya MOHON BAGI PETUGAS APLIKASI LEKAS DI PERBAIKI,,, ATAU AKU LANGSUNG TEGUR DI KEPALA ATASAN ANDA 🙏🙏🙏 TRIMKASIH",,,,,negatif
Yen apk ora di buka lama kena apa akun bisa keluar dhewe.,,,,,netral
"Aplikasi ora jelas. Daftar pakai e-mail, disuruh upgrade ke basic biar bisa pesen tiket. Harus input nomor hp untuk dapat kode OTP. Nanging ora bisa daftar uga. Wis berapa nomor hp yg di input hasilnya tetep karo. Dudu bikin gampang malah nambahin ribet.",,,,,negatif
ribet minta aktivasi terus dituruti update berulang ulang ora bisa lanjut mu topup harus aktifasi lagi padahal wis,,,,negatif,negatif
"bayar pakai kaipay lemot dan akhirnya pin terblokir, padahal wis topup saldo banyak Bayar pakai shopeepay ora bisa menyambungkan terus",,,,negatif,
"Setiap arep login selalu muncul tulisan aplikasi ora menanggapi. Padahal sinyal apik, buka aplikasi lain uga lancar. Wis berhari-hari ditunggu, dan dicoba terus, nanging tetep wae gabisa",,,,,negatif
"Kena apa aku berulang ulang diminta upgrade member basic padahal wis pernah daftar, dan bahkan ana tulisannya email dan no hp wis terdaftar. Lha terus proses dftar member basic aku yg sblmnya kepriye? Namanya maju kena mundur kena",,,,,
"Aku naikan jadi 3 bintang ya, pembayaran mandiri direct debit bermasalah, wis tunggu nanging OTP via SMSnya masih belum muncul padahal ana pulsanya.",,,,negatif,
Kepriye cara mengatasi proses pengaturan ulang kata sandi? Kog gagal terus waktu klik lupa kata sandi,,,,,negatif
"Aplikasi negtodd. Lama bet verifikasi OTP, bikin darah tinggi wae. Mending aku pesen dari stasiun dhewe, kaya tahun 2000an. Nanging aku ora bisa karena aku harus pesen lewat apk sampah ini!!! ASU NGENTODD!!",,,,,negatif
"Kena apa saiki jadi susah pisan arep pesen tiket,masuk member basic dulu wis daftar gk bisa masuk2 ,tolong donk diperbaiki aku sering kali pke kai klo kemana2 tpi saiki pesen tiketnya susah minta ampun...sebel dech....",,,,,negatif
Ticket aku ana diaplikasi...ini gmana disuruh masuk pasword terus padahal wis selesai..kereta wis arep berangkat,,,negatif,,negatif
"selalu update selalu ke log out dhewe mana tiketku buat besok asem asem, terus piye iki aku login kabeh aku cek gaada tiket aku, login lewat nomor hp kodenya ora kekirim kirim berkali kali dicoba",,,negatif,,negatif
Kena apa kode otp untuk upgrade akun ora muncul2 lewat sms? Wis aku coba berkali2 nanging ora arep muncul.,,,,,negatif
"ribett, arep dftar akun member besic susah pisan, gatau dah knapa ini klo bisa secepatnya diperbaiki biar kami lebih gampang ora kaya duluu huhu jdi sedih sih')",,,,,negatif
aplikasi ora stabil. sering gangguan. dikit2 ke logout akun nya. dana pemeliharaan software pasti di korupsi👎,,,,,negatif
"Hari H jadwal kereta berangkat malah tiket yang wis dibeli sebelumnya ora muncul. Tulisan yang tertera katanya jaringannya jelek, wis aku ganti pakai data seluler masih ora bisa, aku coba logout login berkali-kali tetap ora bisa, aku coba install ulang tetap ora bisa, aku coba deleng kode booking di web malah ora muncul, pdhl jelas-jelas masih ana riwayat pemesanannya di APK.",,,negatif,,
"Woiillaahh.. aku gk bsa login, password sdh bener tp sllu fail. Nanya di ig jg gk di respond. Arep reschedule jd susah, percuma ana aplikasi klw aplikasinya gk bsa dipake !!",,,negatif,,negatif
"Aku kecewa, saat wis diupgrade tiba-tiba aku ora bisa masuk, alhasil aku harus bikin akun baru. Lalu saat memilih metode pembayaran selalu rusak, ora arep terhubung. Ini kena apa yah? tolong diperbaiki secepatnya. Yen bisa jangan utamakan tampilan dulu, wis tau saiki beli tiket gabisa langsung di stasiunnya malah dipersulit karo adanya apk yg gaguna kek gini. Aku arep ana acara penting lohhh, bener-bener merugikan wong. jangan update² lagi pusing log out dhewe mulu",,,,negatif,negatif
Katanya sistem online kena apa ana waktu tunggu antrian di aplikasi? Ini kena apa habis update malah logout dhewe,,,negatif,,negatif
"Ini kabeh di minta upgrade ke basic ,isi data wis lengkap .ujung ujung nya ngak bisa uga . Hemmm tolong lah kai",,,,,negatif
"aplikasi ter SAMPAH yang pernah aku download, masak akun keluar dhewe trus, ketika arep pesen buru, malah makin ribet anjir, banget banget banget kecewa, benci aplikasi ini, mending pesen tiket di aplikasi laen atau yg lebih gampang,🤬 uninstall!!",,,,,negatif
"Aplikasi ngisin ngisini. Punya pemerintah kok aplikasinya ruwet. Padahal wis update, wis terdaftar nanging kok ya disuruh jadi member basic. Diperbarui datanya, email dan telepon wis terdaftar. Lah truss aku kudu piye jal... 1 lagi klo topup by KAI itu mbok ya gercep gitu loh ora perlu tunggu 15 menit.",,,,negatif,negatif
"Aplikasi yang ribet,, minta upgrade menjadi member basic nanging malah no dan telp yg terdaftar wis ana,, ya jelas wis ana,,, kan arep upgrade,, klo belum ana ya apanya yang di upgrade",,,,,negatif
"aplikasinya banyak masalah arep daftar wae ora bisa masuk , padahal jaringan apik pakek wifi tetap ora bisa uga, tolong di perbaiki!!!!!",,,,,negatif
"Kode OTP ora valid mulu, padahal wis sesuai karo yg di sms, tolong bantuan dari kai Access nya dong gimna ini",,,,,negatif
"Aplikasi ribet, punya pemerintah nanging ribet amat pas daftar, dah lah, punya pemerintah kok gini amat",,,,,negatif
"Wis buang kuota,pas arep daftar ora bisa2,kocak",,,,,negatif
"Apalah ini ora bisa Upgrade akunnya. Tiap verifikasi otp selalu ""otp not valid"" Padahal otp yang di dikirim via SMS jelas2 itu kodenya🥴🥴",,,,,negatif
"Daftar Akun Basic wae susah banget. wis percobaan 3 kali. Gagal terus. Wis masukin keden Verifikasi melalui SMS, gagal. Padahal kode wis di masukin, Tombol dipencet, ora respon. Yen emang HP aku yang trobel, masak iya, sampek 13 kali. Dan disisi yg lain, pake aplikasi lain, pake metode kode OTP buat Verifikasi, bisa kabeh. Mung Aplikasi KAI Access ini yang kayak begini. Tolong diperbaiki donk. Merugikan, arep pesen tike ora bisa. Terlambat kehabisan tiket terus gara"" Rusak gini.",,,,,negatif
"Pembayaran melalui e-Wallet awalnya bisa (ovo) stelah di update arep bayar pake e-wallet tp ora dapet mulu kode otv nya dah arep sebulan di ulang terus tetap wae ora ana kode otp. Klo top up ke kai access langsung potongan nya berubah² makin gede top up makin gede potongannya, kepriye sih ini?",,,,negatif,
"Aplikasi payah,Ora bisa masuk setelah download edb detected trus dn close , padahal wis di apus download beberapa kali",,,,,negatif
Apk nya jelek banget sumpah.. tiba² logout dhewe ora bisa akses lagi.. wis ganti pw nanging tetep ora terdaftar.. wis segala cara tetep wae ora bisa.. aneh banget sihh.. tolonglah perbaikin kali apknya.. jelek banget sumpah... wis diupdate bukannya apik malah makin ngadi²..,,,,,negatif
"Daftar akun basic kok ora bisa yaa, padahal email dan nomer telpon wis bener dan masih aktif, Wis menghubungi customer service wis telpon kok tiba-tiba telpon nya matii??? Ini gimna KAI ??? jgn diem wae tolong cariin solusi nya",,,,,negatif
Susah masuk nya tiket tersedia ora bisa di beli kepriye min,,,negatif,,negatif
"Nyebelin banget aplikasinya yang saiki. Sering rusak padahal dulu ora begini. Arep pesen tiket dari malem sampai pagi ndak bisa. Alasannya time out, dicoba lagi alasannya servernya sibuk, dicoba lagi malah tulisannya ups jadwal ora ditemukan. Ujug²nanti kehabisan tiket. Tolong segera diperbaikiiii🙏🏽🙏🏽🙏🏽",negatif,,,,
"Aplikasi rusak.. Wis dibayar pakai e-wallet, malah statusnya masih menunggu pembayaran.. Ujung-ujungnya ke cs stasiun dan pesen manual.. Tolong diperbaiki aplikasinya min..",,,,negatif,
"Harus update aplikasi terus, storage hp kepenuhan gara-gara aplikasi ini",negatif,,,,
"Kayak gk niat bikin aplikasi, aplikasi belum siap wis d rilis, pesen tiket wis kayak war tiket konser blackpink, selalu crash system padahal dah masuk proses munculin kode pembayaran, mending balik lagi wae pesen offline",,,,negatif,
"makin ora jelas fiturnya, harus ngantri dulu 30 menit setelah di update. itupun ora langsung bisa booking tiketnya",,,negatif,,
Ini sebenarnya aplikasi bisa di buat beli tiket apa enggak sih..setiap beli tiket yang timeout yang severnya bekerja terlalu keras.wis di bela²in ora tidur dari jam 00.00 sekalinya dapet pembayarannya sulit yang unduh barcord lama banget.mohon untuk di perbaiki untuk apliksanya,negatif,,,negatif,
"Sering rusak trs, haduh bagusan Apps yg lama WKWKWKW",negatif,,,,
"Loading lama bener, mana berat gitu lagi buat ngaksesnya. Oh iya untuk pembayaran e-wallet makin sedikit ya, tadi niatnya pembayaran arep pake e-wallet nanging gk bisa bisa. Pdahal jaringan apik. Dan satu lagiiii kena apa data tiket keretanya updatenya lama kalah karo aplikasi sebelah. Banget mengganggu apalagi yen pas arep pemesanan 😠😠",negatif,,negatif,negatif,
"Aku wis isi KAI PAY / KASPRO nanging ora bisa buat bayar,padahal pin wis bener,nanging malah keluar katanya pin salah,sampek tak ganti pin baru,berhasil ganti pin baru,giliran bayar pakek KAY PAY salah di pin lagi,padahal wis sesuai,akhirnya bayar pakai bank BCA,lgsg bisa,trus saldo KAY PAY aku apakah bisa di kembalikan atau di cairkan?,harusnya aplikasi ini memudahkan,nanging malah menyulitkan.. parah banget..",,,,negatif,
"Apk burik gajelas sering rusak, cari tiket dari jam 1 sape hampir jam 3 masi wae rusak. Kabeh uga arep tidurrr woiii, besok banyak aktivitas. Penghasilan banyak tp rusak mulu dah",negatif,,,,
Aplikasi ampas arep daftar basic wae kagak bisa susah,,,,,negatif
"Inovasi apik pakai sstem antrean, nanging mohon dkembangkn lg. Wis antre tertera 15 mnt bukannya turun malah naik, ok gk pa2 masih bs maklum, setelah wis masuk sstem n wis isi pesenan arep proses perolehan kursi malah d notif. Saat ini transaksi sedang tinggi coba beberapa saat lagi. ya memang sistem sibuk makanya antree. sabar. coba beberapa saat. di notif lg yang karo. sampe 5x notif yg karo. dn akhirnya sesi pemesanan wis berakhir. Mulai dr awal brakhir tnpa tiket. Tiket hbis",,,konflik,,
"Aplikasi berat, lemot dan ketika arep dilakukan pembayaran selain karo Kaspro selalu rusak. Bikin emosi. Wis gitu, yen arep topup Kaspro, biaya potongan adminnya gede banget najis naudzubillah... Repot, aplikasi ribet dan berat!!! Nyusahin wong arep mesen tiket kereta.",negatif,,,negatif,
"Wis terbiasa menggunakan aplikasi ini dan banget bermanfaat, hanya sy msh menggunakan perangkat dgn os android 7 jd tdk kompetibel dgn aplikasi terbaru, mohon updatean terbaru dpt mengakomodir os android yg msh lawas. Terima kasih",,,,,
Ini aplikasi e kepriye se aku wis bayar tiket habis 20 ribu malah tiket kereta api e ora muncul tolong deh kepriye solusi acces kai,,,negatif,,
"Menurutku yg sdh beberapa kali menggunakan apps ini utk reservasi pembelian tiket KA sdh cukup apik namun utk proses top up jgn kelamaan proses done nya kk...spy tdk ana kekuatiran tdk masuk uangnya..mohon ditingkatkan lagi pelayanan aplikasinya, spy dpt lebih apik dan dipercaya tks.",,,positif,negatif,
"Mohon bantuannya Kai Acces, aku wis top up lupa belum aktivasi nanging tombol aktivasi ora ana jadi saldo ora bisa digunakan karena belum ana pembuatan pin KAI pay..",,,,negatif,
Wis 2025 sistem beli tiket masih kya jaman jadul. Beli tiket lebaran sistem ora jelas. Nunggu lama lama ora bisa dapet tiket sampe online 3 jam gagal terus tau tau habis. Arep sampai kapan sistem kaya gini trus?,,,negatif,,
Cacat karena selalu ke ganti2 mulu halamannya,,negatif,,,
"Aplikasi ala sering gagal transaksi nanging saldo pembayaran tetap terpotong, aku wis menghubungi CS nanging belum dikembalikan saldonya sampai saiki. Yen aplikasi belum teruji kelayakannya jangan dirilis dong kasihan customer banyak yg mengalami kendala dan proses penyelesaiannya lama.",,,,negatif,
Abis update malah jadi gabisa cek jadwal krl..tolong diatasi untuk masalah ini..pdhal sebelumnya normal² ja,,,negatif,,negatif
"Aku wis bangun di jam 00.00 untuk membeli tiket. Nanging ternyata jadwal belom tersedia di stasiun yang aku tuju, nanging di stasiun lain jadwal wis tersedia. Wis ditahap pembayaran malah jadi layar putih sampai sejam. Pas dikembalikan wis proses penungguan pembayaran. Haduuh 😭",negatif,,negatif,negatif,
"Setiap ana yang baru harus di update yen ora di update ora bisa di pakai. Kena apa sih, jadinya ora nyaman banget",,,,,negatif
"Banget payah,arep upgrade wae susah tinggal klik kirim kode SMS...ulang2 terus sampe capek",,,,,negatif
Di pencarian kereta lokal Stasiun Madiun ora dicantumkan,,,negatif,,
"Banget ala pisan untuk boking online melalui aplikasi yang baru mending versi lama,enakan kayak dulu langsung beli tiket di stasiun lebih gampang, intinya ala pisan.",,,negatif,,
Kena apa layanan pulsa listrik karo pulsanya hilang😭 pdhal butuh bnget ini. Mana saldonya msih bnyak bnget ora bisa ditarik tunai. Dan aku dudu wong yg tiap hari naik kereta bahkan sebulan wae uga blum tentu berpergian pake kereta. Pliss diperbaiki lg dong appnya,,negatif,,negatif,
"Banyak bug nya, saat ingin memesan tiket muncul rusak jwt token expired, please tim Programmer nya cek. Terus uga saat ingin aktivasi kaipay, saat masukin kode pin baru dia rusak terus dan errornya cuman alert kosong tanpa ana penjelasan, Tolong tim frontend nya lebih serius",negatif,,,negatif,
"Tambahin dong jadwal pagi nya, dari serang arah rangkasbitung jam 04:00, banyak karyawan mesti ke rangkasbitung dulu nih yang arep ke ibu kota",,,,,
Kena apa sih topup di KAI acces haru ana potongan biaya. Kan jadi rugi. Cobalah di perbaiki lagi. Masa topup langsung di aplikasi KAI harus ana potongan. Mana delay pula topup saldonya. Coba di perbaiki lagi itu karo Kaspro nya. Jadi ora berfaedah. Meding pakai E-dhuwit atau Dari goj3k.,,,,negatif,
Ini aplikasi update kok tambah sulit masak iya wis arep pesen malah ora bisa alasannya kadaluarsa padahal wis dicoba berkali2,,,negatif,,
"Waktu tujuan kereta sering kali ora sesuai karo jadwal, selisih waktunya hampir 1 jam. akhir-akhir ini wis beberapa kali PP waktu tujuan kereta pasti telat. dulu selalu ontime. perlu dilakukan pembenahan kembali, kok bisa sistem yg dulunya apik malah saiki jadi kacau.",,,negatif,,
"Aplikasi bodoh. saldo aku wis dipotong, id pemesanan tiket ora keluar.",,,negatif,negatif,
Proses pembatalan tiketnya lama banget. Saldo wis lama ora dikembalikan. Payahh,,,negatif,negatif,
"Saldo keptong buat isi komuterline, giliran di update eror terus, dan di kartu ora ke isi. Aplikasi dari dulu selalu burik ini KAI. Klo wis bisa atau minimal dhuwit aku kembali . Baru aku ganti reviewnya.",,,,negatif,negatif
"apakah ora ana pembenahan? karo 10jt lebih nanging rating 2 apa ora malu? bukankag itu menandakan kelayakan dari aplikasi nya yg begitu ala? sering eror pada kondisi yg genting kaya war tiket mingguan, apakah memang haru trouble di waktu-waktu kaya itu?",,,negatif,,
Antrian trz ora bisa masuk2. Yg ora antri wong dalemnya kali,,,negatif,,
"Sebagai pengguna Acces by KAI aku merasa bahwa update yang sering dilakukan ora memberikan peningkatan pada aplikasi. Menurut aku versi lama lebih apik dibanding versi terbaru. Aku melakukan pemesan tiket dan melakukan pembayaran menggunakan qris, saldo aku terpotong namun pemesanan tiket yang lakukan justru gagal. Mungkin nominalnya ora banyak namun hal ini cukup merugikan pengguna. Tolong untuk pihak KAI untuk melakukan perbaikan agar hal kaya ini ora terjadi kedepannya.",,,,negatif,
"Pembayaran Nya Ora Ana Via Indomaret & Alfamart, Jadi Susah Yen Arep Bayar Apalagi Ora Punya M-banking, Jadi Menyusahkan, Sedangkan Yen Arep Menggunakan Aplikasi Ovo Itu Nomernya Masih Dulu Ora Bisa Diganti Yang Baru, Jadi Susah Lagi Buat Bayarnya.... Ini Aplikasi Ora Ana Perubahan Karo Sekalian 👎👎👎",,,,negatif,
"Wis WAR tiket jam 00.00 untuk dhoho karo penataran wis tinggal dikit wae tempat duduknya, memangnya harus jam berapa beli tiketnya? Telat 1 menit dah kehabisan, trus sering jadwal ora ditemukan lagi wis ditemukan jadwal dah habis wae tiketnya. Harus kepriye belinya?",,,negatif,,
tiket dua kali ilang tiba tiba ngantri lagi stap ora tau . cuman jawab eror pak banget meragukan apl ini maju pelayanan banget mengecewakan,,,negatif,,
"Jembut jembut.... Mohon untuk diperbaiki sistemnya. Aku nunggu dari Jam 00.00 baru dapat tiket di jam 06.45. Hanya dapat notif ""sistem sedang bekerja keras""",,,negatif,,
"Aplikasi Semakin ala, sinyal apik nanging gagal terus di pembayaran. Coba ganti2 dari OVO ke Shopee pay hasil nya tetap rusak. Sampai 15 kali coba rusak terus dan ora bisa pesen lagi",,,,negatif,
Jadi aku sering berlanganan di kai accses dan aku banget kecewa banget di ini apk saldo aku ora bisa kepakek karna apk nya konyol bngt sering ngbug dan pin yang aku gunakan selalu salah padahal itu pin wis bner dan aku coba reset sandi dan coba lagi pin masih salah aku ora terbantu banget karo apk konyol kayak gini . pihak kai seharusnya di pantau terus dimana bagian bug di apk nya dhewe . kocak kocak,negatif,,,negatif,
"Aplikasi ter lemot yang pernah aku jumpai. Saat aplikasi Rusak penumpang di arahkan untuk ngantri offline, padahal PT KAI dhewe yg mewajibkan beli tiket kereta lokal online utk penumpang usia 50 tahun ke bawah. Anehnya, disaat pt kai ana kesalahan ana pengecualian nanging saat terdapat kesalahan pada penumpang karo pisan ora ana pengecualian.",negatif,,,,
"Sering trouble Sulit melakukan pembelian tiketnya, wis masuk dan pesen di pembayaran ora bisa, sering uga data hilang dhewe, mohon pihak kai melakukan perbaikan access",,,negatif,negatif,
"beli tiket pas arep di scan katanya disuruh ulang,aku bilang saldo wis berkurang kata mba nya belum ulangi lagi wae, alhasil saldo berkurang 2x hahaha",,,,negatif,
"Metode pembayaran sering eror terutama pakai ovo jadi susah klo arep bayar sdh kehabisan waktu ,ee tiket nya wis habis duluan",,,,negatif,
"Aplikasi makin banyak trouble, ora berminat untuk dibetulkan kah? Masak di awal halam tersisa 5 kursi begitu dibuka kursinya kosong kabeh. Pertama. Kedua setiap update jam 12 malam. Bukannya kereset malah wis ke isi kabeh jadi tiket yang habis ora bsa d klik. Tolong lah diperbaiki, wis canggih tp banyak trouble mending ora usah d update.",,,negatif,,
"Mohon admin, kena apa aplikasi kai acces aku ora bisa dibuka? Padahal wis sy update... Terimakasih",,,,,negatif
"Arep pesen tiket nanging selalu muncul tulisan ""can't booking more than 15 booking per day"" Padahal hari ini belum booking tiket karo pisan, kepriye ceritanya tiba2 wis 15 booking wae. Kepriye nih solusinya? Aplikasi buat booking tiket masa gabisa dipake buat booking tiket.",,,negatif,,
"Aplikasi busuk, pesen tiket wae susah banget",,,negatif,,
"Gatau lah download aplikasi bukannya jadi gampang malah makin ribet. Ini yen tiket kretanya habis di tulis ora tersedia kek, jangan tulisannya tersedia nanging trnyt dah abis, lbih valid pesen lewat browser dripd aplikasi",,,negatif,,
"Perubahan jadwal di bulan Pebruari banget tdk bersahabat dg pekerja dan uga waktu tempuhnya jadi lebih lama... Perubahan tdk menjadi lebih apik, menurut kami sebagai pekerja. Ora mendukung himbauan untuk menggunakan angkutan umum supaya mengurangi kemacetan...",,,,,
"aku ora bisa mencari kota tujuan di pilihan KA lokal kaya sragen, Ngawi, Madiun. Tolong solusinya",,,negatif,,
"Tiap beli tiket arus balik sering rusak Mulu, padahal pembayaran wis berhasil nanging tiket GK keluar",,,,,
"Setelah di update malah makin ala, selalu disuruh aktivasi kaipay, giliran arep di aktivasi nanging selalu oror dan gagal lagi, kemarin wae pernah h-1 pemberangkatan tiket malah ora arep muncul",,,negatif,negatif,
Aku membeli karcis yang salah pada jam nya dan aku harus berpikir keras untuk mengembalikannya hanya wae dhuwit itu ora bisa dikembalikan dan harus jual ke wong lain dan aku uga wis ora bisa buat mendapatkan dhuwit itu lagi tolong dibenarkan aplikasi ini jangan sampai Indonesia malu-maluin kaya ini dhuwit 3000 masa ora bisa dibalikin tolong dong diperbaiki lagi aplikasinya bikin malu-malu negara wae yen niat bikin kereta ora usah bikin karcis kereta jadilah yang jujur,,,,,
"aku 2 kali pesen tiket online wis terbayar, ana bukti nya uga nanging diapk tiketnya belum terbayar sampai akhirnya waktunya habis dan hangus. saran uga yen bisa diapk ana menu untuk pesen makan trus bisa diantar sarann wae",,,negatif,,
"Susah pisan batalin tiket, banyak bug. Pakai e-wallet, data e-wallet tdk tersedia, trs knp dikasih opsi tsb?. Pakai Bank, namanya harus karo dg nama penumpang. Lah nama penumpangnya wis sesuai karo NIK, trs knp ora diintergrasikan wae? Solusi dari CS, minta user ke stasiun. Nanging, ora bisa melayani di kabeh stasiun. Bener bener ora solutif dan ora membantu. Hangus wis tiketnya.",,,negatif,negatif,
"Alasan Rating: Ora kompatibel karo ponsel aku,aku harap aplikasi penting kaya ini berfungsi di setiap perangkat,agar ora mempersulit banyak wong. Satu lagi,untuk connecting train itu belum lengkap jadi ana beberapa rute yang harus di pesen tiketnya satu persatu dan tambahkan connecting train lokal karo antarkota,mohon diperbaiki...",negatif,,negatif,,
Setelah d update antri online 20 ment berasa 1 jam setelah antrian selesai tiket ora tersedia...war tiket jd kacau...,,,negatif,,
"Ini aplikasi kena apa sih, sisa saldo aku itu pas pagi tadi ana 18 ribu, arep beli tiket commuter line bandung yang harganya 5 ribu, pas arep pembayaran malah tiba tiba e wallet kosong, terus saldo aku dikuras habis, setelah nanya satpam, satpamnya malah bilang lain kali jangan top up kaipay karna sering gangguan, pdhl aku wis nunjukin bukti saldo aku sebelumnya dan saldo aku yg berkurang di riwayat pembayaran Plis perbaikin ini, kena apa sih bisa bisanya saldo disedot abis",,,,negatif,
"Untuk keseluruhan hampir gampang di gunakan, nanging satu yang perlu diperhatikan, sistem pembatalan itu jangan nunggu 30-45 hari kerja yaa, kelamaan, paling telat uga 2X24JAM , Beda karo Traveloka Agoda dll meski mung 10 menit , mohon untuk di perhatikan",positif,,negatif,,
"tolong aplikasinya dibenerin lagi,aku arep update ke KAI PAY ora bisa keluar terus dari aplikasi",,,,negatif,
"arep pesen kereta lemotnya minta ampun, padahal tinggal bayar malah muncul layar abu-abu",,,,negatif,
Ribet amat saiki apa - apa online nanging sistemtem lemot yen ora eror ampasss,negatif,,,,
"aplikasinya sebenernya apik mung kena apa waktu minta permintaan refund pembatalan tiket uangnya wis melewati 30 hari belum ana dhuwit kembali , malah pengajuan pembatalan perjalanan tiket belum di konfirmasi padahal wis lewat 30 hari , untung Nominal 80 ribu ke , kepriye yen nominal 500ribu -1 juta keatas ? Tolong segera di perbaiki lagi",positif,positif,negatif,negatif,positif
"Banget perlu di perbaiki, dan diperbarui, topup masuknya 2 hari , scan barcode bayar masuknya uga lama diulang ulang terus .",,,,negatif,
"Masa topup saldo KAI Pay dari BCA ke VA Kaspro lama banget terupdatenya. Butuh waktu 30 menit. Tolong dipercepat lah, dulu sebelum aplikasi diperbaharui ngisi saldonya cepet, masa setelah diperbaharui malah lebih alon.",,,,negatif,
"Jelek pake banget, ora kaya tahun dulu dulu. Pas buka aplikasi dapet tiket bayar ke alfamart. Saiki suruh nunggu pake no antrian lah. Giliran wis masuk pas masukin data timeout terus. Tau tau tiket abis. 😡😡😡",,,negatif,,
"Ini aplikasi pemerintah dudu sih, klu punya pemerintah parah banget. Kebanyakan di korupsi kali duitnya. Rusak, lemot, buat bayar ribet amat ngulang-ngulang terus. Di perbaiki lagi donk yang lebih apik.",negatif,,negatif,,
Pemesanan kai untuk mudik terlalu alon server selau penuh ujung ujungnya wis kehabisan tiket wae padahal baru 5 mnit pembukaan tolong lah ditingkatkan lagi kai,negatif,,,,
"Mohon untuk disediakan Fitur tukar tiket jadwal keberangkatan, agar ora usah jauh² datang ke stasiun, soalnya untuk anak kuliahan yang merantau akan banget berguna karena banyaknya jadwal² kelas yang sering ber ubah ubah.",,,negatif,,
Parah banget wis beli tiket saldo wis terpotong tpi tiketnya ora ana di pemesanan typo,,,negatif,,
"tolong tambahkan layanan penggantian nama penumpang dan akun yg memesan uga bisa digantikan oleh wong lain, bintang 2 dulu klau wis ana layanannya sy ganti",,,,,
Baru nyoba pisan wis kecewa. Karena pilihannya gabisa di klik. Ya kepriye arep lanjut administrasi yen pilihan keretanya gabisa di klik. Trs uga suka ngefrezz gajelas banget,negatif,,,,
"Aplikasi yg versi terbaru malah semakin sulit dapat tiket, wis war dibelain bergadang jadwal selalu belum tersedia giliran wis muncul wis kehabisan padahal memori apik, koneksi apik, kecewa sebagai pelanggan yg dr dulu selalu naik kereta kemana mana saiki susah krn gadapet tiket terus 😑",,,negatif,,
"Jangan maksa update yen blm arep update, apps lain ora di update 6 bulan pun bisa di pake, bisa ora mung notif wae jangan maksa update",negatif,,,,
Seriuss kai access seburuk itu persiapan nya buat lebaran tahun ini,negatif,,,,
"Wis aku bayarrr tiket belum masuk uga, najis aplikasi KAI setelah update",,,negatif,,
"Pesen tiket susah,, loading terus wis isi data penumpang klik lanjut tetep ora dapat tiket",,,negatif,,
"Ngapain pakai antrian, mung hanya cek tiket. Tolonglah bijaksana jero membuat aplikasi. Jangn memikirkan untung sepihak",,,negatif,,
"halo kai, tolong baca ini. sedikit saran, mungkin next time untuk commuter line dhoho-penataran gausah ana tiket yang 'tanpa kursi'. aku gatau tujuan kalian mengeluarkan tiket ini untuk apa, nanging menurutku ini bener"" hal terburuk yang bikin aku kecewa. mungkin kalian ingin memaksimalkan penggunaan space kosong yang tersedia, atau mungkin mata duitan (?) entahlahh, nanging hari ini bener"" full banget, sampe bikin agak sesak nafas. btw, aku tadi tiba"" disuruh pindah tanpa ditanya 'sedang sakit/ora'",,,negatif,,
"Berbelit2 aplikasi nya. Wis download nanging arep pakai ora bisa langsung, krn harus registrasi segala macam. Aplikasinya tlg modul nya dipermudah, supaya pengguna kereta terutama yg agak2 gaptek masih tetap bisa pakai.",,,,,negatif
"Pak untuk No Handphone di profil ora bisa di ubah, tolong di update agar bisa mengganti no Handphone di aplikasinya aku wae bingung arep ganti. Aku wae bingung arep ganti no hp y",,,,,negatif
Anjirlah tiap masuk apk tekah berhenti apk telah berhenti ini kepriye sih Uda install ulang tetep wae rusak ini developer kepriye woy,negatif,,,,
"Setelah di update malah arep pesankan wong tua, ora ana menu reduksinya, alhasil rega normal dudu lansia.",,,negatif,,
"Kena apa aku ora bisa klik tujuan Pekalongan, tulisannya jero pemeliharaan...kok bisa berhari hari ???",,,negatif,,
"aku baru buka kembali KAI access, nanging akun aku kena apa harus upgrade basic lagi. Padahal sblmnya wis terdaftar dan bisa transaksi, deleng histori tiket, deleng daftar penumpang yg pernah aku input. ikutin arahan utk upgrade lagi, system bilang ""already exist"".",,,,,negatif
App nya msh banyak bug yg belum kelar... verifikasi berhasil nanging klik profile balik suruh verifikasi lagi. gtu wae mulu smp lebaran kelar 😢,,,,,negatif
maintenance aplikasi jelek. pembayaran gagal mulu. ora ana perbaikan. bad,,,,negatif,
"Jelek banget aplikasinya wis ora kaya dulu, setiap hari Jumat selalu ana masalah. Jadwal sering ora tersedia, di refresh terus tetap ora tersedia. Setelah beberapa menit bisa, tiket wis habis. Tolonglah diperbaiki:(",,,negatif,,
"Jadi ana antrian, dan cukup lama antri setelah masuk jadwal ora tersedia..",,,negatif,,
"Aku wis isi data, tp kena apa ya nggk bisa pripikasi no hp... Apa ana yg salah mohon bantuannya",,,,,negatif
"KAI jangan gaet kaspro dah soal KAIpay sumpah buang-buang dhuwit banget biaya adminnya gede banget. ora ana top up yg free admin, mending gaet shopeepay, astrapay, atau ovo.",,,,negatif,
"Semakin kesini aplikasinya semakin banyak trouble, yen kebanyakan ngecek jadwal kereta, bakalan kena time out, kena apa harus ana time out? Kemudian mengecek ""Tiket Aku"" uga jadi susah, padahal jaringan pribadi wis banget apik namun dari aplikasinya berkata ""Ups!! Terjadi Kesalahan Mohon maaf kami mengalami gangguan saat sedang memproses. Silakan coba beberapa saat lagi dan pastikan koneksi internet Anda stabil."" Padahal wis bayar dan jam keberangkatan wis mepet, banyak errornya sekaran",,,negatif,,
"upgdre skrg malah bikin EMOSI apa"" kena antrian.giliran dah masuk data muter lagii logout.stlah dapat pembayaran muter Lagi buat bayarnya.akhirnya Zonk sdah soldout. HERAN WONG-WONG KUWI YANG WIS DAPET TIKET NYA DARI MANA??????CALOOO???AKU YG WIS PAKAI HP 10 PUN GK DAPET""!",,,negatif,negatif,
"Makin kesini aplikasi makin ora jelas,, cape² nungguin tiket mantengin HP giliran bisa dibuka tiket ora ana jadwal, setelah dibuka lagi tau² tiket habis,, dasar aplikasi ora jelas.",,,negatif,,
"Parah banget aplikasinya,pengen pesen gegara loading gk bisa msk dan alhasil tiket keburu habis .... Ora jelas",negatif,,,,
"ORA BANGET!!!! AKU ORA MEREKOMENDASIKAN APP INI Untuk pesen tiket KA Bandara susah banget, mesti harus ana akun basic. Pas arep coba registrasi akun basic susah, beberapa kali di coba hasil uga karo. ""EMAIL & NOMOR TELPON WIS TEREGISTRASI"" HOW?!!! Ini baru pertama kali registrasi. Coba bikin akun baru, HASILNYA KARO!! Dudu membantu mempermudah malah menyusahkan! Apik dulu bisa di pesen lewat app satunya lebih gampang dan gampang.",,,,,negatif
"Kebiasaan suka sering rusak, apalagi di waktu2 genting mohon perbaikannya ke depannya yen memang sepenuhnya pembayaran dan pemesanan tiket harus melalui aplikasi Sering rugi jadinya harus bayar 2 kali, di aplikasi pemesanan tiket dan lewat loket 😡😡 Jaringan hp stabil dan tanpa menggunakan vpn (jangan jadikan jawaban karena koneksi internet yang ora stabil)",,,negatif,negatif,
"Isi saldo pke shopeepay wis kepotong shopeepay ny tp gx ana masuk saldo k kartunya. Pemberitahuan d riwayat shopeepay wis berhasil, tp saldo blm masuk",,,,negatif,
"Update mulu, bukanya ana optimalisasi malah tambah rusak",negatif,,,,
Kena apa waktu nya hanya di beri 2 detik???,negatif,,,,
Wis lama2 nunggu antrian online hampir 1 jam pas antrian aku tiba tiketnya ora ana dan harus ngulang nunggu antrian lagi...tolong dong kai accsess sistem dulu lagi wae..ini aku jadinya emosi,,,negatif,,
Aplikasi Gimic doang .. ora bisa buat psesn tiket lebaran kayanya buat ordal wae karena hampir kabeh ngeluh ora bisa pesen tiket selalu habis ..,,,negatif,,
Ni kepriye sih kok tombol pembatalan pembelian tiket ora ana dan aku banget kecewa karo pihak kai d hubungin selalu nunggu antrian aku tunggu sampek 24am ora bisa2 selalu alasan selalu tunggu antrian tolong d perbaiki klu tdk bisa jgn d teruskan APP ni,,,negatif,,
"Tambah lemot saiki, jadi susah pembayaran lama, susah koneck Ora recomend pakek KAI Access saiki",negatif,,,negatif,
"Aplikasi merepotkan kan..,giliran arep bayar ora bisa..,bagai mana KAI bisa maju...banyak penumpang..,sistem aplikasi nya kayak gini.",,,,negatif,
"Min aku beli token via kai access setelah berhasil di suruh nunggu token dan diminta cek berkala. Wis di tunggu nanging gk muncul2. Halaman riwayat dibuka rusak muncul ""request processing failed"". Terus cek token nya dari mana lagi min",,,,negatif,
"wis milih tiket dan saat payment ora bisa pakai kai payment timeout terus, padahal wis ganti jaringan jadi ora kebagian tiket!!! kecewa",,,,negatif,
"kena apa sering banget update sih, gada bedanya jg.",negatif,,,,
Lemot banget ya allah arep pesen tiket wae lama banget keburu kehabisan klo kyak gini😞😞 Tolong min perbarui lebih apik,negatif,,,,
"Aplikasi bapuk, wis jadwal berantakan, giliran arep deleng posisi kereta di aplikasi rusak mulu. Ora ana yang beres👎",,,negatif,,
Butuh bantuan segera ! perlindungan perjalanan & jaminan refund ora bisa di akses. Mohon diperbaiki segera,,,negatif,,
"Aplikasi sering rusak, wis pesen via aplikasi eh ora muncul e-tiket nya. tolong lah diperbaiki. Tambah fitur pengaduan pelanggan via aplikasi deh.",,negatif,negatif,,
Masa setiap buka apk nya selalu harus update,,,,,negatif
"pesen tiket tanggal 15 januari untuk keberangkatan tanggal 16 januari tp sy batalin karena perubahan jadwal. sy wis ajukan pembatalan dari tanggal 15 januari lewat apk ini tpi sampai saiki uangnya blm di kembalikan uga. tolong ini kepriye dhuwit sy blm dikembalikan, knp blm ana konfirmasi sampai saiki, wis seminggu loh??? sy uga wis tlpn customer service g di angkat² Sungguh apk yg ala ora amanah tolong kembalikan dhuwit sy!!!!",,,,negatif,
"Tiap buka app minta upgrade ke basic lagi padahal wis upgrade, masukin lagi nik, pas pilih kursi ribet ora kena kena padahal masih status kosong..tolong tingkatkan lagi..",,,negatif,,negatif
"sampe ora bisa berkata2 , pdhl sinyal wis sebagus itu tp connect nya lemot pol, habis di upgrade malah makin ribet. kota yg di tuju ora bisa, pdhl kemarin2 gampang banget pesen tiket. wis update tp sering ora keluar jadwal kereta. aneh banget!!",,,negatif,,
"Overall wis ok. Cuman satu jd kendala, kena apa akses topup KAI Pay gk bisa pakai dari bank BRI Proses topup saldo perlu waktu 15 menit dari pembayaran. Kena apa tdk kaya multitrip card commuterline isi saldo lebih cepet. Yen wae pembayaran tiket pakai multitrip mungkin gk seribet ini beli tiket kereta",,,,negatif,
Jadwal KRL dan Lokal ora sesuai jadi selalu terlambat,,,negatif,,
Aplikasi gajelas pake segala antri mana estimasinya ora pas hitungannya bukannya mundur malah naik kan kocak wkwkwk,,,negatif,,
"Menurut aku sih secara UI wis rapih dan gampang digunakan untuk pemesanan tiket, tetapi masalah utamanya aplikasi suka lemot dan rusak tiba2. Yen arep pesen tiket atau pembatalan lagi penambahan nomor rekening tiba tiba rusak unavailable, kedepannya mohon diperbaiki server dan koneksinya semoga appnya bisa berjalan lancar jaya kaya app sebelah.",,positif,negatif,,
"Tampilan wis lumayan ok , nanging aplikasi nya lemot suka timeout lah non found lah. Ditambah lagi saiki fitur pilih kursi dihilangkan. Aku yg arep booking 11 kursi dimana 6 kursi buat anak2, jadi takut saling dorong atau sampe ke injak2 pas nyari kursi. Karna siapa cepet dia dapat , jadi harus buru2 buat ambil kursi kosong. Jadi kurang aman dan nyaman. Tolong buat KAI kembalikan fitur pilih kursi",negatif,positif,negatif,,
"Peningkatan kualitas fitur dan kemudahanya wis banget banyak berubah, KAI terbaik",,positif,,,
"Versi baru KAI ini entah kena apa jdi merusak kenyamanan pake aplikasinya. Pesen tiket pake metode QRIS sempat ora muncul untuk QR Codenya, repot pisan, harus dibatalkan pemesanan tiketnya terlebih dahulu kemudian memesan tiketnya kembali. Ini jadi ngerepotin jadinya. Tolong diperbaiki, tampilan UI lumayan nanging kenyamanan pakenya ora.",,positif,negatif,negatif,
"User interface dan user experience nya lebih apik dari yg sebelumnya, coba lupa sandi agak lama dapat kode otp nya, mungkin bisa ditingkatkan lagi Untuk penggunaan aplikasi dari pesen tiket sampai pembayaran tanpa ana kendala, tingkatkan terus aplikasinya!",,positif,,,negatif
"Tampilan aplikasi apik dan cukup gampang digunakan. Namun, metode pembayaran untuk kartu debit/kredit dan e-wallet masih banget sedikit, hanya tersedia kartu debit mandiri dan e-wallet OVO. Aku harap di update selanjutnya pilihan kartu debit/kredit dan e-wallet bisa lebih banyak lagi.",,positif,,negatif,
Masih pertama kali pake tp wis suka karo interface nya. Gampang dipahami. Yang paling suka bagian pembayaran karena bisa pake QRIS. jadi gampang banget. Terimakasih. Semoga semakin apik,,positif,,positif,
"Pertama kali aku unduh, aku cukup terkesan, semuanya tertata rapi, kombinasi warnanya menarik, informasi cukup lengkap, dan untuk mendaftarkan akun gampang pisan. Pemesanan tiketnya gampang dan cepet. Metode pembayaran pun beragam, bisa menggunakan kartu kredit/debit dan uga e-wallet. Uga ana jadwal sholat yang banget berguna disaat perjalanan jauh dan antar kota. Namun, aplikasi ini uga memiliki kekurangan, diantaranya: TRIP PLANNER yang ora bisa diakses dan Selalu crash saat akses KCIC.",negatif,positif,positif,positif,positif
"Aplikasi nya bener-bener membantu , UI & UX nya apik, terima kasih semoga makin banyak fitur baru dan stabilitas ditingkatkan",negatif,positif,,,
Simpel nyaman dan gampang,,positif,,,
"Wis apik nih saiki, jadi nyaman pesen di sini",,,positif,,
Aplikasinya gampang untuk digunakan,,positif,,,
"Alhamdulillah saiki aplikasi KAI gampang utk log in, terima kasih buat KAI dan team Developernya.",,,,,positif
Wis bisa log in kembali. Apik aplikasi berjalan lancar,positif,,,,positif
"Wah gila sih, aplikasinya wis improve banget dari yang sebelumnya, saiki kyknya ora ana session expired lagi, jadi login ny pisan wae, terus fitur tracking nya uga apik, booking tiket, tempat tiket yang wis dibeli, lgsg ana di home, jadi ora ribet nyari lagi, pokoknya the best lah",,positif,positif,,positif
Aplikasi KAI saiki banget gampang(karna menggunakan 1 aplikasi dan bisa bayar di Alfamart)👍🏻👍🏻. Ora kaya dulu ribet harus menggunakan 2 aplikasi(Apl Ovo dan KAI),,,,positif,
Alhamdulillah kabeh lancar dan gampang banget pesen tiket dan pembayaran nya pakai Qris,,,positif,positif,
"Aplikasi wis apik dan pembayaran uga cepet menggunakan virtual account, terimakasih KAI",,,,positif,
"Meskipun wis baca review ttg app Access ini yg versi terbaru, nanging tetap install krn butuh tiket KA yg bisa reschedule/refund tanpa harus ke stasiun. Enggak ana kendala kok, malah lebih lancar dan lebih gampang drpd versi lama. Jika ana jeda loading, di app tiket lainnya uga karo. Menu pilihan tiket lebih terorganisir drpd app sebelah, menurut aku. Proses pembayaran + verifikasi + terbit tiket lancar ora ana kendala.",,positif,positif,positif,
"Lumayanlah, yen enggak punya KMT bisa pakai ini. Ganti stasiun walupun wis bayar tetap bisa diganti dan dhuwit di refund. Mantap!!",,,,positif,
"good, memudahkan buat mesen tiket kereta jarak jauhdan bisa uga sekalian deleng jadwal krl, top up saldo kmt, app terintegrasi 🫶🏻",,,positif,positif,
Untuk tiket commuter Line metode pembayarannya taroin QRIS BARCODE YEN BISA KABEH TRANSAKSI TIKET ANA PEMBAYARAN LEWAT QRIS BARCODE 🙏🏻☺️,,,,netral,
Lumayan dan mempermudah transaksi pembelian. Sering memakai akses qris,,,,positif,
"Aplikasi sebagus ini koq pada bilang aplikasi sampah. Aku pengguna KAI Access wis bertahun-tahun & aman² wae tuh. Proses pembatalannyapun uga gampang, dana langsung masuk ke rekening.",,,positif,positif,
"Aplikasi yang banget membantu jero pemesanan tiket, akses cepet dan gampang, banget membantu mengurangi jadwal tidur anda, agar setres bertambah, terimakasih kai acces",negatif,negatif,negatif,,
"Sesuai dg janjiku dr bintang 3 lgsg aku kasih bintang 5. Tiket mudik PP done. Alhamdulillah terimakasih Allah terimakasih access by KAI. Total begadang war tiket 5malam. Standby dari jam 11. Bolak balik cek aplikasi.Di sini selain cepet²an yaitu untung²an. Karena berebut dg beribu ribu wong yg ingin mudik dg kereta yg harganya paling murah dari kendaraan lain dan uga ora macet.Sedikit tips:jika mencari kereta,selesai antrian ternyata tiket habis sebaiknya klik pindah² tgl dg tgl sblmnya.",,,konflik,,
"Aku apresiasi buat developernya, setalah banyaknya kendala, wis mulai diperbaiki,terutama aku suka fitur antrianya jdi gk harus adu kecepatan klik lagi dan ujungnya diprank karo tulisan tersedia padahal wis ora bisa. Semoga makin apik kedepanya",,,negatif,,
"Saiki aku lebih suka naik kereta, karena , pelayanannya apik, asik dan nyaman, dan murah tiketnya Dan semenjak punya aplikasi access by KAI saiki lebih gampang untuk mendapatkan tiket kereta... Terimakasih access by KAI",,,positif,,
"Aplikasi Ter the best , ganti jadwal ,pesen tiket, booking tiket, check in online semuanya keren. Kurang paham yg kasih rating jelek mungkin mafia parkir atau g mana😂... Kadang yg apik dibilang jelek...yang jelek dibilang apik..ya namanya uga bisnis lah ya... buat kalian ora usah dengerin langsung dicoba wae..",,,positif,,
langganan banget pake aplikasi ini...dan so far sih nggk ana masalah proses booking dan pembelian tiket selalu oke dan nggk ana kendala,,,positif,,
"Diera digitalisasi ini memudahkan segala aktivitas, praktis dan cepet, termasuk access KAI banget mempermudah pembelian tiket kereta jarak dekat maupun jauh",,,positif,,
Pesen tiket kereta disini pastinya lebih murah dari traveloka,,,,,
"Aplikasinya apik, untuk pemesanan tiketnya uga gampang ora sulit dan mempermudah untuk yang memakai aplikasinya",,,positif,,
lebih gampang dan cepet nyari tiket untuk perjalanan jarak jauh dan dekat.,,,positif,,
"Banget membantu, dan. Banget gampang tanpa harus datang ke. Stasiun bila arep booking tiket,",,positif,,,
"Aplikasi yg banget bermanfaat dan memudahkan buat info tiket, jadwal serta tujuan KA. Banget apik..",,,positif,,
"Cara termudah dan simple utk melakukan pembelian tiket kereta api ke kabeh tujuan .... menggunakan aplikasi ini banget gampang dan nyaman, apalagi saiki ditambah fitur bisa menelpon contact centre tanpa pulsa ... bravo KAI ACCESS",,positif,,,
Keren dan apik...lebih gampang jero pemesanan tiket...Sukses selalu buat KAI.....,,positif,,,
Banget apik untuk info pemesanan perjalanan..transportasi,,,positif,,
Apik aman nyaman mending beli tiket kereta langsung di aplikasi nya,,positif,,,
"Gampang digunakan untuk membeli tiket, saat ke datang cukup scan barcode tiket👍👍",,,positif,,
Aplikasi banget apik pisan lebih gampang saiki tanpa ribet booking lagi,,positif,,,
Aplikasi apik bangettt.. aku sering pesen tiket lewat sini,,positif,,,
cukup membantu untuk pesen tiket kereta..,,,positif,,
"Saiki wis mulai apik, pemesanan lancar, semoga ora ana kendala lemot lagi. Tingkatkan lagi wae biar lebih nyaman order via kaiacces nya.",,,positif,,
Banget membantu karo ana y access kai,,positif,,,
Banget bermanfaat dan membantu jero pemeriksaan tiket kereta api,,,positif,,
"Alhamdulillah...dgn aplikasi ini banget membantu, mempermudah dlm urusan perjalanan dgn kereta api. Terimakasih KAI.",,positif,,,
Banget memudahakan untuk pembelian atau perubahan jadwal tiket pulang atau prrgi,,,positif,,
Karo aplikasi ini banget membantu jero melakukan perjalanan dari mana wae tanpa mengantri di loket pokoknya mantap banget membantu,,,,,
Pelayanan untuk pembelian tiket serta jadwal selalu tepat waktu.,,,positif,,
"apik, efisien waktu, bebas calo, informasi jadwal akurat",,positif,positif,,
Aplikasinya apik dan memudahkan untuk pembelian tiket kereta.,,positif,positif,,
"Aplikasi ini, memudah beli tiket kereta api.",,,positif,,
Aplikasi banget membantu memudahkan jero transportasi pembelian tiket kereta,,,positif,,
Applikasi yang gampang dipakai dan banget membantu jero pemesanan tiket KA,,positif,positif,,
"Menurut aku wis ok banget, pesen yiket bisa kapan wae, kena apa yg lain pada kasih rating ala ya",,,positif,,
Cari tiket kereta api lebih gampang dan gampang,,,positif,,
Banget membantu karo gampang mendapatkan tiket,,,positif,,
Penggunaan Access by KAI banget memudahkan pemesanan tiket perjalanan aku.,,,positif,,
Banget membantu mempermudah pembelian tiket👍👍,,,positif,,
Banget membantu jero pesen tiket kereta.,,,positif,,
Gampang pemesanan melalui aplikasi Access KAI,,,positif,,
Banget membantu untuk boking tiket..,,,positif,,
"mantap, rega tiket sesuai yang kabeh beli",,,,,
Segala urusan per Kereta Api an jadi gampang karo aplikasi ini,,,,,
Pakai aplikasi kai pesen tiket lebih praktis,,,positif,,
Untuk pemesanan lebih gampang,,positif,,,
Alhamdulillah gampang buat pesen tiketnya. G harus ke alfamart dan Indomaret dulu. Kabeh dirumah bisa pesen sambil tidur 2 an.,,positif,positif,,
Apik mempermudah pembelian tiket kai,,,positif,,
Banget membantu jero pembelian tiket,,,positif,,
Memesan tiket kereta api lebih gampang,,,positif,,
Banget membantu jero pesen tiket kereta api,,,positif,,
"Mantap ana aplikasi ini, ora perlu antri di stasiun atau di indomaret.",,,,,
Ora pernah gagal yen pesen tiket kereta,,,positif,,
Cepet dan membantu pemesanan tiket ora perlu ngantri panjang di loket tmksh,,,positif,,
Aplikasi ini banget membantu pisan ora usah repot2 harus beli tiket ke stasiun cukup karo KAI👍,,positif,,,
"Access by KAU, bagi aku banget apik, membantu percepatan cari tiket KA yg sesuai dgn kebutuhan trayek dan rega tiketnya.",,,positif,,
Semoga slalu d permudah untuk pesen tiket melalui KAI access. sukses slalu buat KAI access,,positif,,,
gampang mencari tiket dgan onleain,,positif,,,
Beli tiket jadi gampang bingit,,positif,,,
Apik memudahkan pesen tiket kereta,,positif,,,
Banget membantu jero proses pesen tiket KAI,,positif,,,
Gampang beli tiket kreta pulang pergi sesuai plening,,positif,,,
Jadi gampang cari tiket nya,,positif,positif,,
Cepet dan akurat persyaratan ora ribet pisan isi data ora perlu isi data lagi jos pokoknya,positif,,,,positif
"Permasalahan wis diperbaiki, update terbaru wis enak aplikasinya..",positif,,,,
Banget efisien dan mempermudah akses perjalanan,,,,,
Update terbaru dan terus perbaiki kualitas layanan,,,,,
"Dari bintang 2 wis sya update ke bintang 5 min. Alhamdulillah aplikasi nya sdh lancar dan apik, semoga kedepannya lebh apik lagi dan jaringan selalu lancar",positif,,,,
"pt kai memang mantap,sistem dan pelayanan banget apik",,,,,
Cepet dan gampang buat kami,positif,,,,
"Apik pelayanan,cepet tanggap",,,,,
Apik praktis dan cepet,positif,positif,,,
Gampang cepet praktis keren,positif,positif,,,
"cepet, ora ribet, mantap",positif,positif,,,
Mantap lebih gampang access nya,positif,,,,
"Terima kasih KAI Wis lebih apik Apps nya, josss memudahkan Kami",positif,,,,
"Aman ,belum pernah ana problem. Banget membantu.",positif,,,,
"Semangat KAI ACCSES Aku yakin apk KAI ACCSES bisa lewatin kabeh kendala yang ana, sejauh ini aku ora pernah ana kendala yang berarti kabeh apik, dulu pernah ana kendala nanging kabeh diselesaikan karo apik oleh cs KAI acces, SEMANGAT TERUS YA",,,,,
"Aplikasinya banget bermanfaat, sejauh ini sih jarang erro iya. Aman dan lancar aplikasinya",positif,,,,
Apik lebih efisien dan gampang kemana2 pokoknya mantap,positif,,,,
Penggunaan aplikasi selama ini lancar dan pelayanannya apik. Terimakasih KAI. Semoga semakin apik pelayanannya.,positif,,,,
Lebih memudahkan & banget Membaantu,positif,,,,
Cepet dan lancar jaya,positif,,,,
Semakin cepet pelayanannya,,,,,
Terus tingkat kan..mantap,,,,,
Wis bisa lagi kaya semula,positif,,,,
Praktis dan gampang mengakses layanannya,,positif,,,
Aplikasi ini banget membantu,,,,,
Sdh apik cpt dpt mengaksesnya,positif,,,,
Pelayanan dari aplikasi ini makin BAGUUSSS 👍🏻,,,,,
Well beberapa improvement yg keren. Bisa tracking kereta wis sampai mana meskipun belum mulai naik. Isu lemot saat akses kayaknya wis dibenahi. Keren,,,positif,,
"Dari app lama sampe saiki ora pernah aku mengalami kesulitan , yang sering kendala mungkin device nya kurang apik Wkwkwk 🤣 dan jarang diperbarui perangkat lunak device nya .",,,,,
"dari tim IT nya PT.KAI, mohon segera diperbaiki karena data tiketnya tiba2 ora ana. aku wis konsul dg teman di KAI ternyata suruh logout dan login lagi, dan alhamdulillah berhasil. mungkin buat bapak/ibu temen2 yg mengalami rusak atau kendala yg karo atau kendala lain, bs dicoba solusi ini. TRIMS",,,netral,,
"Aplikasi KAI Acces sebelumnya lebih simple dan jelas, digunakan langsung lancar sesuai yg dituju. Setelah diupgrade dg yang baru, hanya untuk mengecek posisi kereta wae ora bisa tampil ora bisa diklik???Lebih apik kembalikan kaya aplikasi KAI yg AWAL, lancar digunakan, tampilan uga jelas. Upgrade baru malah jika diklik posisi kereta yg ""seharusnya keluar menu tampilan jadwal posisi kereta"", mengapa ini malah hasilnya loncat ke ""pesen tiket CommuterLine""👎",,,negatif,,
"Banget apik inisiatifnya, nanging masih banyak perbaikan fundamental. Ora user friendly, kaya mencari menu pengembalian tiket susahnya setengah mati. Hal-hal detail lain, kaya kolom pendaftaran, mengisi tangga lahir jangan pakai date picker kaya itu, gesernya ke tahun kelahiran kebanyakan. Saran aku bagi tim dev libatkan lebih banyak testing ya. Aku tetap rekomendasikan aplikasi ini, dan aku catat bila ana kesulitan. Update: yen tiap update harus login lagi ya mana tahan..",,negatif,,,negatif
"Kesan pertama tampilan nya kurang banget jauh lebih suka sebelum di update dan pembayaran mung bisa lewat link wae? Klo bisa balikin wae kayak dulu tampilan, menu kabeh nya deh Kesan kedua setelah 5 tahun wis jauh lbh apik minusnya cmn 1 dan selalu Down servernya klo lg war tiket mudik",,negatif,negatif,negatif,
"Wis donwload dari dulu dan ora pernah merasa nge hapus.. tp kok icon nya ora muncul di hp sayaa yaa... jd aku kira ke hapus... pas nyari lg di playstore ""Kai Acces"" dudu ""Instal"" tp ""Buka""... Aneh sihh...",,,,,
Halo kepada direksi PT kai tololl kepriye updatenya yang saiki ini wis gambar nya jelek 👹👺👹👺 saiki kok pesen tiket malah jadi sedikit waktunya mung 25 detik harus nya minimal 1 menit guoblok kok pas wis update malah jadi guoblok aplikasinya balikan lagi ke versi yang kemarin lebih simpel dan gampang,,negatif,negatif,,
"Aplikasi sering update hanya untuk ganti UI wae tanpa update bug lainnya, itu banget parah.",negatif,positif,,,
"Cukup terbantu karo aplikasi kai, nanging kadang suka kesel yen tiket tinggal satu coba di booking nanging ora bisa, pas dicoba terus eh keburu di booking orng lain, ditambah user interface front end nya kadang kaga jalan, arep cancel ora bisa, arep booking tiket ana nanging gabisa di booking. Mohon di bikin perbaikan yang proper dulu baru di update, jangan tiap 2 bulan perbaikan",negatif,negatif,negatif,,
"Please jangan pake SMS verifikasinya! Menyulitkan wae hobby BUMN ini. Kan wis ana WhatsApp, kena apa ora pake itu? Nungguin SMS ini lama banget padahal yen lancar KAI bisa lebih unggul dari Trav*l*ka,. Ini susaaaaah banget dan kabeh wis mendidih emosinya. Please suruh karyawan IT nya benerin user interface nya",,negatif,,,negatif
"Aplikasi ini apik, nanging dari UI/UX wae, ora user firendly dari informasi yang ditampilkan pada aplikasi yaitu ora adanya detail terkait lokasi pas stasiun pemberhentian berada di stasiun karo nama apa, berada di kab/kota mana, kecamatan mana, intinya alamat lengkap stasiun pemberhentian. Ini karo wae ora ana gunanya membuat aplikasi karena user harus repot"" untuk tanya"" ke loket pemberhentiannya di daerah mana dan lain lain.",,konflik,,,
"Tolong kembalikan versi lama, karena tampilan nya apik daripada yg saiki ribet",,negatif,,,
"Posisi kursi menghadap kemana tolong lebih diperjelas gambarnya agar sekeluarga bisa berkumpul berhadapan, terimakasih perbaikannya.",,,negatif,,
"KAI Access saiki jelek banget aplikasi nya ora kaya Kai access yang dulu yang sebelum di perbarui baguss, Nanging Saiki pas wis di perbarui malah jelek banget!!!!! 👎🏻👎🏻👎🏻 Bikin jengkel",negatif,,,,
"Wah sepertinya setelah update UI baru, malah ribet. Kena apa harus keluar akunnya. Yang terjadi saat akun keluar arep masuk lagi terjadi eror, otp pun sepertinya bug. Sepertinya perlu ana perbaikan lebih lanjut kak dan mitigasi sebelum perpindahan new ui. Terima kasih",,negatif,,,
"interface yang saiki malah mempersulit untuk war tiket. Siapa sih yang ngide? yen arep pesen harus buka dulu perkereta. Lebih apik kaya sebelumnya, yang menampilkan kabeh jenis kereta. Ora kabeh inovasi harus melakukan perubahan yang ora perlu mungkin bisa diberi pilihan tampilan menu bagi pengguna ingin interface yang lama atau baru.",,negatif,,,
"Aplikasi tolol, lemot bget, UI UX uga susah, harusnya pilihan nik jadi default (kan ora banyak turis tod), dan milih NIK-nya itu harus dipencet titiknya dudu luas di teks... Bego bener dah, pesanan dibatalkan setah 4 menit pilih bangku, nanging ora ana riwayat pesanan jadi susah harus input satu2 lagi nama penumpang",negatif,negatif,negatif,,
"Ora jelas banget aplikasinya setelah update, Tiap pilih kursi pilih nya nomer brp, eh pas checkout masa tiba2 ganti nomer.. Pas bayar di mbanking wis berhasil, nanging di aplikasi blm terbayar.. Sumpah eneg banget karo apl yg baru mana tampilan nya ngebingungin banget, enak yg versi lama ora ribet",,negatif,negatif,negatif,
"Aplikasi yg baru ribet, kebanyakan fitur tp malah bikin ribet, gampang eror. Enak yg lama tampilan simpel nanging, gampang digunakan, pesen & cek tiket gampang, ora gampang eror",negatif,negatif,,,
"Aplikasinya yg saiki jadi aneh, yen wis keluar aplikasi arep deleng kode qr buat pembayaran gabisa bagusan versi yang dulu. Saran aku kembali ke versi dulu yang lebih simple tampilan tpi jelas. Tolong diperjelas lagi sistem aplikasinya",,negatif,,,
"sampah pisan aplikasi ini.. pasti anggaran nya habis di korupsi.. wis ui lemot, ux nol besar, pisan arep coba top up rusak dhuwit hangus...di hubungi cs tambah no respon... gini amat.. rugi di waktu tenaga dan pikiran... update, setelah update apatu..apatu.. apatu.. arep reservasi tiket malah connecting train mulu..hadeuh .",,negatif,negatif,negatif,
"Aplikasi bosok, dlu kai access enak tampilan lama, skrang tampilan baru busukk...time out² sndri anjjng buang waktu, tenaga, kl.mmng blm siap dgn tampilan aplikasi baru ora usah sok²an ganti aplikasi tampilan. Tdk memudahkan nanging mempersulit bli tiket.",,negatif,,,
"tampilan semakin aneh, bikin bingung, dan lemot sejak major update menjadi Access by KAI. seharusnya yang namanya inovasi itu inovasi yang harus bisa diterima dan di gunakan oleh kabeh kalangan, serta mengutamakan user friendly dan kemudahan penggunaan. Ini kok justru sebaliknya. Aplikasi yang dahulu masih lebih apik performanya dibanding yang saiki. Banget berat dan kasihan yg punya handphone kentang pasti lemot banget. Tolong lah diperhatikan.",negatif,negatif,,,
Aplikasi membingungkan pengguna kereta api .. Pembuatnya ora bermutu,,negatif,,,
"Baru update beberapa minggu lalu masa update lg,, apasih yg di update? Wong tampilan dan menu jg masih itu2 wae",negatif,,,,
"Tema aplikasinya kurang simple, dan sistem kerjanya agak ribet. Itu wae sih",,negatif,,,
"User interfacenya gonta-ganti, bikin bingung !",,negatif,,,
Payah 👎 Aplikasi nya jelek. Websitenya uga jelek. Payah payah. 👎,negatif,,,,
logonya kai masih belum berubah,,,,,
"aplikasi indo sampah, gausah launching di playstore wae yen kek gini, ora siap buat ngasih layanan ke masyarakat luas, sok² an bikin ui apik nanging sistem kek sampah ora guna",negatif,positif,,,
"Sejujurnya aku lebih suka aplikasi KRL dan KAI yang dulu, terutama KRL banget gampang untuk mengecek dan membaca jadwal pemberangkatannya dibanding yg wis terupdate ini, yg ini sejujurnya aku bingung pisan",,negatif,,,
"aplikasi ribet, UI ora freandly, sulit buat deleng jadwal kereta lebih apik access yg sebelumnya, QA terlebi dahulu sebelum diluncurkan, banyak pisan minus yg menyulitkan pengguna",,negatif,,,
Katanya ana sistem antrian yen lagi high demand. Nanging kok aplikasiku tampilan waitingnya ora karo kaya yg diupload di IG KAI ya. Mung tulisan anda sedang berada dlm antrian sedetik abis itu tulisan dah ilang. Padahal dah versi terbaru. Giman ini KAI alhasil ora pernah berhasil dapat tiket kecewa bgtt,,negatif,negatif,,
"Tolong perbaikan UX nya di halaman pembelian tiket, terutama pada saat pilih kursi, icon edit nya gk membuat user aware yen disitu ana fitur untuk pilih/ubah kursi, sebaiknya diganti TextView wae menjadi ""Ubah""/""Pilih kursi"" instead of icon pencil",,negatif,,,
aku banget puas dgn aplikasi KAI online yang sebelumnya karna aku pengguna aktif kereta lokal untuk urusan mengurus orangtua.. nanging saiki kena apa jadi ribet ora bisa deleng jadwal secara lengkap dan harus diurutkan dahulu.. tolong dikembalikan lagi wae ke settingan awal biar lebih simpel.. mohon perrhatiannya makasih..,,negatif,,,
sering rusak ux nya gk user friendly ribet banget banyak bug,negatif,negatif,,,
Aplikasi bapuk! Yen belum siap jangan launching wis top up ora masuk masuk! UI ora ramah banyak fitur transaksi yang ngablu Mohon diperbaiki aku ketinggalan tiket pesawat aku gara gara kalian,,negatif,,negatif,
"Tolong perbaiki lagi dong sistem app nya, aku 3 malem bela belain bedagang nungguin pesen tiket lebaran bulan april 2024 padahal jam 11:59 wis stay begitu kik pemesanan nunggunya sampe 1 jam masih jero antrian 😮‍💨 begitu di ulangin lagi eeehhhh tiket dah pada abis kabeh , rusak pulak not fund terus 😮‍💨 . Yen versi sebelumnya wis apik tampilan simple gampang digunakan tp versi terbarunya diluar nuruuuullllll banget membagongkan😤",,negatif,negatif,,
Mohon untuk team kaiAccess. Bisa menambahkan icon kursi di ekonomi pre dan eko untuk memudahkan pemilihan kuris yg menghadap se arah dari jalan nya kereta biar ora salah memilih kursi yang jalan menghadap ke belakang seolah2 kereta jalan nya mundur. Menghindari penguna kereta yg mabuk perjalanan. Dan kasih tanda panah di antara kuris ab dan cd sesuai dng arah kereta jadi penumpang bisa memilih kursi yg sesuai karo nya,,netral,,,
Perubahan membuat pengguna yg lanjut usia menjadi bingung 😇,,negatif,,,
"Keterangan jero aplikasi kurang lengkap, ora ana pilihan untuk pengisian data anak. Hanya ana pengisian identitas KTP/Paspor yg mengakibatkan kesulitan jero pengisian, petugas uga ora ramah dan banget ora membantu. Terimakasih",,negatif,,,
"Loh...loh...looh... aplikasinya tgl 9/2/2024 setelah di update dan tampilannya jd warna imlek, ko gk bisa dibuka, malah muncul ORA ANA KONEKSI INTERNET, pdhl kuota full, buka aplikasi lain jg normal2 wae",negatif,,,,
"Aplikasi nya tolong di benerin lagi dong, jangan keseringan berubah tampilan ini itu. Utamakan fungsinya, ini sering log out dhewe. Beli tiket susah.",,negatif,,,
"Mohon ditingkatkan lagi kompatibilitas untuk perangkat foldable, di Samsung Z Fold5 dan 6 bisa dioperasikan lancar di layar luarnya karena memang kondisi ratio nya karo karo smartphone candybar biasa. Namun, ketika menggunakan layar jero (layar utama/besarnya), seringkali operasi pembayaran gagal terutama yang mengharuskan launch situs web pihak ke-3, sering ora bisa tampil konten nya, sehingga mengakibatkan gagal melakukan pembayaran. Terima kasih.",,negatif,,,
"Ora bisa menyimpan pesanan, jadi ketika keluar menu lalu arep bayar ora ana pilihan apa2 kcuali batalkan pesanan, jadi harus langsung dibayar ketika memesan tiket, benar2 payah",,negatif,,,
"Banget ala dan mengecewakan khususnya terkait transaksi top up,alon terupdate ataupun ora berhasil.",,,,negatif,
"Aplikasi ini terlalu ala dan terlalu banyak human rusak, terutama pada bagian pembayaran setelah memesan tiket yang terus-menerus mengalami rusak berbagai macam. Seharusnya aplikasi ini masih ora layak berada di pasaran. Bintang 1 wae terlalu apik untuk aplikasi ini karena rusak yang variatif di berbagai menu",,,,negatif,
"UPDATE NYA TERUS TERUSAN NANGING BAPUK, WIS SERING STUCK.LOADING KADANG JADWAL TIKET ORA MUNCUL KADANG EROR, PESEN ONLINE YEN APES PAS PEMBAYARAN GAGAL, DHUWIT ORA BALIK BUSET, EMANG ORA SEBERAPA HARGANYA SIH NANGING YA KEPRIYE YAK WKKWKW",,,negatif,negatif,
beli pulsa wis terpotong tpi gagal.dan saldonya ora kembali..,,,,negatif,
"selalu ana masalah di pembayarab, wis isi saldo nanging ora masuk masuk saldo nya",,,,negatif,
"Pesen tiket h-7 jam 12 mlm biar dapet kursi nanging rusak terus, pas wis di pembayaranpun uga eror. Wis komplen lewat email uga ora di respon². Ala banget sumpah, tolong segera diperbaiki krn apl banyak yg pake dan pasti dibutuhkan buat mempermudah beli tiket",,,negatif,negatif,
"Buat fitur KAI Pay sungguh ""ora berguna"" 1. Optimasi saldo butuh waktu yang cenderung lama padahal pembayaran dlm status berhasil melalui berbagai platform khususnya via transfer bank 2. Perubahan jadwal karo pembayaran melalui KAI Pay padahal saldo tertera sesuai namun tiket yg di pesen hilang dan blm ana kepastian penggantian tiket yang diubah 3. Ana aplikasi nanging ora disediain fitur live chat banget memberikan pengalaman ala bagi pengguna. Not recomend mending beli di web atau langsung",,negatif,negatif,negatif,
"Baru kali ini ana e wallet top up saldo lama banget masuknya. Dari m banking wis sukses, masuk ke saldonya lama banget. Ini e wallet apa top up slot",,,,negatif,
"Top up KAI Pay ora masuk, CS uga ora responsif",,,,negatif,
"Sering menggunakan apk ini,nanging kecewa banget karna terakhir transaksi,wis isi kai pay wis pesen tiket uga ,nanging transaksi ora masuk ,ora dapat tiket nanging saldo wis terpotong,wis chat customer service nya ora ana respon ,dhuwit ora kembali",,,,negatif,
"wis bayar tiket , nanging gadapet tiket nya gmna tuh ? malah jadi kedaluwarsa, apk ora guna malah rugi dhuwit aku",,,,negatif,
Kaipay nya ora bisa d gunakan untuk qris. Tolong secepatnya d perbaiki,,,,negatif,
"Parah bngt si ini.. Psen tiket kereta antar kota wis rebutan war.. Wis aku bayar lewat qris brimo.. Wis berhasil pembayaran nya.. Di cek di apk ny kok mnunggu pembayaran smoe wktu hbis. Bdhl sudh byar.. Duit msuk kmba tuh suee2.. G jlas ini apk.. Mna, duit lumayan lgi",,,,negatif,
"Hati-hati karo aplikasi ini. Jangan tautkan kartu Debit/Kredit anda. Pengalaman pribadi aku, pesen 1 tiket nanging saldo kartu debit aku terpotong 2 kali karo nomer tiket yg karo. Input kode OTP rusak melulu. Sekalinya bisa langsung terpotong 2 kali. Aplikasi terburuk yg pernah aku instal. Banget merugikan. Pisan lagi jangan tautkan karo kartu Debit/Kredit anda..!!!",,,,negatif,
"Karo seringnya berpergian karo kereta pasti mengikuti aturan yang berlaku, namun aplikasinya ora mendukung dari segi kenyamanan pengguna , terkadang susah di akses , leg , pembayaran yang gagal serta Qris yang ora bisa di proses di tambah pengembalian dana yang banget lama 🥲 lebih di tingkatkan lagi untuk hal di atas 😉",negatif,,,negatif,
"Gua bli pulsa di kai Access saldo wis berkurang nanging pulsa blum masuk dan,transaksinya ora ana ,emang wis eror apk ini tolong di perbaiki min ora banyak kok 50k nanging kecewanya itu karna yang di cari pelanggan itu kenyamanan.",,,,negatif,
Aplikasi sering eror : 1. jadwal hilang timbul. 2. selesai memilih penumpang ora bisa lanjut 3. pembayaran sering eror Ayo KAI perbaiki lagi aplikasinya,,,negatif,negatif,
"Haduhhh ... Ini apk kena apa sih?? Tiap update selalu begini, tiap kali update loooo, tolong lahhh saldo di KAI pay ora bisa digunakan!!!exp bisa begituu yaaa??? Mo transaksi tulisan exp. Yukk ditindaklanjuti wis di e-mail uga kan masa blm ana respon ??",,,,negatif,
"proses pemesanan tiket membuat KAI pay terpotong 2x, wis dilaporkan. penggantian diberikan 60 hari kerja setelah tanggal pelaporan, Rp 70,000 menunggu 60 hari kerja ? kami ora bisa memesan tiket melalui aplikasi mulai 13 Januari 2025",,,negatif,negatif,
"Payah, aplikasi BUSUK tinggal bayar wae susahnya minta ampun",,,,negatif,
Time out terus pas pembayaran biasanya lancar lancar wae,,,,negatif,
Potongan KAI pay yang ora transparan dan uga banget lama untuk melakukan topup,,,,negatif,
dari kabeh ulas wis banget mewakili keluh kesahnya selama ini. Apknya apik banget membantu. Mung lamban laun justru banyak kekurangan yg terjadi. Aku sering pesen tiket. Dan wktu itu dimana kondisinya urgentilitas eh mana reload nya lama banget dan ternyata paymentnya gagal dan entah kemana nanging saldo kepotong. Yamasak infaq dong jadinya.pembelian yg lain kaya pulsa dsbnya di fitur karo dan saldo kepotong. Mana ora ana opsi return nya. Terus pembayaran yg wis kepotong minta ke siapa. Hmm,,,,negatif,
"Aku wis top up kena admin 6.500, aku isi 20ribu kena 26ribu 5ratuss. Setelahnya masih kena lagi 2ribu, total bayar 26.500 yang masuk 18ribu, aku kudu nombok lagi buat top up. Aku hanya butuh 20ribu ribu nanging yang aku keluarkan 43ribuuuu dan masih kena admin 4ribu lagi. Demi Allah aku ora iklhas dhuwit aku hilang sia sia. Biar jadi nanah karo paku itu dhuwit yang kalian ambil.",,,,negatif,
"Top up wis ... 1 jam lebih gamasuk masuk keburu tiket abis, nice lah",,,,negatif,
Kena apa aplikasi ini saiki jadi susah d gunakan ya.?proses pembayaranya susah pisan.katanya aplikasi ini untuk mempermudah tp nyatanya mempersulit.tolong dong d perbaiki lagi aplikasinya.,,,,negatif,
"Pemesanan tiket sering kali gagal, nanging saldo kai pay tetap kepotong, payah",,,negatif,negatif,
Wis isi data penumpang smua tinggal klik bayar nanging layanan ora tersedia terus dari pagi sampai tengah malam tetep ora bisa bayar .berkali kali buka aplikasi jero sehari mung arep bayar tetep gakbisa. Tolong dong🤦‍♀️,,,,negatif,
"perasaan sering banget maintenance nya, dari cara pembayaran lah, dari upgrade lah, yen pas waktu urgent wis amsyong dah",negatif,,,,
"Yen top up KMT melalui KASPRO Saldonya lama masuknya, ngisi saldo dari kemarin Sampe saiki belum masuk saldonya. Tolong diperbaiki Aplikasi ini loading terlalu lama, Ditunggu sampe 15 menit , ora ana saldo masuk. Terima kasih.",,,,negatif,
"Banget banget kecewa karo aplikasi ini, waktu dari konfirmasi pembayarannya ke dapat e-tiketnya di aplikasi banget banget lama padahal seharusnya karo aplikasi bisa lebih cepet dan efisien. Akhirnya aku ketinggalan kereta dan pembayaran yg aku lakukan percuma. Tolong diperhatikan dan ditingkatkan lagi performa aplikasinya.",,,negatif,negatif,
"Isi 10.000 yang diterima 7.100, ini belum termasuk pajak?",,,,negatif,
Aku beli tiket lebaran giliran arep pembayaran loadingnya 1 jam akhirnya gagal ora dapat tiket.tolong diperbaiki sistemnya terutama SDM NYA!!!!!,,,,negatif,
"Proses pengembalian dana refund banget sullit pisan,nilainya ora seberapa,tp kabeh beli tiket terjadwal dudu tanpa alasan tiba² di perjalanan di cancel tanpa ana solusi,rencana jadi kacau,munkin proses dana refund gampang sih masih oke",,,,negatif,
"Aku semalam wis melakukan top up kaipay melalui mbanking ,saldo di livin wis terpotong tetapi sampai saiki saldo kaipay nya tetap 0 wis mencoba menghubungi cs nanging respon nya terlalu lama",,,,negatif,
"Kena apa 1? karena wis pesen 2 kali gagal terus, dhuwit ora kembali, operator ora membantu karo pisan",,,negatif,negatif,
"Aplikasi sampah, banyak ngebug, kebanyakan konsumen yg banget kecewa, aplikasi macam pribadi dhewe, tiap transaksi saldo kepotong dhewe belum deal buat beli tiketnya, Dhuwit untuk beli tiketnya kaga bisa di kembalikan, alasan ABCD,ini layanan untuk konsumen dhewe dudu buat bisnis pribadi atau perorangan, Komplain kaga di jawab, Ranting Sangattttt jelek, buatan pt access terjelek buat Transaksi untuk traveling,Jadi..!!!! Jangan seenak nya!!!!!",,,,negatif,
"Cari tiket lebaran baru 1 menit dh habis saat pembayaran,, Wis terlanjur isi saldo tiket habis dhuwit pun ora dpt ditarik kembali,, Harusnya saldo bisa dikirim/ditransfer, Jadi dhuwit tertahan di aplikasi,, semoga diperbaiki LG, Harus ana kirim/transfer saldo, Klau sdh ad NNT Bru rubah *",,,negatif,negatif,
"Aplikasi ora bisa diandalkan. Ikut pesen tiket lebaran, wis masuk antiran, wis berhasil pilih kereta, nanging saat proses pembayaran statusnya 'time out' terus. Mengecewakan pisan",,,,negatif,
"PARAHH, sistem down. Ora bisa check out tiket. Muncul notif time out dsb. Ditambah waktu payment uga ora bisa. Ini KAI terparah karena di tahun tahun sebelumnya server KAI ora sampai kaya ini",,,negatif,negatif,
"Aplikasi sering bug pada saat pembayaran apik itu melalui QRIS ataupun KAIPAY loading lama yang akhirnya time out, telepon Contact Center 121 ora pernah respon atau ora pernah diangkat teleponnya.",,,,negatif,
"Parah banget, masa setelah update, aku wis dua kali bayar tiket lokal pake QRIS BCA, nanging tiketnya pas dicek ora ana😭😭😭 Tiket lokal mung goceng, kebayang yen kejadiannya pas beli tiket antarkota😭",,,negatif,negatif,
"Jaringan apik buka aplikasi lain lancar, nanging buka KAI rusak terus. Saldo masuknya lama, katanya biaya admin dipotong dari bank langsung, padahal bank nya tanpa biaya admin nanging pas masuk tiba tiba kepotong 1.500rupiah, yah walau dikit tp harusnya ana pemberitahuan. Yen gini misal arep beli tiket kurang 1.500 ya gabisa. Tolong perbaiki lagi aplikasinya",negatif,,,negatif,
Setiap arep bayar tulisannya terjadi kesalahan muluuu ini wis beberapa kali aku pesen nanging pas arep bayar gitu muluuu,,,,negatif,
"Tolong dong min, tiket wis di batalin nanging dhuwit belum masuk ke rekening",,,,negatif,
"beli tiket kereta api wae ora bisa nih, padahal KAIPAY wis di isi parah ni aplikasi ini",,,negatif,,
"Sumpah aplikasi yang ala.... Binding shopee wis beres,giliran arep bayar gagal terus... Yen bikin aplikasi tolong yang sdikit berguna,jangan bikin susah",,,,negatif,
"Top up saldo dari jam 13:50 sampai jam 18:03 belum masuk uga saldo nya,,terlalu alon aplikasi nya",,,,negatif,
"Lama banget sih, topupnya. Wis 15 menit ora masuk "" . Woy perbaiki ini kendala",,,,negatif,
"Pertama.. Kena apa dikasih waktu milih tiketnyaa cuman beberapaaa detiikk sih KAI??? Wis arep lanjut payment tiketnya malah habis diwaktuu😭😭 diulang"" jugaa hasilnya karo! Kedua.. Pengalaman wis berhasil transaksi pembayaran,,nanging tiketnyaa hangus karna kehabisan waktu.. what do you mean?? Haa?? Ku harus belii ulang tiketnya sampe top up ke aplikasi KAI,,nanging adminmuu gedee banget woy.. wis nombok tiket dobel,,nombok admin.. paraaaahhhhh",,,negatif,negatif,
"Pembayarannya rusak terus wis pilih shopee tp loading pake qris sempet erroe bbrp kali, pake dompet kai wis top up eh lama masuknya alhasil pas wis bisa d bayar pake qris eh malah masuk saldonya smg nanti d perbaiki lg system pembayarannya",,,,negatif,
Tolong dong dari pihak developer apk ini bila perlu ditingkatin lagi kecepatannya jero bertransaksi daring. Aku Top up saldo di apk ini lama banget masuknya. Tq,,,,negatif,
"Aku tadi wis melakukan laporan terkait pembayaran, rupanya pembayaran aku gagal lalu muncul notif gagal pembayaran, nanging dana aku wis terpotong, dan ana keterangan di apk silahkan menghubungi CS, lalu aku hubungi CS dan rupanya suruh buat laporan dhewe melalui email ke email tujuan yg di ejakan oleh CS secara prosedur salah dan ora masuk akan, CS seharusnya yg melaporkan bukanya menyuruh pelanggan melaporkan dhewe, dan ana lagi pemotongan Admin sebesar 12.000 rupiah, tdk masuk akal",,,,negatif,
"Isi kai pay nya harus ya nunggu 15 menit, sampai akhirnya kehabisan tiket gegara nunggu saldo kai pay wae.. Belum lagi nge bug kadang2 sedih karo banget ora kebagian tempat duduk 🥲",,,negatif,negatif,
Arep masuk pembayaran susah pisan..top up jg harus nunggu 15 mnt pdhal wis buru2...pdahal mobile yg lain sedetik wae wis ke isi..loading ya lama polll...pdhal sinyal apik banget..banget alon pisan aplikasinya..bikin emosi untuk kaum yg sabarnya setipis bulu ketek kek aku,,,,negatif,
"Baru pertama kali arep coba top up saldo disitu, wis pake internet banking dan pas dicoba saldo nya gamasuk. Padahal dah kirim saldo",,,,negatif,
"habis di upgrade jadi lemot bangett... !!!! pembayaran lewat e-we allet wis berhasil, saldo uga wis berkurang. tiba tiba di aplikasi kai acces ana notif pembayaran gagal. padahal saldoku wis berkurang. sumpah semakin kesini . ora banget pelayanan nya. mana urgent butuh tiket buat pulang. tiba tiba ana notif gitu, tiket ya ora ana hah. kepriye ini kai acces kok jadi jelek banget gini 😤😤",,,negatif,negatif,
"Proses refund banget menyulitkan, aku hanya memesankan tiket wong.. saat refund hrs pake rekening / wallet nama penumpang. Padahal pembayaran pakai rekening dudu nama penumpang 👎🏼👎🏼👎🏼 proses pengembalian ny jg lama pisan sampai 30/45 hari.. mending kemarin sy pake traveloka gk seribet ini .. jujur aku kecewa banget !",,,,negatif,
"2x gagal payment terus di aplikasi ora muncul, padahal di mbanking sukses dan pembayaran berhasil. Di aplikasi ora muncul transaksi. Respon cust.service uga ribet perlu data ini itu. Kena apa aplikasinya gk semudah yang versi lama?",,,,negatif,
"Makin g jelas apk nya, masa bisa ana keterangan gagal bayar. Jdnya mesen 2x dong gua ah",,,,negatif,
Untuk pembayaran via QR code mungkin perlu di pertimbangkan lagi berhubung pembayaran cara ini menghadapi banyak kendala. Lebih apik jika terhubung secara langsung apik antara e wallet kaya ovo atau ke m-banking secara langsung tanpa perantara QR code. Jujur wae penggunaan QR code terasa banget melelahkan apalagi yen di gunakan saat rusak dan kebutuhan mendesak.,,,,negatif,
"Kena apa rusak waktu arep top up 🥲, dan dhuwit nya ora masuk padahal saldo wis kepotong. Kok aplikasinya makin ora enak sih setelah di update ☹️",,,,negatif,
"Jelek banget sumpah, arep payment wae sulitnya minta ampun. Metode pemyarannya ora banyak pilihannya untuk yg lokal, arep menyambungkat e-walet gabisa-bisa. Dan wis coba Top Up malah ora masuk, saldo wis ke potong. Wis berapa taun ora naik kereta, kirain wis wah dan sesimpel itu. yeh taunya malah begini ribet",,,,negatif,
gampang di gunakan. mung Kadang suka eror saat melakukan transaksi pembayaran.,,,,negatif,
"Pembayaran yen war tiket tengah malem ribet banget, pake e wallet gabisa, wis isi kai pay uga gabisa, bahkan kaipay nya ora kepake samsek, bayar pake qr wae gabisa.",,,,negatif,
"Apk versi terbaru nya ngebug, payment nya loading terus",,,,negatif,
"Enggak bisa di pakai di stasiun Cawang dan Cakung, percuma ana aplikasi , pas arep pakai di LRT malah di alihkan pakai linkk wae katanya aplikasi nya belum siap, padahal wis top up dananya di kai, akhirnya malah ora bisa di pakai sumpah ngerugiin banget",negatif,,,,
Tolong perbaiki untuk pembayaran kereta lokal ribet banget ngisi kaspro lama banget masuknya pake menu yg lain selalu ora bisa,,,,negatif,
"Cs nya parah banget, arep nanyain masalah pengembalian dana, wis nunggu lama giliran di angkat karo cs nya malah langsung ngomong yen ora ana yang bisa kami bantu, kami akhiri panggilan ini...parah kan padahal aku belum ngomong sepatah kata pun.. Pantesan wae ratingnya jelek.",,,,,
"Pembayaran tiket susah pisan, pembayaran direct debit ora bisa, pembayaran sms mbanking ora bisa, virtual account hanya satu bank, top up pakai KAIPAY lamaaaaa masuknya, ora siap online jangan sok2'an.",,,,negatif,
"Aplikasi ora jelas & sering rusak.waktu pembayaran ora pernah g trouble,pasti alon dan mesti bolak balik diulangi. Iya yen berhasil,yang ana bikin greget. Sekelas KAI aplikasi kok ora mutu kaya ini. Harus diperbaiki dan di upgrade lagi.",,,,negatif,
"Aplikasi aneh. Beli pulsa ora masuk ,, saldo nya habis entah kemana ,di keterangan transaksi failed saldo akan di kembalikan, sampai saat ini ora ana saldo balik lagi",,,,negatif,
"Lemot banget, top up saldo wae lama banget update nya, order tiket jg lama banget",,,,negatif,
"Wis top up dan tunggu sesuai instruksi nanging, dhuwit nya ora masuk masuk daritadi 😡",,,,negatif,
"Semenja di upgrade jadi lebih rumit pembayarannya, biasanya lewa indomaret bisa, pkai debit bca bisa,bri bisa,link wae bisa, saiki harus debit mandiri,mung pake ovo, harus top up kai pay, ruwet wes pokok e. Dudu e upgrade malah downgrade, lebih suka versi dulu",,,,negatif,
"Aku wis beli jaminan 100 persen refund tiket, nanging pas refund malah karo wae 75 persen yang balik padahal aku bayar 13k buat jaminan refund, kecewa banget lah",,,,negatif,
"Aplikasi jelek, sering rusak. Arep bayar gabisa padahal wis install ovo bahkan wis isi ovo. Wis ditautkan karo ovo tetep gabisa. Percuma dong ngisi ovo yen aplikasi KAI Acess nya gabisa! Gabisa pesen, tulisannya ""Aplikasi Terlalu Keras""",,,,negatif,
"Hrusnya ana opsi bayar cash ke loket walaupun dari aplikasi yen ora punya ovo,kartu kredit wis wae ora bisa beli tiket,, Ana kerjasama karo ovo ya, lebih mementingkan keuntungan(ovo) daripada kenyamanan pelayanan saiki PT.KAI",,,,negatif,
"Wis melakukan pembersihan pakai kain acces, tpi status belum terdaftar, dhuwit hilng 45rb, sudh 2 kali kejdin, tany pihak stasiun uga bingung petugsny, aplikasi bobrok,",,,,negatif,
Pengguna jangan isi saldo di KAI. Aku pernah isi 100 RB u bayar perjalanan 24 RB .harusnya ke potong 24 RB nanging terpotong sampai 4 x complain di stasiun katanya nanti dr layanan akan dikembalikan 3 hari sampai 1 Minggu .Faktanya sampai skrng ora pernah kembali ke saldo aku .,,,,negatif,
"Apk sekelas perusahaan nasional jeleknya minta ampun. Beli tiket utk mudik pakai qris bca, saldo wis terpotong namun saat kembali ke apk status tiket masih booking. Tiket hangus sementara dana wis terpotong. Lapor ke cs, disuruh isi data ini itu. Dan pada akhirnya mung disuruh nunggu selama 14hr. Bilamana stlah 14hr dana belum balik silahkan melapor kembali disertai bukti mutasi selama 30+ stlah transaksi. Gila ya kalian yg salah nanging kok penanganannya alon pisan. PAYAH👎",,,negatif,negatif,
"Ini kepriye yaa kok aplikasinya ala banget?! Padahal saldo shopeepay wis berkurang, tp ternyata laporannya waktu kadaluwarsa dan blm bayar, padahal saldo wis jelas"" berkurang!! Kepriye arep dapet rank apik yen kayak gini!! Kecewa banget!!",,,,negatif,
"baru jga download dah eror duluan,payah banget emg!aktifasi pay nya jga ora bisa"" di akses",negatif,,,negatif,
"pembayaran tiket aku wis berhasil melalui brimo dan saldo aku pun uga wis terpotong namun kena apa di aplikasi KAI malah status nya transaksi gagal?? aku wis coba hubungi call center,chat wa, dm instagram namun ora ana respon.. setelah aku baca di ulasan lain ternyata hal kaya ini dudu hanya terjadi di aku, mohon berbenah lagi.",,,,negatif,
"Wis top up di restart ber kali kali malah ora masuk2 saldonya, ora ngerti lgi",,,,negatif,
"Kepriye ini aku wis bayar tiket wis berkurang saldo, tpi ora ana tiketnya ghaib mana besok brgkat",,,negatif,,
Ora bisa payment saat memesan makanan via Railfood. Sdh dicoba berkali-kali tetap gagal. Failed lah aplikasinya.,,,,negatif,
"Minta apdet terus pusing.... Hape wis ora muat masih wae minta apdet. Kena apa aku ora bisa bayar menggunakan ovo? Padahal akun wis terhubung. Jika katanya ora boleh menggunakan wifi saat pembayaran dan pemesanan tiket, kena apa sebelumnya bisa? Akhirnya pakai qris. Ribetnyaa... Tolong diperbaiki aplikasinya.",negatif,,,negatif,
"Banget burukkk,banget mengecewakan,banget kurang efektif d bikin antrian2,masih enak yang dulu siapa cepet dia dapat,yg skrg dah lama nunggu antrian pas dapet antrian dah habis tiketnya,kdg dah masuk ke tiketnya tinggal pembayaran d persulit lagi antrian lagi utk dapet code pembayaran.akhirnya zonk jg",,,negatif,negatif,
"Gila ya kai access aku ngisi saldo pas dicek saldo masuk dipotong 5rb, pas dilihat lagi tiba² saldo ja Nol astagfirullah ...... jadi males pake KAI access. KECEWA BANGET TOLONG APK nya DIPERBAIKI jng sering Update tp ora berguna.!!!!!!!!!!!!!!!!!!!",,,,negatif,
"Sering bug pas proses pembayaran, tiket ora terbit nanging saldo wis berkurang. CS gampang dihubungi nanging muter² disuruh menunggu dan itu terlalu lama, alhasil tiket wis habis dan jadwal pemberangkatan pembeli jadi kacau. Niatan liburan akhir tahun jadi gagal karena sistem aplikasi yang masih banyak bugnya.",,,negatif,negatif,
"Arep batalin tiket susah banget. Pengembalian dana melalui e wallet ora tersedia. Nonton di ytb keknya gampang banget. Lewat rekening, uga ora bisa, no rek wis di input, tp gagal, tulisannya wajib di isi terus. Aplikasinya uga dh di update. Tp kena apa gagal mulu.. Hhhffttt",,,negatif,negatif,
"pas arep pesen tiket, bagian pembayaran susah banget aksesnya, bnr² hampir makan waktu 2 jam buat pesen doang, karna gabisa bayar alias eror terus.",,,,negatif,
"Jelek, banyak bug. Ini Programmer nya bisa ora buat aplikasi ? Bikin malu aj, masa tinggal pembayaran aj ribet. Harus ana rusak' dulu",,,,negatif,
"Kecewa pisan,KLO untuk isi saldo aplikasi lancar jaya,tp KLO untuk cek saldo setelah kartu di topup ora bisa,sangan mengecewakan,aku merasa dirugikan dudu hanya masalah saldo nya,nanging uga waktu yg banyak ke buang hanya untuk cek saldo di aplikasi ini😭😭😓😓😰😰🤕🤕🥴🥴😡😡",,,,negatif,
versi terbaru malah makin ora apik. top up ora bisa langsung masuk. padahal versi yg lama bisa langsung masuk. setiap war tiket selalu rusak kembali ke halaman utama. aku lebih suka kai access yg lama. kai acceess yg terbaru justru menyulitkan. tolong diperbaiki,,,negatif,negatif,
"Ini kepriye sih cara menghubungkan Mbanking ke KAI Access nya, apa harus pakai Mandiri ya? Terus di metode pembayaran kena apa ana bank lainnya yen hanya bisa terhubung di bank Mandiri",,,,negatif,
Parah isi saldonya harus nunggu 20 menit baru massuk. Jangan arep pesen tiket krl aplikasi ini.,,,,negatif,
"aku topup 50k, wis 15 menit belum masuk saldonya. 🤬🤬",,,,negatif,
"Kai acces rusak mulu, arep top up wae susah banget failed truss, aplikasi jelek dari dulu ora ana perkembangan, top up pake m-banking saldo kepotong, tp belum masuk2 di suruh tunggu 15 menit, wis lewat 15 menit ttp wae belum masuk uga, payah",,,,negatif,
"E-Walet nya ribet,pake ovo beli tiket 1 pembayarannya 2 kali,jadi doble,bukannya untung jadi rugi,tolong perbaiki lagiproses pembayaran e-walet nya",,,,negatif,
Aplikasi sampah. Selalu gangguan waktu arep beli tiket. Aplikasi kok kyk hasil karya wong magang padahal skala nasional. Heran banget dari dulu ora ana perubahan. Tetap sampah aplikasi ini . Arep bayar tiketpun masih seringkali rusak balik ke menu awal. Aplikasi ora guna,,,negatif,negatif,
"di update malah parah 2 x paymnt pake livin mandiri ora bisa,ana informasi lewt atm dan Sms banking di coba gagal ,kacau ..",,,,negatif,
"arep bayar wae susah banget, timeout mulu",,,,negatif,
"Wis pecat ae karyawan yang ngurus bagian pemrograman apk ini cari yang lebih apik ,Apk PT gede nanging masih suka eror, gara"" bug doang duit ilang ,pantes tiap pesen tiket wis keisi nanging gada wong nya, ternyata kek gini kai skrg ,yen dibalikin duitnya mah gpp ,lah ini pihak nya pada di hubungi gada yang respon",,,negatif,negatif,
Wis pasang jaminan refund kena 6.500 Pengembalian refund kena 16.500 per wong nanging wis 3hari blm masuk uga pengembalian dana nya nya!!!!!,,,,negatif,
Top up lama...trus ora di info top up nya dipotong admin..jadi kabeh topup sesuai rega tiket nyatanya kurang...setelah kurang topup lagi lama lagi..ahhh...,,,,negatif,
"Pmbyaran scan barkot ny aneh,ana di history tpi saldo g nyampe g ngurangin uga.payahhh jd saldo g bsa dipake mana banyak lagi 😡",,,,negatif,
"Aplikasi yang banget aneh! Penumpang harus melakukan pembayaran hanya diberikan waktu <60 menit. Tetapi, pas waktu penumpang melakukan pembatalan perjalanan dan pengembalian tiket, Refund banget lama dan berhari-hari! KAI saiki hanya fokus mencari keuntungan, dudu kepuasan pelanggan! 😒",,,,negatif,
"Aplikasi apa ini,wis pesen gagal,duit ora kembali,terlalu sering rusak,ini kaya merampok duit masyarakat....",,,negatif,negatif,
"Beli tiket di aplikasi ini keterangannya Gagal, nanging saldo kepotong 100% rega tiket. Yen ora berniat bikin aplikasi dan sistem pembayaran, gausah kasih fitur itu. MENYESAL PAKAI APLIKASI INI!",,,negatif,negatif,
Aplikasi jelek. Ora enak lagi di pakai. Setiap pembayaran gagal trs,,,,negatif,
"Ana masalah saat memasukan kode pembayaran melalui mobile banking livin mandiri ora bisa, atau kode VA ora di ketahui. Padahal wis sesuai karo kode pembayaran. Mohon perbaikannya !",,,,negatif,
"Harusnya begitu top up dana langsung muncul, masa harus nunggu setengah jam kepriye yen lagi buru2, mending benerin dulu deh",,,,negatif,
"Pembayaran berhasil, tp waktu pembayaran terus berlanjut.. akhirnya dinyatakan gagal pembayaran oleh aplikasi. Call center lemot, ora ana respon karo pisan. Haduh, tolong kembalikan dhuwit aku!!",,,,negatif,
Aku toup sampe 2 kali berhasil nanging saldo di aplikasi ora ana tolong dong di bantu,,,,negatif,
Tadi aku top up 50K..nanging masih belum masukk..tolong admin..aku wis menunggu 15 menit lebih,,,,negatif,
"Sangaaat banget ora berguna!! Lemottt, arep top up kaspro alon hrs menunggu 15-20 menit. Bener2 payaaah!!",,,,negatif,
"Sebelum sebelumnya aman dan ora ana masalah , nanging saat ini aku mengalami kendala dan kerugian jero memesan tiket wis di payment saldo pun berkurang tetapi di apk KAI nya ora ana notif pembayaran nya. Kepriye ini .??? Masa harus pesen ulang.??",,,negatif,negatif,
"Aplikasi belum siap wis terbit ya kaya kai ini perusahan besar payahh!! Cerita nya gini,aku lgi mendesak beli pulsa di KAI Access dhuwit kepotong tpi pulsa blm masuk wis satu minggu belum ana respon yg apik.maap bintang 1 buat aplikasi.",,,,negatif,
"Setelah di update malah makin ribet. Disuruh pilih metode pembayaran, nanging ora muncul pilihan di hp. Ribet arep pesen tiket wae ribet",,,,negatif,
"Tolong.. aku isi paket data via aplikasi ini kena apa ora masuk-masuk.. terus pas coba topup buat naik kereta, aku topup pertama 32rb nanging di saldo mung 30rb. topup kedua 12rb nanging mung masuk 10rb. cari riwayat transaksi dari topup sampai pembelian ora ana riwayatnya kabeh.. ini aplikasi apa sihh sebenernya..",,,,negatif,
"Setiap pesen tiket dan melakukan pembayaran lewat ovo selalu ora bisa laporannya terjadi kesalahan terus, kepriye si ini mana lemot banget, trus skrng jumlah tiketnya uga di batas. Perbaiki donggggg",,,,negatif,
"Susah banget mesen lewat sini padahal dulu gampang banget wis dapet antrian tp ora bisa bayar, tolong di kembangkan kembali apk nya",,,positif,negatif,
"Pernah beli tiket dhuwit wis dipotong tiket ora dapat, karena cuman 3rb ora komplainlah, terakhir transfer ke kartu multi trip, ora seberapa sih nominalnya cuman 17rb, wis coba telpon 121 nya dan dikirim ke email uga sesuai arahan, nanging ora ana tindak lanjutnya😡😡😡",,,negatif,negatif,
Parah kelamaan perbaikan KAI paynya Saldo aku ke tahan ora bisa2 buat beli tiket dll... Diperbaiki secepatnya..jgn nunggu lama customer..kecewa,,,,negatif,
"Pembayaran jadi ribet bngt, mending yg lama. Pembayaran jadi sering gagal. App rusak. Bikin ketinggalan kereta. Top up 20k masuknya 16,5, 8k masuk 6k aneh bngt. Sisa saldonya kmnaa????. Banget ala",,,,negatif,
Aplikasi ala pisan ora bisadaftar akun sekainya bisa transaksi selalu gagal,,,,,negatif
"Beli tiket ana notif pembayaran gagal tpi saldo kepotong,tlp sc pengembalian dana 14-30 hari. Zaman sdh serba canggih pengembalian dana selama itu. Ngapain wae woyyy????? Tolong ditingkatkan pelayanannya.",,,,negatif,
"Aplikasi pembelian pulsa dan token pln ora bisa bayar, setiap arep bayar muncul kadaluwarsa ""waktu pemesanan anda telah habis, silahkan lakukan pemesanan ulang"". Padahal arep masukkan pin, eh wis muncul notifikasi ini ! Diulang2 jg masih karo. Mohon bisa diperbaiki, terimakasih.",,,,negatif,
"Selalu gagal saat pembayaran, saldo wis terpotong nanging tiket ora rilis uga",,,negatif,negatif,
"Top up KAI pay wis masuknya lama, potongannya GEDE. Ora ana notif pula potongannya berapa. Alhasil duit ora cukup buat pesen tiket. Ditarik uga ora bisa. Wis bener2 integrasi karo LinkAja malah rebranding wallet gajelas gini.",,,,negatif,
"Aplikasi aneh, penyakitnya itu-itu mulu yen ora e-tiketnya ora keluar ya time out pas pembayaran, tolong dong yen emg gabisa kerja bikin aplikasi yg apik mending diganti wae pekerjanya, atau ora mending dipisah aplikasi sesuai karo jenis-jenis kereta biar ora eror mulu tuh aplikasi karna kebanyakan yg make.",,,negatif,negatif,
"Aplikasi jelek belum stabil masih banyak masalah, aku 2 hari war tiket,hari ke 1 ora bisa war tiket karena aplikasi rusak,hari 2 war pke aplikasi gagal uga, berkali kali harus aktivasi KAI Pay,akhirnya pke website kai baru bisa dapat tiket, perbaiki lagi aplikasi",,,negatif,,
"Kabeh metode pembayaran ora dapat digunakan, dapat tiket nanging ora bisa dibayar, sistem antrian ora realtime, bug ditab tiket aku selalu gangguan, lah ini apps gunanya untuk apa, better yang dulu-dulu sebelum ana sistem antrian, toh antrian ora tahu uga itu fair atau ora",,,kontra,negatif,
Mana yg katanya saldo terisi setelah 15 menit ini wis lebih 15 menit saldo ora muncul2 kena apa sih hal hal kecil kaya ini harus bhong,,,,negatif,
"apk gajelas, topup saldonya gamasuk ke apk padahal topup nya berhasil dr mbanking",,,,negatif,
Bangke nih di update bukannya mempermudah malah mempersulit. Mending yg lama dari pada pake yg wis update. Percuma ana aplikasi klo kyk gni kembali ke jaman manual. Pembayaran uga di batasi susah. Apaan kyk gni!!,,,,negatif,
payah gangguan gk bisa isi saldo jd ribet,,,,negatif,
1. Aplikasinya lemot (sering kadaluwarsa/loading lama) 2. Waktu yg singkat untuk pilih kursi sampai pembayaran 3. Pembayaran gaada metode M-banking 4. Top Up KAI pay prosesnya lama,negatif,,negatif,negatif,
"Ora berguna, jalan krteta membuat masarakat resah dan terganggu ,sewaktu² kreta bisa membuat kecilakaan dan membunuh masarakat. Lebih apik kreta bikin jalan layang dhewe jangan bersentuhan karo manusia di darat. Dan JANGAN PERNAH ISI TOPUP SALDO, SALDO ORA BISA DI GUNAKAN untuk beli tiket ,saldo hanya bisa untuk beli pulsa wae Banget Memalukan Beginilah layanan publik milik pemerintah. Kebanyakan hasil korupsi. Aplikasi payah, ora berguna., layanan online pembayaran banget ora berguna.",,,,negatif,
"ribet e wallet susah war susah, cancel tiket susah potonganya gede mmk",,,negatif,negatif,
Arep bayar tiket aplikasi langsung keluar dan langsung habis parah,,,,negatif,
"Kena apa kok aplikasi KAI skrg banget jelek ya..ora kayak dulu...masak aku disuruh aktivasi terus..dan arep di aktivasi muncul tulisan invalid sinagture.terus gt..lalu dua hari lg baru bisa,dan aku isi saldo 20rb arep ke waru pp.nah isi 20 kok masuknya 17100..2900 nya kemana..yen Ok enak admin ora mungkin..wis lama aku pakai aplikasi ini ndak prnh ad admin ..apalagi yen isi 20 dipotong 2900 apa ora kebanyakan..Arep naek kereta senang irit..krn ora punya duit..malah kepotong potong",,,,negatif,negatif
"Aplikasi banget lemot, untuk pembayaran selalu tertulis kadaluarsa dan harus transaksi dari awal, payah, ketika arep bayar gaada tulisan bayar malah di suruh batalkan pesanan, aneh",,,,negatif,
"Aplikasi T*i, monopoli wae pembayaran nya mung bisa pke KAI pay, buat apa ana metode pembayaran Bank atau e wallet. Yen g bisa Di pake sampah. Potongan Top up nya dua kali anj emg",,,,negatif,
"Makin best aplikasinya! Ini isi saldo wis berapa hari belum di kirim""? Lama banget!",,,,negatif,
"Aku wis isi ulang kartu commuter, nanging saat arep update saldo sesalu gagal",,,,negatif,
"Ora bisa lihar pembayaran E-Wallet, ora bisa bayar tiket",,,,negatif,
"Dulu perasaan apik deh,, saiki malah ruwet,, pembayaran tiket lewat Brimo tertulis succes dan saldo terpotong, tpi di aplikasi Kai malah ana pesen pembayaran gagal. Wis mengajukan pengaduan malah gk ditanggapin. Akhirnya tiket ora dapet, dhuwit hangus, perjalanan gagal.",,,,negatif,
"Aplikasinya makin hari makin ala, Daftar penumpang yang telah ditambahkan tiba2 hilang dan harus kembali diinput manual saat pemesanan tiket. Aplikasi uga sering ngebug, rusak, banget membuang waktu. Bahkan hanya untuk beli tiket berjam-jam belum beres. Tolong ditingkatkan lagi",,,negatif,,
"Ini aplikasi BUMN kan, tp sistem pengaduannya ora ana di aplikasi. Harusnya ana menu pengaduan, trus dikasih SLA waktu penyelesaiannya. Disitulah profesionalisme pelayanan Customer Service terlihat. Ini cm ana pilihan bantuan. Beda bos. Harusnya aplikasi ini terintegrasi karo Call Center KAI jg terkait pengaduan. Rega Go Show makin mahal, blm 2 tahun dah naik 2x lipat, tp pelayanan msh gini2 wae. Tolonglah ditingkatkan. Saran aku 1 wae, menu pengaduan. Contoh BUMN lain, sperti aplikasinya PLN.",,negatif,,,
"Aplikasi banget ora membantu, sepertinya hanya calo yg dapat akses VVIP,ora dapat memesan tiket, setelah tiket habis terjual baru bisa masuk ke situs yg ora jelas ini",,,negatif,,
"Tolong diperbaiki lagi dong, kena apa connecting trainnya gabisa, aku butuh karna perjalanan jauh, yen cari satu2 susah 🥺. Tolong baca dong miiiiiiin",,,negatif,,
"Aplikasi ora danta,,pesen tiiket wis di bela2in begadang,,ujung nya zonk",,,negatif,,
"Apatu..bintang satu wae ya Setelah update buffer trus, mung tampil screen wae..bkin ku terhambat & kehabisan tiket 😞",negatif,,,,
Aku arep pesen tiket untuk hari Selasa kok malah yang di tampilkan oleh aplikasi nya arah keberangkatan nya berbalik karo arah sampai..... Emang aplikasi ini makin ke sini makin ke Sono..... Makin di update makin aneh banget.... Makin katanya di perbaiki makin banyak bug nya....,,,negatif,,
"Susah nambah tiket, sampai saiki ora bisa, aplikasi eror, jangan salah kan jaringan, kabeh aplikasi lain berkerja lancar ora ana kendala jaringan. Aplikasi sekelas bumn masa kaya gini.",,,negatif,,
Parahh parahhhh tolong min lah jangan di persulitkan nyari tiket,,,negatif,,
Berangkat dari rumah jam 7.30 Wis 2 kali pesen kereta api lokal lewat aplikasi di cancel karna penumpang banyak Akhir nya aku kebagian jam 10. 20 kesel banget aku menunggu kereta ber jam 2 Yen bisa adain beli tiket secara offline kan ktp kami wis terdaftar di kai,,,negatif,,
Kena apa setelah diupdate menu kereta lokalnya gk ana? Gk ana pilihan keretanya.. Padahal punya suamiku ana 😤😤 Coba deh diperbaiki lg,,negatif,,,
"Tolol diupdate malah kocak, pesen belum bayar waktunya wis abis",,,negatif,,
"Tolong yaa, untuk kereta bandara disamain jadwal dan tiketnya di vending machine. Masa gini wae beda, akhirnya aku naik yang 14:40 wib, padahal ana jadwal 13:40 wib. Akhirnya aku nunggu 1 jam lebih di stasiun. Sebenarnya ana programmernya atau ora sih yang maintenance ini. Masa gini wae bisa beda jadwal karo tiketnya. Mikir lah. Aku kira pesen disini bisa jadi cepet, ternyata bikin tambah lama. Kecewa aku.",,,negatif,,
"BENER BENER ALA BANGET BURUKK. KEGINI SEKELAS BUMN. CALO MASIH BANYAK. JADI YANG AREP BELI TIKET EROR TERUS, TAU TAU WIS ABIS. HAPUS WAE APLIKASI INI DARI PLAYSTORE!!!!!!!!",,,negatif,,
"ora jelas nih aplikasi. wis pesen, wis bayar, tiba2 di batalkan. saldo nya ora balik lagi, kecewa banget. tiket ora dapet, duit nya uga ilang. terus klo top up 50 ribu, terima nya 46rb si 4rb nya kemana woyy. ini dudu masalah mung 4rb ya. APLIKASI ORA GUNA",,,negatif,negatif,
"kecewa bangett. servernya gampang eror. untuk pembelian tiket cl penataran dhoho harus h-1 minggu yen ora gitu ora bakal kehabisan. dari jam 00.00 wis harus war nanging gara"" server eror sampe jam 02.40 tetep gabisa. jawaban dari kai mung disuruh nunggu karo ngecek berkala, AREP DICEK SAMPE KAPAN? SAMPE SUBUH? wis tau server jelek nanging ora dibenerin! ngrepotin wae!",,,negatif,,
"Pake nunggu antrian. kelamaan keburu gadapet kereta. Banget ora efisien, alon pisan",,,negatif,,
"Aku wis memesan tiket dan membayar, nanging pembayaran ora di proses sampai waktu habis ( dhuwit aku terpotong ) dan harus membeli tiket ulang, jadi aku mebayar 2x lipat untuk sebuah tiket",,,,negatif,
"Coba team pls dipermudah pesen tiket, nama karo nik yang karo gk bisa pesen tiket di tanggal yang karo, wis search sana sini cari opsi cancel tiket susah, kan siapa tau ana perubahan jadwal jadi bener2 susah",,,negatif,,
"Wis pesen tiket malah gagal di pembayaran,wis gitu dhuwit ora bisa kembali lagi",,,,negatif,
tiap musim mudik selalu susah dapat tiket ora ana perbaikan karo pisan . mung buang² waktu,,,negatif,,
"Aplikasi sering ngedown saiki,pasahal dulu saat beli tiket kereta lokal ora pernah down...ini banget meresahkan untuk kaum kelas menengah untuk memesan tiket kereta lokal di aplikasi.dan karena keterbatasan tempat jadi harus usaha saat tengah malam/seminggu sebelum berganti hari untuk memesan tiket.aku harap ditambahkan fasilitas untuk gerbong kereta lokal dhoho penataran dan diperbaiki aplikasinya.",,,negatif,,
"Aku arep ke Sidoarjo nanging ketika aku cari ora ana kereta tersedia, padahal kereta Dhoho / Penataran melewati jalur tersebut, agar bisa mencapai di tujuan tersebut harus memesan 2 tiket Tulungagung -Blitar dan Blitar-sidoarjo seharusnya ketika di cari pada kolom pencarian langsung diberikan penjelasan yen menuju kota ini harus memesan dua tiket ""ini"" dan ""ini"". Masa sih sekelas KAI gabisa bikin sistem yang memudahkan kaya itu?",,,negatif,,
"Banget kecewa karo aplikasi KAI access.. war tiket dibelain nunggu sampe jam 12 malam, nanging selalu muncul jadwal ora tersedia. Wis berkali2 dicoba sampai restart HP tetap jadwal ora tersedia. Dicoba sampai 00.30 jadwal baru tersedia nanging tiket wis habis. Selalu kaya itu tiap war tiket. Dari ulasannya sepertinya hampir karo kabeh, nanging ora ana perbaikan",,,negatif,,
"Aplikasinya makin aneh, buat beli yang commputer line lalu bayar gabisa, nyoba yang antar kota ora ana jadwal keretanya. Kepriye si aneh banget, arep pp Surabaya-lamongan jadi ribet, enakan sebelum di-update, tolong dong diperbaiki lagi",,,negatif,negatif,
Tolong yen bikin aplikasi itu yang niat dongg..masa arep ngajukan pembatalan wae harus datang ke stasiun,,,negatif,,
"aplikasi kayak gini kok gk ana perbaikan karo pisan, tiket makin mahal, sok sok an pesen diwajibkan lewat online nanging malah aplikasinya kureng banget. selalu rusak pas war tiket sampek setengah jam lebih",,,negatif,,
"Yaallah kak, baru wae bayar dan wis berhasil malah waktu habis. Jadi dhuwit ku hangus, jahat banget sih",,,,negatif,
"Beli online di app milik KAI dhewe biar bisa lebih nyaman dan cepet ternyata karo wae kayak d offline harus antrian lama dan sering time out.... Sabar nunggu & refresh sampe hampir 30 menit Ujung2nya beli di apps penyedia tiket yg lain saking jengkelnya antrian lama, di apps yg lain malah gk pake antri langsung beres. Duh serius gk guna banget app ini cuman bikin buang waktu wae sebel. Mana aku nungguin sampe dini hari lagi :(",,,negatif,,
Kena apa tiba tiba jadwal kereta gamau muncul? Padahal sinyal ora lemot,,,negatif,,
"Kasih bintang 1 wae, bukannya makin apik malah makin menyulitkan, mencari all stasiun wis ora bisa harus bener bener stasiun yang dituju, semisal cari kabeh stasiun di jakarta wis ora bisa harus spesifik, banget menyusahkan kembalikan fitur pencarian kabeh stasiun di kota yg di cari",,,negatif,,
Waktu pemesanan sering pisan keluar dhewe atau kadaluarsa...padahal baru beberapa detik wae.. tolong d perbaiki aplikasinya .. banyak pisan pelanggan kai yg kecewa karo aplikasi ini...... Silahkan kai komentarnya di bawah,,,negatif,,
"sejak di perbarui ana antrian nyq, sehingga tambah membuat lama untuk pembelian tiket padahal di tulisan antrian nya hanya 2 menit, nanging sampai bermenit-menit ora ana perubahan karo pisan, semakin kesini pelayanan nya semakin kurang",,,negatif,,
Kereta api lokal kurang lengkap Aku arep pesen ka lokal purwosari ke wonogiri ngak ana kepriye ini kai accessnya kurang up date,,,negatif,,
Aplikasi sampah. Susah pesen tiket. Bolak balik suruh upgrade. Padahal wis diupgrade. ZAMPAHHHHH. SAMPAHHHHH. SAMPAHHHH.,,,negatif,,
"Aplikasi tolol antrian wis 2 menit lagi , malah jadi 22 menit gitu terus , padahal sinyal apik , ora guna",,,negatif,,
Di saat di butuhin jam sibuk malah gk bisa beli teket,,,negatif,,
"Serba susah anjKehilangan 310rb gara gara sistem Bayarku pakek qris yup, di aplikasi yup keterangan nya wis sukses bayar nanging di aplikasi KAI tiketku ora muncul, wis telfon CS katanya time out, suruh konfirmasi di IG di FB kabeh wis aku lakukan biar bisa pengembalian uangku nyatanya omong kosong KAI ora arep rugi ,masalahku dari bulan Desember tgl 12 dan aku nulis ulasa ini tgl 3 February ora ana kejelasan wis DM berkali kali mung di read doang , mengecewakan,310rb itu banyak bagi ku.",,,,negatif,
"Halo, saran aku di pilihan menentukan kursi itu harus ana arah kereta kepalanya dimana.. aku pesen luxury 2A dari arah Surabaya ke Jakarta malah ditaruh paling ujung buntut. Mestinya yen dari aplikasi kelihatan paling depan. Mohon ini diperhatikan.",,negatif,,,
Ini kena apa ora bisa pesen tiket kereta woyy,,,negatif,,
"semenjak diupdate sistem antri ora tertib. selain lama(ora sesuai menit yang tertera), antrian kadang berubah2, sdh masuk antrean 12 tiba-tiba berubah menjadi 14. setelah melewati antrian kadang masih rusak uga saat arep masuk ke pemesanan tiket, padahal sdh melewati sistem antrian, ujung-ujungnya begitu masuk tiket habis. yang tertib dong sistemnya. Yen arep pakai sistem antrian yang jelaslah, yen sdh mengikuti antrian tolong benahi sistemnya agar yg sdh mendapatkan antrian ora dirugikn",,,negatif,,
"Server lemot terus, ora berguna dipantengin hampir 3 jam ora dapet-dapet tiket, pusing kepala mantengin hp",,,negatif,,
kendala no seat available padahal masih ana sisa kursi. ora bisa ke pake bos apk nya,,,negatif,,
"Kaya apk pemerintahan lain nya JELEK... kurang optimal, tiket ora lengkap, arep ganti jadwal pemberangkatan ora bisa bisa, ora bisa ganti jadwal yen ora ana nama yg punya aplikasi nya di waktu perjalanan itu....sadar diri bapak2 yg disana, kepriye arep Indonesia emas ditahun 2045 yen gini cara nya",,,negatif,,
"Astagaa ini kena apa aku pesen tiket, wis aku bayar karo QR dan ana bukti pembayaran yang berhasil uga di rek tp di apk nya tertera sedang menunggu pembayaran dan aku kira mungkin jaringan tp setelah ditunggu"" kena apa hanguss! Sedangkan transaksi pembayaran nya wis berhasil. Tolong dong ini gimna",,,,negatif,
Ora bisa beli go show kereta incaran gara2 sistem antrian,,,negatif,,
"Kecewa searching tujuan yg bener nanging dapetnya gasesuai tujuan alhasil turun sebelum stasiun tujuan deh, terus apknya lemot",,,negatif,,
"kebanyakan bug, ora bisa booking",,,negatif,,
"Sistem antrean ini mempersulit sih, baru jam 00.02 tiket wis habis, terus pas wis masuk ke halaman eh time out Mulu gajelas emang. Mempersulit wong bukannya semakin maju ini malah semakin mundur. Harusnya KAI lebih update dari yg sebelumnya dong ini apaan semakin kesini sistem makin busuk. Kecewa banget",,,negatif,,
"applikasi banyak bug, untuk pembatalan tiket ora bisa padahal keberangkatan masih diatas 2 jam setelah 2 jam sebelum keberangkatan malah ngeblok menu pembatalan.",,,negatif,,
"Semenjak update harus mengantri untuk pemesanan tiket dan cukup lama, ketika waktu stuck di 1 menit ora masuk masuk ke pemesanan tiket. Kembaliin wae kaya sedia kala cara pemesanan tanpa harus mengantri. Jika harus mengantri tolong di perbaiki kendala dan bug nya. Terima Kasih.",,,negatif,,
"jelek, tiap beli tiket selalu rusak. mana ora pisan dua kali wae, kesabaranku nyoba 50 menit sia sia. ora jelas pisan",,,negatif,,
"buang waktu, mantengin layar hp 1 jam mung buat antre terus deleng tiket habis.. semakin banyak calo tiket, balik kayak dulu lgi jadinya",,,negatif,,
"Aplikasi KAI Access mengecewakan. Verifikasi nomor rekening untuk pembatalan tiket terus gagal meskipun data wis sesuai. Aku wis ikuti kabeh langkah troubleshooting, nanging tetap ora berhasil, hingga tiket hangus tanpa bisa dibatalkan. CS hanya memberi jawaban umum tanpa solusi konkret, sementara waktu terus berjalan. Aplikasi ini malah menyulitkan pengguna. Mohon segera perbaiki sistemnya agar ora ana pengguna lain yang dirugikan kaya aku.",,,negatif,,
Aplikasi ora berguna dan banget menyusahkan. semenjak ana aplikasi sering ora dapat tiket. pertama aplikasi selalu minta update. pembelian tiket lokal wis pesen H-7 rela begadang jam 24.00 malah server selalu down jadwal ora muncul baru arep muncul saat tiket wis terjual habis. yen bisa kasih nilai minus mungkin ku kasih nilai minus. perbaiki lagi sistem ini !,negatif,,negatif,,
"Harusnya lebih perbaikin kinerja aplikasi terlebih dahulu, loading relatif lama padahal jaringan apik, trus pembayaran uga sering rusak, hari ini gajadi naik kereta gara gara belum pesen tiket karna lupa gara garanya waktu beli tiket by aplikasi rusak pas pembayaran, kirain wis sukses pas arep naik kereta ternyata belum ana tiket, mohon update yg teebaru lebih kesitu wae dulu biar lebih nyaman dipake nya",negatif,,,negatif,
"masa wis muncul tanggalnya tp tiket"" nya ora muncul, sering banget gabisa beli tiket gegara eror jd aku harus beli tiket di waktu yg ora tepat",,,negatif,,
"setiap tahun yen pas musim mudik cari tiket selalu susah,dikasih sistem antri makin susah,kok ora pernah belajar dari pengalaman ya kai,heranya agen atau calo selalu bisa dapet,ora pernah dipermudah yen pas beli tiket lebaran , mending yen g siap karo perubahan kembalikan wae sistem manual antri kayak jaman dulu,, yg penjualan hanya lewat stasiun,ini lewat onli6bergadang berhari hari uga g dapet mending antri di stasiun sekalian",,,negatif,,
Kena apa kok g bisa aplikasinya? Katanya karena ana bug atau apa? Arep pesen tiket jadi ora bisa,negatif,,,,
"Aplikasi ora guna wis 5 tahun war tiket lebaran ora pernah jelas statusnya time out, padahal wis antri 30 menit wis masuk malah time out loading ora ana maintenance apa tiap tahun selalu begitu hapus wae ora guna",,,negatif,,
"Wis melakukan pembayaran tiket menggunakan Qris lewat Dana tetapi tiket masih keterangan belum dibayar, sampai karo waktu menunggu pembayaran habis akhirnya tiket hilang dan dhuwit dari Dana wis dipotong, 2 kali pengalaman kaya ini dari tahun 2021 dan saat ini dan akhirnya aku wis ora bisa toleransi, tiket yg dibeli pada 2021 kereta Kahuripan karo tujuan dari Kiara condong ke Lempuyangan, kasus karo pembayaran ganda",,,negatif,negatif,
Habis update malah ora bisa dipake buat war tiket arus balik.banget mengwcewakan.sistem antrian uga ora masuk masuk dapat giliran.,,,negatif,,
"Transaksi gagal, nanging saldo kepotong. Hari ini dari sore jam 3, aplikasi ora bisa booking tiket, ke loket stasiun karo wae karena satu sistem, perbaikilah kasian yang nunggu-nunggu ora jelas. Ana promo uga, yen aplikasinya ora siap/banyak bug/server erorr ya karo wae.",,,,negatif,
Banget membantu...nanging sayang selalu ora kebagian tiket yang murah...,,,positif,,
"Ini kena apa jadi ribet arep pesen tiket buka aplikasi antri wis gitu ora sesuai estimasi waktu antrinya, giliran wis masuk arep pesen tiket gagal terus tau2 masa pemesanan tiket telah habis disuruh antri lagi bangke bangke, coba lah di perbaiki lagi ini aplikasi nya!!!!!",,,negatif,,
"Aplikasi ora jelas time out mulu giliran bisa tiba"" tiket abis, bilang alesan internet ora stabil gua pke wifi boss apanya yg ora stabil,,,,",,,negatif,,
semenjak update setelah natal aplikasi jadi memiliki banyak bug kaya forced close dan tampilan aplikasi telah berhenti dan yang lebih parah aku telah beli tiket kereta pulang pergi untuks bekerja aku trlah membayar tiket tersebut dan di akun dana aku uga saldo terpotong aku cek diriwayat transaksi akun dana pembayaran berhasil namun ketika aku cek di kai access tiket aku ora ana hal ini merugikan costumer yang ingin menaiki kereta apalagi costumer yang membeli tiket untuk bekerja,negatif,,negatif,,
"Ini kena apa tiap arep war tiket pasti ana tulisan jero antrian dan waktu tunggunya lama banget? 1 menit wae kaya 10 menit nunggunya, makin lama makin turun kualitas aplikasi ini.",,,negatif,,
"Benerin dulu dah, masa tiket tersedia nanging no seat available",,,negatif,,
"Mohon maaf aku kasih bintang 1 karna pelayanan pemesanan tiket mengecewakan,sesudah tiket berhasil dipesan dan dibayar,malah hilang pas arep berangkat,terpaksa pesen dadakan lagi,saldo ora kembali pula,untuk jarak ora terlalu jauh dan kelas ekonomi,coba yen pesen tiket yang jauh hangus wis, setidaknya ana pengembalian saldo kembali,sampai hari ini ora ana pengembalian saldo",,,negatif,negatif,
"kocak banget sumpah !!! buat pesen tiket ora bisa. buat deleng jadwal tiket uga ora bisa 🤣🤣 naik kereta ribetnya ngalah""in naik pesawat 🤣🤣🤣🤣",,,negatif,,
Kena apa aplikasi rusak terus jadi ora berguna banget ini aplikasi pesen tiket susah katanya suruh online bangke....,,,negatif,,
"tiket kereta tambahan tiba"" habis terus,wis nunggu dan bolak balik cek gk ana,terus tiba"" ana nanging wis habis,kepriye ini",,,negatif,,
"Kalian bisa ora bikin apk yg lebih profesional yang ora menyusahkan konsumen? Disuruh nunggu ternyata gada jadwalnya. Apk sering Lola, tiket minta ampun mahal dan ora worth it. Ini jujur nih. Intropeksi dah",,,negatif,,
wis 30 hari belum ana pengembalian dana dari pembatalan tiket kereta,,,,negatif,
susah banget mung arep pesen tiket,,,negatif,,
"dri kmrn wis berkali-kali pesen tiket tpi pas pembayaran ora bisa trs dgn alasan Internet ora tersedia padahal jaringan ku apik, gjls banget sih perbaiki dong",,,,negatif,
"Buat kereta lokal Cilegon-rangkasbitung kena apa saiki harus ngewar kursi dhewe, gunanya pesen tiket online buat apa, apa bisa onthespot pasti dapat tiket...",,,negatif,,
"Wis berhasil bayar tiket kereta lewat qris malah katanya belom bayar, rugiii",,,,negatif,
Sebelum aku update nyaman dan lancar. Ketika aku update ke yang baru. Selalu eror. Ora bisa pesen tiket. Jadi kecewa karo kai acces. Sementara aku kasih bintang 1 ya min. Mungkin jika bisa diperbaiki lagi aku edit deh bintangnya. Terimakasih,,,negatif,,
"Aplikasi sering rusak Pesen tiket kereta lokal sering down, time out Percuma pesen online nanging aplikasi rusak terus Mending pakai tiket offline wae Tolong dibenahi! Arep pesen tiket kereta lokal down terus sampai2 tiket habis saking lamanya nunggu karena aplikasi erorr",,,negatif,,
"Adekku barusan naik KAI jurusan singosari kepanjen, pas masuk gerbong ternyata tempat duduknya uda ana yang nempati, dan anehnya nomor kursi tempat duduknya karo. Akhirnya adekku yang mengalah untuk berdiri. Emang bisa gitu 1 kali pembelian masih bisa di beli wong lain? Masa iya harus pangku²an. Tolong dong untuk lebih di upgrade lagi, yen kayak gini kan jadi merugikan penumpangnya. Ya meskipun nominal ora seberapa, yakali 1 jam berdiri jero kereta. Cewek pula.",,,negatif,,
Untuk sementara ditahun 2024 menjelang 2025 ora bisa di andalkan untuk pemesanan secara online. Tolong di sempurna kan lagi untuk masalah refund yang terkendala dari pihak kai dan pihak pay di kai. Tolong uga yen belum siap untuk melakukan prasarana secara online jangan lakukan secara online.),,,,negatif,
"Apps ora bisa dibuka saat akan digunakan membuka barcode tiket, sedangkan appsnya wis diinstal, jaringan internet wis stabil, padahal wis ana transaksi pembelian tiketnya secara sukses.tolong sistemnya diperbaiki segera biar membuat pengguna jadi lebih gampang",,,negatif,,
"Aplikasi sering pemeliharaan, aplikasi sering ora bisa diakses meskipun internet dan signal normal 5G, update KAI Pay ora selalu melebihi 15 menit, kualitas sistem KAI Acces ala dibandingkan public service lannya, dan yang paling menyesatkan adalah sering terjadi tampilan sisa seat 1 yang dijual nanging ora bisa diambil merupakan informasi yang menyesatkan, dan indikasi permainan wong jero",negatif,,negatif,negatif,
"aplikasi makin kesini makin ala wae, arep pesen tiket malah sesi abis lah gajelas",,,negatif,,
"Saiki sulit pisan cari tiket via kai access padahal sinyal wis full, mohon diperbaiki lagi sayang pisan yen ana aplikasi order online tp ora bisa digunakan",,,negatif,,
"arep pesen tiket akun basic nya tiba"" ilang setelah cek nomer telfon (karena saat mesen no telp salah pas di cek di akun bener) ... arep bikin basic akun lagi biar bisa pesen gabisa (klik lanjutkan stuck disitu) mohon diperbaiki.. note: sebelumnya pesen tiket aman wae kali ini wae beda",,,,,negatif
"Maksudnya apa sih ini, arep cek jadwal kereta ora bisa, suruh pilih tujuan stasiunnya malah ora muncul pop upnya atau opsinya. ora jelas malah ora bisa ngecek jadwal keberangkatan kereta. wis bener versi sebelumnya simpel. malah dibikin bug. sampah",,,negatif,,
Kecewa banget makin ksni bikin kesel harus ana waktu tunggunya gk kyk dlu pas war tiket enak,,,negatif,,
"Lemot banget. Sengala ngantri tp waktunya ora jelas. Dudu hitung mundur, malah tau2 nambah lagi. Ora guna.",,,negatif,,
"aplikasi access KAI, makin kesini makin mengecewakan, ora membantu/memudahkan pengguna nya. sulit pisan untuk melakukan payment tiket yg wis d booking. mohon untuk d perbaiki. TERIMAKASIH",,,,negatif,
"Tolong ya KAI, web developmentnya dievaluasi dan diperbaiki lagi. Capek banget aplk rusak sampe ketinggalan KERETA!! Mung krn loading lama banget. Manding pake aplk pihak ke-3 drpd punya KAI'nya langsung. Nunggu loading doang wis tiket hangus,kejar-kejaran waktu, dan pake aplk lain disana rega lebih murah. Pdhl aku wis bayar lebih mahal drpd pake aplk pihak ke-3.",,,negatif,,
Ini kena apa ya gaada pilihan stasiun untuk kereta lokal? Arep pesen tiket jadi gabisa terus,,,negatif,,
"Di bela²in melek sampe jam 12 malam buat beli tiket, jam 00.00 login tiketnya masih belum kebuka, di refresh berkali² kira² stengah jam, masih belum kebuka, data seluler ke wifi, wifi ke data selular, aku relogin uga, giliran tiket nya wis buka, eh...ora tau nya wis habis...",,,negatif,,
"Tolong di perbaiki lah, arep pesen tiket ora bisa. Suruh melengkapi data diri, nanging data diri ora bisa di lengkapi",,,negatif,,
"Aplikasi suka eror pemesanan tiket jadwal ora muncul, padahal setiap hari ana terus jadwal kereta",,,negatif,,
"Arep pesen tiket lebaran wae susahnya minta ampun, ditiket tertulis masih tersedia giliran wis masukin kabeh data2 lengkap ujung2'ny ora tersedia kursi. Terus kemana perginy itu tiket kereta api (apakah kecalo kabeh min)..",,,negatif,,
"Aplikasi apaan,, beli tiket jam 00.00 wis ngantri stengah jam,, wis ngisi data giliran klik not avatle mksudnya gmn? Niat jual tiket gk woyyy",,,negatif,,
Ceritanya nge war tiket kereta..😓kebanyalan loading. Malah cepetan pake aplikasi pihak ketiga.. KAI diperbaiki lagi donk aplikasinya,,,negatif,,
"Skrg ana sistem antrian, menurut aku malah kurang user friendly. Apa guna ana antrian yen setelah lewati antrian ternyata malah ora bisa transaksi. Tolong dong kembalikan ke versi sebelumnya tanpa fitur atrian...",,,negatif,,
Update malah semakin ala. Pake menit antrian segala. Ora jelas banget malah semakin lama. Kabeh butuh yg aplikasi yg cepet. Dudu malah ana antrian uga kayak gini. Segera di perbaiki lagi deh.,,,negatif,,
"aku arep menanyakannya kena apa tiket yg muncul harganya mahal2 padahal aku wis nungguin di jam 12 malem supaya dapet tiket yg murah, tiket yg murah selalu ora bisa di beli(habis)",,,negatif,,
"Aplikasi ini sebelum nya apik dan gampang gada BUG kaya yang saiki, susah pemesanan tiket karo jumlah lebih dari 1 wong, yang kaya gini nih yen dipegang ama wong yang cuman ngandelin design nanging fungsi nya kaga, bug dimana mana QR kaga muncul, wis milih penumpang pas di next notif bacaan succes nanging kaga ke metode pembayaran, emang bapuk... perbaikin lagi deh aplikasi nya, jangan cuman ngandelin design nanging fungsi nya banyak problem",,positif,negatif,,
"Ribet ya KAI, arep tukar jadwal tiket ortu ora bisa karena yg punya akun KAI ACCES atas nama sy, sedangkan tiket atas nama ortu, masa ortu sy yg wis tua harus ke stasiun dulu!!?? Gmn sih kalian, klo boking wae bisa, sekalinya tukar jadwal super ribet, masih wae bikin kebijakan yg menyulitkan konsumen, padahal kabeh bayar gaji anda toh",,,negatif,,
"sumpah nih apk makin lama makin gajelas, dikit² trouble, dikit² eror, arep pesen tiket jadi gbisa ujung² nya kehabisan tiket. ayo dong dibenahi lagi biar kualitas nya oke, yen kek gini kan pengguna jadi males banget buat make apk nya, mana yen pesen tiket dadakan di stasiun uga suka gada gara² wis ludes penjualan lewat apk",,,negatif,,
"diarahkan beli tiket online, nanging aplikasi eror terus hahaha. nice",negatif,,,,
Ini kepriye arep pesen tiket susah banget... OTP masuknya lama.. Mana ketika di masukkan rusak mulu. Apa gunanya nihh aplikasi.. Bli tiket d tempatpun ora bisa. Tlong di perbaiki lagi nih aplikasi. Harusnya mempermudah malah bikin sulit. Sekian.,,,negatif,,negatif
"Parah aplikasi nya ora membantu karo pisan arep pesen tiket harus update ke basic dan isi data, wis diisi lengkap pas klik daftar nge lag terus, yen kai ora siap meluncurkan aplikasi mendingan ora usah dudu membantu malah menyusahkan, sekelas perusahaan BUMN loh, membuat aplikasi ora siap",,,,,negatif
"Hallo kak,mohon maaf nih kena apa yah aku wis beberapa kali melakukan pembayaran pembelian tiket dan saldo wis terambil,tetapi pembayarannya belum lunas terus,pedahal saldonya wis berkurang dan ketika waktunya abis tiketnya hilang dan saldonya ora bisa kembali,mohon tindaknya yah dari pihak access,yen gini soalnya rugii dong",,,,negatif,
"War tiket lebran 2025 ini bner2 KAI g bsa diandelin.begadang mulu nanging g dpet tiket uga.tlong dong kayak tahun2 sebelumnya,walau begadang nanging masih bisa di acces.bner2 kecewa banget",,,negatif,,
"ini pasti ana oknum yg curang, tiket habis terus,, secara logika wae aku pantengin terus aplikasinya sampe war tiket selalu tunggu antrian, jero waktu 30 menit, tiket kabeh habis terjual. aneh.. tingkat keamanan kurang apik. ana joki di balik kabeh ini.",,,negatif,,
"Ya ampun 3 hari bela-belain melek sampe subuh demi tiket mudik, dr mulai tengah malam sampe subuh tuh tiket ora dapet2 ya.. bener bener aneh..masa gagal terus padahal tiket masih banyak sampe aku ulang-ulang, sampe pegel pegang hp mantengin aplikasi ini bolak balik uga di apps tokped..tp satupun kaga ana yg bisa di pesen tiketnya.. Eh pagi2 wis jam 6 an, kok tau2 wis habis karo kaya hr sebelumnya..gile keselnya, app apaan ini menyulitkan pengguna bukannya memudahkan.",,,negatif,,
Kena apa aku ora bisa memilih kursi? Padahal keterangannya masih tersedia???????????,,,negatif,,
Kai nih kena apa saiki sering tiketnya goib ya. Baru beberapa menit dari jam 00.00 wis kagak bisa dibeli wae. Terus pas tinggal bayar malah loading terus padahal jaringan apik ora ana masalah. Update doang nanging ora ana yang diselesaikan bugnya,,,negatif,negatif,
lemottt ana masa antriann bikin gangguuu dan ora bisa liatt jadwal kereta di tanggal berikut nya,,,negatif,,
"Wis lama pake aplikasi ini, kena apa skr arep booking wae susah kali. Time out terus. Cepet di perbaikin.",,,negatif,,
"sanggat di sayangakan untuk aplikasi yg notabene dari BUMN nanging khusus penjualan tiket lebaran sanggat susah di beli,kurang adil untuk penguna,estimasi waktu tunggu antrian yg ora tepat waktu,setelah masuk jga,sering timeout,sibuk,dan banyak lagi. mohon untuk aplikasi ini yg memeng punya BUMN(Negara RI) bisa di perbaiki,jadi untuk penguna yg arep beli tiket khususny untuk lebaran Idhul Fitri bisa di akses karo gampang dan cepet.",,,negatif,,
"Awal mula download sih aman-aman wae bisa pesen tiket, cuman pas pengen pesen tiket kedua malah ora bisa ana bacaan sesi anda habis maksudnya kepriye ya",,,netral,,
"Aplikasi ora bener, pesen lewat online wae harus nunggu antrian mana pas waktu wis 1 menit dudu nya langsung muncul malah perpanjangan waktu sampai 20 menit!! Yen kaya gitu mah mending gausah diadain aplikasi nya banget menyusah kan wong!! Kami arep beli tiket pake dhuwit dudu ngutang!! Jadi jangan dipersulit untuk pembelian tiket nya!!",,,negatif,,
"kemarin"" aman wae pakek aplikasi ini, hari pas arep beli tiket tiba"" disuruh update, oke aku update, abis di update bukannya tambah canggih tambah rusak, arep bayar ora bisa karo alasan sistem sedang rusak tunggu beberapa saat, setelah itu arep bayar lagi cek di keranjang ora ana, pergi ke menu tiket yang belum dibayar malah ora ana pilihan lakukan pembayaran, ana pilihan kembali ke home karo batalkan pesanan, aplikasi macam apa ini, ini sekelas BUMN loo masak bangun sistem kayak gini,",,,negatif,negatif,
"Alon, wis cape2 nunggu antrian beli tiket, malah gagal",,,negatif,,
"Buat apa aplikasi nanging ora bisa milih kursi KA lokal Rangkas merak, jadi malah antri panjang buat berebut kursi",,,negatif,,
"Tolong di perbaiki secepatnya buat pengembalian dana dari tiket yang di batalkan, ora bisa pakai wallet, pakai rekening harus sesuai nama penumpang yang tertera, aku mung punya wallet jadi tolong segera di perbaiki Terimakasih :)",,,,negatif,
Aplikasi sampah. Pembatalan tiket harus tranfer atas nama pembeli tiket. Tolol. Nyusahin.,,,,negatif,
Knp setelah d update malah bukannya tambah apik malah tambah kacau. Cek jadwal kereta yen d deleng dr kalendernya KAI acsese sdh bs booking tiket / deleng jadwal keretanya pas d klik malah jadwal ora d temukan...,,,negatif,,
"Ora ana niatan kah untuk memperbaiki kualitas aplikasi ini, booking tiket H-7 harus warr dari jam 00.01 selalu trouble, bisa lanjut next step trouble lagi, tinggal 1 step pembayaran trouble lagi. Begitu seterusnya sampai baru bisa jam 03.40 dan itupun tiket wis banyak yg sold out. Sekelas KAI loh masa booking onlinenya menyusahkan begini. Malu lah",,,negatif,negatif,
"kena apa yaa aplikasinya jadi rusak begini padahal sebelumnya lancar lancar wae meskipun ana hambatan sedikit, kena apa ya ketika aku ingin memesan tiket dan wis aku bayar tetapi tiket nya ora muncul di aplikasinya, mohon segera perbaiki",,,negatif,,
"Selama hampir 1 tahun aku pakai Access by KAI, aku sering menemukan rusak di aplikasi ini. Dan rusak nya berulang, yakni terkait kegagalan jero pembelian tiket Commuter Line. Apakah ora ana perbaikan permanent yg dilakukan? ujung² nya suruh pake kartu, lah buat apa ana aplikasi yen sering rusak. Tolong dong ini aplikasi kan dipake banyak wong seluruh Indonesia. Masa aplikasi sekelas milik BUMN kayak gini, rusak berulang. Tolong perhatian dari pihak terkait terkait hal ini.",,,negatif,,
Aplikasi nya wis apik hinngga saat pembayaran susah pisan diakses dan hanya diberi waktu sedikit. Dan saat selesai pembayaran ora ana notifikasi karo pisan tiket wis berhasil dibayar atau ora🤦‍♂️,,,,negatif,
"Ora bisa beli 2 tiket KRL, Ora bisa beliin buat penumpang terdaftar. Wis beli 2 tiket KRL @16rb malah yang bisa kepake mung 1. Padahal arep dipake buat 2 wong.. Definisi bayar 2 kali lipat untuk 1 kali perjalanan KRL.",,,negatif,,
Parah si wis 2 hari nungguin tiket muncul Ampe bergadang ttp ajah ora bsa buat pesen tiket nya. Gagal trus,,,negatif,,
"Ora ramah!! Kecewa!! updet status Twitter Mulu.. Aplikasi tiket yg terbilang lebih penting, ora ana Upgred, ora ana perubahan, ora ana Maintenance karo pisan!! Payah payah..",,,,,
"kena apa si jadwal tdk di temukan mulu, aku wis rela² begadang buat dapatin tiket di h-7 malah kya gini mulu",,,negatif,,
Waktu tunggu antri 5 menit gatau nya sampe 1jam,,,negatif,,
Wis di bayar dan Pembayaran masuk nanging tiket ora muncul. Banget kecewa,,,negatif,,
"Aku awal suka aplikasinya eh saiki kecewa capek capek antri arep klik pilihan muncul antrian dari awal wis capek nunggu 1 jam eh pilih lagi antri Dari awal lagi mohon kalu bisa masuk antri jangan antri dari awal lagi kaya beli di tiket wis antri kemudian dilayani jangan suruh antri lagi dan lagibdam awaktu lama antri ya, mohon jika arep ana antri cukup pisan wae",,,negatif,,
Ketika pesen tiket tampil diminta upgrade ke member basic. Sdh diisi sesuai tp tdk ana keterangan ok atau tdk ok upgrade tsb. Yg lbh mengesalkan tdk bisa pesen tiket. Dan yg aneh lagi tdk ana histori yg telah sy lakukan selama ini (sejak aplikasi baru ini).,,,negatif,,negatif
terlalu sering up date setiap arep beli tiket harus uodet lagi,,,negatif,,
"Kena apa ora bisa pesen dari semalam, jero pemeliharaan terusssss",,,negatif,,
Applikasinya apik banget nanging tolong nya bisa di perbarui applikasi buat memudahkan akses beli tiket kai nya di applikasi bye kai acces nya plissnya ...,,negatif,negatif,,
"war tiket tahun ini ora jelasss blasss..! pengalaman sy mending tahun² kemarin mung bergelut dg signal dan quota, serta kecepatan checkout, ora kaya skrng masih harus ditambahin antrian sistem yg ora jelas. hadeuh.. tobat.. tobat dah",,,negatif,,
"Masak iya booking dar pagi rusak trs, saiki malah ora bisa boking karo alasan ora jelas, tolong dong kai diperbaiki lagi aplikasinya, signal oke paket data full kok tetep gabisa, wis diaktivasi dll masih wae rusak, mengecewakan",,,negatif,,
"Pake antrian ora nyaman banget, tinggal bayar doang muter2 ora jelas hbs waktu ngantri lagi... mending sistem sebelumnya",,,negatif,,
"Jelek banget, arep cari tiket wae ora bisa. Selalu ana kata 'timeout' padahal jaringan uga apik. Ora usah sok-sokan arep update deh, kualitas aplikasi kowe itu makin jelek yen di update, ora sadar apa?",,,negatif,,
Dari stasiun Jombang ora ana jadwal kereta lokal ke arah Surabaya....pas coba stasiun lain ke arah Surabaya muncul untuk keberangkatan tgl 19 mei....apakah ana bug atau kepriye? Ini kali kedua aku pesen untuk keberangkatan seminggu sebelumnya mengalami hal yg karo... Nanging setelah 30 menit baru muncul nanging tiketnya wis tinggal sedikit (tanpa tempat duduk) Mohon diperbaiki kembali sistem aplikasinya,,,negatif,,
"Kecewaa banget karo KaiAcces yang saiki, padahal wis langganan dari dulu pake kai, saiki di update bukanya nambah gampang malah nambah jelek bangett. Arep beli tiket nunggu antrian dulu 1 menit katanya, eh nambah2 sampe 20 menit. Isi saldo kaipay malah ora bisa ditarik lagi harus pake apk kaspro, padahal pin wis bener ehh keblokir akun dikunci, mengecewakan sekalii kaiacces saiki, kepriye nasib saldo aku ini??? tolong diperbaiki lagi.",,,negatif,negatif,
"mohon maaf seblumnya karna ngasih bintang 1, pada pihak aplikasi tolong klo bisa ditingkatkan lagi servernya biar gausah ana antrian. susah klo arep nge war tiket harus nunggu antrian dulu, sampe2 kehabisan apalagi tiket libur lebaran jero hitungan menit wis habis, padahal wis bela""in begadang ujung""nya kehabisan. smoga didengarkan keluhan ini wkwk, terimakasih",,,negatif,,
"Sering rusak, susah pesat tiket Ka Bandara. Diminta upgrade basic atau premium nanging ora bisa. Tolong perbaiki segera layanan webnya",,,negatif,,negatif
"Masak bentar² update, and kadang jam ora valid",,,negatif,,negatif
"Aplikasinya membantu, tp seringnya ngeselinn, karena sering buffering pas lagi dibutuhin.. ayo dong perbaiki lagi apk nya..",konflik,,,,
Loading lama. Pesen tiket berkali2 gagal terus. Wis milih kursi pas di pembayaran alon banget. Akhirnya gagal. Pas pesen ulang kursi yg dipilih sebelumnya wis ora bisa dipilih lagi. Ora jelas apk nya,,,negatif,,
"Pakai app ini dari lama.. Dan makin kesini makin eror, gaada perbaikan samsek, wis masukin tgl dsb milih hari keberangkatan awalnya nongol, tba² ke log out dhewe, dicoba log in lagi bahkan sampe hapus data itu tetep tulisannya tdk ana keberangkatan, tiba² jadwal keberangkatan yg awalnya nongol lenyap, arep pesen kereta untuk weekend uga war tiap jam 00.00 itu pun erornya konsisten.. ekkekeke kebantu sih kebantu, nanging tolonglah diperbaiki, jaman wis maju ini, harusnya bisa diperbaiki",,,konflik,,
Aplikasi lemot hp kayak ora ad guna,negatif,,,,
Sistem kacau wis masuk isi data penumpang nanging ora bisa pilih kursi dan ora bisa lanjut pembayaran. Setelah buka lagi aplikasinya tau tau tiket habis.,,,negatif,,
"Aplikasinya yg versi terbaru sdh ora konek lagi di hp aku jd sedih deh krn ora bisa pergi"" naik kereta lagi gara"" hp jadul yg ora bisa konek dgn versi terbaru 😭😭😭",negatif,,,,
"Jaringan alon pisan, arep ganti metode pembayaran ora bisa terutama metode qris. qris butuh barcode, sementara ketika salah mengclick kembali otomatis harus pesen ulang tiketnya lagi",,,,negatif,
"Sistem nga ora bisa menyeleksi karo apik sejak adanya update ann baru. Lebih ke curang dan telalu menunggu lama. Website pun ora bisa digunakan. Aneh, kepriye ini developer?",,,negatif,,
Semoga ora lemot hp nya dan aplikasiny Buat nanti war tiket lebaran,,,netral,,
Perlu nambah server yg lebih gede biar ora lemot buat pesen tiket dan pilih tempat duduk,,,negatif,,
"Aplikasi nya Busuk Bener, untuk Upgrade Basic wae ora bisa2, Maaf aku kasih Rating Bintang SATU 1. AGAR PENGGUNA LAIN UGA MEMBACANYA.",,,,,negatif
"Kog jd susah masuk sih KAI, sandi wis bener masih wae salah terus,ini aplikasi yg lama wis okeh malah kayak gini saiki",,,,,negatif
"Setelah di Update jadi semakin Ribet, lebih suka Versi yang lama",,negatif,,,
Dikit² update dikit² update nanging aplikasinya loading,negatif,,,,negatif
"Dear Developer, aku ora bisa cek fitur live tracking, padahal wis update kai versi terbaru. Apakah versi hp berpengaruh pada fitur tersebut? Mohon info & perbaikannya. Thanks",,,negatif,,
"beli tiket kereta nanging gagal (ZONK). padahal di apk lain wis berhasil pembayaran tiketnya. tolong tanggung jawabnya KAI, masak beli tiket nanging gaada tiketnya😤, Aplikasi sering lemottt, loading muluu, gangguan muluuu. tingkatin lagii dong performanya.",,,negatif,,
Habis di update kok malah susah arep beli tiket pake jero antrian² yg memperlambat wae,,,negatif,,
Disuruh upgrade terus hampir tiap bulan kaya ini. Ketika wis diupgrade nanti masih loading dan rusak' utk buka aplikasi,negatif,,,,negatif
"Jelek, sering lemot, pembayaran masuk lama",negatif,,,negatif,
Saat ndeleng lokasi aplikasi nya jadi keluar dhewe. Mohon di perbaiki,negatif,,,,
Ngelawak mulu. Wis tinggal 1 menit. Malah langsung jadi 40 menit lebih. Tambah Server ngapa,,,negatif,,
kena apa setiap arep beli jadwal ora tersedia terus 😭🙏🏻 sebelumnya aman aman wae lhohhh setelah update rusak mulu,,,negatif,,
"Aplikasi ini mendeteksi apliksi buatan aku sebagai warning, padahal aplikasi aku dipublish di playstore resmi diantivirus aman, bahkan google pindai app aku uga aman. ini banget merugikan aku. rating aplikasi ini wae 2 kena apa bisa menilai aplikasi lain? tolong developernya mikir, jgn asal tuduh. apa parameter yg anda pakai. jgn2 mung copy paste kode dari github. fokus wae karo produkmu",negatif,,,,
"apk aneh...bisa download di ps, setelah terinstal ora bisa masuk..ora ana akses internet..apk ini hanya bisa di gunakan karo akses wifi...untuk penggunaan data ora akan pernah berhasil walaupun apk wis update,jaringan apik,ora menggunakan vpn",negatif,,,,
"Tolong dong aplikasi nya di maintenance lagi, percuma ana aplikasi yen ujung ujung nya eror mulu, aku arep pesen tiket ora bisa Mulu, jadi klo emang ora niat bangun aplikasi mending ora usah wae sekalian",,,negatif,,
"arep beli tiket suruh upgrade, giliran wis masukin data katanya datanya wis ana, terus kepriye???? aku balik pesen tiket lagi ora bisa karena belom update, aku masukin data lagi dan masih kaya gitu lagi, gitu wae terosss, ora beres banget ni apk lama""",,,negatif,,
"wis di updte bukannya tambah apik malah gelas, antri waktunya bukannya ngurang malah nambah, 8 menit jadi setengah jam, waktunya habis malah jadwal ora di temukan. kepriye sih",,,negatif,,
"CUSTOMER SERVICE ORA DI WA, TWITTER NGEBALASNYA DARI PAGI KE PAGI LAGI. PADA TIDUR X YA SEMUANYA, HELLOOO ORA KABEH MASYARAKAT SETIAP HARI , HBGI KAI CHAT WA, DM IG/TWITTER SAMPE NGEBALAS LAMA AMAT. PELAYANAN KONYOL DAN ANEHNYA LAGI MASA CS ORA BISA NGECEK KURSI NOMOR BERAPA BERHADAPAN? PADA PEGANG SISTEM BISA2 NANTI HBGI LAGI 1JAM/ PULSA WIS HABIS 20RB HNY NGECEK SISTEM YANG ANA DI DEPAN MATA CS. SALDO AKU MASIH ANA 4000 DISITU, BIAYA ADMIN TOPUP MAHAL. RUSAK UGA TUH SISTEM MRKA",,,,,
Update terus bknya tambah apik sistem tambah ruwet bkn tambah cpt atau lainya malah tambah susah,negatif,,,,
Ora bisa dipesan... Selalu ana tulisan ora ana jadwal.. Rusak,,,negatif,,
Lagi lagi layanan pemerintah jika membuat aplikasi pasti ora pernah bener. Ana wae kekurangan yang meribetkan,,,,,
"aplikasi sering eror, waktu arep pembayaran sering ngak bisa, tolong diperbaiki aplikasinya",,,,negatif,
aplikasi kok minta di update terus. heran banget ana wae terus pembaharuan. Masak tiap ganti event harus update terus pengguna. Capek ah,,,,,negatif
"Tim IT kai gabut nih, kayaknya baru ganti atasan atau wis kebanyakan wong jadi banyak yg idle dan bikin kerjaan ora perlu. Wis apik padahal sebelum ana update lancar2 wae saiki malah masuk antrean jadi lama banget buat pesannya. Emang kocak sih",,,negatif,,
Disuruh untuk upgrade nanging pas waktu arep upgrade sistem eror terus wis ganti email dan nomor telepon masih karo wae eror,,,,,negatif
"Aplikasi terburuk dari KAI, tampilan OK, performa banget ala cenderung burik!!! Aplikasi juancok!!! Rugi 1 hari hampir 1 juta. Gegara pesen Gambir keluar Jatinegara!!! Menyebalkan...",,positif,negatif,,
"Aplikasinya payah kali yang saiki, beda karo yang versi lama nya. Untuk deleng jadwal kereta api wae ora bisa, tiap di akses selalu bacaannya ""Jadwal Ora Ditemukan"". Capek kali liatnya gitu terus. Padahal ana rencana pergi ke suatu tempat naik kereta api, nanging kalok kayak gini ya payah uga arep menyesuaikan jadwal pribadi karo kereta api yang ana",,,negatif,,
Aplikasi ini skrg menyuru kabeh untuk ganti hp yg lebih tinggi speknya.sehingga di hp kabeh yg android sblmnya ora bisa dipakai LG..jgan lah bgitu yen pembaharuan aplikasi yg wajar2 wae..GK kabeh kabeh punya duit tuk ganti hp dgn spek yg tnggi.masak dhp kabeh yg 1 LG aplikasi kai acces dh GK bsa,negatif,,,,
"Akhir akhir ini aplikasi ora bisa di acces. Padahal wis di update versi terbaru dan ora ana gangguan pada sinyal. Yg nampak hanya gambar hitam, ora bisa log in apalagi memesan tiket. Mohon bantuannya agar supaya masalah ini cepet di atasi. Terima kasih",negatif,,,,
"aplikasi rusak, banyak banget bugnya. not rekomen buat booking",negatif,,,,
"pemesanan tiket timeout terus, dicoba terus dari 2 jam sebelum berangkat sampai 5 menit sebelum jadwal kereta berangkat, ini aplikasi wis siap apa belum sih sebenarnya buat mempermudah pelayanan ?. kacau ni",,,negatif,,
"Apk lemot, saat pengisian saldo lama pisan.",,,,negatif,
"aplikasi alon, respon alon, tiket susah muncul, berantakan, kacau balau",negatif,,negatif,,
"aplikasi eror melulu, pesen tiket, masuk antrian lama, setelah habis antrian, eror terus.. percuma top up",,,negatif,,
Maaf kasih bintang 2....aplikasinya ini memang membatu nanging harus sering di update...klo ngg di update ngg ke buka aplikasinya,,,,,konflik
"Aplikasinya sampah banget🙏🏻sering rusak dan otp ora valid tolong di perbaiki yaaa, soalnya salah satu masalah yang wong jadi malas naik kereta karena pemesanan tiketnya wae ribet banyak kendala di aplikasinya.",,,negatif,,negatif
"Hallo kak, kena apa aplikasi acces by kai, saat dibuka keluar dhewe, terimakasih minta solusinya kak",negatif,,,,
"bisa bisa nya baru update di playstore trus user dipaksa update, dikira kabeh hp pasti kompatibel karo app yang baru? saiki malah gabisa dibuka. busuk banget",negatif,,,,
"Susah pisan dapet tiket buat lebaran,loading terus",,,negatif,,
"Lemot di aplikasi. Petunjuk pelaksanaan pengisisian kai pay melalui atm mandiri jg salah. Sdh isi via mandiri jg tunggu 15menit, kalah karo pemabayran lain lgsg instan masuk. Gini yen d yen urusan karo aplikasi pemerintah, harus banyak2 sabar",,,,negatif,
Banget sulit di gunajan minta ugrade gagal terus aplikasi apaan ini ora rekomen.,negatif,,,,
Selalu eror dan gagal terus pemesanan tiket saat lebaran... Aneh pisan aplikasi nya... Mohon Segera di rubah sistem nya,,,negatif,,
"SLOW RESPON BANGET KL DIMINTA TANGGUNG JAWAB. Waktu ngewar tiket mung dikasih beberapa menit tiba-tiba timeout. Posisi lagi payment eh waktunya abis. Alhasil dhuwit masuk ke kai, nanging tiketnya gaada. Wis laporan beberapa kali ora ana balasan. Ora ditindaklanjuti uga. Customer Service ora ana yang melayani berhari-hari alasannya banyak pesen masuk lah, banyak email masuk lah. Tolong kalian hati-hati guys, kai access susah dimintain tngg jwb👍",,,negatif,negatif,
Baru 2 minggu yg lalu upgrade saiki sruh upgrade lagi...dan masalahnya ngeblok aplikasi langsung yen ora d upgrade....aplikasi paling sering maksa upgrade,negatif,,,,
Hanya menunggu loading sajaa. Banget banget susah untuk di operasikan denga cepet,negatif,,,,
"Sejak di perbaharui, ana fitur menunggu antrian. Bahkan saat wis isi data penumpang, arep melanjutkan, rusak terus sampai ora dapat tiket. Rusak timeout lah, rusak doctype.html (kode html) lah. Bikin sengsara wong wae aplikasi nya. Developernya amatir, sekelas BUMN gede aplikasinya receh kaya gini.",,,negatif,,
Di update terus malah tambah gk jelas malah rusak terus.. Arep booking tiket wae loadingnya lama.. Masih bagusan aplikasi yang lama... Setelah di upgrade malah ora jelas... Wis loadingnya lama sering rusak.!! Padahal ana seat kosong nanging di pesen ora bisa.. Tolong di perbaiki lagi aplikasinya jangan asal buat dan ambil keuntungan wae biar pengguna ora sering kecewakecewa Mending ora usah dibuat dari pada buat aplikasi Malah ora jelas mung ngambil keuntungan wae yang buat aplikasi ini,,,negatif,,
"ora bisa login lagi..ngefrooze aplikasinya notifnya ""access by kai ora menanggapi"" di coba dari bulan januari 2025 gt trs smpe skrng",,,,,negatif
"Setelah update terakhir, malah ora bisa memilih kota, harus memilih stasiun, setiap memilih kota muncul peringatan maaf sedang maintenance, dan ini wis berlangsung 2 hari dan belum ana perbaikan, notifikasi yang muncul pun ora bisa di akses",,,negatif,,
"Eror parah, ngelag muluu, lemot, pokoknya bikin ora nyaman wae",negatif,,,,
Arep pesen tiket harus upgrade member basic .. Giliran arep daftar erorr mulu ora bisa2 pdahal data sdah bener.. Tolong dong di perbaiki biat makin gampang aksesnya,,,,,negatif
jelek banget aplikasi nya masa pas bagian arep keluar kga muncul tiketnya mana sering eror,,,negatif,,
"pesen kereta lokal aku pilih byr via qris, ketika unduh qris selalu time out, ora hanya pisan, setiap minggu sy pesen ketika unduh qris selalu time out, alhasil setiap minggu ora pernah dpt tiket, tolong diperbaiki, thx",,,,negatif,
Masa tiap buka apk ini kudu update mulu jir. Bikin apk yg bener kek.,negatif,,,,
"Aplikasi samp*h, gini amat aplikasi buatan pemerintah, masa gangguan mulu kocak wkwkwk",negatif,,,,
"Wis di update, bayar pake Qris.Kai Pay. something rusak . harus brp mandays untuk benerinnya ya..?? Menurut aku, Superapss sekelas ini sebaiknya cari vendor yang Ahli dibidangnya, sering rusak terus. BAD SUPERAPPS 👎",,,,negatif,
"Aplikasi paling payah, kirim kode otp sj lemot dan gagal terus,kalah karo aplikasi pinjol",,,,,negatif
"Maintenance mulu, tp server masihh sering down. Arep beli tiket buat plg, emergency jd ora bisa. Gmn sih",negatif,,negatif,,
"Lemot banget, sinyal aman penyimpanan aman apk nya lemot banget aku wis punya akun disini giliran di login ora bisa masuk, nyusahin banget",negatif,,,,negatif
"Aplikasi ora jelas , pembayaran gagal terus , wis pakai wifi nanging ana peringatan ora ana jaringan , top up ke apk malah disuruh nunggu 15 mnt wis ditunggu ora masuk2 dananya , tolong di perbaiki karo apik sistem pelayanan nya",,,,negatif,
"ribet gajelas banyak masalah banyak rusak ,bukannya mempermudah malah mempersulit 👎",negatif,,,,
"Arep beli tiket harus ngulang 7x input data, tgl, kursi, dan jam keberangkatan,.... Dibagian pendaftaran Shopee pay rusak terus. Loading ora mari mari. Sepertinya server ana di Antartika sana dan ora ana sinyal... Sy pake koneksi internet up to 200 Mbps, yg lain lain sat se...",,,,,
Aplikasi rusak knapa ora di benerin?,negatif,,,,
"Ana wae trouble nya... Pesen tiket eror, next wis bisa ganti pembayaran nya yang eror.. Top up tiba2 kepotong 3rb pdhl g ana info pemotonganNya brpa. Wis di belain pesen malam dini hari trouble bisa g tidur 2 jam mung klik g bisa2, intinya tiap masuk aplikasi ini siap2 wae jadi dongkol terus",,,negatif,negatif,
"Jelek banget sengaja di uninstal karna muter"" trs aku arep beli tiket woosh, skrg di download ulang malah setiap kode di masukin ora bisa bisa kepriye si!!!",,,negatif,,
"Fitur scan di android nge bug ora bisa digunakan, pas arep pakai, selalu mental aplikasi nya , aplikasi jelek!!! Kepriye ini developer nya woy",,,negatif,,
"tolong dong KAI untuk jadwal commuter line nya diperbaiki khususnya jam malam, bisa delay sampe setengah jam lebih gatau pas lagi ana acara jadi hancur deadline nya",,,negatif,,
"Hiks kecewa banget, aplikasi baru diperbarui, dah bergadang buat tiket lebaran, rusak mulu untuk kabeh tanggal, nanti ujung² nya habis kabeh, tahun lalh walaupun lagi war ora ana tu rusak, nanging oasti kabeh jadwal tertera dan pasti jelas untuk tiket habis nya",,,negatif,,
"Pelayanan KAI yang banget apik terhapus oleh aplikasi sampah ini setelah di update versi terbaru Mei 2024. Ora berniat ana improvement apps nya kah PT.KAI ? Apps sering hang, dan history refund ora ana lagi hadeh, amatir pisan developer apps BUMN ini.",negatif,,,negatif,
Aplikasi nya wis di acces keluar masuk dhewe aneh,negatif,,,,
"Di update malah semakin ala wae, masuk daftar antrian malah cm bolak balik waktu tunggu nya, giliran masuk tiket wis ora ana,ora ana jadwal.parah parah,,, banget mengecewakan",,,negatif,,
"Kecewa berat. Wis dipantengin smp begadang tp tiket gk muncul walaupun terus dipantau, sekalinya muncul pasti wis habis akhirnya harus milih jadwal lain. Milih jadwal lain ribet dipembayaran, pakek qris gk bisa, ana warning mulu apalah apalah. Dikit² update lg apknya, iy kl makin apik, ini malah bikin kesel. Males banget",negatif,,negatif,negatif,
setelah di update malah bad gateway terus,negatif,,,,
Coba min tolong update nya yg jelas.. tadi2 masih sisa kursi nya masih ana 2 atau 3 giliran aku pesen ko tiba2 habis.. mana lemot banget jaringan wifi aku oke.. data aku uga oke.. hemmzz di perbaiki lagi lah min...,,,negatif,,
"Beli tiket ekonomi susah banget,padahal beli tengah malam,aku coba berulang kali tetap ora bisa.. Mohon perhatiannya kai acces. Aplikasinya di maintenance.",,,negatif,,
Kena apa selalu diupgrade sedangkan login nya dipersusah selalu troble apk nya Saran ya kasih apk yang gampang diakses gk perlu uprage setiap minggu kasian orng yg wis tua blm tentu bisa kabeh,negatif,,,,negatif
"Bapak/ibu pengembang app ini!!! Tolong didengar yen wis banyak yang mengeluh itu ya langsung di perbaiki apa yang menjadi keluhan terbanyak dari aplikasi ini. Aku ora perlu menulis lagi apa yang jadi kendala aku terhadap app ini, karena kebanyakan kendala yang aku alami karo kaya teman-teman yang wis mengeluh karo app ini. TOLONG SEGERA DITINDAKLANJUTI",negatif,negatif,negatif,negatif,negatif
Masa gagal terus arep aktivasi nya..tolong lah di perbaiki lagi,,,,,negatif
"Apk sampah,ngupdate mulu yang diupdate ora berguna,infokan it nya saha",negatif,,,,
"1)Perlu ditambahkan fitur pengaduan untuk memudahkan pengguna jero menyampaikan keluhan dan rata2 aplikasi layanan wis memiliki fitur tersebut 2) melakukan beberapa perbaikan terhadap bugs yg ana jero aplikasi kaya pendaftaran mapclub, tampilan page tiket aku yg suka rusak, dll 3) menambahkan e wallet kaya gopay, linkaja dll 4) menambahkan fitur maps kereta api karo memanfaatkan gps jika memungkinkan sehingga user bisa memonitor posisi atau lokasi kereta api wis dimana",,negatif,negatif,negatif,
"aplikasinya mantap. mohon diperhatikan untuk perbaikan: 1. saat pembayaran lama 2. saat KA delay, record boarding pass hilang",positif,,negatif,negatif,
"Aplikasi super lemot dikit-dikit rusak harus ulang dari awal lagi, itupun pencarian tiket yang tadinya ana jadi ora ana",negatif,,negatif,,
Lebih simple kai yg lama hrusnya klau wis update lebih apik tpi ini mengecewakan sering time out.. aps uga gk lancar waktu pemesanan tiket.. Waktu pembayaran lewat m banking wae terlalu sedikit batas waktunya jdi cpet kadaluwarsa.. isi saldo kaipay uga lama masuknya..,negatif,,negatif,negatif,
ini aplikasi kena apa kaga bisa masuk...aneh banget. mung info aplikasi macet 😤😤😤,negatif,,,,
Aplikasi sering rusak dan nge lag. Mana pake sistem antri2 an dan dah nunggu lama tiket malah habis. bikin wong kesel. Aplikasi pembelian tiket lain jd dibatasi akses nya bahkan bisa tiket ora dijual disana. Jangan2 ana permainan wong dalem karo calo2. Sesekali butuh diaudit nih KAI biar gk pd KORUPSI,negatif,,negatif,,
Aplikasi taik ora becus ora bener arep mesen wae susahnya minta ampun ora bisa bisa sampe berhari hari eror terus ntah apa wae errornya ora usah buat aplikasi yen ora bisa mending tidur,,,negatif,,
Ko aplikasinya b*b* ya rusak sih setiap hari,negatif,,,,
"ketinggalan kereta gara"" servernya bermasalah😮‍💨",negatif,,,,
gatau kenpa kesel wae gitu pke aplikasi nge stuck trus pdhal aku baru top up in sengaja di aplikasi biar lebih cepet dan praktis eh pas aku buka aplikasi lemot nya minta ampun pdhal gada informasi maintenance yaa minimal yen lagi ana maintenance tu infokan biar kitaa dari jauh jauh gabklan pesen tiket by aplikasi mnding of wae yen gitu lwbih enak pake flez atau e-money dll,negatif,,,,
"Ini kepriye sih aplikasinya, suruh upgrade giliran wis d upgrade ana notifikasi email& phone already exist 😪😪",,,,,negatif
"Grafis wis oke, nanging kena apa seriiingg banget update. Plis jangan kebanyakan update klo masih sering lemot dan rusak!",,positif,,,negatif
"Evaluasi aplikasinya, semenjak di update access by kai, lebih sering rusak & loading nya lama bangett. Sering muncul kode rusak. Apalagi yen waktu war muncul ora bisa booking karna wis lebih dari 15 kali, padahal user bolak balik booking ya karna di halaman tertentu aplikasi stuck, shg user terpaksa membatalkan, setelah itu akun kabeh ora dpt dignkn beli tiket seharian, menyusahkan pisan, padahal sistem yg rusak. Lalu sering jg tiket sukses dibayar dan dhuwit terdebit, nanging tiket tdk mncul",negatif,,negatif,,
"aplikasi jelek, tiba2 reset dhewe, giliran di lupa password otp ora muncul, aplikasi katrok",negatif,,,,negatif
Koq jadi sedikit update... Padahal sebelumnya ora ana masalah,konflik,,,,
"Saran aku KAI gausa gaya²an update kai access dah, banyak ngebug nya saiki jadwal sering kosong, loading lama, request time out mulu, stuck di halaman data penumpang terus, waktu wis bisa ke menu pilih kursi logout dhewe lol.. klo d website ora bisa ambil 2jam sebelum keberangkatan hhhh",negatif,,negatif,,
"Kok bisa aneh gini ya 🤦‍♂️ 🤦‍♂️ Tiba-tiba ana pemberitahuan bahwa akun anda telah kadaluwarsa kok bisa gitu?. Tolong pihak KAI accses yang menangani bagian aplikasi yen bikin aplikasi tuh jangan yang ber tele-tele, pikirin kenyamanan konsumen. Yen memang ORA NIAT Bikin Aplikasi mending ORA USAH BUAT SEKALIAN ❗❗ kerjaannya pembaruan, Dikit-dikit pembaruan malah amburadul. Situ niat Ora Sih Bikin Aplikasi 😤 😤",negatif,,,,negatif
"Skarang minimal versi harus android 8,banyak lansia pake hp android d bawah itu susah ora bisa di akses, harusnya apps penting bgini minimal android 5 wis itu paling rendah...... wis cara oembayaran Qris kadang2 erorr d waktu mepet",negatif,,,negatif,
"Aplikasi sebelumnya baik2 wae dan aman2 wae, nanging setelah di update malah jadi ora bisa di buka aplikasinya malah suruh pake perangkat hp yg lain..",negatif,,,,
"selalu ana masalah waktu pembayaran tiket, dan selalu eror, ayolah KAI, di maintenance lagi apk nya pliss, jujur ini wis sering bngt kejadian , akhirnya ujung2 nya kehabisan tiket , Karne bolak balik log in",negatif,,,negatif,
"Aplikasi sering down, gk normal, ora jelas, PHP mulu, waiting list lama tp jadwal gk muncul muncul jugaaa, alhasil setelah repeat berulang dan jadwal muncul gk bisa pesen, rusak mulu arep loncat kebtahap pilih kursi, abis itu keluar kn yaa tp arep masuk lagi katanya wis transakni berulang jadi gk bisa pesen lagii, woyyy waktu ku dipermainkan yaaa, belom uga kelas pesen kok wis dianggep kessringan pesen, aplikasi ane wae yg gk jelas woyyy, Perbaiki donk, AKUN besar kok gini masian, kecewa ahhhh",negatif,,negatif,,
"Aplikasi jelek. Saat akan melakukan pembayaran, diharuskan pakai ewallet untuk kereta lokal, kemudian pop up muncul terjadi kesalahan. Saat cek tiket, menunggu pembayaran. Hanya ana opsi batalkan pesanan atau kembali ke home. Akan lbh apik diberikan opsi bayar karo transfer bank kaya kereta antar kota untuk memudahkan costumer.",,,negatif,negatif,
"Saiki kok aplikasinya jadi gini ya? Sering keluar dhewe dan ketika masuk akun lamanya minta ampun, selalu salah password dan ketika meminta kode OTP pun ora muncul², sayang banget padahal diawal² apik banget aplikasi ini, nanging skrng malah kaya gini semoga secepatnya diperbaiki ya🙌",negatif,,,,negatif
APLIKASINYA LEMOOOOOT. BUAT BAYAR PAKE E-WALLET SUSAH. YEN KAGA SIAP ORA USAH NGIDE BIKIN APPS DHEWE.,negatif,,,negatif,
"Aplikasi banyak bug dan aplikasi susah jaringan ampas, sekelas BUMN bikin data server wae jelek banget lemot aplikasinya dan butuh sinyal yang kuat sedangkan kebutuhan harus serba online beli tiketnya. Menyulitkan bangsul",negatif,,,,
"balikin ke awal wae apk nya sering update tp serig bug uga lol, masa awal topup kai pay 40rb tp saldo yg masuk cmn 34rb giliran topup lagi saldo tetep ora masuk pdhl dah direfresh. trs saldo ygbaru topup ni masuk kemana??? mo bayar pake qris jg gabisa, barcodenya ora keluar. anehhhhhhh!",negatif,,,negatif,
Kena apa saiki yen buka apk harus login lagi sih ? Mana error² mulu yen arep login 😌,,,,,negatif
"Merasa kehilangan... sampai berapa lama aplikasi ini jero.perbaikan? wis bisa dibuka aplikasinya, trimakasih...",netral,,,,
"Usaha lagi ya developer, malu tau buat aplikasi kok banyak ora bisa nya, usaha dikit lah, ganti nomor telepon ora bisa, nomor telepon kai acces ora kabeh telkomsel, link wae harus pakai nkmor telkomsel, pinter dikit gitu lho, 6 bulan lalu bisa digunakan, saat pembayaran nomor telepon bisa diedit, kok saiki enggak, malu lah maluuu, baca baca lagi kritikan wong wong, jangan nutup mata gitu lho! Pisan lagi buang dhuwit untuk inovasi ora bernilai!",,,,,konflik
"[update] +2 ⭐ untuk pelayanan yang makin apik. Applikasi jangan sering2 update yang sepele. Terlalu sering update uga cukup mengganggu saat arep pakai app. yen bisa opsi update bisa ditunda, jadi ora harus langsung update",negatif,,,,
Servernya lemottt banget. Arep reschedule wae susahhh dann lamaaa poll,,,negatif,,
"aplikasinya eror, ora bisa pesen tiket lokal",,,negatif,,
"kena apa tiap pesen tiket selalu rusak?? yen ora gitu, kadang engga muncul. jadinya, suka telat dan kehabisan tiket. padahal uda begadang tengah malem buat war. saiki uga lagi rusak, ana tulisan 'kadaluarsa, tiket wis habis'. padahal tiketnya buat satu minggu lagi, dudu yang besok bangett. kecewa sih jujur karo nih aplikasi",,,negatif,,
Pertama boking ora bisa² terus rusak pas balik ke aplikasi tiket wis habis kecewa banget,,,negatif,,
"Seharusnya ini ap KAI Access jangan terlalu banyak update pembaruan ora kabeh pengguna Hp Android pakai hp terbaru masih banyak pake hp Android lama mentok di Internal Ram, dan banyak fitur ribet dan iklan ora jelas, mohon di rombak lagi kaya dulu, jangan Menyusahkan",negatif,,,,
Coba tolong admin nya lebih grecep lagi setiap ngak pernah di pake selalu muncul awal mulu yen emang ngak bisa ngak usah pake aplikasi mempersulit wae,negatif,,,,
Knp sih setelah di update aplikasi access KIA ora bisa di buka aku unsintal nyoba di download lagi karo ora bisa di buka,negatif,,,,
Ini aplikasi kepriye malah eror ora bisa akses nyebelin banget sih pemberitahuan uga ora ana klo lg berkendala,negatif,,,,
"Akses untuk pesen muter² terua padahal wis daftar jadi akun basic nanging malah keluar dhewe, diulang² tetap ora bisa",,,negatif,,
"Mohon maaf aku kasih 2 bintang Soalnya agak mengecewakan setiap aku arep pesen tikett kadang server eror terus dan bikin aku kehabisan tikett gara"" server eror dan troubel"" lainya. Bahkan ngecek tiketpun kadang ora bisa dan akun sering logout"" sendirii. Mohon untuk pihak KAI untuk lebih meningkatkan lagi kualitasnya demi kenyamanan pelanggan, terimakasih🙏",negatif,,negatif,,
"Setelah update aplikasinya malah sering masalah, wis banyak komplenan masih wae karo kendalanya, terus terus berulang, mending balikin wae ke versi yang lama, versi ini sulit login, pembayaran sering masalah, sering banget keluar dhewe, login google ilang, bayar harus pake waktu jawa, alah ribett",negatif,,,negatif,negatif
"Jelek banget, ngedown pas tinggal pilih kursi. Yen di apps tulisannya nunggu 30 menit buat antri, padahal nunggu sejam lebih",,,negatif,,
"Harus antre, akses dibatasi oleh timer, sering notif rusak, notif timeout, notif sibuk, notif sesi habis, dan banyak lagi sampah lainnya. Intinya ini system yg banget menjengkelkan",,,negatif,,
"Pas buka aplikasinya loading lama banget, pas arep bayar uga lama banget. Parah ora bisa di pakai yen lagi buru""",negatif,,,negatif,
"Arep boking tiket eror mulu, sinyal oke, kuota full, herann",,,negatif,,
"Banget susah pesen tiket, wis nunggu jam 00.00, giliran klik bayar loading lama dan akhirnya time out. Aku coba lagi beberapa kali kaya itu, dan akhirnya kursi habis",,,,negatif,
Makin ora jelass.. sering rusak sinyal.pesen tiket rusak muluuu 2 jam ngeklik ora bisa bisaa.. wis pesen tinggal pembayaran rusak mulu... ayolah KAI ... aku tahu kenyamanan di KAI itu enak.. nanging yen masalah pemesanan tiket online keseringan rusak mulu.. wong pasti bakalan pilih transportasi umum lain yang lebih simple cara pemesanan nya..,,,negatif,,
"Baru update, besoknya update, tiap buka update _-",negatif,,,,
"Saiki lemot kebanyak fitur, tolong dibikin simpel wae yg penting bisa sat set sat set",,negatif,,,
Pesen untuk admin KAI ACCES ! ini aplikasinya kok gini ya min ! Arep DAFTAR kek member basic tetep wae ora bisa ! Padahal wis sesuai ! Tolong di perbaiki lagi biar kabeh bisa menggunakan aplikasi ini ! Dan kadang sering eror ! Tolong di perbaiki lagi min !,negatif,,,,negatif
"Heran stand by beli tiket dari jam 12 malem sampe jam 3 loh keluar masuk antri doang. Wis ngisi data penumpang selalu loading sampe timeout bolak balik antri, wis lancar malah tiket habis. Aplikasi ora jelas, tolong dong diperbaiki masa bolak balik antri berjam jam mung sampe isi data penumpang doang ora loading sih",,,negatif,,
kena apa ya ini pemerintah cari server ora pernah apik. bagusnya dari mana coba. aku aplikasi ganti password login . ora bisa login2 masak nunggu 1 jam baru login. yok opo si niat open kereta api opo gmn. revisi lah aplikasi setidak e mbok penak tuku server. jangan di minimin anggaran untuk tiket onlinenya,,,,,negatif
"Ora bisa di upgrade, aplikasi ora kompatibel karo perangkat aku, masa iya sih aku harus dipaksa beli hp baru demi bisa naik kereta, mohon kebijakan nya, aku ini sering pakai kereta api yen keluar kota, skrg jd terkendala ,,",negatif,,,,
